9725;12198;10057;9878;5304;585;4786;5086
12198;9724;9877;10057;5305;5087;7530;585
8721;9783;8682;8681;762;591;588;586
8721;8681;12163;9784;586;587;5239;763
8685;12254;12163;8681;598;7651;587;589
8686;8685;8681;8682;599;589;588;590
9783;9654;8686;8682;5241;601;590;591
9899;9747;8684;8683;5064;597;594;592
8683;12186;9746;9899;593;5288;5065;592
8693;12185;12186;8683;622;7727;593;595
8694;8693;8683;8684;623;595;594;596
9747;9748;8694;8684;5172;625;596;597
9521;12254;8685;12255;5624;598;600;5623
8686;8718;12255;8685;602;754;600;599
9781;8718;8686;9654;752;602;601;5242
8894;12558;12523;12522;603;6609;6561;8464
8849;8848;12558;8894;6785;8466;603;6761
12523;9022;8688;8687;6525;608;606;604
12522;12523;8687;9023;6561;604;605;6524
9023;8687;9093;9094;605;607;6368;6431
;;;;;;;
;;;;;;;
;;;;;;;
8688;9167;9093;8687;609;6333;607;606
8688;9022;9092;9167;608;6432;6334;609
9600;9515;8690;8689;5633;614;612;610
9600;8689;12261;12167;610;611;5436;5435
8689;9599;12168;12261;613;5438;7712;611
8690;9514;9599;8689;615;5634;613;612
9406;9514;8690;9515;5798;615;614;5797
9725;9623;8692;8691;7582;621;618;616
12284;12198;9725;8691;7736;5304;616;617
9475;12284;8691;12283;5678;617;619;5677
8692;12197;12283;8691;620;5492;619;618
12197;8692;9623;9726;620;621;5303;5302
8695;12279;12185;8693;627;5480;622;624
8694;8696;8695;8693;626;628;624;623
8694;9748;9630;8696;625;7564;631;626
12328;12279;8695;12278;7768;627;629;7769
8696;12184;12278;8695;630;5479;629;628
12184;8696;9630;9749;630;631;5287;5286
8698;8888;8930;8697;639;6705;634;632
8697;9009;8723;8698;633;792;640;632
;;;;;;;
;;;;;;;
;;;;;;;
8697;9077;9008;9009;635;6445;6472;633
8930;8929;9077;8697;8199;8244;635;634
12484;12350;8888;8874;8109;636;642;641
12350;12486;8930;8888;8108;6624;6705;636
12593;8874;8888;8698;8331;642;639;637
8698;8842;12584;12593;638;8432;6767;637
8723;8966;8842;8698;643;668;638;640
8874;8963;9007;12484;8318;6545;6498;641
8966;8723;9080;9010;643;791;8229;6534
8846;8800;12561;12580;6831;644;8411;6762
12561;8800;8935;12527;644;687;6613;8409
12584;12496;12572;12593;646;8403;8378;6767
8798;12584;8842;12583;645;8432;6766;8467
8798;8797;12496;12584;8469;8455;646;645
12356;12340;9468;12339;647;7924;7920;7921
12353;12343;12340;12356;8041;669;647;8043
12597;8988;8943;12574;648;8281;6671;8436
12597;12516;9043;8988;649;6501;8279;648
8909;8942;12516;12597;8427;6586;649;650
12597;8825;8871;8909;8519;783;6739;650
;;;;;;;
;;;;;;;
;;;;;;;
10235;12134;8700;8699;7274;656;653;651
10235;8699;10236;10349;651;652;4020;4021
8699;10237;11924;10236;654;7045;7046;652
8699;8700;12133;10237;653;655;7371;654
12134;12140;12133;8700;4771;4772;655;656
9617;9858;9859;9861;7569;4960;658;7568
9861;9859;10039;10040;658;657;4634;4805
9859;9860;10038;10039;7536;4806;4635;657
9542;9432;8702;8701;5730;664;661;659
9542;8701;12308;12232;659;660;7740;5546
8701;9541;12233;12308;662;5548;5547;660
8701;8702;9431;9541;661;663;5731;662
9432;9325;9431;8702;5873;5874;663;664
12399;12400;8714;9506;8050;741;742;666
9295;9506;9400;9508;665;667;7869;7871
12455;12399;9506;9295;8052;666;665;8051
9506;9592;9399;9400;5646;7814;5896;667
8842;8966;12562;12583;668;8333;6697;6766
12340;12343;12333;12329;669;7968;7844;7923
10274;10165;10384;10385;4137;670;3944;3966
;;;;;;;
;;;;;;;
;;;;;;;
10384;10165;11931;10273;670;7369;779;3967
11912;11767;10617;11695;7005;671;7036;2907
11767;11913;10547;10617;2979;3437;7037;671
8855;8814;8898;8854;6821;672;6756;6782
8898;8814;8813;8897;672;6840;782;6714
8871;8710;8870;8909;673;729;6740;6739
8710;8871;8824;8777;673;6807;6861;728
12489;9145;9207;9239;674;6283;6189;8181
9145;12489;9208;9067;674;8180;8293;8309
12333;9467;12152;12204;7845;7747;7733;675
12333;12204;12289;12329;675;5503;7770;7844
9720;12203;12289;9620;5312;676;5502;5313
12289;12203;12288;12329;676;5501;7771;7770
8826;8706;8872;8873;714;677;6775;6805
8778;8825;8872;8706;6860;6806;677;715
9592;9506;8714;9505;5646;742;678;7815
9294;9591;9505;8714;679;5648;678;740
9294;9293;9398;9591;6036;5957;7817;679
12162;9676;9807;9982;5218;5144;680;681
10142;9982;9807;9981;4530;680;4864;4531
;;;;;;;
;;;;;;;
;;;;;;;
9808;12161;12162;9982;5143;5217;681;4863
12153;9494;12278;12184;682;5659;5479;7728
9631;12341;9494;12153;7936;7935;682;7730
12642;12655;12617;12640;8675;683;8588;8671
12655;12654;8736;12617;8662;684;8590;683
8736;12654;12611;8735;684;8659;6947;8587
8709;8806;8849;8807;685;6828;6827;727
8806;8709;12607;12643;685;726;686;8636
12607;12641;12642;12643;8596;6928;6929;686
12635;8890;8935;8800;8555;6693;687;8554
8907;8868;12518;12517;6744;688;6550;8426
8868;8906;12541;12518;6745;6674;8364;688
9160;9222;8726;8703;6254;693;691;689
8703;8931;9221;9160;690;8197;6255;689
8703;9077;8929;8931;692;8244;8198;690
8703;8726;9008;9077;691;811;6445;692
9161;8726;9222;9223;812;693;6175;6253
12352;12349;12441;9225;694;8114;774;8061
12380;9334;12349;12352;695;8112;694;8062
9334;12380;9333;9439;695;6007;5863;5862
;;;;;;;
;;;;;;;
;;;;;;;
12388;12485;9050;9244;8104;6499;696;6067
9308;9244;9050;9049;802;696;8002;803
12458;9201;12362;12344;6260;8139;8045;697
12458;12344;9498;12406;697;7971;7974;6198
9417;9076;9074;9307;7999;6446;698;5888
9217;12345;9307;9074;699;7984;698;7905
9217;12337;9304;12345;7903;7986;7985;699
12360;9404;9513;9598;5954;5799;5635;701
12347;9598;9405;9299;700;7804;5953;7996
12394;12360;9598;12347;8072;701;700;7997
12361;12397;9402;9596;8100;8055;703;702
9511;8728;12361;9596;817;801;702;7806
9596;9402;8712;9401;703;734;736;7808
8717;9712;9460;8704;750;709;706;704
9713;8717;8704;9849;751;704;705;7599
8704;12210;9711;9849;707;5323;5104;705
8704;9460;9565;12210;706;5692;5513;707
9358;9712;12209;9461;708;5322;7748;5841
9358;9357;9460;9712;7962;5842;709;708
9780;9950;10137;10166;5028;4706;7490;710
;;;;;;;
;;;;;;;
;;;;;;;
9949;9780;10166;10136;5027;710;4389;4707
9122;12495;9123;8705;8289;8290;713;711
8989;9048;9122;8705;8291;6404;711;712
8989;8705;9123;12492;712;713;8273;8208
8826;8753;8730;8706;8551;8606;716;714
12609;8751;8778;8706;8652;6905;715;717
8730;12608;12609;8706;8625;8629;717;716
8733;8755;8746;8707;8598;6927;720;718
8733;8707;8783;8756;718;719;8542;6941
8707;8754;8782;8783;721;6903;8545;719
8732;8754;8707;8746;6942;721;720;8624
8840;8796;8741;8708;6846;8571;723;722
8708;8795;8839;8840;724;6847;6833;722
8763;8795;8708;8741;6894;724;723;6931
8895;8808;12607;8709;8517;8597;726;725
8709;8807;8850;8895;727;6826;6759;725
8777;8822;8866;8710;6862;6812;730;728
8870;8710;8866;8823;729;730;6811;6808
9193;9129;9192;8711;6300;8203;732;731
9193;8711;12412;12411;731;733;6152;6209
;;;;;;;
;;;;;;;
;;;;;;;
8711;9192;12413;12412;732;6210;6153;733
9402;9297;9510;8712;7954;7874;735;734
8712;9510;9595;9401;735;5640;7809;736
9309;9308;9243;8713;5944;6034;738;737
9309;8713;9419;9420;737;739;5787;5887
8713;9243;9418;9419;738;8000;5788;739
12456;9294;8714;12400;8049;740;741;6193
9601;9407;9600;8715;7800;7801;744;743
9601;8715;12260;12166;743;745;5433;5432
8715;9600;12167;12260;744;5435;7711;745
12200;12286;12330;8716;5496;7774;747;746
12200;8716;9621;9723;746;748;5308;5307
12330;12287;9621;8716;7773;5497;748;747
12208;12209;9712;8717;5392;5322;750;749
12208;8717;9713;9714;749;751;5188;5321
9781;9653;12256;8718;5243;5426;753;752
9520;12255;8718;12256;5626;754;753;5625
9787;9657;9603;8719;7524;7611;756;755
8719;9777;9947;9787;757;5031;5032;755
9603;9650;9777;8719;5427;5246;757;756
;;;;;;;
;;;;;;;
;;;;;;;
9988;9813;12150;8720;4857;7566;759;758
9988;8720;9987;10143;758;760;4525;4524
12150;9812;9987;8720;7565;4858;760;759
10138;9953;9783;8721;4705;5023;762;761
8721;9784;9954;10138;763;5022;4703;761
10275;12005;11997;8722;4136;7276;766;764
9957;12004;10275;8722;7401;7390;764;765
9957;8722;11997;12127;765;766;4309;4551
9018;9017;9166;9088;767;788;6336;6436
12525;12506;9017;9018;8366;6470;767;6528
9653;9781;9951;9950;5243;5026;4888;768
9653;9652;9519;12256;769;770;5627;5426
9780;9652;9653;9950;7609;769;768;5028
9778;9651;9519;9652;5245;772;770;7610
9415;9651;12312;12311;771;7681;7683;5749
9305;9519;9651;9415;7837;772;771;5891
9017;9016;9087;9166;8292;6437;773;788
9225;9166;9087;12442;787;773;8144;793
9088;9166;9225;12441;6336;787;774;8272
12416;9368;9570;9571;8020;7849;5586;775
;;;;;;;
;;;;;;;
;;;;;;;
12371;12416;9571;9369;6102;775;7848;5978
9183;12417;9277;9368;6220;6103;5979;776
12416;12495;9183;9368;789;790;776;8020
12351;9158;9159;12476;777;7930;6352;8097
12351;12482;12479;9158;8099;6473;8016;777
12479;9242;9284;9158;778;7867;7794;8016
12479;12472;9216;9242;794;6274;6176;778
11931;12006;10383;10273;7469;7368;7125;779
12335;9393;12274;12181;7875;7822;5473;780
9499;12335;12181;12273;7877;780;7723;5655
9073;9153;12473;12472;781;6344;6343;6374
9003;9072;9153;9073;8270;6375;781;6475
8813;8812;8853;8897;6841;6822;6757;782
8825;8778;8824;8871;6860;8553;6807;783
12640;8737;12644;12629;6938;8669;8637;784
12642;12640;12629;12643;8671;784;6911;6929
12619;12623;8836;12615;6796;785;8653;8654
8792;8836;12623;12613;8680;785;8617;8677
8935;8934;12528;12527;786;6614;6562;6613
8890;8889;8934;8935;8520;6694;786;6693
;;;;;;;
;;;;;;;
;;;;;;;
9123;12495;12416;9184;8290;789;8119;6307
9122;9121;9183;12495;6356;6308;790;8289
9080;8723;9009;9079;791;792;6443;6372
9225;12442;12381;12352;793;6128;8059;8061
9073;12472;12479;12482;6374;794;6473;6474
9234;12367;9385;9386;6092;5968;5902;795
9196;9234;9386;12409;6206;795;8044;6205
9201;12407;12363;12362;796;6085;8046;8139
9136;9200;12407;9201;8216;6199;796;6290
9239;12361;8728;8724;6077;801;799;797
12396;12489;9239;8724;8182;8181;797;798
9298;12396;8724;9403;6076;798;800;5956
8724;8728;9512;9403;799;816;5801;800
9244;9308;9309;9310;802;5944;5943;6033
9308;9049;9076;9243;803;8001;7998;6034
12393;12347;9299;12359;804;7996;8018;8073
9211;12394;12347;12393;6185;7997;804;6184
9392;12327;12275;9393;805;7758;7823;5899
12406;9498;12327;9392;7974;7759;805;7973
10164;10131;9649;9775;4395;806;5248;807
;;;;;;;
;;;;;;;
;;;;;;;
9776;9649;10131;10132;7590;806;4557;7498
9775;9946;10130;10164;7589;4709;4396;807
12604;12605;12614;8725;8578;8614;809;808
8725;8955;9000;12604;810;6571;8539;808
12614;12618;8955;8725;8613;6655;810;809
9008;8726;9161;9078;811;812;8163;6444
9438;9332;12346;8727;5865;7989;814;813
9438;8727;9437;9545;813;815;5722;5721
12346;9331;9437;8727;7988;5866;815;814
9512;8728;9511;9597;816;817;5638;5637
8792;8791;12616;8836;8679;8600;8602;8680
8792;8793;8744;8791;6882;8678;8674;8679
8793;8743;12634;8744;8676;6918;6917;8678
8792;12613;12622;8793;8677;8619;6852;6882
8793;12622;12626;8743;6852;6851;8665;8676
12642;12641;12653;12655;6928;8663;8661;8675
8744;12647;8739;8791;6930;6950;8673;8674
8739;8738;12637;8791;6953;6932;6896;8673
8739;12647;12632;8738;6950;6915;8672;6953
12634;12633;12647;8744;6891;6916;6930;6917
;;;;;;;
;;;;;;;
;;;;;;;
12632;12631;12646;8738;6890;6914;6949;8672
12646;12638;12637;8738;8640;6923;6932;6949
12631;12630;12650;12646;6889;8670;8641;6914
12630;12645;12651;12650;8643;6948;8639;8670
8737;12656;12645;12644;8667;8668;8642;8669
12656;12652;12651;12645;8666;8638;6948;8668
8737;12639;12652;12656;6937;6936;8666;8667
12640;12617;12639;8737;8588;8631;6937;6938
12626;8740;12648;8743;8656;6951;8664;8665
12648;12635;12634;8743;8612;6892;6918;8664
12641;12628;12627;12653;6910;6888;8657;8663
12653;8768;12654;12655;8658;8660;8662;8661
12654;8768;8811;12611;8660;6868;8645;8659
12627;8810;8768;12653;6870;6869;8658;8657
12626;12621;12625;8740;6850;8620;8655;8656
12625;12636;12649;8740;8621;8622;6952;8655
12649;8765;12648;8740;6920;6919;6951;6952
12637;12624;12616;8791;8609;8599;8600;6896
12615;12618;12614;12619;8608;8613;8615;8654
12616;12620;12615;8836;8601;8607;8653;8602
;;;;;;;
;;;;;;;
;;;;;;;
8732;8731;8781;8754;6954;8603;8604;6942
8731;12608;8730;8781;8627;8625;8605;8603
8824;8778;8751;8776;8553;6905;6925;8552
8755;8733;8769;8770;8598;8650;6886;8651
8733;12610;12612;8769;8633;8648;6887;8650
12610;8813;8814;12612;8647;6840;8649;8648
12610;8745;8812;8813;8635;8646;6841;8647
12611;8811;8812;8745;8645;6842;8646;8644
12647;12633;8801;12632;6916;6879;6878;6915
12632;8801;8802;12631;6878;6845;6877;6890
12631;8802;8803;12630;6877;8592;6876;6889
12630;8803;8766;12645;6876;8593;6913;8643
12645;8766;8767;12644;6913;8595;6912;8642
12650;8762;12638;12646;6933;8570;8640;8641
12651;8761;8762;12650;6934;6924;6933;8639
12652;8760;8761;12651;6935;8569;6934;8638
12644;8767;8805;12629;6912;6874;6873;8637
12629;8805;8806;12643;6873;6844;8636;6911
8745;8757;8735;12611;8634;8586;6947;8644
12610;8734;8757;8745;8632;8585;8634;8635
;;;;;;;
;;;;;;;
;;;;;;;
8733;8756;8734;12610;6941;8584;8632;8633
12635;8800;12633;12634;8554;6880;6891;6892
12607;8808;12628;12641;8597;6872;6910;8596
12639;8833;8760;12652;8630;8568;6935;6936
12617;12603;8833;12639;8589;8566;8630;8631
8751;8750;8821;8776;6944;8564;6863;6925
12609;8729;8750;8751;8628;8563;6944;8652
12608;8749;8729;12609;8626;8562;8628;8629
8731;8748;8749;12608;6945;8560;8626;8627
8732;8747;8748;8731;6946;6926;6945;6954
8746;8771;8747;8732;6909;8559;6946;8624
8755;8818;8771;8746;8623;8557;6909;6927
8770;8817;8818;8755;6865;6837;8623;8651
8769;8816;8817;8770;6866;6838;6865;6886
8810;8852;8811;8768;6824;6823;6868;6869
12636;8763;8742;12649;6922;8610;8611;8622
12636;8794;8795;8763;6895;6881;6894;6922
12625;8837;8794;12636;6849;8577;6895;8621
12621;8883;8837;12625;6793;8576;6849;8620
12622;8882;12621;12626;6795;6794;6850;6851
;;;;;;;
;;;;;;;
;;;;;;;
12613;8881;8882;12622;8618;6770;6795;8619
12623;8923;8881;12613;8616;6725;8618;8617
12619;12606;8923;12623;8579;8581;8616;6796
12614;12605;12606;12619;8614;8582;8579;8615
8765;8890;12635;12648;8574;8555;8612;6919
8742;8845;8765;12649;8573;8575;6920;8611
8763;8741;8752;8742;6931;6943;8572;8610
12638;8790;12624;12637;6897;8546;8609;6923
8821;8777;8824;8776;8565;6861;8552;6863
12628;8809;8810;12627;6871;6843;6870;6888
12620;12600;12618;12615;8482;8484;8608;8607
8753;8827;8781;8730;8549;8548;8605;8606
8781;8828;8782;8754;6857;8544;6903;8604
12624;8880;12620;12616;6797;6771;8601;8599
12633;8800;8846;8801;6880;6831;6830;6879
8805;8848;8849;8806;6829;6785;6828;6844
8767;8847;8848;8805;8594;6786;6829;6874
8766;8804;8847;8767;6875;8526;8594;8595
8803;8892;8804;8766;8524;8525;6875;8593
8802;8891;8892;8803;8591;6715;8524;8592
;;;;;;;
;;;;;;;
;;;;;;;
8801;8846;8891;8802;6830;8522;8591;6845
8736;8759;12603;12617;6939;8533;8589;8590
8735;8758;8759;8736;6940;8531;6939;8587
8757;8786;8758;8735;6901;8529;6940;8586
8734;8785;8786;8757;8583;8528;6901;8585
8756;8784;8785;8734;6902;8527;8583;8584
12612;8815;8816;8769;6867;6839;6866;6887
8814;8855;8815;12612;6821;6820;6867;8649
8852;8853;8812;8811;6783;6822;6842;6823
8882;8925;8883;12621;6723;6722;6793;6794
8881;8924;8925;8882;6724;6699;6723;6770
8923;8957;8924;8881;6654;6653;6724;6725
12606;8956;8957;8923;8580;6619;6654;8581
12605;12604;8956;12606;8578;8540;8580;8582
8794;8838;8839;8795;6848;6834;6847;6881
8837;8884;8838;8794;6792;8514;6848;8577
8883;8926;8884;8837;6721;8513;6792;8576
8845;8889;8890;8765;6763;8520;8574;8575
8742;8764;8889;8845;6921;8537;6763;8573
8752;8799;8764;8742;8538;8536;6921;8572
;;;;;;;
;;;;;;;
;;;;;;;
8796;8780;8752;8741;6893;6904;6943;8571
8762;8789;8790;12638;6898;6883;6897;8570
8761;8788;8789;8762;6899;8507;6898;6924
8760;8834;8788;8761;8567;8505;6899;8569
8833;12602;8834;8760;8500;8503;8567;8568
12603;12598;12602;8833;8532;8502;8500;8566
8821;8865;8822;8777;6814;6813;6862;8565
8750;8775;8865;8821;6906;8498;6814;8564
8729;8774;8775;8750;8561;6884;6906;8563
8749;8773;8774;8729;6907;6885;8561;8562
8748;8772;8773;8749;6908;8495;6907;8560
8747;8819;8772;8748;8558;8494;6908;6926
8771;8860;8819;8747;8556;8492;8558;8559
8818;8859;8860;8771;6816;6778;8556;8557
8817;8858;8859;8818;6817;6779;6816;6837
8816;8857;8858;8817;6818;6780;6817;6838
8809;8851;8852;8810;6825;6784;6824;6843
8808;8896;8809;12628;8516;8490;6871;6872
12600;8954;8955;12618;8483;6620;6655;8484
8826;8915;8875;8753;8541;8547;8550;8551
;;;;;;;
;;;;;;;
;;;;;;;
8875;8916;8827;8753;6733;8510;8549;8550
8827;8917;8828;8781;8509;8478;6857;8548
8915;8948;8916;8875;6664;8508;6733;8547
8790;8835;8880;12624;6853;6798;6797;8546
8823;8869;8908;8870;6809;6742;6741;6808
8868;8907;8869;12601;6744;6743;8487;8489
8823;8867;12601;8869;6810;8486;8487;6809
8866;8904;8867;8823;6747;6746;6810;6811
8880;8922;12600;12620;6726;8481;8482;6771
8782;8876;8829;8783;8543;8480;6856;8545
8828;8918;8876;8782;8477;8479;8543;8544
8783;8829;8784;8756;6856;8474;6902;8542
8826;8873;8914;8915;6805;8512;6703;8541
8908;8942;8909;8870;6672;8427;6740;6741
8869;8907;8942;8908;6743;6673;6672;6742
12604;9000;9001;8956;8539;6536;6570;8540
8925;8959;8926;8883;6651;6650;6721;6722
8924;8958;8959;8925;6652;6618;6651;6699
8957;12599;8958;8924;8461;8463;6652;6653
8956;9001;12599;8957;6570;8460;8461;6619
;;;;;;;
;;;;;;;
;;;;;;;
8752;8780;8779;8799;6904;8475;8534;8538
8764;8844;8934;8889;8535;8471;6694;8537
8799;8843;8844;8764;6832;8470;8535;8536
8779;8798;8843;8799;8476;8468;6832;8534
8759;8832;12598;12603;8530;8454;8532;8533
8758;8787;8832;8759;6900;8452;8530;8531
8786;8831;8787;8758;6854;8450;6900;8529
8785;8830;8831;8786;6855;8448;6854;8528
8784;12589;8830;8785;8473;8447;6855;8527
8815;8856;8857;8816;6819;6781;6818;6839
8855;8899;8856;8815;6755;8445;6819;6820
8854;12551;8899;8855;8472;6684;6755;6782
8851;12579;8853;8852;8442;6758;6783;6784
8804;8893;8937;8847;8523;8441;8518;8526
8892;8936;8893;8804;6692;8440;8523;8525
8891;8969;8936;8892;8521;8439;6692;6715
8846;12580;8969;8891;6762;8438;8521;8522
12597;12574;8872;8825;8436;6738;6806;8519
8849;8894;8850;8807;6761;6760;6826;6827
8937;12558;8848;8847;6642;8466;6786;8518
;;;;;;;
;;;;;;;
;;;;;;;
8895;12556;8896;8808;6690;6689;8516;8517
8954;12509;9000;8955;6572;6537;6571;6620
8796;8841;12594;8780;8515;6835;6858;6893
8840;8887;8841;8796;6789;6788;8515;6846
8839;8886;8887;8840;6790;6768;6789;6833
8838;8885;8886;8839;6791;6769;6790;6834
8884;8927;8885;8838;6720;8458;6791;8514
8926;12531;8927;8884;6649;8457;6720;8513
8873;12573;8910;8914;6737;6706;8511;8512
8914;8947;8948;8915;6665;6621;6664;6703
8910;8946;8947;8914;8437;6622;6665;8511
8916;8949;8917;8827;6663;8415;8509;8510
8948;8990;8949;8916;8459;8414;6663;8508
8789;8879;8835;8790;8506;8431;6853;6883
8788;8878;8879;8789;8504;8429;8506;8507
8834;8877;8878;8788;6799;6772;8504;8505
12602;8921;8877;8834;8501;8428;6799;8503
12598;12569;8921;12602;8453;6702;8501;8502
8822;8903;8904;8866;8499;6709;6747;6812
8865;8902;8903;8822;6748;6710;8499;6813
;;;;;;;
;;;;;;;
;;;;;;;
8775;8864;8902;8865;8497;6749;6748;8498
8774;8863;8864;8775;8496;6776;8497;6884
8773;8820;8863;8774;6864;8424;8496;6885
8772;8862;8820;8773;8493;8423;6864;8495
8819;8861;8862;8772;6815;6777;8493;8494
8860;8901;8861;8819;6753;8421;6815;8492
8859;8900;8901;8860;6754;6713;6753;6778
8858;8938;8900;8859;8491;8420;6754;6779
8857;12548;8938;8858;8446;6635;8491;6780
8896;12498;8851;8809;8380;8443;6825;8490
8835;12565;8922;8880;8430;6700;6726;6798
12601;8905;8906;8868;8488;6708;6745;8489
8867;8941;8905;12601;8485;6676;8488;8486
8904;12497;8941;8867;8392;8394;8485;6746
8922;12510;8954;12600;8419;6573;8483;8481
8876;8919;12590;8829;6732;8418;6802;8480
8918;12536;8919;8876;6661;8417;6732;8479
8917;12537;8918;8828;6662;8416;8477;8478
8779;12595;8797;8798;6859;6836;8469;8476
8780;12594;12595;8779;6858;8413;6859;8475
;;;;;;;
;;;;;;;
;;;;;;;
8829;12590;12589;8784;6802;6773;8473;8474
8898;12552;12551;8854;6685;6638;8472;6756
8897;12553;12552;8898;6686;6639;6685;6714
8853;12579;12553;8897;6758;6687;6686;6757
8844;12581;12528;8934;6764;8408;6614;8471
8843;12582;12581;8844;6765;8407;6764;8470
8798;12583;12582;8843;8467;8406;6765;8468
8872;12574;12573;8873;6738;6707;6737;6775
8850;12557;12556;8895;8465;6641;6690;6759
8894;12522;12557;8850;8464;6608;8465;6760
9000;12509;12502;9001;6537;6479;8352;6536
8959;12507;12531;8926;6568;6567;6649;6650
8958;12508;12507;8959;6569;6535;6568;6618
12599;12501;12508;8958;8462;8354;6569;8463
9001;12502;12501;12599;8352;8353;8462;8460
8946;12596;12514;8947;8435;8434;6581;6622
8947;12514;12513;8948;6581;6541;6580;6621
8948;12513;12505;8990;6580;8405;6491;8459
8927;12530;12529;8885;6648;6617;8456;8458
12531;12500;12530;8927;8355;8347;6648;8457
;;;;;;;
;;;;;;;
;;;;;;;
8885;12529;12564;8886;8456;8348;6719;6769
8886;12564;12563;8887;6719;6698;6718;6768
8887;12563;12585;8841;6718;6717;6787;6788
12595;12592;12496;8797;6804;8404;8455;6836
12585;12591;12594;8841;6774;6803;6835;6787
8832;12570;12569;12598;8451;8402;8453;8454
8787;12586;12570;8832;8449;8401;8451;8452
8831;12587;12586;8787;6800;8399;8449;8450
8830;12588;12587;8831;6801;8398;6800;8448
12589;12571;12588;8830;6731;8396;6801;8447
8856;12549;12548;8857;8444;6636;8446;6781
8899;12550;12549;8856;6683;6637;8444;8445
12551;8974;12550;8899;6601;8382;6683;6684
12498;12554;12579;8851;8381;6688;8442;8443
8893;12560;12559;8937;6691;8370;6643;8441
8936;12525;12560;8893;6611;8368;6691;8440
8969;12506;12525;8936;6529;8366;6611;8439
12580;12526;12506;8969;8410;8365;6529;8438
8946;12538;12515;12596;6627;8351;8433;8435
8910;12539;12538;8946;6669;6628;6627;8437
;;;;;;;
;;;;;;;
;;;;;;;
12573;12540;12539;8910;6670;6629;6669;6706
12559;12524;12558;8937;8371;6610;6642;6643
12556;12555;12498;8896;6640;8379;8380;6689
12515;9052;12514;12596;6494;6493;8434;8433
8879;12566;12565;8835;6727;6701;8430;8431
8878;12567;12566;8879;6728;8376;6727;8429
8877;12568;12567;8878;6729;8374;6728;6772
8921;12532;12568;8877;6658;8373;6729;8428
12569;12533;12532;8921;6659;8372;6658;6702
8907;12517;12516;8942;8426;6549;6586;6673
8905;12542;12541;8906;6675;6631;6674;6708
8941;12519;12542;8905;6591;6590;6675;6676
12497;12520;12519;8941;8393;6554;6591;8394
8903;12543;12497;8904;6677;8391;8392;6709
8902;12544;12543;8903;6678;6632;6677;6710
8864;12545;12544;8902;8425;6633;6678;6749
8863;12575;12545;8864;6750;8390;8425;6776
8820;12576;12575;8863;8422;6711;6750;8424
8862;12577;12576;8820;6751;6712;8422;8423
8861;12578;12577;8862;6752;8388;6751;6777
;;;;;;;
;;;;;;;
;;;;;;;
8901;12546;12578;8861;6681;8387;6752;8421
8900;12547;12546;8901;6682;6634;6681;6713
8938;12521;12547;8900;6598;8385;6682;8420
12548;9030;12521;8938;8383;6514;6598;6635
12565;12511;12510;8922;8377;6538;8419;6700
12510;9067;12509;8954;6481;6480;6572;6573
8919;12535;12534;12590;6660;8363;8412;8418
12536;12499;12535;8919;8361;8362;6660;8417
12537;12503;12536;8918;8356;8359;6661;8416
8949;12512;12537;8917;6579;8357;6662;8415
8990;12504;12512;8949;6490;6489;6579;8414
12505;9132;12504;8990;6397;6396;6490;6491
12594;12591;12592;12595;6803;8345;6804;8413
12590;12534;12571;12589;8412;8344;6731;6773
12552;8973;8974;12551;6602;6559;6601;6638
12553;8972;8973;12552;6603;6560;6602;6639
12579;12554;8972;12553;6688;6604;6603;6687
12561;8968;12526;12580;6612;8340;8410;8411
12527;9014;8968;12561;6532;8339;6612;8409
12528;9013;9014;12527;6533;8338;6532;6562
;;;;;;;
;;;;;;;
;;;;;;;
12581;8933;9013;12528;6695;8337;6533;8408
12582;8932;8933;12581;6696;8336;6695;8407
12583;12562;8932;12582;6697;8335;6696;8406
12574;8943;12540;12573;6671;6630;6670;6707
12558;12524;9022;12523;6610;6526;6525;6609
12557;8970;12555;12556;6607;8329;6640;6641
12522;9023;8970;12557;6524;6523;6607;6608
12514;9052;9053;12513;6493;6452;6492;6541
12513;9053;9054;12505;6492;6451;6450;8405
12592;8911;12572;12496;6736;8330;8403;8404
8912;8913;12591;12585;6704;6735;6774;6734
12570;8995;12533;12569;8400;8328;6659;8402
12586;8920;8995;12570;6730;8327;8400;8401
12587;8951;8920;12586;8397;8326;6730;8399
12588;8950;8951;12587;8395;8324;8397;8398
12571;8993;8950;12588;8343;8322;8395;8396
12543;8983;12520;12497;6592;6555;8393;8391
12544;8982;8983;12543;6593;6556;6592;6632
12545;8981;8982;12544;6594;6557;6593;6633
12575;8940;8981;12545;6679;6595;6594;8390
;;;;;;;
;;;;;;;
;;;;;;;
12576;8979;8940;12575;8389;8315;6679;6711
12577;8939;8979;12576;6680;8314;8389;6712
12578;8978;8939;12577;8386;8313;6680;8388
12546;8977;8978;12578;6597;6558;8386;8387
12547;9032;8977;12546;8384;8311;6597;6634
12521;9031;9032;12547;6513;6465;8384;8385
9030;9101;9031;12521;6424;6423;6513;6514
12549;8976;9030;12548;6599;6515;8383;6636
12550;8975;8976;12549;6600;8342;6599;6637
8974;9027;8975;12550;6519;6518;6600;8382
12555;8971;12554;12498;6606;6605;8381;8379
12572;8963;8874;12593;8317;8318;8331;8378
12566;8999;12511;12565;8375;6539;8377;6701
12567;8953;8999;12566;6656;8307;8375;8376
12568;8952;8953;12567;6657;8306;6656;8374
12532;8997;8952;12568;6575;8304;6657;8373
12533;8996;8997;12532;6576;8303;6575;8372
12559;9020;9021;12524;8369;6469;6527;8371
12560;9019;9020;12559;8367;8320;8369;8370
12525;9018;9019;12560;6528;8319;8367;8368
;;;;;;;
;;;;;;;
;;;;;;;
12526;9016;9017;12506;6530;8292;6470;8365
12517;9042;9043;12516;8296;8297;6501;6549
12518;8987;9042;12517;6551;6502;8296;6550
12541;8985;8987;12518;6588;6587;6551;8364
12542;8984;8985;12541;6589;6553;6588;6631
12519;9039;8984;12542;6507;6506;6589;6590
12520;9038;9039;12519;6508;6461;6507;6554
9067;9208;12502;12509;8293;8294;6479;6480
12511;9145;9067;12510;8308;8309;6481;6538
12535;8991;8992;12534;6578;6540;6577;8363
12499;9057;8991;12535;8360;8302;6578;8362
12536;9056;9057;12499;8358;8300;8360;8361
12503;9135;9056;12536;6392;8283;8358;8359
12512;9055;12503;12537;6488;8299;8356;8357
12504;9133;9055;12512;6395;6394;6488;6489
9132;9197;9133;12504;6296;6295;6395;6396
9054;9131;9132;12505;6398;6351;6397;6450
12507;9069;12500;12531;6477;8285;8355;6567
12508;9068;9069;12507;6478;6448;6477;6535
12501;9147;9068;12508;6382;8284;6478;8354
;;;;;;;
;;;;;;;
;;;;;;;
12502;9146;9147;12501;6383;6348;6382;8353
12515;8989;9051;9052;6542;6495;6453;6494
12538;9048;8989;12515;8350;8291;6542;8351
12539;9047;9048;12538;8349;6457;8350;6628
12540;9046;9047;12539;8282;6458;8349;6629
12563;8961;8928;12585;6646;6645;6716;6717
12564;8960;8961;12563;6647;6616;6646;6698
12529;9002;8960;12564;6566;8288;6647;8348
12530;9070;9002;12529;8346;8286;6566;6617
12500;9150;9070;12530;6379;6378;8346;8347
12591;8913;8911;12592;6735;8277;6736;8345
12534;8992;8993;12571;6577;8275;8343;8344
8976;9029;9101;9030;6516;8268;6424;6515
8975;9028;9029;8976;6517;6466;6516;8342
8975;9027;9098;9028;6518;6428;6427;6517
8973;9026;9027;8974;6520;6467;6519;6559
8972;9025;9026;8973;6521;6468;6520;6560
12554;8971;9025;8972;6605;8265;6521;6604
9052;9051;9130;9053;6453;6399;8341;6452
9053;9130;9195;9054;8341;8246;8298;6451
;;;;;;;
;;;;;;;
;;;;;;;
12585;8928;8944;8912;6716;6666;6668;6734
8968;9015;9016;12526;6531;6471;6530;8340
9014;9085;9015;8968;6439;8237;6531;8339
9013;9084;9085;9014;6440;8236;6439;8338
8933;8967;9084;9013;6615;8234;6440;8337
8932;9012;8967;8933;8334;8233;6615;8336
12562;9011;9012;8932;8332;8231;8334;8335
8966;9010;9011;12562;6534;8230;8332;8333
8911;8964;8963;12572;8276;8269;8317;8330
8944;8945;8913;8912;6623;6667;6704;6668
8970;9024;8971;12555;6522;8264;6606;8329
9023;9094;9024;8970;6431;8262;6522;6523
9021;9092;9022;12524;6433;6432;6526;6527
8995;9062;8996;12533;6485;8252;6576;8328
8920;8994;9062;8995;8325;8251;6485;8327
8951;9060;8994;8920;8323;8250;8325;8326
8950;9059;9060;8951;8321;8249;8323;8324
8993;9139;9059;8950;8274;8248;8321;8322
9019;9089;9091;9020;6435;8271;6434;8320
9018;9088;9089;9019;6436;6370;6435;8319
;;;;;;;
;;;;;;;
;;;;;;;
8983;9037;9038;12520;6509;8243;6508;6555
8982;9036;9037;8983;6510;6462;6509;6556
8981;9109;9036;8982;8316;6417;6510;6557
8940;8980;9109;8981;6596;8242;8316;6595
8979;9035;8980;8940;6511;8241;6596;8315
8939;9034;9035;8979;8312;6463;6511;8314
8978;9033;9034;8939;6512;6464;8312;8313
8977;9104;9033;8978;8310;8239;6512;6558
9032;9103;9104;8977;6421;6364;8310;8311
9031;9102;9103;9032;6422;6365;6421;6465
9101;9172;9102;9031;6325;8238;6422;6423
9091;12490;9021;9020;8188;8260;6469;6434
8999;9066;9145;12511;6482;8259;8308;6539
8953;9065;9066;8999;8305;6449;6482;8307
8952;8998;9065;8953;6574;8258;8305;8306
8997;9064;8998;8952;6483;8257;6574;8304
8996;12494;9064;8997;8254;8255;6483;8303
8991;9138;9058;8992;8301;8219;6487;6540
9057;9137;9138;8991;6390;6350;8301;8302
9056;9136;9137;9057;6391;8218;6390;8300
;;;;;;;
;;;;;;;
;;;;;;;
9055;9134;9135;12503;6393;8217;6392;8299
9133;9198;9134;9055;6294;6293;6393;6394
9197;9235;9198;9133;6204;6203;6294;6295
9131;9196;9197;9132;6297;6261;6296;6351
9195;12491;9131;9054;8200;8245;6398;8298
9042;9116;9117;9043;6409;8222;8278;8297
8987;9041;9116;9042;6503;6410;6409;6502
8985;8986;9041;8987;6552;6504;6503;6587
8984;9114;8986;8985;8295;8221;6552;6553
9039;9113;9114;8984;6413;6358;8295;6506
9038;9112;9113;9039;6414;8220;6413;6461
9208;9209;9146;12502;6259;6282;6383;8294
8989;12492;9129;9051;8208;8209;6400;6495
9047;9121;9122;9048;6405;6356;6404;6457
9046;9182;9121;9047;8214;6309;6405;6458
8961;9003;8962;8928;6565;6564;6644;6645
8960;9072;9003;8961;8287;8270;6565;6616
9002;9071;9072;8960;6476;6447;8287;8288
9070;9151;9071;9002;6377;8228;6476;8286
9150;9213;9151;9070;6279;6278;6377;6378
;;;;;;;
;;;;;;;
;;;;;;;
9069;9149;9150;12500;6380;6346;6379;8285
9068;9148;9149;9069;6381;6347;6380;6448
9147;12493;9211;9068;8224;8225;8226;8284
9146;9210;12493;9147;8215;8223;8224;6348
9135;9200;9136;9056;6291;8216;6391;8283
8943;9045;9046;12540;8280;6459;8282;6630
8988;9044;9045;8943;6500;6460;8280;8281
9043;9118;9044;8988;6408;8212;6500;8279
9117;9180;9118;9043;6312;8211;6408;8278
8913;8945;8964;8911;6667;6583;8276;8277
8992;9058;9139;8993;6487;8205;8274;8275
9123;9184;9124;12492;6307;8206;8210;8273
9051;9129;9193;9130;6400;6300;6299;6399
9088;12441;9226;9089;8272;6170;8184;6370
9089;9226;9090;9091;8184;8185;6369;8271
8928;8962;8965;8944;6644;6582;6585;6666
8964;12481;9007;8963;6543;8165;6545;8269
8965;12483;8945;8944;6544;6584;6623;6585
9029;9100;9172;9101;6425;6326;6325;8268
9028;9099;9100;9029;6426;6366;6425;6466
;;;;;;;
;;;;;;;
;;;;;;;
9098;9171;9099;9028;6329;6328;6426;6427
9027;9170;9171;9098;8267;6271;6329;6428
9026;9169;9170;9027;8266;6272;8267;6467
9025;9097;9169;9026;6429;8193;8266;6468
8971;9096;9097;9025;8263;6367;6429;8265
9024;9095;9096;8971;6430;8191;8263;8264
9094;9168;9095;9024;6332;8190;6430;8262
9093;9228;9168;9094;8261;6241;6332;6368
9167;12438;9228;9093;6242;6168;8261;6333
12490;12467;9092;9021;8189;6335;6433;8260
9066;9144;9207;9145;6384;8179;6283;8259
9065;9143;9144;9066;6385;6349;6384;6449
8998;9142;9143;9065;8256;8177;6385;8258
9064;9141;9142;8998;6386;8176;8256;8257
12494;9206;9141;9064;8253;8175;6386;8255
8996;9063;9206;12494;6484;8173;8253;8254
9062;9205;9063;8996;8171;8172;6484;8252
8994;9061;9205;9062;6486;8169;8171;8251
9060;9140;9061;8994;6388;8168;6486;8250
9059;9203;9140;9060;8247;8167;6388;8249
;;;;;;;
;;;;;;;
;;;;;;;
9139;12403;9203;9059;8204;8166;8247;8248
9196;12409;9235;9197;6205;6151;6204;6261
9130;12459;9194;9195;6298;6263;6262;8246
12491;9234;9196;9131;8202;6206;6297;8245
9194;12410;12491;9195;6207;8201;8200;6262
9008;9078;9079;9009;6444;6373;6443;6472
9073;12482;8962;9003;6474;6563;6564;6475
9037;9111;9112;9038;6415;6359;6414;8243
9036;9110;9111;9037;6416;6360;6415;6462
9109;9176;9110;9036;6318;8156;6416;6417
8980;9108;9176;9109;8240;6319;6318;8242
9035;9107;9108;8980;6418;6361;8240;8241
9034;9106;9107;9035;6419;6362;6418;6463
9033;9105;9106;9034;6420;6363;6419;6464
9104;9175;9105;9033;6322;8153;6420;8239
9103;9174;9175;9104;6323;6270;6322;6364
9102;9173;9174;9103;6324;8152;6323;6365
9172;12432;9173;9102;6235;6234;6324;8238
9090;12468;12490;9091;8186;8187;8188;6369
12489;12396;9209;9208;8182;6188;6259;8180
;;;;;;;
;;;;;;;
;;;;;;;
9015;9086;9087;9016;6438;6371;6437;6471
9085;9165;9086;9015;6337;8143;6438;8237
9084;9224;9165;9085;8235;8141;6337;8236
9084;9164;12445;9224;6338;6248;8140;8235
8967;9083;9164;9084;8232;8151;6338;8234
9012;9082;9083;8967;6441;8150;8232;8233
9011;9163;9082;9012;8148;8149;6441;8231
9010;9081;9163;9011;6442;8147;8148;8230
9080;9162;9081;9010;6342;8146;6442;8229
9079;12449;9162;9080;8164;8145;6342;6372
9182;12417;9183;9121;6221;6220;6308;6309
9071;9152;9153;9072;6376;6345;6375;6447
9151;9214;9152;9071;8227;6277;6376;8228
9213;12390;9214;9151;6181;8136;8227;6278
9149;9212;9213;9150;6280;6257;6279;6346
9148;12453;9212;9149;6281;6258;6280;6347
9211;12393;9148;9068;6184;8159;6381;8226
9210;12394;9211;12493;6186;6185;8225;8223
9116;9179;9275;9117;6313;8134;8213;8222
9041;9115;9179;9116;6411;6314;6313;6410
;;;;;;;
;;;;;;;
;;;;;;;
8986;9040;9115;9041;6505;6412;6411;6504
9114;9178;9040;8986;6315;8132;6505;8221
9113;9177;9178;9114;6316;8130;6315;6358
9112;12424;9177;9113;8158;8129;6316;8220
9138;9202;12475;9058;6288;8122;6389;8219
9137;12458;9202;9138;6289;8121;6288;6350
9136;9201;12458;9137;6290;6260;6289;8218
9134;9199;9200;9135;6292;8138;6291;8217
9198;9236;9199;9134;6202;6201;6292;6293
9235;12365;9236;9198;6090;6089;6202;6203
9209;12395;9210;9146;6187;8137;8215;6282
9045;9120;9182;9046;6406;6310;8214;6459
9044;9119;9120;9045;6407;6357;6406;6460
9275;9232;9180;9117;8135;6224;6312;8213
9118;9181;9119;9044;6311;8126;6407;8212
9180;12421;9181;9118;6223;8123;6311;8211
9124;9192;9129;12492;8207;8203;8209;8210
9124;9185;12413;9192;6306;8120;6210;8207
9184;12415;9185;9124;6219;6218;6306;8206
8945;12483;12481;8964;6584;6496;6543;6583
;;;;;;;
;;;;;;;
;;;;;;;
9092;12467;12438;9167;6335;6243;6242;6334
9058;12475;12403;9139;6389;8111;8204;8205
9193;12411;12459;9130;6209;6208;6298;6299
12491;12410;12367;9234;8201;6093;6092;8202
8930;12486;12487;8929;6624;8106;6625;8199
8929;12487;12488;8931;6625;8105;6626;8198
8931;12488;12485;9221;6626;8103;8160;8197
8962;12482;12351;8965;6563;8099;8196;6582
12351;12476;12483;8965;8097;8117;6544;8196
9100;12464;12432;9172;6327;8096;6235;6326
9099;12433;12464;9100;8195;6237;6327;6366
9171;12434;12433;9099;6238;6166;8195;6328
9170;12377;12434;9171;8194;8095;6238;6271
9169;12435;12377;9170;6239;6121;8194;6272
9097;12436;12435;9169;8192;6167;6239;8193
9096;12465;12436;9097;6330;8093;8192;6367
9095;12466;12465;9096;6331;6273;6330;8191
9168;12437;12466;9095;6240;8091;6331;8190
9228;12378;12437;9168;6124;8089;6240;6241
12438;12357;12378;9228;8116;6002;6124;6168
;;;;;;;
;;;;;;;
;;;;;;;
12468;9227;12467;12490;6245;6244;8189;8187
9090;12440;12439;12468;8183;6169;6246;8186
9226;12379;12440;9090;6127;8115;8183;8185
12441;12349;12379;9226;8114;8113;6127;6170
9207;12397;12361;9239;6190;8100;6077;6189
9144;12398;12397;9207;8178;6148;6190;8179
9143;12454;12398;9144;6284;8054;8178;6349
9142;12455;12454;9143;6285;8053;6284;8177
9141;12399;12455;9142;8174;8052;6285;8176
9206;12400;12399;9141;6192;8050;8174;8175
9063;12456;12400;9206;8170;6193;6192;8173
9205;12401;12456;9063;6194;8101;8170;8172
9061;12474;12401;9205;6387;8102;6194;8169
9140;12457;12474;9061;6287;8088;6387;8168
9203;12402;12457;9140;6196;8087;6287;8167
12403;9289;12402;9203;6083;8086;6196;8166
12481;12477;12478;9007;6454;8085;6455;8165
12478;12480;12484;9007;6401;6497;6498;6455
9078;12450;12449;9079;8162;6173;8164;6373
9161;12451;12450;9078;6252;6174;8162;8163
;;;;;;;
;;;;;;;
;;;;;;;
9223;12384;12451;9161;6142;6141;6252;6253
9222;12385;12384;9223;6143;6063;6142;6175
9160;12386;12385;9222;8161;6064;6143;6254
9221;12387;12386;9160;6144;6065;8161;6255
12485;12388;12387;9221;8104;6066;6144;8160
9212;12391;12390;9213;6182;6146;6181;6257
12453;12392;12391;9212;6183;6147;6182;6258
12393;12359;12453;9148;8073;8098;6281;8159
9111;12425;12424;9112;8157;6162;8158;6359
9110;12461;12425;9111;6317;8071;8157;6360
9176;12426;12461;9110;6229;6228;6317;8156
9108;12427;12426;9176;8155;6163;6229;6319
9107;12462;12427;9108;6320;8070;8155;6361
9106;12428;12462;9107;8154;8069;6320;6362
9105;12463;12428;9106;6321;6230;8154;6363
9175;12429;12463;9105;6231;8067;6321;8153
9174;12430;12429;9175;6232;6164;6231;6270
9173;12431;12430;9174;6233;6165;6232;8152
12432;9264;12431;9173;6117;8064;6233;6234
9083;12469;12446;9164;6339;8084;6249;8151
;;;;;;;
;;;;;;;
;;;;;;;
9082;12470;12469;9083;6340;8083;6339;8150
9163;12447;12470;9082;6250;8081;6340;8149
9081;12471;12447;9163;6341;8079;6250;8147
9162;12448;12471;9081;6251;8078;6341;8146
12449;9247;12448;9162;6138;6137;6251;8145
12446;9254;12445;9164;6133;6132;6248;6249
9086;12443;12442;9087;8142;6171;8144;6371
9165;12444;12443;9086;6247;6172;8142;8143
9224;12382;12444;9165;6130;8076;6247;8141
12445;12383;12382;9224;6131;8074;6130;8140
9199;12408;12407;9200;6200;6150;6199;8138
9236;12364;12408;9199;6088;6087;6200;6201
12365;9388;12364;9236;5966;5965;6088;6089
12409;12366;12365;9235;6091;6038;6090;6151
12395;12360;12394;9210;6074;8072;6186;8137
12396;9298;12395;9209;6076;6075;6187;6188
9152;12452;12473;9153;6276;8033;6344;6345
9214;12389;12452;9152;6180;6179;6276;6277
12390;12358;12389;9214;6071;8031;6180;8136
9275;12374;12353;9232;6044;8042;8124;8135
;;;;;;;
;;;;;;;
;;;;;;;
9179;12422;12374;9275;6225;6108;6044;8134
9115;12460;12422;9179;8133;8040;6225;6314
9040;12354;12460;9115;8131;8038;8133;6412
9178;12423;12354;9040;6226;8037;8131;8132
9177;12375;12423;9178;8128;8035;6226;8130
12424;12376;12375;9177;6110;8034;8128;8129
9120;12418;12417;9182;8127;6159;6221;6310
9119;12419;12418;9120;8125;6160;8127;6357
9181;12420;12419;9119;6222;6161;8125;8126
9232;12373;12421;9180;6107;6106;6223;6224
12353;12356;12373;9232;8043;5984;6107;8124
12421;12372;12420;9181;6105;8057;6222;8123
9202;12405;12404;12475;6197;6149;8110;8122
12458;12406;12405;9202;6198;8048;6197;8121
9185;12414;12370;12413;6217;8023;8026;8120
12415;9278;12414;9185;6101;8022;6217;6218
12416;12371;12415;9184;6102;8021;6219;8119
12459;12369;12355;9194;8027;8028;8118;6263
12355;12368;12410;9194;8030;6094;6207;8118
12483;12476;12477;12481;8117;8017;6454;6496
;;;;;;;
;;;;;;;
;;;;;;;
12467;9227;12357;12438;6244;8015;8116;6243
12439;9257;9227;12468;6125;8014;6245;6246
12440;9256;9257;12439;6126;6056;6125;6169
12379;9335;9256;12440;6006;6005;6126;8115
12349;9334;9335;12379;8112;5929;6006;8113
12475;12404;9289;12403;8110;6084;6083;8111
12484;12480;12348;12350;6497;8011;8107;8109
12350;12348;9006;12486;8107;8009;6546;8108
12486;9006;9005;12487;6546;8007;6547;8106
12487;9005;9004;12488;6547;8005;6548;8105
12488;9004;9050;12485;6548;8004;6499;8103
12474;9204;9293;12401;6286;7981;6080;8102
12401;9293;9294;12456;6080;6036;8049;8101
12359;9406;12392;12453;5952;7995;6183;8098
12464;9229;9264;12432;6236;6118;6117;8096
12433;9263;9229;12464;6119;7994;6236;6237
12434;9262;9263;12433;6120;6052;6119;6166
12377;9344;9262;12434;5997;5996;6120;8095
12435;9343;9344;12377;8094;5924;5997;6121
12436;9261;9343;12435;6122;7992;8094;6167
;;;;;;;
;;;;;;;
;;;;;;;
12465;9260;9261;12436;8092;6053;6122;8093
12466;9259;9260;12465;8090;6054;8092;6273
12437;9258;9259;12466;6123;6055;8090;8091
12378;9339;9258;12437;6001;7991;6123;8089
12357;9444;9339;12378;5857;5856;6001;6002
12457;9237;9204;12474;6195;7980;6286;8088
12402;9290;9237;12457;6082;7978;6195;8087
9289;9396;9290;12402;5960;5959;6082;8086
12477;9157;9128;12478;6353;6302;6354;8085
9128;9156;12480;12478;6301;8010;6401;6354
12450;9246;9247;12449;6139;6061;6138;6173
12451;9245;9246;12450;6140;6062;6139;6174
12384;9315;9245;12451;6028;6027;6140;6141
12385;9314;9315;12384;6029;5938;6028;6063
12386;9313;9314;12385;6030;5939;6029;6064
12387;9312;9313;12386;6031;5940;6030;6065
12388;9311;9312;12387;6032;5941;6031;6066
9244;9310;9311;12388;6033;5942;6032;6067
12446;9253;9325;9254;6134;6016;6015;6133
12469;9252;9253;12446;8082;8019;6134;8084
;;;;;;;
;;;;;;;
;;;;;;;
12470;9251;9252;12469;8080;6058;8082;8083
12447;9250;9251;12470;6135;7987;8080;8081
12471;9249;9250;12447;8077;6059;6135;8079
12448;9248;9249;12471;6136;6060;8077;8078
9247;9318;9248;12448;6024;6023;6136;6137
12443;9255;12381;12442;6129;6057;6128;6171
12444;9329;9255;12443;8075;7977;6129;6172
12382;9328;9329;12444;6011;5931;8075;8076
12383;9327;9328;12382;6012;7976;6011;8074
9254;9326;12383;12445;6014;6013;6131;6132
12408;9288;12363;12407;6086;6037;6085;6150
12364;9389;9288;12408;5964;5963;6086;6087
9388;12341;9389;12364;7933;7934;5964;5965
12366;9387;9388;12365;5967;5901;5966;6038
9298;9404;12360;12395;5955;5954;6074;6075
12391;9301;12358;12390;6072;7951;6071;6146
12392;9300;9301;12391;6073;6035;6072;6147
12425;9271;12376;12424;6111;6046;6110;6162
12461;9230;9271;12425;6227;6112;6111;8071
12426;9270;9230;12461;6113;7961;6227;6228
;;;;;;;
;;;;;;;
;;;;;;;
12427;9269;9270;12426;6114;6047;6113;6163
12462;9268;9269;12427;8068;6048;6114;8070
12428;9267;9268;12462;6115;6049;8068;8069
12463;9266;9267;12428;8066;6050;6115;6230
12429;9265;9266;12463;6116;6051;8066;8067
12430;9350;9265;12429;8065;7957;6116;6164
12431;9349;9350;12430;8063;5919;8065;6165
9264;9348;9349;12431;5993;5920;8063;8064
12352;12346;9332;12380;8060;7989;6008;8062
12381;9331;12346;12352;6009;7988;8060;8059
12373;9363;12372;12421;5983;5982;6105;6106
12356;12339;9363;12373;7921;7982;5983;5984
12418;9276;9277;12417;6104;6043;6103;6159
12419;9366;9276;12418;8058;7937;6104;6160
12420;9365;9366;12419;8056;5909;8058;6161
12372;9364;9365;12420;5981;5910;8056;8057
12398;9297;9402;12397;6078;7954;8055;6148
12454;9238;9297;12398;6191;7953;6078;8054
12455;9295;9238;12454;8051;7952;6191;8053
12405;9394;9395;12404;8047;5898;8012;6149
;;;;;;;
;;;;;;;
;;;;;;;
12406;9392;9394;12405;7973;7955;8047;8048
12363;9391;12344;12362;5961;7972;8045;8046
9386;12332;12366;12409;7839;7970;6091;8044
12374;9362;12343;12353;5985;7969;8041;8042
12422;9361;9362;12374;8039;5911;5985;6108
12460;9274;9361;12422;7965;7967;8039;8040
12354;9231;9274;12460;8036;7966;7965;8038
12423;9272;9231;12354;6109;7964;8036;8037
12375;9357;9272;12423;5987;7963;6109;8035
12376;9356;9357;12375;5988;5914;5987;8034
12473;9215;9216;12472;6275;6256;6274;6343
12452;9240;9215;12473;8032;6178;6275;8033
12389;9302;9240;12452;6070;7950;8032;6179
12358;9409;9302;12389;5949;7949;6070;8031
12368;9384;12367;12410;5970;5969;6093;6094
12355;9383;9384;12368;8029;5903;5970;8030
12369;12334;9383;12355;7853;7855;8029;8028
12411;9287;12369;12459;6095;6039;8027;6208
12412;9286;9287;12411;6096;6040;6095;6152
12413;9285;9286;12412;6097;6041;6096;6153
;;;;;;;
;;;;;;;
;;;;;;;
12370;9379;9285;12413;8025;7946;6097;8026
12370;9280;12342;9379;6042;8024;7945;8025
9280;9477;9378;12342;7941;7940;7943;8024
12414;9279;9280;12370;6100;7942;6042;8023
9278;9370;9279;12414;5976;7938;6100;8022
12371;9369;9278;12415;5978;5977;6101;8021
9252;9323;9324;9253;6018;7948;6017;8019
9324;9431;9325;9253;5875;5874;6016;6017
9299;9514;9406;12359;7932;5798;5952;8018
12476;9159;9157;12477;6352;7931;6353;8017
9227;9338;9444;12357;8013;7929;5857;8015
9257;9337;9338;9227;6003;5927;8013;8014
9256;9336;9337;9257;6004;5928;6003;6056
9335;9440;9336;9256;5861;7928;6004;6005
9334;9439;9440;9335;5862;5779;5861;5929
12380;9332;9438;9333;6008;5865;5864;6007
12404;9395;9396;9289;8012;5897;5960;6084
12480;9156;9190;12348;8010;6267;8008;8011
12348;9190;9127;9006;8008;7912;8006;8009
9006;9127;9075;9005;8006;7911;6456;8007
;;;;;;;
;;;;;;;
;;;;;;;
9005;9075;12338;9004;6456;7910;8003;8005
9004;12338;9126;9050;8003;7909;6402;8004
9050;9126;9125;9049;6402;7907;6403;8002
9049;9125;9074;9076;6403;7906;6446;8001
9246;9317;9318;9247;6025;5936;6024;6061
9245;9316;9317;9246;6026;5937;6025;6062
9315;9426;9316;9245;5881;5880;6026;6027
9314;9425;9426;9315;5882;5781;5881;5938
9313;9424;9425;9314;5883;5782;5882;5939
9312;9423;9424;9313;5884;5783;5883;5940
9311;9422;9423;9312;5885;5784;5884;5941
9310;9421;9422;9311;5886;5785;5885;5942
9309;9420;9421;9310;5887;5786;5886;5943
9076;9417;9418;9243;7999;5789;8000;7998
9326;9433;9327;12383;5871;5870;6012;6013
9325;9432;9326;9254;5873;5872;6014;6015
9387;9494;12341;9388;5810;7935;7933;5901
9403;9512;9404;9298;5801;5800;5955;5956
9406;9515;9300;12392;5797;7868;6073;7995
9157;9191;12336;9128;6266;7878;7879;6302
;;;;;;;
;;;;;;;
;;;;;;;
9229;9347;9348;9264;7993;5921;5993;6118
9263;9346;9347;9229;5994;5922;7993;7994
9262;9345;9346;9263;5995;5923;5994;6052
9344;9448;9345;9262;5852;7886;5995;5996
9343;9447;9448;9344;5853;5776;5852;5924
9261;9342;9447;9343;5998;5854;5853;7992
9260;9341;9342;9261;5999;5925;5998;6053
9259;9340;9341;9260;6000;5926;5999;6054
9258;9446;9340;9259;7990;7883;6000;6055
9339;9445;9446;9258;5855;5777;7990;7991
9444;9549;9445;9339;5713;7881;5855;5856
9251;9322;9323;9252;6019;5932;6018;6058
9250;9321;9322;9251;6020;5933;6019;7987
9249;9320;9321;9250;6021;5934;6020;6059
9248;9319;9320;9249;6022;5935;6021;6060
9318;9536;9319;9248;7857;7858;6022;6023
12337;9523;9522;9304;7901;5751;7947;7986
9304;9413;9306;12345;5946;7925;7983;7985
9306;9416;9307;12345;5890;5889;7984;7983
9363;9469;9364;12372;5836;5835;5981;5982
;;;;;;;
;;;;;;;
;;;;;;;
12339;9568;9469;9363;7922;7846;5836;7982
9204;9292;9504;9293;7979;7914;7915;7981
9237;9291;9292;9204;6081;7917;7979;7980
9290;9397;9291;9237;5958;7918;6081;7978
9396;9500;9397;9290;5805;5804;5958;5959
12336;9219;9156;9128;7880;6265;6301;7879
9255;9330;9331;12381;6010;5930;6009;6057
9329;9435;9330;9255;5868;7864;6010;7977
9328;9543;9435;9329;7975;7863;5868;5931
9327;9434;9543;9328;5869;7862;7975;7976
9391;9497;9498;12344;5807;5755;7971;7972
9288;9390;9391;12363;5962;5900;5961;6037
9389;9495;9390;9288;5809;7843;5962;5963
12341;9631;9495;9389;7936;7842;5809;7934
12332;12328;9387;12366;7841;7899;5967;7970
9362;9467;12333;12343;5837;7845;7968;7969
9361;9466;9467;9362;5838;5769;5837;5911
9274;9273;9466;9361;6045;7896;5838;7967
9231;9360;9273;9274;7897;7898;6045;7966
9272;9359;9360;9231;5986;5912;7897;7964
;;;;;;;
;;;;;;;
;;;;;;;
9357;9358;9359;9272;7962;5913;5986;7963
9356;9565;9460;9357;7893;5692;5842;5914
9271;9355;9356;12376;5989;5915;5988;6046
9230;9354;9355;9271;7960;5916;5989;6112
9270;9353;9354;9230;5990;5917;7960;7961
9269;9456;9353;9270;7959;7892;5990;6047
9268;9455;9456;9269;7958;5773;7959;6048
9267;9352;9455;9268;5991;5846;7958;6049
9266;9351;9352;9267;5992;5918;5991;6050
9265;9454;9351;9266;7956;7890;5992;6051
9350;9453;9454;9265;5847;5774;7956;7957
9349;9452;9453;9350;5848;7888;5847;5919
9348;9557;9452;9349;7887;5703;5848;5920
9394;12335;9499;9395;7876;7877;5806;5898
9392;9393;12335;9394;5899;7875;7876;7955
9238;9296;9510;9297;6079;7873;7874;7953
9295;9508;9296;9238;7871;7872;6079;7952
9301;9408;9409;12358;5950;5894;5949;7951
9300;9407;9408;9301;5951;5895;5950;6035
9215;9241;9242;9216;6177;6145;6176;6256
;;;;;;;
;;;;;;;
;;;;;;;
9240;9303;9241;9215;6069;6068;6177;6178
9302;9410;9303;9240;5948;7865;6069;7950
9409;9517;9410;9302;5795;5794;5948;7949
9324;9430;9541;9431;5876;5732;5731;5875
9323;9539;9430;9324;7860;7861;5876;7948
9522;9521;9413;9304;5752;5792;5946;7947
9384;9492;9385;12367;5813;5812;5968;5969
9383;9491;9492;9384;5814;5757;5813;5903
12334;9490;9491;9383;7854;5758;5814;7855
9287;9382;12334;12369;5971;7852;7853;6039
9286;9381;9382;9287;5972;7851;5971;6040
9285;9380;9381;9286;5973;5904;5972;6041
9379;9486;9380;9285;5819;5818;5973;7946
12342;9485;9486;9379;7944;5762;5819;7945
9378;9484;9485;12342;5820;5763;7944;7943
9279;9371;9477;9280;5975;5826;7941;7942
9477;9572;9478;9378;5675;5674;7939;7940
9478;9377;9484;9378;5825;5821;5820;7939
9370;9475;9371;9279;5828;7850;5975;7938
9369;9474;9370;9278;5830;5829;5976;5977
;;;;;;;
;;;;;;;
;;;;;;;
9276;9367;9368;9277;5980;5908;5979;6043
9366;9472;9367;9276;5832;7847;5980;7937
9365;9471;9472;9366;5833;5767;5832;5909
9364;9470;9471;9365;5834;5768;5833;5910
9385;9493;12332;9386;5811;7840;7839;5902
9326;9432;9542;9433;5872;5730;5729;5871
9512;9597;9513;9404;5637;7805;5799;5800
9299;9405;9599;9514;5953;7803;5634;7932
9159;9220;9191;9157;6264;7796;6266;7931
9158;9284;9220;9159;7794;7795;6264;7930
9338;9443;9549;9444;5858;5714;5713;7929
9337;9442;9443;9338;5859;5778;5858;5927
9336;9441;9442;9337;5860;7791;5859;5928
9440;9548;9441;9336;5719;5718;5860;7928
9439;9547;9548;9440;5720;5605;5719;5779
9333;9546;9547;9439;7927;5606;5720;5863
9438;9545;9546;9333;5721;5607;7927;5864
9317;9535;9536;9318;7926;5610;7857;5936
9316;9427;9535;9317;5879;5735;7926;5937
9426;9534;9427;9316;5737;7756;5879;5880
;;;;;;;
;;;;;;;
;;;;;;;
9425;9533;9534;9426;5738;5611;5737;5781
9424;9532;9533;9425;5739;5612;5738;5782
9423;9531;9532;9424;5740;5613;5739;5783
9422;9530;9531;9423;5741;5614;5740;5784
9421;9529;9530;9422;5742;5615;5741;5785
9420;9528;9529;9421;5743;5616;5742;5786
9419;9527;9528;9420;5744;5617;5743;5787
9418;9526;9527;9419;5745;5618;5744;5788
9417;9525;9526;9418;5746;5619;5745;5789
9413;9520;9305;9306;5791;7838;5945;7925
9307;9416;9525;9417;5889;5747;5746;5888
12340;12329;12288;9468;7923;7771;5685;7924
9468;12288;9568;12339;5685;5587;7922;7920
9371;9476;9572;9477;5827;7781;5675;5826
9395;9499;9588;9396;5806;7821;7919;5897
9396;9588;9589;9500;7919;5576;5654;5805
9500;9589;9501;9397;5654;5653;5803;5804
9397;9501;9502;9291;5803;5754;7916;7918
9291;9502;9503;9292;7916;7819;7913;7917
9504;9590;9398;9293;5649;7818;5957;7915
;;;;;;;
;;;;;;;
;;;;;;;
9292;9503;9590;9504;7913;5650;5649;7914
9156;9219;9218;9190;6265;7824;6212;6267
9190;9218;9155;9127;6212;7825;6303;7912
9127;9155;9154;9075;6303;7826;6355;7911
9075;9154;9189;12338;6355;7827;7908;7910
12338;9189;9188;9126;7908;7828;6304;7909
9126;9188;9187;9125;6304;7829;6305;7907
9125;9187;9186;9074;6305;7830;7904;7906
9074;9186;9233;9217;7904;7831;7902;7905
9217;9233;9414;12337;7902;7832;7900;7903
12337;9414;9524;9523;7900;5790;5750;7901
9523;9524;9604;9522;5750;7792;5622;5751
9433;12307;9434;9327;5728;5727;5869;5870
9390;9496;9497;9391;5808;5756;5807;5900
12328;12278;9494;9387;7769;5659;5810;7899
9360;9463;9566;9273;5839;5689;7895;7898
9273;9465;9567;9466;7894;7746;5686;7896
9566;9464;9465;9273;7750;7744;7894;7895
9359;9462;9463;9360;5840;5770;5839;5912
9358;9461;9462;9359;5841;5771;5840;5913
;;;;;;;
;;;;;;;
;;;;;;;
9355;9459;9565;9356;5843;5693;7893;5915
9354;9458;9459;9355;5844;5772;5843;5916
9353;9457;9458;9354;5845;7836;5844;5917
9456;9564;9457;9353;5698;5697;5845;7892
9455;9563;9564;9456;5699;5591;5698;5773
9352;9562;9563;9455;7891;5592;5699;5846
9351;9561;9562;9352;7889;5593;7891;5918
9454;9560;9561;9351;5700;5594;7889;7890
9453;9559;9560;9454;5701;5595;5700;5774
9452;9558;9559;9453;5702;7835;5701;7888
9557;12218;9558;9452;5523;5522;5702;5703
9347;9451;9557;9348;5849;5704;7887;5921
9346;9450;9451;9347;5850;5775;5849;5922
9345;9449;9450;9346;5851;7834;5850;5923
9448;9556;9449;9345;5709;5708;5851;7886
9447;9555;9556;9448;5710;5598;5709;5776
9342;9554;9555;9447;7885;5599;5710;5854
9341;9553;9554;9342;7884;5600;7885;5925
9340;9552;9553;9341;7882;5601;7884;5926
9446;9551;9552;9340;5711;5602;7882;7883
;;;;;;;
;;;;;;;
;;;;;;;
9445;9550;9551;9446;5712;7833;5711;5777
9549;12226;9550;9445;5533;5532;5712;7881
9191;12320;9219;12336;6211;6155;7880;7878
9296;9509;9595;9510;7870;7810;5640;7873
9508;9594;9509;9296;5643;5642;7870;7872
9400;9507;9594;9508;5802;7811;5643;7869
9399;9593;9507;9400;7813;5645;5802;5896
9515;9600;9407;9300;5633;7801;5951;7868
9408;9516;9517;9409;5796;5753;5795;5894
9407;9601;9516;9408;7800;5632;5796;5895
9242;9241;9412;9284;6145;7866;7793;7867
9303;9411;9412;9241;5947;5893;7866;6068
9410;9518;9411;9303;5793;7798;5947;7865
9517;9602;9518;9410;5630;5629;5793;5794
9330;9436;9437;9331;5867;7790;5866;5930
9435;9544;9436;9330;5725;7789;5867;7864
9543;9609;9544;9435;5542;5541;5725;7863
9434;12306;9609;9543;5726;7741;5542;7862
9430;9540;12233;9541;5733;7788;5548;5732
9539;12234;9540;9430;5550;5549;5733;7861
;;;;;;;
;;;;;;;
;;;;;;;
9322;9429;9539;9323;5877;5734;7860;5932
9321;9428;9429;9322;5878;5780;5877;5933
9320;9538;9428;9321;7859;7785;5878;5934
9319;9537;9538;9320;7856;5609;7859;5935
9536;12239;9537;9319;5553;7783;7856;7858
9521;12255;9520;9413;5623;5626;5791;5792
9604;12254;9521;9522;5573;5624;5752;5622
9382;9489;9490;12334;5815;5759;7854;7852
9381;9488;9489;9382;5816;5760;5815;7851
9380;9487;9488;9381;5817;5761;5816;5904
9486;9584;9487;9380;5666;5665;5817;5818
9485;9583;9584;9486;5667;5579;5666;5762
9484;9582;9583;9485;5668;5580;5667;5763
9377;9483;9582;9484;5822;7762;5668;5821
9478;9573;9483;9377;5673;5672;5822;5825
9572;12196;9573;9478;5489;7782;5673;5674
9475;12283;9476;9371;5677;7751;5827;7850
9474;12284;9475;9370;5679;5678;5828;5829
9367;9473;9570;9368;5831;5680;7849;5908
9571;12331;9474;9369;7777;7780;5830;7848
;;;;;;;
;;;;;;;
;;;;;;;
9570;12199;12331;9571;5493;7778;7777;5586
9472;12286;9473;9367;5682;7776;5831;7847
9471;12330;12286;9472;7775;7774;5682;5767
9470;12287;12330;9471;5683;7773;7775;5768
9469;9569;9470;9364;5684;7772;5834;5835
9568;12202;9569;9469;5500;5499;5684;7846
9495;9587;9496;9390;5658;7754;5808;7843
9631;12154;9587;9495;7656;7753;5658;7842
12332;9493;12279;12328;7840;5660;7768;7841
9492;9586;9493;9385;5662;5661;5811;5812
9491;9585;9586;9492;5663;5578;5662;5757
9490;12187;9585;9491;7766;7767;5663;5758
9497;12276;12327;9498;5656;7757;7759;5755
9305;9415;9416;9306;5891;7755;5890;5945
9520;12256;9519;9305;5625;5627;7837;7838
9567;12152;9467;9466;7731;7747;5769;5686
9542;12232;12307;9433;5546;5545;5728;5729
9459;12295;12210;9565;5694;7700;5513;5693
9458;12296;12295;9459;5695;5589;5694;5772
9457;12297;12296;9458;5696;5590;5695;7836
;;;;;;;
;;;;;;;
;;;;;;;
9564;12211;12297;9457;5515;7697;5696;5697
9563;12212;12211;9564;5516;5393;5515;5591
9562;12213;12212;9563;5517;5394;5516;5592
9561;12214;12213;9562;5518;5395;5517;5593
9560;12215;12214;9561;5519;5396;5518;5594
9559;12216;12215;9560;5520;5397;5519;5595
9558;12217;12216;9559;5521;5398;5520;7835
9558;12218;9701;12217;5522;5333;5332;5521
9451;12298;12218;9557;5705;7696;5523;5704
9450;12299;12298;9451;5706;5596;5705;5775
9449;12300;12299;9450;5707;5597;5706;7834
9556;12219;12300;9449;5525;7693;5707;5708
9555;12220;12219;9556;5526;5399;5525;5598
9554;12221;12220;9555;5527;5400;5526;5599
9553;12222;12221;9554;5528;5401;5527;5600
9552;12223;12222;9553;5529;5402;5528;5601
9551;12224;12223;9552;5530;5403;5529;5602
9550;12225;12224;9551;5531;5404;5530;7833
9550;12226;9690;12225;5532;5344;5343;5531
9414;12315;12252;9524;5824;7752;5621;5790
;;;;;;;
;;;;;;;
;;;;;;;
9233;12319;12315;9414;6099;7675;5824;7832
9186;12324;12319;9233;6216;7674;6099;7831
9187;12323;12324;9186;6215;7672;6216;7830
9188;12322;12323;9187;6214;7670;6215;7829
9189;12321;12322;9188;6213;7669;6214;7828
9154;12326;12321;9189;6269;7667;6213;7827
9155;12325;12326;9154;6268;7666;6269;7826
9218;12318;12325;9155;6156;7665;6268;7825
9219;12320;12318;9218;6155;7664;6156;7824
12275;12182;12274;9393;5475;7724;7822;7823
9499;12273;12180;9588;5655;5471;5470;7821
9588;12180;12179;9589;5470;5380;5469;5576
9589;12179;12178;9501;5469;5379;7820;5653
9501;12178;12272;9502;7820;7722;5652;5754
9502;12272;12271;9503;5652;5575;5651;7819
9503;12271;12177;9590;5651;5466;5465;5650
9590;12177;12270;9398;5465;7721;7816;7818
9398;12270;12176;9591;7816;5463;5462;7817
9591;12176;12269;9505;5462;7720;5647;5648
9505;12269;12175;9592;5647;5460;5459;7815
;;;;;;;
;;;;;;;
;;;;;;;
9592;12175;12268;9399;5459;7719;7812;7814
9399;12268;12174;9593;7812;5457;5456;7813
9593;12174;12267;9507;5456;7718;5644;5645
9507;12267;12173;9594;5644;5454;5453;7811
9594;12173;12266;9509;5453;7717;5641;5642
9509;12266;12172;9595;5641;5451;5450;7810
9595;12172;12265;9401;5450;7716;7807;7809
9401;12265;12171;9596;7807;5448;5447;7808
9596;12171;12264;9511;5447;7715;5639;7806
9511;12264;12170;9597;5639;5445;5444;5638
9597;12170;12263;9513;5444;7714;5636;7805
9513;12263;12169;9598;5636;5442;5441;5635
9598;12169;12262;9405;5441;7713;7802;7804
9405;12262;12168;9599;7802;5439;5438;7803
9601;12166;12259;9516;5432;7710;5631;5632
9516;12259;12165;9517;5631;5430;7799;5753
9517;12165;12164;9602;7799;5377;5429;5630
9602;12164;12258;9518;5429;5428;5628;5629
9518;12258;12257;9411;5628;5574;7797;7798
9411;12257;12316;9412;7797;7708;5892;5893
;;;;;;;
;;;;;;;
;;;;;;;
9220;12317;12320;9191;6154;7662;6211;7796
9284;12314;12317;9220;7659;7660;6154;7795
9412;12316;12314;9284;5892;5823;7659;7793
9524;12252;12253;9604;5621;5571;5572;7792
9443;12301;12226;9549;5715;7692;5533;5714
9442;12302;12301;9443;5716;5603;5715;5778
9441;12303;12302;9442;5717;5604;5716;7791
9548;12227;12303;9441;5535;7689;5717;5718
9547;12228;12227;9548;5536;5405;5535;5605
9546;12229;12228;9547;5537;5406;5536;5606
9545;12230;12229;9546;5538;5407;5537;5607
9437;12304;12230;9545;5723;5539;5538;5722
9436;12305;12304;9437;5724;5608;5723;7790
9544;12231;12305;9436;5540;7687;5724;7789
9609;12159;12231;9544;5353;5352;5540;5541
12306;12160;12159;9609;7742;5213;5353;7741
12307;9608;12306;9434;5544;5543;5726;5727
9540;12162;12161;12233;7787;5217;5356;7788
12234;9676;12162;9540;5357;5218;7787;5549
9429;12235;12234;9539;7786;5408;5550;5734
;;;;;;;
;;;;;;;
;;;;;;;
9428;12236;12235;9429;7784;5409;7786;5780
9538;12237;12236;9428;5551;5410;7784;7785
9537;12238;12237;9538;5552;7738;5551;5609
12239;9671;12238;9537;5363;5362;5552;7783
9573;12195;12194;9483;5488;5387;7761;5672
12196;12157;12195;9573;5301;7726;5488;7782
9476;12282;12196;9572;5676;5490;5489;7781
12331;12198;12284;9474;7779;7736;5679;7780
12199;9724;12198;12331;5306;5305;7779;7778
9473;12285;12199;9570;5681;5494;5493;5680
12286;12200;12285;9473;5496;7735;5681;7776
9569;12201;12287;9470;5498;7734;5683;7772
12202;9721;12201;9569;5311;5310;5498;5499
12288;12203;12202;9568;5501;5388;5500;5587
12153;12155;12154;9631;7729;7655;7656;7730
9586;12185;12279;9493;5481;5480;5660;5661
9585;12186;12185;9586;5482;7727;5481;5578
12187;9746;12186;9585;5289;5288;5482;7767
9489;12188;12187;9490;7765;5381;7766;5759
9488;12280;12188;9489;5664;7654;7765;5760
;;;;;;;
;;;;;;;
;;;;;;;
9487;12189;12280;9488;7764;5484;5664;5761
9584;12190;12189;9487;5485;5382;7764;5665
9583;12156;12190;9584;7763;7653;5485;5579
9582;12191;12156;9583;5486;5294;7763;5580
9483;12192;12191;9582;7760;5383;5486;7762
12194;12193;12192;9483;7725;5384;7760;7761
12276;9632;12275;12327;5477;5476;7758;7757
9535;12240;12239;9536;5554;5411;5553;5610
9427;12309;12240;9535;5736;5555;5554;5735
9534;12241;12309;9427;5556;7685;5736;7756
9533;12242;12241;9534;5557;5412;5556;5611
9532;12243;12242;9533;5558;5413;5557;5612
9531;12244;12243;9532;5559;5414;5558;5613
9530;12245;12244;9531;5560;5415;5559;5614
9529;12246;12245;9530;5561;5416;5560;5615
9528;12247;12246;9529;5562;5417;5561;5616
9527;12248;12247;9528;5563;5418;5562;5617
9526;12249;12248;9527;5564;5419;5563;5618
9525;12250;12249;9526;5565;5420;5564;5619
9416;12310;12250;9525;5748;5566;5565;5747
;;;;;;;
;;;;;;;
;;;;;;;
9415;12311;12310;9416;5749;5620;5748;7755
9496;12277;12276;9497;5657;5577;5656;5756
9587;12183;12277;9496;5478;7706;5657;7754
12154;12151;12183;9587;7657;7704;5478;7753
12315;12281;12251;12252;5766;5585;5570;7752
12253;12163;12254;9604;5424;7651;5573;5572
12283;12197;12282;9476;5492;7737;5676;7751
9566;12206;12292;9464;5508;5507;7743;7750
9463;12293;12206;9566;5690;7702;5508;5689
9462;12207;12293;9463;7749;5510;5690;5770
9461;12294;12207;9462;5691;7701;7749;5771
12209;12208;12294;9461;5392;5512;5691;7748
9567;12205;12158;12152;7745;7680;7732;7731
9465;12290;12205;9567;5687;5504;7745;7746
9464;12291;12290;9465;5688;5588;5687;7744
12292;12313;12291;9464;7703;7678;5688;7743
12306;9608;9679;12160;5543;5354;5214;7742
12232;9678;9608;12307;5355;7618;5544;5545
12308;9677;9678;12232;7739;5215;5355;7740
12233;12161;9677;12308;5356;5216;7739;5547
;;;;;;;
;;;;;;;
;;;;;;;
12235;9675;9676;12234;5358;5219;5357;5408
12236;9674;9675;12235;5359;5220;5358;5409
12237;9673;9674;12236;5360;5221;5359;5410
12238;9672;9673;12237;5361;5222;5360;7738
12238;9671;9802;9672;5362;5150;5149;5361
12282;9624;12157;12196;5491;7585;5301;5490
12197;9726;9624;12282;5302;7584;5491;7737
12285;9622;9724;12199;5495;7580;5306;5494
12200;9723;9622;12285;5307;7579;5495;7735
12201;9722;9621;12287;5309;7577;5497;7734
12201;9721;9872;9722;5310;5091;5090;5309
12203;9720;9721;12202;5312;7575;5311;5388
12204;9719;9620;12289;5314;7574;5502;5503
12152;12158;9719;12204;7732;5186;5314;7733
12184;9749;12155;12153;5286;5171;7729;7728
12157;9883;9727;12195;5083;5082;5300;7726
12195;9727;9728;12194;5300;5185;5299;5387
12194;9728;9729;12193;5299;5184;7652;7725
12275;9632;9752;12182;5476;5284;5283;5475
12182;9752;9633;12274;5283;7622;5474;7724
;;;;;;;
;;;;;;;
;;;;;;;
12274;9633;9753;12181;5474;5282;5281;5473
12181;9753;9634;12273;5281;7624;5472;7723
12273;9634;9754;12180;5472;5280;5279;5471
12180;9754;9755;12179;5279;5169;5278;5380
12179;9755;9756;12178;5278;5168;5277;5379
12178;9756;9635;12272;5277;7625;5468;7722
12272;9635;9636;12271;5468;5378;5467;5575
12271;9636;9758;12177;5467;5275;5274;5466
12177;9758;9637;12270;5274;7628;5464;7721
12270;9637;9759;12176;5464;5273;5272;5463
12176;9759;9638;12269;5272;7630;5461;7720
12269;9638;9760;12175;5461;5271;5270;5460
12175;9760;9639;12268;5270;7632;5458;7719
12268;9639;9761;12174;5458;5269;5268;5457
12174;9761;9640;12267;5268;7634;5455;7718
12267;9640;9762;12173;5455;5267;5266;5454
12173;9762;9641;12266;5266;7636;5452;7717
12266;9641;9763;12172;5452;5265;5264;5451
12172;9763;9642;12265;5264;7638;5449;7716
12265;9642;9764;12171;5449;5263;5262;5448
;;;;;;;
;;;;;;;
;;;;;;;
12171;9764;9643;12264;5262;7640;5446;7715
12264;9643;9765;12170;5446;5261;5260;5445
12170;9765;9644;12263;5260;7642;5443;7714
12263;9644;9766;12169;5443;5259;5258;5442
12169;9766;9645;12262;5258;7644;5440;7713
12262;9645;9767;12168;5440;5257;5256;5439
12168;9767;9646;12261;5256;7646;5437;7712
12261;9646;9768;12167;5437;5255;5254;5436
12167;9768;9647;12260;5254;7648;5434;7711
12260;9647;9769;12166;5434;5253;5252;5433
12166;9769;9648;12259;5252;7650;5431;7710
12259;9648;9770;12165;5431;5251;5250;5430
12165;9770;9771;12164;5250;5167;5249;5377
12164;9771;9772;12258;5249;5166;7709;5428
12258;9772;9773;12257;7709;5165;7707;5574
12257;9773;9774;12316;7707;5164;7661;7708
9651;9778;9650;12312;5245;5247;7682;7681
12277;9751;9632;12276;7705;7620;5477;5577
12183;9750;9751;12277;5285;5170;7705;7706
12151;9905;9750;12183;7588;5059;5285;7704
;;;;;;;
;;;;;;;
;;;;;;;
12292;9615;9616;12313;5506;5391;7677;7703
12206;9716;9615;12292;5317;5316;5506;5507
12293;9614;9716;12206;5509;7596;5317;7702
12207;9715;9614;12293;5319;5318;5509;5510
12294;9613;9715;12207;5511;7598;5319;7701
12208;9714;9613;12294;5321;5320;5511;5512
12295;9710;9711;12210;7699;5189;5323;7700
12296;9709;9710;12295;7698;5190;7699;5589
12297;9612;9709;12296;5514;7601;7698;5590
12211;9708;9612;12297;5325;5324;5514;7697
12212;9707;9708;12211;5326;5191;5325;5393
12213;9706;9707;12212;5327;5192;5326;5394
12214;9705;9706;12213;5328;5193;5327;5395
12215;9704;9705;12214;5329;5194;5328;5396
12216;9703;9704;12215;5330;5195;5329;5397
12217;9702;9703;12216;5331;5196;5330;5398
9701;9837;9702;12217;5115;7602;5331;5332
12218;9700;9837;9701;5334;5116;5115;5333
12298;9699;9700;12218;7695;5197;5334;7696
12299;9698;9699;12298;7694;5198;7695;5596
;;;;;;;
;;;;;;;
;;;;;;;
12300;9611;9698;12299;5524;7604;7694;5597
12219;9697;9611;12300;5336;5335;5524;7693
12220;9696;9697;12219;5337;5199;5336;5399
12221;9695;9696;12220;5338;5200;5337;5400
12222;9694;9695;12221;5339;5201;5338;5401
12223;9693;9694;12222;5340;5202;5339;5402
12224;9692;9693;12223;5341;5203;5340;5403
12225;9691;9692;12224;5342;5204;5341;5404
9690;9825;9691;12225;5127;7605;5342;5343
12226;9689;9825;9690;5345;5128;5127;5344
12301;9688;9689;12226;7691;5205;5345;7692
12302;9687;9688;12301;7690;5206;7691;5603
12303;9610;9687;12302;5534;7607;7690;5604
12227;9686;9610;12303;5347;5346;5534;7689
12228;9685;9686;12227;5348;5207;5347;5405
12229;9684;9685;12228;5349;5208;5348;5406
12230;9683;9684;12229;5350;5209;5349;5407
12304;9682;9683;12230;7688;5210;5350;5539
12305;9681;9682;12304;7686;5211;7688;5608
12231;9680;9681;12305;5351;5212;7686;7687
;;;;;;;
;;;;;;;
;;;;;;;
12159;9813;9680;12231;5139;7608;5351;5352
12160;12150;9813;12159;7567;7566;5139;5213
9679;9812;12150;12160;5140;7565;7567;5214
12240;9670;9671;12239;5364;5223;5363;5411
12309;9669;9670;12240;7684;5224;5364;5555
12241;9668;9669;12309;5365;5225;7684;7685
12242;9667;9668;12241;5366;5226;5365;5412
12243;9666;9667;12242;5367;5227;5366;5413
12244;9665;9666;12243;5368;5228;5367;5414
12245;9664;9665;12244;5369;5229;5368;5415
12246;9663;9664;12245;5370;5230;5369;5416
12247;9662;9663;12246;5371;5231;5370;5417
12248;9661;9662;12247;5372;5232;5371;5418
12249;9660;9661;12248;5373;5233;5372;5419
12250;9659;9660;12249;5374;5234;5373;5420
12310;9607;9659;12250;5567;7615;5374;5566
12311;9606;9607;12310;5568;5421;5567;5620
12312;9605;9606;12311;5569;5422;5568;7683
9650;9603;9605;12312;5427;7612;5569;7682
12205;9718;9866;12158;5315;5097;5096;7680
;;;;;;;
;;;;;;;
;;;;;;;
12290;9717;9718;12205;7679;5187;5315;5504
12291;9619;9717;12290;5505;7572;7679;5588
12313;9618;9619;12291;7676;5389;5505;7678
9616;9617;9618;12313;7593;5390;7676;7677
12319;9479;12281;12315;7673;5670;5766;7675
12324;9372;9479;12319;7671;7553;7673;7674
12323;9373;9372;12324;6956;5907;7671;7672
12322;9374;9373;12323;7668;5906;6956;7670
12321;9375;9374;12322;6955;5905;7668;7669
12326;9281;9375;12321;6158;7549;6955;7667
12325;9282;9281;12326;6157;7547;6158;7666
12318;12148;9282;12325;7663;7545;6157;7665
12320;9283;12148;12318;6098;7543;7663;7664
12317;9376;9283;12320;5974;7541;6098;7662
9774;9946;9775;12316;5033;7589;7658;7661
12314;9581;9376;12317;5764;7539;5974;7660
9775;9649;12314;12316;5248;7591;5823;7658
12155;9904;12151;12154;5060;7587;7657;7655
12188;9745;9746;12187;5290;7562;5289;5381
12280;9629;9745;12188;5483;5291;5290;7654
;;;;;;;
;;;;;;;
;;;;;;;
12189;9744;9629;12280;5292;7561;5483;5484
12190;9743;9744;12189;5293;5173;5292;5382
12156;9893;9743;12190;5071;5070;5293;7653
12191;9742;9893;12156;5295;7559;5071;5294
12192;9741;9742;12191;5296;5174;5295;5383
12193;9740;9741;12192;5297;5175;5296;5384
9729;9739;9740;12193;7586;5176;5297;7652
12253;9655;9784;12163;5425;5237;5239;5424
12252;9656;9655;12253;5423;5376;5425;5571
12251;12149;9656;12252;7555;7557;5423;5570
12281;9625;12149;12251;5487;7554;7555;5585
9773;9945;9946;9774;5034;4889;5033;5164
9772;9944;9945;9773;5035;4890;5034;5165
9771;9943;9944;9772;5036;4891;5035;5166
9770;9942;9943;9771;5037;4892;5036;5167
9648;9941;9942;9770;7649;4893;5037;5251
9769;9940;9941;9648;5038;4894;7649;7650
9647;9939;9940;9769;7647;4895;5038;5253
9768;9938;9939;9647;5039;4896;7647;7648
9646;9937;9938;9768;7645;4897;5039;5255
;;;;;;;
;;;;;;;
;;;;;;;
9767;9936;9937;9646;5040;4898;7645;7646
9645;9935;9936;9767;7643;4899;5040;5257
9766;9934;9935;9645;5041;4900;7643;7644
9644;9933;9934;9766;7641;4901;5041;5259
9765;9932;9933;9644;5042;4902;7641;7642
9643;9931;9932;9765;7639;4903;5042;5261
9764;9930;9931;9643;5043;4904;7639;7640
9642;9929;9930;9764;7637;4905;5043;5263
9763;9928;9929;9642;5044;4906;7637;7638
9641;9927;9928;9763;7635;4907;5044;5265
9762;9926;9927;9641;5045;4908;7635;7636
9640;9925;9926;9762;7633;4909;5045;5267
9761;9924;9925;9640;5046;4910;7633;7634
9639;9923;9924;9761;7631;4911;5046;5269
9760;9922;9923;9639;5047;4912;7631;7632
9638;9921;9922;9760;7629;4913;5047;5271
9759;9920;9921;9638;5048;4914;7629;7630
9637;9919;9920;9759;7627;4915;5048;5273
9758;9918;9919;9637;5049;4916;7627;7628
9636;9917;9918;9758;7626;4917;5049;5275
;;;;;;;
;;;;;;;
;;;;;;;
9635;9757;9917;9636;5276;7537;7626;5378
9756;9915;9757;9635;5052;5051;5276;7625
9755;9914;9915;9756;5053;4918;5052;5168
9754;9913;9914;9755;5054;4919;5053;5169
9634;9912;9913;9754;7623;4920;5054;5280
9753;9911;9912;9634;5055;4921;7623;7624
9633;9910;9911;9753;7621;4922;5055;5282
9752;9909;9910;9633;5056;4923;7621;7622
9632;9908;9909;9752;7619;4924;5056;5284
9751;9907;9908;9632;5057;4925;7619;7620
9750;9906;9907;9751;5058;4926;5057;5170
9750;9905;10091;9906;5059;4749;4748;5058
9608;9811;9812;9679;7617;4999;5140;5354
9678;9810;9811;9608;5141;5000;7617;7618
9677;9809;9810;9678;5142;5001;5141;5215
12161;9808;9809;9677;5143;5002;5142;5216
9675;9806;9807;9676;5145;5003;5144;5219
9674;9805;9806;9675;5146;5004;5145;5220
9673;9804;9805;9674;5147;5005;5146;5221
9672;9803;9804;9673;5148;5006;5147;5222
;;;;;;;
;;;;;;;
;;;;;;;
9802;9976;9803;9672;4870;4869;5148;5149
9671;9801;9976;9802;5151;7528;4870;5150
9670;9800;9801;9671;5152;5007;5151;5223
9669;9799;9800;9670;5153;5008;5152;5224
9668;9798;9799;9669;5154;5009;5153;5225
9667;9797;9798;9668;5155;5010;5154;5226
9666;9796;9797;9667;5156;5011;5155;5227
9665;9795;9796;9666;5157;5012;5156;5228
9664;9794;9795;9665;5158;5013;5157;5229
9663;9793;9794;9664;5159;5014;5158;5230
9662;9792;9793;9663;5160;5015;5159;5231
9661;9791;9792;9662;5161;5016;5160;5232
9660;9964;9791;9661;7616;4882;5161;5233
9659;9790;9964;9660;5162;7527;7616;5234
9607;9789;9790;9659;7614;5017;5162;7615
9606;9788;9789;9607;7613;5018;7614;5421
9605;9658;9788;9606;5375;7526;7613;5422
9603;9657;9658;9605;7611;5235;5375;7612
9778;9948;9777;9650;5030;7522;5246;5247
9652;9779;9948;9778;5244;5029;5030;7610
;;;;;;;
;;;;;;;
;;;;;;;
9780;9949;9779;9652;5027;7521;5244;7609
9654;9782;9951;9781;5240;5024;5026;5242
9783;9953;9782;9654;5023;7518;5240;5241
9813;9988;9814;9680;4857;4856;5138;7608
9680;9814;9815;9681;5138;4998;5137;5212
9681;9815;9816;9682;5137;4997;5136;5211
9682;9816;9817;9683;5136;4996;5135;5210
9683;9817;9818;9684;5135;4995;5134;5209
9684;9818;9819;9685;5134;4994;5133;5208
9685;9819;9820;9686;5133;4993;5132;5207
9686;9820;9821;9610;5132;4992;7606;5346
9610;9821;9822;9687;7606;4991;5131;7607
9687;9822;9823;9688;5131;4990;5130;5206
9688;9823;9824;9689;5130;4989;5129;5205
9689;9824;10000;9825;5129;7533;4844;5128
9825;10000;9826;9691;4844;4843;5126;7605
9691;9826;9827;9692;5126;4988;5125;5204
9692;9827;9828;9693;5125;4987;5124;5203
9693;9828;9829;9694;5124;4986;5123;5202
9694;9829;9830;9695;5123;4985;5122;5201
;;;;;;;
;;;;;;;
;;;;;;;
9695;9830;9831;9696;5122;4984;5121;5200
9696;9831;9832;9697;5121;4983;5120;5199
9697;9832;9833;9611;5120;4982;7603;5335
9611;9833;9834;9698;7603;4981;5119;7604
9698;9834;9835;9699;5119;4980;5118;5198
9699;9835;9836;9700;5118;4979;5117;5197
9700;9836;10012;9837;5117;7534;4831;5116
9837;10012;9838;9702;4831;4830;5114;7602
9702;9838;9839;9703;5114;4978;5113;5196
9703;9839;9840;9704;5113;4977;5112;5195
9704;9840;9841;9705;5112;4976;5111;5194
9705;9841;9842;9706;5111;4975;5110;5193
9706;9842;9843;9707;5110;4974;5109;5192
9707;9843;9844;9708;5109;4973;5108;5191
9708;9844;9845;9612;5108;4972;7600;5324
9612;9845;9846;9709;7600;4971;5107;7601
9709;9846;9847;9710;5107;4970;5106;5190
9710;9847;9848;9711;5106;4969;5105;5189
9711;9848;10024;9849;5105;7535;4818;5104
9849;10024;9850;9713;4818;4817;5103;7599
;;;;;;;
;;;;;;;
;;;;;;;
9713;9850;9851;9714;5103;4968;5102;5188
9714;9851;9852;9613;5102;4967;7597;5320
9613;9852;9853;9715;7597;4966;5101;7598
9715;9853;9854;9614;5101;4965;7595;5318
9614;9854;9855;9716;7595;4964;5100;7596
9716;9855;9856;9615;5100;4963;7594;5316
9615;9856;9857;9616;7594;4962;7592;5391
9616;9857;9858;9617;7592;4961;7569;7593
9649;9776;9581;12314;7590;7515;5764;7591
9904;10090;9905;12151;4751;4750;7588;7587
9729;9886;9887;9739;5079;4941;5177;7586
9728;9885;9886;9729;5080;4942;5079;5184
9727;9884;9885;9728;5081;4943;5080;5185
9883;10063;9884;9727;4780;4779;5081;5082
12157;9882;10063;9883;5084;7529;4780;5083
9624;9881;9882;12157;7583;4944;5084;7585
9726;9880;9881;9624;5085;4945;7583;7584
9623;9879;9880;9726;7581;4946;5085;5303
9725;9878;9879;9623;5086;4947;7581;7582
9622;9876;9877;9724;7578;4948;5087;7580
;;;;;;;
;;;;;;;
;;;;;;;
9723;9875;9876;9622;5088;4949;7578;7579
9621;9874;9875;9723;7576;4950;5088;5308
9722;9873;9874;9621;5089;4951;7576;7577
9872;10051;9873;9722;4793;4792;5089;5090
9721;9871;10051;9872;5092;7531;4793;5091
9720;9870;9871;9721;5093;4952;5092;7575
9620;9869;9870;9720;7573;4953;5093;5313
9719;9868;9869;9620;5094;4954;7573;7574
12158;9867;9868;9719;5095;4955;5094;5186
9866;10045;9867;12158;4800;4799;5095;5096
9718;9865;10045;9866;5098;7493;4800;5097
9717;9864;9865;9718;5099;4956;5098;5187
9619;9863;9864;9717;7571;4957;5099;7572
9618;9862;9863;9619;7570;4958;7571;5389
9617;9861;9862;9618;7568;4959;7570;5390
9749;9903;9904;12155;5061;4927;5060;5171
9630;9902;9903;9749;7563;4928;5061;5287
9748;9901;9902;9630;5062;4929;7563;7564
9747;9900;9901;9748;5063;4930;5062;5172
9899;10085;9900;9747;4757;4756;5063;5064
;;;;;;;
;;;;;;;
;;;;;;;
9746;9898;10085;9899;5066;7497;4757;5065
9745;9897;9898;9746;5067;4931;5066;7562
9629;9896;9897;9745;7560;4932;5067;5291
9744;9895;9896;9629;5068;4933;7560;7561
9743;9894;9895;9744;5069;4934;5068;5173
9893;10079;9894;9743;4763;7496;5069;5070
9742;9892;10079;9893;5072;4764;4763;7559
9741;9891;9892;9742;5073;4935;5072;5174
9740;9890;9891;9741;5074;4936;5073;5175
9739;10075;9890;9740;7558;7495;5074;5176
9887;9889;10075;9739;4940;7494;7558;5177
9655;9785;9954;9784;5238;5020;5022;5237
9656;9786;9785;9655;5236;5163;5238;5376
12149;9730;9786;9656;7556;7517;5236;7557
9625;9731;9730;12149;5298;5183;7556;7554
9479;9574;9625;12281;5671;7513;5487;5670
9372;9575;9574;9479;7552;5584;5671;7553
9373;9576;9575;9372;7551;5583;7552;5907
9374;9577;9576;9373;7550;5582;7551;5906
9375;9578;9577;9374;7548;5581;7550;5905
;;;;;;;
;;;;;;;
;;;;;;;
9281;9480;9578;9375;7546;7508;7548;7549
9282;9481;9480;9281;7544;5765;7546;7547
12148;12147;9481;9282;7542;7505;7544;7545
9283;9482;12147;12148;7540;7503;7542;7543
9376;9580;9482;9283;7538;7501;7540;7541
9581;9738;9580;9376;7514;7500;7538;7539
9945;10129;10130;9946;4710;4558;4709;4889
9944;10128;10129;9945;4711;4559;4710;4890
9943;10127;10128;9944;4712;4560;4711;4891
9942;10126;10127;9943;4713;4561;4712;4892
9941;10125;10126;9942;4714;4562;4713;4893
9940;10124;10125;9941;4715;4563;4714;4894
9939;10123;10124;9940;4716;4564;4715;4895
9938;10122;10123;9939;4717;4565;4716;4896
9937;10121;10122;9938;4718;4566;4717;4897
9936;10120;10121;9937;4719;4567;4718;4898
9935;10119;10120;9936;4720;4568;4719;4899
9934;10118;10119;9935;4721;4569;4720;4900
9933;10117;10118;9934;4722;4570;4721;4901
9932;10116;10117;9933;4723;4571;4722;4902
;;;;;;;
;;;;;;;
;;;;;;;
9931;10115;10116;9932;4724;4572;4723;4903
9930;10114;10115;9931;4725;4573;4724;4904
9929;10113;10114;9930;4726;4574;4725;4905
9928;10112;10113;9929;4727;4575;4726;4906
9927;10111;10112;9928;4728;4576;4727;4907
9926;10110;10111;9927;4729;4577;4728;4908
9925;10109;10110;9926;4730;4578;4729;4909
9924;10108;10109;9925;4731;4579;4730;4910
9923;10107;10108;9924;4732;4580;4731;4911
9922;10106;10107;9923;4733;4581;4732;4912
9921;10105;10106;9922;4734;4582;4733;4913
9920;10104;10105;9921;4735;4583;4734;4914
9919;10103;10104;9920;4736;4584;4735;4915
9918;10102;10103;9919;4737;4585;4736;4916
9917;10101;10102;9918;4738;4586;4737;4917
9757;9916;10101;9917;5050;7458;4738;7537
9915;10163;9916;9757;7456;7457;5050;5051
9914;10100;10163;9915;4739;4420;7456;4918
9913;10099;10100;9914;4740;4587;4739;4919
9912;10098;10099;9913;4741;4588;4740;4920
;;;;;;;
;;;;;;;
;;;;;;;
9911;10097;10098;9912;4742;4589;4741;4921
9910;10096;10097;9911;4743;4590;4742;4922
9909;10095;10096;9910;4744;4591;4743;4923
9908;10094;10095;9909;4745;4592;4744;4924
9907;10093;10094;9908;4746;4593;4745;4925
9906;10092;10093;9907;4747;4594;4746;4926
10091;10162;10092;9906;4428;7452;4747;4748
9905;10090;10162;10091;4750;4429;4428;4749
9859;10034;10035;9860;4807;4637;7532;7536
9858;10033;10034;9859;4808;4638;4807;4960
9857;10032;10033;9858;4809;4639;4808;4961
9856;10031;10032;9857;4810;4640;4809;4962
9855;10030;10031;9856;4811;4641;4810;4963
9854;10029;10030;9855;4812;4642;4811;4964
9853;10028;10029;9854;4813;4643;4812;4965
9852;10027;10028;9853;4814;4644;4813;4966
9851;10026;10027;9852;4815;4645;4814;4967
9850;10025;10026;9851;4816;4646;4815;4968
10024;10146;10025;9850;4494;7428;4816;4817
9848;10023;10146;10024;4819;4495;4494;7535
;;;;;;;
;;;;;;;
;;;;;;;
9847;10022;10023;9848;4820;4647;4819;4969
9846;10021;10022;9847;4821;4648;4820;4970
9845;10020;10021;9846;4822;4649;4821;4971
9844;10019;10020;9845;4823;4650;4822;4972
9843;10018;10019;9844;4824;4651;4823;4973
9842;10017;10018;9843;4825;4652;4824;4974
9841;10016;10017;9842;4826;4653;4825;4975
9840;10015;10016;9841;4827;4654;4826;4976
9839;10014;10015;9840;4828;4655;4827;4977
9838;10013;10014;9839;4829;4656;4828;4978
10012;10145;10013;9838;4504;7424;4829;4830
9836;10011;10145;10012;4832;4505;4504;7534
9835;10010;10011;9836;4833;4657;4832;4979
9834;10009;10010;9835;4834;4658;4833;4980
9833;10008;10009;9834;4835;4659;4834;4981
9832;10007;10008;9833;4836;4660;4835;4982
9831;10006;10007;9832;4837;4661;4836;4983
9830;10005;10006;9831;4838;4662;4837;4984
9829;10004;10005;9830;4839;4663;4838;4985
9828;10003;10004;9829;4840;4664;4839;4986
;;;;;;;
;;;;;;;
;;;;;;;
9827;10002;10003;9828;4841;4665;4840;4987
9826;10001;10002;9827;4842;4666;4841;4988
10000;10144;10001;9826;4514;7420;4842;4843
9824;9999;10144;10000;4845;4515;4514;7533
9823;9998;9999;9824;4846;4667;4845;4989
9822;9997;9998;9823;4847;4668;4846;4990
9821;9996;9997;9822;4848;4669;4847;4991
9820;9995;9996;9821;4849;4670;4848;4992
9819;9994;9995;9820;4850;4671;4849;4993
9818;9993;9994;9819;4851;4672;4850;4994
9817;9992;9993;9818;4852;4673;4851;4995
9816;9991;9992;9817;4853;4674;4852;4996
9815;9990;9991;9816;4854;4675;4853;4997
9814;9989;9990;9815;4855;4676;4854;4998
9988;10143;9989;9814;4524;7416;4855;4856
9811;9986;9987;9812;4859;4677;4858;4999
9810;9985;9986;9811;4860;4678;4859;5000
9809;9984;9985;9810;4861;4679;4860;5001
9808;9983;9984;9809;4862;4680;4861;5002
9982;10142;9983;9808;4530;7414;4862;4863
;;;;;;;
;;;;;;;
;;;;;;;
10035;10147;10036;9860;4485;4484;7492;7532
10051;10149;10052;9873;4469;7438;4791;4792
9871;10050;10149;10051;4794;4470;4469;7531
9873;10052;10053;9874;4791;4625;4790;4951
9874;10053;10054;9875;4790;4624;4789;4950
9875;10054;10055;9876;4789;4623;4788;4949
9876;10055;10056;9877;4788;4622;4787;4948
9877;10056;10150;10057;4787;4464;4463;7530
10057;10150;10058;9878;4463;7440;4785;4786
9878;10058;10059;9879;4785;4621;4784;4947
9879;10059;10060;9880;4784;4620;4783;4946
9880;10060;10061;9881;4783;4619;4782;4945
9881;10061;10062;9882;4782;4618;4781;4944
9882;10062;10151;10063;4781;4458;4457;7529
10063;10151;10064;9884;4457;7442;4778;4779
9884;10064;10065;9885;4778;4617;4777;4943
9885;10065;10066;9886;4777;4616;4776;4942
9886;10066;10067;9887;4776;4615;4775;4941
9887;10067;10073;9889;4775;4614;4769;4940
9806;9980;9981;9807;4865;4681;4864;5003
;;;;;;;
;;;;;;;
;;;;;;;
9805;9979;9980;9806;4866;4682;4865;5004
9804;9978;9979;9805;4867;4683;4866;5005
9803;9977;9978;9804;4868;4684;4867;5006
9976;10141;9977;9803;4536;7412;4868;4869
9801;9975;10141;9976;4871;4537;4536;7528
9800;9974;9975;9801;4872;4685;4871;5007
9799;9973;9974;9800;4873;4686;4872;5008
9798;9972;9973;9799;4874;4687;4873;5009
9797;9971;9972;9798;4875;4688;4874;5010
9796;9970;9971;9797;4876;4689;4875;5011
9795;9969;9970;9796;4877;4690;4876;5012
9794;9968;9969;9795;4878;4691;4877;5013
9793;9967;9968;9794;4879;4692;4878;5014
9792;9966;9967;9793;4880;4693;4879;5015
9791;9965;9966;9792;4881;4694;4880;5016
9964;10140;9965;9791;4546;7408;4881;4882
9790;9963;10140;9964;4883;4547;4546;7527
9789;9962;9963;9790;4884;7407;4883;5017
9788;9961;9962;9789;4885;4695;4884;5018
9658;9960;9961;9788;7525;4696;4885;7526
;;;;;;;
;;;;;;;
;;;;;;;
9657;9959;9960;9658;7523;4697;7525;5235
9787;9958;9959;9657;4886;4698;7523;7524
9947;12003;9958;9787;7403;7404;4886;5032
9948;10134;9947;9777;4708;7491;5031;7522
9779;10135;10134;9948;7520;4554;4708;5029
9949;10136;10135;9779;4707;4553;7520;7521
9951;10167;10137;9950;7519;4387;4706;4888
9782;9952;10167;9951;5025;7489;7519;5024
9953;10168;9952;9782;7487;7488;5025;7518
10138;10169;10168;9953;4385;4310;7487;4705
9954;10139;10169;10138;4704;4384;4385;4703
9785;9955;10139;9954;5021;4701;4704;5020
9786;9956;9955;9785;5019;4887;5021;5163
9730;10068;9956;9786;7516;7484;5019;7517
9731;10069;10068;9730;7483;4613;7516;5183
9776;9888;9738;9581;5075;7468;7514;7515
9574;9732;9731;9625;7512;5182;5298;7513
9575;9733;9732;9574;7511;5181;7512;5584
9576;9734;9733;9575;7510;5180;7511;5583
9577;9735;9734;9576;7509;5179;7510;5582
;;;;;;;
;;;;;;;
;;;;;;;
9578;9736;9735;9577;7507;5178;7509;5581
9480;9626;9736;9578;7506;7477;7507;7508
9481;9627;9626;9480;7504;5386;7506;5765
12147;9628;9627;9481;7502;5385;7504;7505
9482;9579;9628;12147;5669;7474;7502;7503
9580;9737;9579;9482;7499;7472;5669;7501
9738;12140;9737;9580;5076;7470;7499;7500
10132;10133;9888;9776;4556;7466;5075;7498
9903;10089;10090;9904;4752;4595;4751;4927
9902;10088;10089;9903;4753;4596;4752;4928
9901;10087;10088;9902;4754;4597;4753;4929
9900;10086;10087;9901;4755;4598;4754;4930
10085;10161;10086;9900;4434;7450;4755;4756
9898;10084;10161;10085;4758;4435;4434;7497
9897;10083;10084;9898;4759;4599;4758;4931
9896;10082;10083;9897;4760;4600;4759;4932
9895;10081;10082;9896;4761;7448;4760;4933
9894;10080;10081;9895;4762;4601;4761;4934
10079;10160;10080;9894;4441;4440;4762;7496
9892;10078;10160;10079;4765;7447;4441;4764
;;;;;;;
;;;;;;;
;;;;;;;
9891;10077;10078;9892;4766;4602;4765;4935
9890;10076;10077;9891;4767;4603;4766;4936
10075;10159;10076;9890;4444;7445;4767;7495
9889;10074;10159;10075;4768;4445;4444;7494
10073;10158;10074;9889;4447;7444;4768;4769
9870;10049;10050;9871;4795;4626;4794;4952
9869;10048;10049;9870;4796;4627;4795;4953
9868;10047;10048;9869;4797;4628;4796;4954
9867;10046;10047;9868;4798;4629;4797;4955
10045;10148;10046;9867;4475;7436;4798;4799
9865;10044;10148;10045;4801;4476;4475;7493
9864;10043;10044;9865;4802;4630;4801;4956
9863;10042;10043;9864;4803;4631;4802;4957
9862;10041;10042;9863;4804;4632;4803;4958
9861;10040;10041;9862;4805;4633;4804;4959
10036;10037;10038;9860;4636;7433;4806;7492
10134;12002;12003;9947;4391;4313;7403;7491
10135;12001;12002;10134;4390;4312;4391;4554
10136;12000;12001;10135;4388;4311;4390;4553
10166;11937;12000;10136;4134;4135;4388;4389
;;;;;;;
;;;;;;;
;;;;;;;
10137;11999;11937;10166;4386;7396;4134;7490
10167;11936;11999;10137;4132;4133;4386;4387
9952;11998;11936;10167;7486;7398;4132;7489
10168;11935;11998;9952;4130;4131;7486;7488
10169;11934;11935;10168;4129;4123;4130;4310
10139;11933;11934;10169;7485;4122;4129;4384
9955;12129;11933;10139;4702;7399;7485;4701
9956;12128;12129;9955;4700;4552;4702;4887
10068;11932;12128;9956;7384;7387;4700;7484
10069;12050;11932;10068;4452;7386;7384;4613
9731;12139;12050;10069;7482;4451;4452;7483
9732;12138;12139;9731;7481;4612;7482;5182
9733;12137;12138;9732;7480;4611;7481;5181
9734;12136;12137;9733;7479;4610;7480;5180
9735;12135;12136;9734;7478;4609;7479;5179
9736;12145;12135;9735;5078;7379;7478;5178
9626;12144;12145;9736;7476;4939;5078;7477
9627;12143;12144;9626;7475;4938;7476;5386
9628;12142;12143;9627;7473;4937;7475;5385
9579;12146;12142;9628;7471;7375;7473;7474
;;;;;;;
;;;;;;;
;;;;;;;
9737;12141;12146;9579;5077;7374;7471;7472
12140;12134;12141;9737;4771;7372;5077;7470
10132;12006;11931;10133;4393;7469;7400;4556
9888;12131;12132;9738;4770;4604;7467;7468
12132;12133;12140;9738;4606;4772;5076;7467
10133;12130;12131;9888;4555;4605;4770;7466
10131;12007;12006;10132;4394;4316;4393;4557
10164;11938;12007;10131;4139;7367;4394;4395
10130;12008;11938;10164;4397;4140;4139;4396
10129;12009;12008;10130;4398;4317;4397;4558
10128;12010;12009;10129;4399;4318;4398;4559
10127;11939;12010;10128;7465;7365;4399;4560
10126;12011;11939;10127;4400;4143;7465;4561
10125;12012;12011;10126;4401;4319;4400;4562
10124;12013;12012;10125;4402;4320;4401;4563
10123;11940;12013;10124;7464;7363;4402;4564
10122;12014;11940;10123;4403;4146;7464;4565
10121;12015;12014;10122;4404;4321;4403;4566
10120;12016;12015;10121;4405;4322;4404;4567
10119;11941;12016;10120;7463;7361;4405;4568
;;;;;;;
;;;;;;;
;;;;;;;
10118;12017;11941;10119;4406;4149;7463;4569
10117;12018;12017;10118;4407;4323;4406;4570
10116;12019;12018;10117;4408;4324;4407;4571
10115;11942;12019;10116;7462;7359;4408;4572
10114;12020;11942;10115;4409;4152;7462;4573
10113;12021;12020;10114;4410;4325;4409;4574
10112;12022;12021;10113;4411;4326;4410;4575
10111;11943;12022;10112;7461;7357;4411;4576
10110;12023;11943;10111;4412;4155;7461;4577
10109;12024;12023;10110;4413;4327;4412;4578
10108;12025;12024;10109;4414;4328;4413;4579
10107;11944;12025;10108;7460;7355;4414;4580
10106;12026;11944;10107;4415;4158;7460;4581
10105;12027;12026;10106;4416;4329;4415;4582
10104;12028;12027;10105;4417;4330;4416;4583
10103;11945;12028;10104;7459;7353;4417;4584
10102;12029;11945;10103;4418;4161;7459;4585
10101;12030;12029;10102;4419;4331;4418;4586
9916;12031;12030;10101;7455;4332;4419;7458
10163;11946;12031;9916;4164;7351;7455;7457
;;;;;;;
;;;;;;;
;;;;;;;
10100;12032;11946;10163;4421;4165;4164;4420
10099;11947;12032;10100;7454;7350;4421;4587
10098;12033;11947;10099;4422;4167;7454;4588
10097;12034;12033;10098;4423;4333;4422;4589
10096;12035;12034;10097;4424;4334;4423;4590
10095;11948;12035;10096;7453;7348;4424;4591
10094;12036;11948;10095;4425;4170;7453;4592
10093;12037;12036;10094;4426;4335;4425;4593
10092;12038;12037;10093;4427;4336;4426;4594
10162;11949;12038;10092;4173;7346;4427;7452
10090;12039;11949;10162;4430;4174;4173;4429
10089;11950;12039;10090;7451;7345;4430;4595
10088;12040;11950;10089;4431;4176;7451;4596
10087;12041;12040;10088;4432;4337;4431;4597
10086;12042;12041;10087;4433;4338;4432;4598
10161;11951;12042;10086;4179;7343;4433;7450
10084;12043;11951;10161;4436;4180;4179;4435
10083;11952;12043;10084;7449;7342;4436;4599
10082;12044;11952;10083;4437;4182;7449;4600
10081;12045;12044;10082;4438;4339;4437;7448
;;;;;;;
;;;;;;;
;;;;;;;
10080;12046;12045;10081;4439;4340;4438;4601
10160;11953;12046;10080;4185;7340;4439;4440
10078;12047;11953;10160;4442;4186;4185;7447
10077;11954;12047;10078;7446;7339;4442;4602
10076;12048;11954;10077;4443;7338;7446;4603
10159;11955;12048;10076;4190;4189;4443;7445
10074;12049;11955;10159;4446;7337;4190;4445
10158;11956;12049;10074;4193;4192;4446;7444
10158;12051;11957;11956;4344;4200;7336;4193
10073;12052;12051;10158;4453;4345;4344;4447
10067;11958;12052;10073;7443;7334;4453;4614
10066;12053;11958;10067;4454;4202;7443;4615
10065;12054;12053;10066;4455;4346;4454;4616
10064;12055;12054;10065;4456;4347;4455;4617
10151;11959;12055;10064;4205;7332;4456;7442
10062;12056;11959;10151;4459;4206;4205;4458
10061;11960;12056;10062;7441;7331;4459;4618
10060;12057;11960;10061;4460;4208;7441;4619
10059;12058;12057;10060;4461;4348;4460;4620
10058;12059;12058;10059;4462;4349;4461;4621
;;;;;;;
;;;;;;;
;;;;;;;
10150;11961;12059;10058;4211;7329;4462;7440
10056;12060;11961;10150;4465;4212;4211;4464
10055;11962;12060;10056;7439;7328;4465;4622
10054;12061;11962;10055;4466;4214;7439;4623
10053;12062;12061;10054;4467;4350;4466;4624
10052;12063;12062;10053;4468;4351;4467;4625
10149;11963;12063;10052;4217;7326;4468;7438
10050;12064;11963;10149;4471;4218;4217;4470
10049;11964;12064;10050;7437;7325;4471;4626
10048;12065;11964;10049;4472;4220;7437;4627
10047;12066;12065;10048;4473;4352;4472;4628
10046;12067;12066;10047;4474;4353;4473;4629
10148;11965;12067;10046;4223;7323;4474;7436
10044;12068;11965;10148;4477;4224;4223;4476
10043;11966;12068;10044;7435;7322;4477;4630
10042;12069;11966;10043;4478;4226;7435;4631
10041;12070;12069;10042;4479;4354;4478;4632
10040;12071;12070;10041;4480;4355;4479;4633
10039;11967;12071;10040;7434;7320;4480;4634
10038;12072;11967;10039;4481;4229;7434;4635
;;;;;;;
;;;;;;;
;;;;;;;
10037;11968;12072;10038;7432;7319;4481;7433
10037;12074;12073;11968;4482;4357;4231;7432
10036;12075;12074;10037;4483;4358;4482;4636
10147;11969;12075;10036;4234;7317;4483;4484
10035;12076;11969;10147;4486;4235;4234;4485
10034;11970;12076;10035;7431;7316;4486;4637
10033;12077;11970;10034;4487;4237;7431;4638
10032;12078;12077;10033;4488;4359;4487;4639
10031;12079;12078;10032;4489;4360;4488;4640
10030;11971;12079;10031;7430;7314;4489;4641
10029;12080;11971;10030;4490;4240;7430;4642
10028;11972;12080;10029;7429;7313;4490;4643
10027;12081;11972;10028;4491;4242;7429;4644
10026;12082;12081;10027;4492;4361;4491;4645
10025;12083;12082;10026;4493;4362;4492;4646
10146;11973;12083;10025;4245;7311;4493;7428
10023;12084;11973;10146;4496;4246;4245;4495
10022;11974;12084;10023;7427;7310;4496;4647
10021;12085;11974;10022;4497;4248;7427;4648
10020;12086;12085;10021;4498;4363;4497;4649
;;;;;;;
;;;;;;;
;;;;;;;
10019;12087;12086;10020;4499;4364;4498;4650
10018;11975;12087;10019;7426;7308;4499;4651
10017;12088;11975;10018;4500;4251;7426;4652
10016;11976;12088;10017;7425;7307;4500;4653
10015;12089;11976;10016;4501;4253;7425;4654
10014;12090;12089;10015;4502;4365;4501;4655
10013;12091;12090;10014;4503;4366;4502;4656
10145;11977;12091;10013;4256;7305;4503;7424
10011;12092;11977;10145;4506;4257;4256;4505
10010;11978;12092;10011;7423;7304;4506;4657
10009;12093;11978;10010;4507;4259;7423;4658
10008;12094;12093;10009;4508;4367;4507;4659
10007;12095;12094;10008;4509;4368;4508;4660
10006;11979;12095;10007;7422;7302;4509;4661
10005;12096;11979;10006;4510;4262;7422;4662
10004;11980;12096;10005;7421;7301;4510;4663
10003;12097;11980;10004;4511;4264;7421;4664
10002;12098;12097;10003;4512;4369;4511;4665
10001;12099;12098;10002;4513;4370;4512;4666
10144;11981;12099;10001;4267;7299;4513;7420
;;;;;;;
;;;;;;;
;;;;;;;
9999;12100;11981;10144;4516;4268;4267;4515
9998;11982;12100;9999;7419;7298;4516;4667
9997;12101;11982;9998;4517;4270;7419;4668
9996;12102;12101;9997;4518;4371;4517;4669
9995;12103;12102;9996;4519;4372;4518;4670
9994;11983;12103;9995;7418;7296;4519;4671
9993;12104;11983;9994;4520;4273;7418;4672
9992;11984;12104;9993;7417;7295;4520;4673
9991;12105;11984;9992;4521;4275;7417;4674
9990;12106;12105;9991;4522;4373;4521;4675
9989;12107;12106;9990;4523;4374;4522;4676
10143;11985;12107;9989;4278;7293;4523;7416
9987;12108;11985;10143;4526;4279;4278;4525
9986;11986;12108;9987;7415;7292;4526;4677
9985;12109;11986;9986;4527;4281;7415;4678
9984;12110;12109;9985;4528;4375;4527;4679
9983;12111;12110;9984;4529;4376;4528;4680
10142;11987;12111;9983;4284;7290;4529;7414
9981;12112;11987;10142;4532;4285;4284;4531
9980;11988;12112;9981;7413;7289;4532;4681
;;;;;;;
;;;;;;;
;;;;;;;
9979;12113;11988;9980;4533;4287;7413;4682
9978;12114;12113;9979;4534;4377;4533;4683
9977;12115;12114;9978;4535;4378;4534;4684
10141;11989;12115;9977;4290;7287;4535;7412
9975;12116;11989;10141;4538;4291;4290;4537
9974;11990;12116;9975;7411;7286;4538;4685
9973;12117;11990;9974;4539;4293;7411;4686
9972;12118;12117;9973;4540;4379;4539;4687
9971;12119;12118;9972;4541;4380;4540;4688
9970;11991;12119;9971;7410;7284;4541;4689
9969;12120;11991;9970;4542;4296;7410;4690
9968;11992;12120;9969;7409;7283;4542;4691
9967;12121;11992;9968;4543;4298;7409;4692
9966;12122;12121;9967;4544;4381;4543;4693
9965;12123;12122;9966;4545;4382;4544;4694
10140;11993;12123;9965;4301;7281;4545;7408
9963;12124;11993;10140;4548;4302;4301;4547
9962;11994;12124;9963;7406;7280;4548;7407
9961;12125;11994;9962;4549;7279;7406;4695
9960;11995;12125;9961;7405;4305;4549;4696
;;;;;;;
;;;;;;;
;;;;;;;
9959;12126;11995;9960;4550;7278;7405;4697
9958;11996;12126;9959;7402;4307;4550;4698
12003;12004;9957;9958;4314;7401;4699;7404
9957;12127;11996;9958;4551;7277;7402;4699
11931;10165;12130;10133;7369;4392;4555;7400
12129;10276;10401;11933;7388;3957;3959;7399
11933;10401;10400;11934;3959;3930;3960;4122
11934;10400;10399;11935;3960;3931;3961;4123
11935;10399;10398;11998;3961;3932;7397;4131
11998;10398;10397;11936;7397;3933;3962;7398
11936;10397;10396;11999;3962;3934;7395;4133
11999;10396;10395;11937;7395;3935;3963;7396
11937;10395;10394;12000;3963;3936;7394;4135
12000;10394;10393;12001;7394;3937;7393;4311
12001;10393;10392;12002;7393;3938;7392;4312
12002;10392;10391;12003;7392;3939;7391;4313
12003;10391;10390;12004;7391;3940;7389;4314
12004;10390;10389;10275;7389;3941;3964;7390
10275;10389;10388;12005;3964;3942;7275;4136
12128;10170;10276;12129;4383;7129;7388;4552
;;;;;;;
;;;;;;;
;;;;;;;
11932;11925;10170;12128;7385;7253;4383;7387
12050;11926;11925;11932;7254;7256;7385;7386
12139;11927;11926;12050;7383;7258;7254;4451
12138;11928;11927;12139;7382;7260;7383;4612
12137;11929;11928;12138;7381;7262;7382;4611
12136;11930;11929;12137;7380;7264;7381;4610
12135;10152;11930;12136;4450;7266;7380;4609
12145;10153;10152;12135;7378;4343;4450;7379
12144;10154;10153;12145;7377;4342;7378;4939
12143;10155;10154;12144;7376;4341;7377;4938
12142;10070;10155;12143;4774;7270;7376;4937
12146;10071;10070;12142;7373;4608;4774;7375
12141;10072;10071;12146;4773;4607;7373;7374
12134;10235;10072;12141;7274;7273;4773;7372
12132;10156;10237;12133;4449;4197;7371;4606
12131;10157;10156;12132;4448;7126;4449;4604
12130;10240;10157;12131;7370;4196;4448;4605
10165;10274;10240;12130;4137;4124;7370;4392
12007;10272;10383;12006;4138;3968;7368;4316
11938;10382;10272;12007;3969;7123;4138;7367
;;;;;;;
;;;;;;;
;;;;;;;
12008;10271;10382;11938;4141;3970;3969;4140
12009;10381;10271;12008;7366;7121;4141;4317
12010;10270;10381;12009;4142;3971;7366;4318
11939;10380;10270;12010;3972;7119;4142;7365
12011;10269;10380;11939;4144;3973;3972;4143
12012;10379;10269;12011;7364;7117;4144;4319
12013;10268;10379;12012;4145;3974;7364;4320
11940;10378;10268;12013;3975;7115;4145;7363
12014;10267;10378;11940;4147;3976;3975;4146
12015;10377;10267;12014;7362;7113;4147;4321
12016;10266;10377;12015;4148;3977;7362;4322
11941;10376;10266;12016;3978;7111;4148;7361
12017;10265;10376;11941;4150;3979;3978;4149
12018;10375;10265;12017;7360;7109;4150;4323
12019;10264;10375;12018;4151;3980;7360;4324
11942;10374;10264;12019;3981;7107;4151;7359
12020;10263;10374;11942;4153;3982;3981;4152
12021;10373;10263;12020;7358;7105;4153;4325
12022;10262;10373;12021;4154;3983;7358;4326
11943;10372;10262;12022;3984;7103;4154;7357
;;;;;;;
;;;;;;;
;;;;;;;
12023;10261;10372;11943;4156;3985;3984;4155
12024;10371;10261;12023;7356;7101;4156;4327
12025;10260;10371;12024;4157;3986;7356;4328
11944;10370;10260;12025;3987;7099;4157;7355
12026;10259;10370;11944;4159;3988;3987;4158
12027;10369;10259;12026;7354;7097;4159;4329
12028;10258;10369;12027;4160;3989;7354;4330
11945;10368;10258;12028;3990;7095;4160;7353
12029;10257;10368;11945;4162;3991;3990;4161
12030;10367;10257;12029;7352;7093;4162;4331
12031;10256;10367;12030;4163;3992;7352;4332
11946;10366;10256;12031;3993;7091;4163;7351
12032;10255;10366;11946;4166;3994;3993;4165
11947;10365;10255;12032;3995;7089;4166;7350
12033;10254;10365;11947;4168;3996;3995;4167
12034;10364;10254;12033;7349;7087;4168;4333
12035;10253;10364;12034;4169;3997;7349;4334
11948;10363;10253;12035;3998;7085;4169;7348
12036;10252;10363;11948;4171;3999;3998;4170
12037;10362;10252;12036;7347;7083;4171;4335
;;;;;;;
;;;;;;;
;;;;;;;
12038;10251;10362;12037;4172;4000;7347;4336
11949;10361;10251;12038;4001;7081;4172;7346
12039;10250;10361;11949;4175;4002;4001;4174
11950;10360;10250;12039;4003;7079;4175;7345
12040;10249;10360;11950;4177;4004;4003;4176
12041;10359;10249;12040;7344;7077;4177;4337
12042;10248;10359;12041;4178;4005;7344;4338
11951;10358;10248;12042;4006;7075;4178;7343
12043;10247;10358;11951;4181;4007;4006;4180
11952;10357;10247;12043;4008;7073;4181;7342
12044;10246;10357;11952;4183;4009;4008;4182
12045;10356;10246;12044;7341;7071;4183;4339
12046;10245;10356;12045;4184;4010;7341;4340
11953;10355;10245;12046;4011;7069;4184;7340
12047;10244;10355;11953;4187;4012;4011;4186
11954;10354;10244;12047;4013;7067;4187;7339
12048;10243;10354;11954;4188;4014;4013;7338
11955;10353;10243;12048;4015;7065;4188;4189
12049;10242;10353;11955;4191;4016;4015;7337
11956;10352;10242;12049;4017;7063;4191;4192
;;;;;;;
;;;;;;;
;;;;;;;
11957;10241;10352;11956;4194;4018;4017;7336
11957;10337;10351;10241;4022;3956;7061;4194
12051;10336;10337;11957;7335;7251;4022;4200
12052;10230;10336;12051;4201;4023;7335;4345
11958;10335;10230;12052;4024;7250;4201;7334
12053;10229;10335;11958;4203;4025;4024;4202
12054;10334;10229;12053;7333;7248;4203;4346
12055;10228;10334;12054;4204;4026;7333;4347
11959;10333;10228;12055;4027;7246;4204;7332
12056;10227;10333;11959;4207;4028;4027;4206
11960;10332;10227;12056;4029;7244;4207;7331
12057;10226;10332;11960;4209;4030;4029;4208
12058;10331;10226;12057;7330;7242;4209;4348
12059;10225;10331;12058;4210;4031;7330;4349
11961;10330;10225;12059;4032;7240;4210;7329
12060;10224;10330;11961;4213;4033;4032;4212
11962;10329;10224;12060;4034;7238;4213;7328
12061;10223;10329;11962;4215;4035;4034;4214
12062;10328;10223;12061;7327;7236;4215;4350
12063;10222;10328;12062;4216;4036;7327;4351
;;;;;;;
;;;;;;;
;;;;;;;
11963;10327;10222;12063;4037;7234;4216;7326
12064;10221;10327;11963;4219;4038;4037;4218
11964;10326;10221;12064;4039;7232;4219;7325
12065;10220;10326;11964;4221;4040;4039;4220
12066;10325;10220;12065;7324;7230;4221;4352
12067;10219;10325;12066;4222;4041;7324;4353
11965;10324;10219;12067;4042;7228;4222;7323
12068;10218;10324;11965;4225;4043;4042;4224
11966;10323;10218;12068;4044;7226;4225;7322
12069;10217;10323;11966;4227;4045;4044;4226
12070;10322;10217;12069;7321;7224;4227;4354
12071;10216;10322;12070;4228;4046;7321;4355
11967;10321;10216;12071;4047;7222;4228;7320
12072;10215;10321;11967;4230;4048;4047;4229
11968;10320;10215;12072;4049;7220;4230;7319
12073;10214;10320;11968;4232;4050;4049;4231
12073;10213;10319;10214;4356;7216;7218;4232
12074;10318;10213;12073;7318;7215;4356;4357
12075;10212;10318;12074;4233;4051;7318;4358
11969;10317;10212;12075;4052;7213;4233;7317
;;;;;;;
;;;;;;;
;;;;;;;
12076;10211;10317;11969;4236;4053;4052;4235
11970;10316;10211;12076;4054;7211;4236;7316
12077;10210;10316;11970;4238;4055;4054;4237
12078;10315;10210;12077;7315;7209;4238;4359
12079;10209;10315;12078;4239;4056;7315;4360
11971;10314;10209;12079;4057;7207;4239;7314
12080;10208;10314;11971;4241;4058;4057;4240
11972;10313;10208;12080;4059;7205;4241;7313
12081;10207;10313;11972;4243;4060;4059;4242
12082;10312;10207;12081;7312;7203;4243;4361
12083;10206;10312;12082;4244;4061;7312;4362
11973;10311;10206;12083;4062;7201;4244;7311
12084;10205;10311;11973;4247;4063;4062;4246
11974;10310;10205;12084;4064;7199;4247;7310
12085;10204;10310;11974;4249;4065;4064;4248
12086;10309;10204;12085;7309;7197;4249;4363
12087;10203;10309;12086;4250;4066;7309;4364
11975;10308;10203;12087;4067;7195;4250;7308
12088;10202;10308;11975;4252;4068;4067;4251
11976;10307;10202;12088;4069;7193;4252;7307
;;;;;;;
;;;;;;;
;;;;;;;
12089;10201;10307;11976;4254;4070;4069;4253
12090;10306;10201;12089;7306;7191;4254;4365
12091;10200;10306;12090;4255;4071;7306;4366
11977;10305;10200;12091;4072;7189;4255;7305
12092;10199;10305;11977;4258;4073;4072;4257
11978;10304;10199;12092;4074;7187;4258;7304
12093;10198;10304;11978;4260;4075;4074;4259
12094;10303;10198;12093;7303;7185;4260;4367
12095;10197;10303;12094;4261;4076;7303;4368
11979;10302;10197;12095;4077;7183;4261;7302
12096;10196;10302;11979;4263;4078;4077;4262
11980;10301;10196;12096;4079;7181;4263;7301
12097;10195;10301;11980;4265;4080;4079;4264
12098;10300;10195;12097;7300;7179;4265;4369
12099;10194;10300;12098;4266;4081;7300;4370
11981;10299;10194;12099;4082;7177;4266;7299
12100;10193;10299;11981;4269;4083;4082;4268
11982;10298;10193;12100;4084;7175;4269;7298
12101;10192;10298;11982;4271;4085;4084;4270
12102;10297;10192;12101;7297;7173;4271;4371
;;;;;;;
;;;;;;;
;;;;;;;
12103;10191;10297;12102;4272;4086;7297;4372
11983;10296;10191;12103;4087;7171;4272;7296
12104;10190;10296;11983;4274;4088;4087;4273
11984;10295;10190;12104;4089;7169;4274;7295
12105;10189;10295;11984;4276;4090;4089;4275
12106;10294;10189;12105;7294;7167;4276;4373
12107;10188;10294;12106;4277;4091;7294;4374
11985;10293;10188;12107;4092;7165;4277;7293
12108;10187;10293;11985;4280;4093;4092;4279
11986;10292;10187;12108;4094;7163;4280;7292
12109;10186;10292;11986;4282;4095;4094;4281
12110;10291;10186;12109;7291;7161;4282;4375
12111;10185;10291;12110;4283;4096;7291;4376
11987;10290;10185;12111;4097;7159;4283;7290
12112;10184;10290;11987;4286;4098;4097;4285
11988;10289;10184;12112;4099;7157;4286;7289
12113;10183;10289;11988;4288;4100;4099;4287
12114;10288;10183;12113;7288;7155;4288;4377
12115;10182;10288;12114;4289;4101;7288;4378
11989;10287;10182;12115;4102;7153;4289;7287
;;;;;;;
;;;;;;;
;;;;;;;
12116;10181;10287;11989;4292;4103;4102;4291
11990;10286;10181;12116;4104;7151;4292;7286
12117;10180;10286;11990;4294;4105;4104;4293
12118;10285;10180;12117;7285;7149;4294;4379
12119;10179;10285;12118;4295;4106;7285;4380
11991;10284;10179;12119;4107;7147;4295;7284
12120;10178;10284;11991;4297;4108;4107;4296
11992;10283;10178;12120;4109;7145;4297;7283
12121;10177;10283;11992;4299;4110;4109;4298
12122;10282;10177;12121;7282;7143;4299;4381
12123;10176;10282;12122;4300;4111;7282;4382
11993;10281;10176;12123;4112;7141;4300;7281
12124;10175;10281;11993;4303;4113;4112;4302
11994;10280;10175;12124;4114;7139;4303;7280
12125;10174;10280;11994;4304;4115;4114;7279
11995;10279;10174;12125;4116;7137;4304;4305
12126;10173;10279;11995;4306;4117;4116;7278
11996;10278;10173;12126;4118;7135;4306;4307
12127;10172;10278;11996;4308;4119;4118;7277
11997;10277;10172;12127;4120;7133;4308;4309
;;;;;;;
;;;;;;;
;;;;;;;
12005;10171;10277;11997;4315;4121;4120;7276
10388;10387;10171;12005;3943;7131;4315;7275
10156;10238;11924;10237;4198;7043;7045;4197
10235;10349;10234;10072;4021;7048;7272;7273
10072;10234;10233;10071;7272;4126;7271;4607
10071;10233;10232;10070;7271;4127;7269;4608
10070;10232;10231;10155;7269;4128;4199;7270
10155;10231;10348;10154;4199;7052;7268;4341
10154;10348;10347;10153;7268;3946;7267;4342
10153;10347;10346;10152;7267;3947;7265;4343
10152;10346;10345;11930;7265;3948;7263;7266
11930;10345;10344;11929;7263;3949;7261;7264
11929;10344;10343;11928;7261;3950;7259;7262
11928;10343;10342;11927;7259;3951;7257;7260
11927;10342;10341;11926;7257;3952;7255;7258
11926;10341;10340;11925;7255;3953;7252;7256
11925;10340;10339;10170;7252;3954;7128;7253
10337;10527;10528;10351;3866;3675;3865;3956
10336;10526;10527;10337;3867;3676;3866;7251
10230;10525;10526;10336;7249;3677;3867;4023
;;;;;;;
;;;;;;;
;;;;;;;
10335;10524;10525;10230;3868;3678;7249;7250
10229;10523;10524;10335;7247;3679;3868;4025
10334;10522;10523;10229;3869;3680;7247;7248
10228;10521;10522;10334;7245;3681;3869;4026
10333;10520;10521;10228;3870;3682;7245;7246
10227;10519;10520;10333;7243;3683;3870;4028
10332;10518;10519;10227;3871;3684;7243;7244
10226;10517;10518;10332;7241;3685;3871;4030
10331;10516;10517;10226;3872;3686;7241;7242
10225;10515;10516;10331;7239;3687;3872;4031
10330;10514;10515;10225;3873;3688;7239;7240
10224;10513;10514;10330;7237;3689;3873;4033
10329;10512;10513;10224;3874;3690;7237;7238
10223;10511;10512;10329;7235;3691;3874;4035
10328;10510;10511;10223;3875;3692;7235;7236
10222;10509;10510;10328;7233;3693;3875;4036
10327;10508;10509;10222;3876;3694;7233;7234
10221;10507;10508;10327;7231;3695;3876;4038
10326;10506;10507;10221;3877;3696;7231;7232
10220;10505;10506;10326;7229;3697;3877;4040
;;;;;;;
;;;;;;;
;;;;;;;
10325;10504;10505;10220;3878;3698;7229;7230
10219;10503;10504;10325;7227;3699;3878;4041
10324;10502;10503;10219;3879;3700;7227;7228
10218;10501;10502;10324;7225;3701;3879;4043
10323;10500;10501;10218;3880;3702;7225;7226
10217;10499;10500;10323;7223;3703;3880;4045
10322;10498;10499;10217;3881;3704;7223;7224
10216;10497;10498;10322;7221;3705;3881;4046
10321;10496;10497;10216;3882;3706;7221;7222
10215;10495;10496;10321;7219;3707;3882;4048
10320;10494;10495;10215;3883;3708;7219;7220
10214;10493;10494;10320;7217;3709;3883;4050
10319;10492;10493;10214;3884;3710;7217;7218
10319;10490;10491;10492;3885;7059;3711;3884
10213;10489;10490;10319;7214;3713;3885;7216
10318;10488;10489;10213;3886;3714;7214;7215
10212;10487;10488;10318;7212;3715;3886;4051
10317;10486;10487;10212;3887;3716;7212;7213
10211;10485;10486;10317;7210;3717;3887;4053
10316;10484;10485;10211;3888;3718;7210;7211
;;;;;;;
;;;;;;;
;;;;;;;
10210;10483;10484;10316;7208;3719;3888;4055
10315;10482;10483;10210;3889;3720;7208;7209
10209;10481;10482;10315;7206;3721;3889;4056
10314;10480;10481;10209;3890;3722;7206;7207
10208;10479;10480;10314;7204;3723;3890;4058
10313;10478;10479;10208;3891;3724;7204;7205
10207;10477;10478;10313;7202;3725;3891;4060
10312;10476;10477;10207;3892;3726;7202;7203
10206;10475;10476;10312;7200;3727;3892;4061
10311;10474;10475;10206;3893;3728;7200;7201
10205;10473;10474;10311;7198;3729;3893;4063
10310;10472;10473;10205;3894;3730;7198;7199
10204;10471;10472;10310;7196;3731;3894;4065
10309;10470;10471;10204;3895;3732;7196;7197
10203;10469;10470;10309;7194;3733;3895;4066
10308;10468;10469;10203;3896;3734;7194;7195
10202;10467;10468;10308;7192;3735;3896;4068
10307;10466;10467;10202;3897;3736;7192;7193
10201;10465;10466;10307;7190;3737;3897;4070
10306;10464;10465;10201;3898;3738;7190;7191
;;;;;;;
;;;;;;;
;;;;;;;
10200;10463;10464;10306;7188;3739;3898;4071
10305;10462;10463;10200;3899;3740;7188;7189
10199;10461;10462;10305;7186;3741;3899;4073
10304;10460;10461;10199;3900;3742;7186;7187
10198;10459;10460;10304;7184;3743;3900;4075
10303;10458;10459;10198;3901;3744;7184;7185
10197;10457;10458;10303;7182;3745;3901;4076
10302;10456;10457;10197;3902;3746;7182;7183
10196;10455;10456;10302;7180;3747;3902;4078
10301;10454;10455;10196;3903;3748;7180;7181
10195;10453;10454;10301;7178;3749;3903;4080
10300;10452;10453;10195;3904;3750;7178;7179
10194;10451;10452;10300;7176;3751;3904;4081
10299;10450;10451;10194;3905;3752;7176;7177
10193;10449;10450;10299;7174;3753;3905;4083
10298;10448;10449;10193;3906;3754;7174;7175
10192;10447;10448;10298;7172;3755;3906;4085
10297;10446;10447;10192;3907;3756;7172;7173
10191;10445;10446;10297;7170;3757;3907;4086
10296;10444;10445;10191;3908;3758;7170;7171
;;;;;;;
;;;;;;;
;;;;;;;
10190;10443;10444;10296;7168;3759;3908;4088
10295;10442;10443;10190;3909;3760;7168;7169
10189;10441;10442;10295;7166;3761;3909;4090
10294;10440;10441;10189;3910;3762;7166;7167
10188;10439;10440;10294;7164;3763;3910;4091
10293;10438;10439;10188;3911;3764;7164;7165
10187;10437;10438;10293;7162;3765;3911;4093
10292;10436;10437;10187;3912;3766;7162;7163
10186;10435;10436;10292;7160;3767;3912;4095
10291;10434;10435;10186;3913;3768;7160;7161
10185;10433;10434;10291;7158;3769;3913;4096
10290;10432;10433;10185;3914;3770;7158;7159
10184;10431;10432;10290;7156;3771;3914;4098
10289;10430;10431;10184;3915;3772;7156;7157
10183;10429;10430;10289;7154;3773;3915;4100
10288;10428;10429;10183;3916;3774;7154;7155
10182;10427;10428;10288;7152;3775;3916;4101
10287;10426;10427;10182;3917;3776;7152;7153
10181;10425;10426;10287;7150;3777;3917;4103
10286;10424;10425;10181;3918;3778;7150;7151
;;;;;;;
;;;;;;;
;;;;;;;
10180;10423;10424;10286;7148;3779;3918;4105
10285;10422;10423;10180;3919;3780;7148;7149
10179;10421;10422;10285;7146;3781;3919;4106
10284;10420;10421;10179;3920;3782;7146;7147
10178;10419;10420;10284;7144;3783;3920;4108
10283;10418;10419;10178;3921;3784;7144;7145
10177;10417;10418;10283;7142;3785;3921;4110
10282;10416;10417;10177;3922;3786;7142;7143
10176;10415;10416;10282;7140;3787;3922;4111
10281;10414;10415;10176;3923;3788;7140;7141
10175;10413;10414;10281;7138;3789;3923;4113
10280;10412;10413;10175;3924;3790;7138;7139
10174;10411;10412;10280;7136;3791;3924;4115
10279;10410;10411;10174;3925;3792;7136;7137
10173;10409;10410;10279;7134;3793;3925;4117
10278;10408;10409;10173;3926;3794;7134;7135
10172;10407;10408;10278;7132;3795;3926;4119
10277;10406;10407;10172;3927;3796;7132;7133
10171;10405;10406;10277;7130;3797;3927;4121
10387;10404;10405;10171;3928;3798;7130;7131
;;;;;;;
;;;;;;;
;;;;;;;
10387;10619;10618;10404;3815;3589;7058;3928
10388;10620;10619;10387;3814;3588;3815;3943
10389;10621;10620;10388;3813;3587;3814;3942
10390;10622;10621;10389;3812;3586;3813;3941
10391;10623;10622;10390;3811;3585;3812;3940
10392;10624;10623;10391;3810;3584;3811;3939
10393;10625;10624;10392;3809;3583;3810;3938
10394;10626;10625;10393;3808;3582;3809;3937
10395;10627;10626;10394;3807;3581;3808;3936
10396;10628;10627;10395;3806;3580;3807;3935
10397;10629;10628;10396;3805;3579;3806;3934
10398;10630;10629;10397;3804;3578;3805;3933
10399;10631;10630;10398;3803;3577;3804;3932
10400;10632;10631;10399;3802;3576;3803;3931
10401;10633;10632;10400;3801;3575;3802;3930
10276;10402;10633;10401;3958;3800;3801;3957
10170;10403;10402;10276;7127;3929;3958;7129
10339;10338;10403;10170;3955;7055;7127;7128
10157;10239;10238;10156;4195;4125;4198;7126
10240;10350;10239;10157;4019;7040;4195;4196
;;;;;;;
;;;;;;;
;;;;;;;
10274;10386;10350;10240;3965;3945;4019;4124
10385;10616;10386;10274;3818;3817;3965;3966
10384;10615;10616;10385;3819;3590;3818;3944
10273;10614;10615;10384;7124;3591;3819;3967
10383;10613;10614;10273;3820;3592;7124;7125
10272;10612;10613;10383;7122;3593;3820;3968
10382;10611;10612;10272;3821;3594;7122;7123
10271;10610;10611;10382;7120;3595;3821;3970
10381;10609;10610;10271;3822;3596;7120;7121
10270;10608;10609;10381;7118;3597;3822;3971
10380;10607;10608;10270;3823;3598;7118;7119
10269;10606;10607;10380;7116;3599;3823;3973
10379;10605;10606;10269;3824;3600;7116;7117
10268;10604;10605;10379;7114;3601;3824;3974
10378;10603;10604;10268;3825;3602;7114;7115
10267;10602;10603;10378;7112;3603;3825;3976
10377;10601;10602;10267;3826;3604;7112;7113
10266;10600;10601;10377;7110;3605;3826;3977
10376;10599;10600;10266;3827;3606;7110;7111
10265;10598;10599;10376;7108;3607;3827;3979
;;;;;;;
;;;;;;;
;;;;;;;
10375;10597;10598;10265;3828;3608;7108;7109
10264;10596;10597;10375;7106;3609;3828;3980
10374;10595;10596;10264;3829;3610;7106;7107
10263;10594;10595;10374;7104;3611;3829;3982
10373;10593;10594;10263;3830;3612;7104;7105
10262;10592;10593;10373;7102;3613;3830;3983
10372;10591;10592;10262;3831;3614;7102;7103
10261;10590;10591;10372;7100;3615;3831;3985
10371;10589;10590;10261;3832;3616;7100;7101
10260;10588;10589;10371;7098;3617;3832;3986
10370;10587;10588;10260;3833;3618;7098;7099
10259;10586;10587;10370;7096;3619;3833;3988
10369;10585;10586;10259;3834;3620;7096;7097
10258;10584;10585;10369;7094;3621;3834;3989
10368;10583;10584;10258;3835;3622;7094;7095
10257;10582;10583;10368;7092;3623;3835;3991
10367;10581;10582;10257;3836;3624;7092;7093
10256;10580;10581;10367;7090;3625;3836;3992
10366;10579;10580;10256;3837;3626;7090;7091
10255;10578;10579;10366;7088;3627;3837;3994
;;;;;;;
;;;;;;;
;;;;;;;
10365;10577;10578;10255;3838;3628;7088;7089
10254;10576;10577;10365;7086;3629;3838;3996
10364;10575;10576;10254;3839;3630;7086;7087
10253;10574;10575;10364;7084;3631;3839;3997
10363;10573;10574;10253;3840;3632;7084;7085
10252;10572;10573;10363;7082;3633;3840;3999
10362;10571;10572;10252;3841;3634;7082;7083
10251;10570;10571;10362;7080;3635;3841;4000
10361;10569;10570;10251;3842;3636;7080;7081
10250;10568;10569;10361;7078;3637;3842;4002
10360;10567;10568;10250;3843;3638;7078;7079
10249;10566;10567;10360;7076;3639;3843;4004
10359;10565;10566;10249;3844;3640;7076;7077
10248;10564;10565;10359;7074;3641;3844;4005
10358;10563;10564;10248;3845;3642;7074;7075
10247;10562;10563;10358;7072;3643;3845;4007
10357;10561;10562;10247;3846;3644;7072;7073
10246;10560;10561;10357;7070;3645;3846;4009
10356;10559;10560;10246;3847;3646;7070;7071
10245;10558;10559;10356;7068;3647;3847;4010
;;;;;;;
;;;;;;;
;;;;;;;
10355;10557;10558;10245;3848;3648;7068;7069
10244;10556;10557;10355;7066;3649;3848;4012
10354;10555;10556;10244;3849;3650;7066;7067
10243;10554;10555;10354;7064;3651;3849;4014
10353;10553;10554;10243;3850;3652;7064;7065
10242;10552;10553;10353;7062;3653;3850;4016
10352;10551;10552;10242;3851;3654;7062;7063
10241;10550;10551;10352;7060;3655;3851;4018
10351;10549;10550;10241;3852;3656;7060;7061
10528;10548;10549;10351;7038;3657;3852;3865
10490;10723;10724;10491;3488;3259;3712;7059
10489;10722;10723;10490;3489;3260;3488;3713
10488;10721;10722;10489;3490;3261;3489;3714
10487;10720;10721;10488;3491;3262;3490;3715
10486;10719;10720;10487;3492;3263;3491;3716
10485;10718;10719;10486;3493;3264;3492;3717
10484;10717;10718;10485;3494;3265;3493;3718
10483;10716;10717;10484;3495;3266;3494;3719
10482;10715;10716;10483;3496;3267;3495;3720
10481;10714;10715;10482;3497;3268;3496;3721
;;;;;;;
;;;;;;;
;;;;;;;
10480;10713;10714;10481;3498;3269;3497;3722
10479;10712;10713;10480;3499;3270;3498;3723
10478;10711;10712;10479;3500;3271;3499;3724
10477;10710;10711;10478;3501;3272;3500;3725
10476;10709;10710;10477;3502;3273;3501;3726
10475;10708;10709;10476;3503;3274;3502;3727
10474;10707;10708;10475;3504;3275;3503;3728
10473;10706;10707;10474;3505;3276;3504;3729
10472;10705;10706;10473;3506;3277;3505;3730
10471;10704;10705;10472;3507;3278;3506;3731
10470;10703;10704;10471;3508;3279;3507;3732
10469;10702;10703;10470;3509;3280;3508;3733
10468;10701;10702;10469;3510;3281;3509;3734
10467;10700;10701;10468;3511;3282;3510;3735
10466;10699;10700;10467;3512;3283;3511;3736
10465;10698;10699;10466;3513;3284;3512;3737
10464;10697;10698;10465;3514;3285;3513;3738
10463;10696;10697;10464;3515;3286;3514;3739
10462;10695;10696;10463;3516;3287;3515;3740
10461;10694;10695;10462;3517;3288;3516;3741
;;;;;;;
;;;;;;;
;;;;;;;
10460;10693;10694;10461;3518;3289;3517;3742
10459;10692;10693;10460;3519;3290;3518;3743
10458;10691;10692;10459;3520;3291;3519;3744
10457;10690;10691;10458;3521;3292;3520;3745
10456;10689;10690;10457;3522;3293;3521;3746
10455;10688;10689;10456;3523;3294;3522;3747
10454;10687;10688;10455;3524;3295;3523;3748
10453;10686;10687;10454;3525;3296;3524;3749
10452;10685;10686;10453;3526;3297;3525;3750
10451;10684;10685;10452;3527;3298;3526;3751
10450;10683;10684;10451;3528;3299;3527;3752
10449;10682;10683;10450;3529;3300;3528;3753
10448;10681;10682;10449;3530;3301;3529;3754
10447;10680;10681;10448;3531;3302;3530;3755
10446;10679;10680;10447;3532;3303;3531;3756
10445;10678;10679;10446;3533;3304;3532;3757
10444;10677;10678;10445;3534;3305;3533;3758
10443;10676;10677;10444;3535;3306;3534;3759
10442;10675;10676;10443;3536;3307;3535;3760
10441;10674;10675;10442;3537;3308;3536;3761
;;;;;;;
;;;;;;;
;;;;;;;
10440;10673;10674;10441;3538;3309;3537;3762
10439;10672;10673;10440;3539;3310;3538;3763
10438;10671;10672;10439;3540;3311;3539;3764
10437;10670;10671;10438;3541;3312;3540;3765
10436;10669;10670;10437;3542;3313;3541;3766
10435;10668;10669;10436;3543;3314;3542;3767
10434;10667;10668;10435;3544;3315;3543;3768
10433;10666;10667;10434;3545;3316;3544;3769
10432;10665;10666;10433;3546;3317;3545;3770
10431;10664;10665;10432;3547;3318;3546;3771
10430;10663;10664;10431;3548;3319;3547;3772
10429;10662;10663;10430;3549;3320;3548;3773
10428;10661;10662;10429;3550;3321;3549;3774
10427;10660;10661;10428;3551;3322;3550;3775
10426;10659;10660;10427;3552;3323;3551;3776
10425;10658;10659;10426;3553;3324;3552;3777
10424;10657;10658;10425;3554;3325;3553;3778
10423;10656;10657;10424;3555;3326;3554;3779
10422;10655;10656;10423;3556;3327;3555;3780
10421;10654;10655;10422;3557;3328;3556;3781
;;;;;;;
;;;;;;;
;;;;;;;
10420;10653;10654;10421;3558;3329;3557;3782
10419;10652;10653;10420;3559;3330;3558;3783
10418;10651;10652;10419;3560;3331;3559;3784
10417;10650;10651;10418;3561;3332;3560;3785
10416;10649;10650;10417;3562;3333;3561;3786
10415;10648;10649;10416;3563;3334;3562;3787
10414;10647;10648;10415;3564;3335;3563;3788
10413;10646;10647;10414;3565;3336;3564;3789
10412;10645;10646;10413;3566;3337;3565;3790
10411;10644;10645;10412;3567;3338;3566;3791
10410;10643;10644;10411;3568;3339;3567;3792
10409;10642;10643;10410;3569;3340;3568;3793
10408;10641;10642;10409;3570;3341;3569;3794
10407;10640;10641;10408;3571;3342;3570;3795
10406;10639;10640;10407;3572;3343;3571;3796
10405;10638;10639;10406;3573;3344;3572;3797
10404;10637;10638;10405;3574;3345;3573;3798
10618;10636;10637;10404;7057;3346;3574;7058
10618;10838;10635;10636;3365;3366;3347;7057
10619;10839;10838;10618;3364;3149;3365;3589
;;;;;;;
;;;;;;;
;;;;;;;
10620;10840;10839;10619;3363;3148;3364;3588
10621;10841;10840;10620;3362;3147;3363;3587
10622;10842;10841;10621;3361;3146;3362;3586
10623;10843;10842;10622;3360;3145;3361;3585
10624;10844;10843;10623;3359;3144;3360;3584
10625;10845;10844;10624;3358;3143;3359;3583
10626;10846;10845;10625;3357;3142;3358;3582
10627;10847;10846;10626;3356;3141;3357;3581
10628;10848;10847;10627;3355;3140;3356;3580
10629;10849;10848;10628;3354;3139;3355;3579
10630;10850;10849;10629;3353;3138;3354;3578
10631;10851;10850;10630;3352;3137;3353;3577
10632;10852;10851;10631;3351;3136;3352;3576
10633;10853;10852;10632;3350;3135;3351;3575
10402;10854;10853;10633;7056;7035;3350;3800
10403;10634;10854;10402;3799;3348;7056;3929
10338;10855;10634;10403;7054;3349;3799;7055
10338;10529;10765;10855;3864;7031;7033;7054
10339;10530;10529;10338;3863;3674;3864;3955
10340;10531;10530;10339;3862;3673;3863;3954
;;;;;;;
;;;;;;;
;;;;;;;
10341;10532;10531;10340;3861;3672;3862;3953
10342;10533;10532;10341;3860;3671;3861;3952
10343;10534;10533;10342;3859;3670;3860;3951
10344;10535;10534;10343;3858;3669;3859;3950
10345;10536;10535;10344;3857;3668;3858;3949
10346;10537;10536;10345;3856;3667;3857;3948
10347;10766;10537;10346;7053;7026;3856;3947
10348;10538;10766;10347;3855;3443;7053;3946
10231;10539;10538;10348;7051;3666;3855;7052
10232;10540;10539;10231;7050;3665;7051;4128
10233;10541;10540;10232;7049;3664;7050;4127
10234;10542;10541;10233;7047;3663;7049;4126
10349;10543;10542;10234;3854;3662;7047;7048
10236;10544;10543;10349;7044;3661;3854;4020
11924;10767;10544;10236;7042;7022;7044;7046
10238;10545;10767;11924;7041;3438;7042;7043
10239;10546;10545;10238;7039;3660;7041;4125
10350;10547;10546;10239;3853;3659;7039;7040
10386;10617;10547;10350;3816;7037;3853;3945
10616;10837;10617;10386;3368;3367;3816;3817
;;;;;;;
;;;;;;;
;;;;;;;
10615;10836;10837;10616;3369;3151;3368;3590
10614;10835;10836;10615;3370;3152;3369;3591
10613;10834;10835;10614;3371;3153;3370;3592
10612;10833;10834;10613;3372;3154;3371;3593
10611;10832;10833;10612;3373;3155;3372;3594
10610;10831;10832;10611;3374;3156;3373;3595
10609;10830;10831;10610;3375;3157;3374;3596
10608;10829;10830;10609;3376;3158;3375;3597
10607;10828;10829;10608;3377;3159;3376;3598
10606;10827;10828;10607;3378;3160;3377;3599
10605;10826;10827;10606;3379;3161;3378;3600
10604;10825;10826;10605;3380;3162;3379;3601
10603;10824;10825;10604;3381;3163;3380;3602
10602;10823;10824;10603;3382;3164;3381;3603
10601;10822;10823;10602;3383;3165;3382;3604
10600;10821;10822;10601;3384;3166;3383;3605
10599;10820;10821;10600;3385;3167;3384;3606
10598;10819;10820;10599;3386;3168;3385;3607
10597;10818;10819;10598;3387;3169;3386;3608
10596;10817;10818;10597;3388;3170;3387;3609
;;;;;;;
;;;;;;;
;;;;;;;
10595;10816;10817;10596;3389;3171;3388;3610
10594;10815;10816;10595;3390;3172;3389;3611
10593;10814;10815;10594;3391;3173;3390;3612
10592;10813;10814;10593;3392;3174;3391;3613
10591;10812;10813;10592;3393;3175;3392;3614
10590;10811;10812;10591;3394;3176;3393;3615
10589;10810;10811;10590;3395;3177;3394;3616
10588;10809;10810;10589;3396;3178;3395;3617
10587;10808;10809;10588;3397;3179;3396;3618
10586;10807;10808;10587;3398;3180;3397;3619
10585;10806;10807;10586;3399;3181;3398;3620
10584;10805;10806;10585;3400;3182;3399;3621
10583;10804;10805;10584;3401;3183;3400;3622
10582;10803;10804;10583;3402;3184;3401;3623
10581;10802;10803;10582;3403;3185;3402;3624
10580;10801;10802;10581;3404;3186;3403;3625
10579;10800;10801;10580;3405;3187;3404;3626
10578;10799;10800;10579;3406;3188;3405;3627
10577;10798;10799;10578;3407;3189;3406;3628
10576;10797;10798;10577;3408;3190;3407;3629
;;;;;;;
;;;;;;;
;;;;;;;
10575;10796;10797;10576;3409;3191;3408;3630
10574;10795;10796;10575;3410;3192;3409;3631
10573;10794;10795;10574;3411;3193;3410;3632
10572;10793;10794;10573;3412;3194;3411;3633
10571;10792;10793;10572;3413;3195;3412;3634
10570;10791;10792;10571;3414;3196;3413;3635
10569;10790;10791;10570;3415;3197;3414;3636
10568;10789;10790;10569;3416;3198;3415;3637
10567;10788;10789;10568;3417;3199;3416;3638
10566;10787;10788;10567;3418;3200;3417;3639
10565;10786;10787;10566;3419;3201;3418;3640
10564;10785;10786;10565;3420;3202;3419;3641
10563;10784;10785;10564;3421;3203;3420;3642
10562;10783;10784;10563;3422;3204;3421;3643
10561;10782;10783;10562;3423;3205;3422;3644
10560;10781;10782;10561;3424;3206;3423;3645
10559;10780;10781;10560;3425;3207;3424;3646
10558;10779;10780;10559;3426;3208;3425;3647
10557;10778;10779;10558;3427;3209;3426;3648
10556;10777;10778;10557;3428;3210;3427;3649
;;;;;;;
;;;;;;;
;;;;;;;
10555;10776;10777;10556;3429;3211;3428;3650
10554;10775;10776;10555;3430;3212;3429;3651
10553;10774;10775;10554;3431;3213;3430;3652
10552;10773;10774;10553;3432;3214;3431;3653
10551;10772;10773;10552;3433;3215;3432;3654
10550;10771;10772;10551;3434;3216;3433;3655
10549;10770;10771;10550;3435;3217;3434;3656
10548;10769;10770;10549;3436;3218;3435;3657
10548;10764;10768;10769;3658;3219;7020;3436
10528;10763;10764;10548;3450;3220;3658;7038
10527;10762;10763;10528;3451;3221;3450;3675
10526;10761;10762;10527;3452;3222;3451;3676
10525;10760;10761;10526;3453;3223;3452;3677
10524;10759;10760;10525;3454;3224;3453;3678
10523;10758;10759;10524;3455;3225;3454;3679
10522;10757;10758;10523;3456;3226;3455;3680
10521;10756;10757;10522;3457;3227;3456;3681
10520;10755;10756;10521;3458;3228;3457;3682
10519;10754;10755;10520;3459;3229;3458;3683
10518;10753;10754;10519;3460;3230;3459;3684
;;;;;;;
;;;;;;;
;;;;;;;
10517;10752;10753;10518;3461;3231;3460;3685
10516;10751;10752;10517;3462;3232;3461;3686
10515;10750;10751;10516;3463;3233;3462;3687
10514;10749;10750;10515;3464;3234;3463;3688
10513;10748;10749;10514;3465;3235;3464;3689
10512;10747;10748;10513;3466;3236;3465;3690
10511;10746;10747;10512;3467;3237;3466;3691
10510;10745;10746;10511;3468;3238;3467;3692
10509;10744;10745;10510;3469;3239;3468;3693
10508;10743;10744;10509;3470;3240;3469;3694
10507;10742;10743;10508;3471;3241;3470;3695
10506;10741;10742;10507;3472;3242;3471;3696
10505;10740;10741;10506;3473;3243;3472;3697
10504;10739;10740;10505;3474;3244;3473;3698
10503;10738;10739;10504;3475;3245;3474;3699
10502;10737;10738;10503;3476;3246;3475;3700
10501;10736;10737;10502;3477;3247;3476;3701
10500;10735;10736;10501;3478;3248;3477;3702
10499;10734;10735;10500;3479;3249;3478;3703
10498;10733;10734;10499;3480;3250;3479;3704
;;;;;;;
;;;;;;;
;;;;;;;
10497;10732;10733;10498;3481;3251;3480;3705
10496;10731;10732;10497;3482;3252;3481;3706
10495;10730;10731;10496;3483;3253;3482;3707
10494;10729;10730;10495;3484;3254;3483;3708
10493;10728;10729;10494;3485;3255;3484;3709
10492;10727;10728;10493;3486;3256;3485;3710
10491;10726;10727;10492;3487;3257;3486;3711
10724;10725;10726;10491;3258;7019;3487;3712
10837;11696;11695;10617;2908;2684;7036;3367
10838;11692;11693;10635;2906;2682;7018;3366
10839;11691;11692;10838;2905;2681;2906;3149
10840;11690;11691;10839;2904;2680;2905;3148
10841;11689;11690;10840;2903;2679;2904;3147
10842;11688;11689;10841;2902;2678;2903;3146
10843;11687;11688;10842;2901;2677;2902;3145
10844;11686;11687;10843;2900;2676;2901;3144
10845;11685;11686;10844;2899;2675;2900;3143
10846;11684;11685;10845;2898;2674;2899;3142
10847;11683;11684;10846;2897;2673;2898;3141
10848;11682;11683;10847;2896;2672;2897;3140
;;;;;;;
;;;;;;;
;;;;;;;
10849;11681;11682;10848;2895;2671;2896;3139
10850;11680;11681;10849;2894;2670;2895;3138
10851;11679;11680;10850;2893;2669;2894;3137
10852;11678;11679;10851;2892;2668;2893;3136
10853;11677;11678;10852;2891;2667;2892;3135
10854;11676;11677;10853;2890;2666;2891;7035
10634;11675;11676;10854;7034;2665;2890;3348
10855;11674;11675;10634;2889;2664;7034;3349
10765;11673;11674;10855;7032;2663;2889;7033
10765;11778;11672;11673;3002;7017;2662;7032
10529;11923;11778;10765;3449;7016;3002;7031
10530;11777;11923;10529;7030;3001;3449;3674
10531;11922;11777;10530;3448;7015;7030;3673
10532;11776;11922;10531;7029;2999;3448;3672
10533;11921;11776;10532;3447;7014;7029;3671
10534;11775;11921;10533;7028;2997;3447;3670
10535;11920;11775;10534;3446;7013;7028;3669
10536;11774;11920;10535;7027;2995;3446;3668
10537;11919;11774;10536;3445;7012;7027;3667
10766;11773;11919;10537;2991;2993;3445;7026
;;;;;;;
;;;;;;;
;;;;;;;
10538;11918;11773;10766;3444;7011;2991;3443
10539;11772;11918;10538;7025;2990;3444;3666
10540;11917;11772;10539;3442;7010;7025;3665
10541;11771;11917;10540;7024;2988;3442;3664
10542;11916;11771;10541;3441;7009;7024;3663
10543;11770;11916;10542;7023;2986;3441;3662
10544;11915;11770;10543;3440;7008;7023;3661
10767;11769;11915;10544;2982;2984;3440;7022
10545;11914;11769;10767;3439;7007;2982;3438
10546;11768;11914;10545;7021;2981;3439;3660
10547;11913;11768;10546;3437;7006;7021;3659
10836;11697;11696;10837;2909;2685;2908;3151
10835;11698;11697;10836;2910;2686;2909;3152
10834;11699;11698;10835;2911;2687;2910;3153
10833;11700;11699;10834;2912;2688;2911;3154
10832;11701;11700;10833;2913;2689;2912;3155
10831;11702;11701;10832;2914;2690;2913;3156
10830;11703;11702;10831;2915;2691;2914;3157
10829;11704;11703;10830;2916;2692;2915;3158
10828;11705;11704;10829;2917;2693;2916;3159
;;;;;;;
;;;;;;;
;;;;;;;
10827;11706;11705;10828;2918;2694;2917;3160
10826;11707;11706;10827;2919;2695;2918;3161
10825;11708;11707;10826;2920;2696;2919;3162
10824;11709;11708;10825;2921;2697;2920;3163
10823;11710;11709;10824;2922;2698;2921;3164
10822;11711;11710;10823;2923;2699;2922;3165
10821;11712;11711;10822;2924;2700;2923;3166
10820;11713;11712;10821;2925;2701;2924;3167
10819;11714;11713;10820;2926;2702;2925;3168
10818;11715;11714;10819;2927;2703;2926;3169
10817;11716;11715;10818;2928;2704;2927;3170
10816;11717;11716;10817;2929;2705;2928;3171
10815;11718;11717;10816;2930;2706;2929;3172
10814;11719;11718;10815;2931;2707;2930;3173
10813;11720;11719;10814;2932;2708;2931;3174
10812;11721;11720;10813;2933;2709;2932;3175
10811;11722;11721;10812;2934;2710;2933;3176
10810;11723;11722;10811;2935;2711;2934;3177
10809;11724;11723;10810;2936;2712;2935;3178
10808;11725;11724;10809;2937;2713;2936;3179
;;;;;;;
;;;;;;;
;;;;;;;
10807;11726;11725;10808;2938;2714;2937;3180
10806;11727;11726;10807;2939;2715;2938;3181
10805;11728;11727;10806;2940;2716;2939;3182
10804;11729;11728;10805;2941;2717;2940;3183
10803;11730;11729;10804;2942;2718;2941;3184
10802;11731;11730;10803;2943;2719;2942;3185
10801;11732;11731;10802;2944;2720;2943;3186
10800;11733;11732;10801;2945;2721;2944;3187
10799;11734;11733;10800;2946;2722;2945;3188
10798;11735;11734;10799;2947;2723;2946;3189
10797;11736;11735;10798;2948;2724;2947;3190
10796;11737;11736;10797;2949;2725;2948;3191
10795;11738;11737;10796;2950;2726;2949;3192
10794;11739;11738;10795;2951;2727;2950;3193
10793;11740;11739;10794;2952;2728;2951;3194
10792;11741;11740;10793;2953;2729;2952;3195
10791;11742;11741;10792;2954;2730;2953;3196
10790;11743;11742;10791;2955;2731;2954;3197
10789;11744;11743;10790;2956;2732;2955;3198
10788;11745;11744;10789;2957;2733;2956;3199
;;;;;;;
;;;;;;;
;;;;;;;
10787;11746;11745;10788;2958;2734;2957;3200
10786;11747;11746;10787;2959;2735;2958;3201
10785;11748;11747;10786;2960;2736;2959;3202
10784;11749;11748;10785;2961;2737;2960;3203
10783;11750;11749;10784;2962;2738;2961;3204
10782;11751;11750;10783;2963;2739;2962;3205
10781;11752;11751;10782;2964;2740;2963;3206
10780;11753;11752;10781;2965;2741;2964;3207
10779;11754;11753;10780;2966;2742;2965;3208
10778;11755;11754;10779;2967;2743;2966;3209
10777;11756;11755;10778;2968;2744;2967;3210
10776;11757;11756;10777;2969;2745;2968;3211
10775;11758;11757;10776;2970;2746;2969;3212
10774;11759;11758;10775;2971;2747;2970;3213
10773;11760;11759;10774;2972;2748;2971;3214
10772;11761;11760;10773;2973;2749;2972;3215
10771;11762;11761;10772;2974;2750;2973;3216
10770;11763;11762;10771;2975;2751;2974;3217
10769;11764;11763;10770;2976;2752;2975;3218
10768;11765;11764;10769;2977;2753;2976;7020
;;;;;;;
;;;;;;;
;;;;;;;
10768;11779;11766;11765;3003;2755;2754;2977
10764;11780;11779;10768;3004;2756;3003;3219
10763;11781;11780;10764;3005;2757;3004;3220
10762;11782;11781;10763;3006;2758;3005;3221
10761;11783;11782;10762;3007;2759;3006;3222
10760;11784;11783;10761;3008;2760;3007;3223
10759;11785;11784;10760;3009;2761;3008;3224
10758;11786;11785;10759;3010;2762;3009;3225
10757;11787;11786;10758;3011;2763;3010;3226
10756;11788;11787;10757;3012;2764;3011;3227
10755;11789;11788;10756;3013;2765;3012;3228
10754;11790;11789;10755;3014;2766;3013;3229
10753;11791;11790;10754;3015;2767;3014;3230
10752;11792;11791;10753;3016;2768;3015;3231
10751;11793;11792;10752;3017;2769;3016;3232
10750;11794;11793;10751;3018;2770;3017;3233
10749;11795;11794;10750;3019;2771;3018;3234
10748;11796;11795;10749;3020;2772;3019;3235
10747;11797;11796;10748;3021;2773;3020;3236
10746;11798;11797;10747;3022;2774;3021;3237
;;;;;;;
;;;;;;;
;;;;;;;
10745;11799;11798;10746;3023;2775;3022;3238
10744;11800;11799;10745;3024;2776;3023;3239
10743;11801;11800;10744;3025;2777;3024;3240
10742;11802;11801;10743;3026;2778;3025;3241
10741;11803;11802;10742;3027;2779;3026;3242
10740;11804;11803;10741;3028;2780;3027;3243
10739;11805;11804;10740;3029;2781;3028;3244
10738;11806;11805;10739;3030;2782;3029;3245
10737;11807;11806;10738;3031;2783;3030;3246
10736;11808;11807;10737;3032;2784;3031;3247
10735;11809;11808;10736;3033;2785;3032;3248
10734;11810;11809;10735;3034;2786;3033;3249
10733;11811;11810;10734;3035;2787;3034;3250
10732;11812;11811;10733;3036;2788;3035;3251
10731;11813;11812;10732;3037;2789;3036;3252
10730;11814;11813;10731;3038;2790;3037;3253
10729;11815;11814;10730;3039;2791;3038;3254
10728;11816;11815;10729;3040;2792;3039;3255
10727;11817;11816;10728;3041;2793;3040;3256
10726;11818;11817;10727;3042;2794;3041;3257
;;;;;;;
;;;;;;;
;;;;;;;
10725;11819;11818;10726;3043;2795;3042;7019
10725;11821;11820;11819;3044;2797;2796;3043
10724;11822;11821;10725;3045;2798;3044;3258
10723;11823;11822;10724;3046;2799;3045;3259
10722;11824;11823;10723;3047;2800;3046;3260
10721;11825;11824;10722;3048;2801;3047;3261
10720;11826;11825;10721;3049;2802;3048;3262
10719;11827;11826;10720;3050;2803;3049;3263
10718;11828;11827;10719;3051;2804;3050;3264
10717;11829;11828;10718;3052;2805;3051;3265
10716;11830;11829;10717;3053;2806;3052;3266
10715;11831;11830;10716;3054;2807;3053;3267
10714;11832;11831;10715;3055;2808;3054;3268
10713;11833;11832;10714;3056;2809;3055;3269
10712;11834;11833;10713;3057;2810;3056;3270
10711;11835;11834;10712;3058;2811;3057;3271
10710;11836;11835;10711;3059;2812;3058;3272
10709;11837;11836;10710;3060;2813;3059;3273
10708;11838;11837;10709;3061;2814;3060;3274
10707;11839;11838;10708;3062;2815;3061;3275
;;;;;;;
;;;;;;;
;;;;;;;
10706;11840;11839;10707;3063;2816;3062;3276
10705;11841;11840;10706;3064;2817;3063;3277
10704;11842;11841;10705;3065;2818;3064;3278
10703;11843;11842;10704;3066;2819;3065;3279
10702;11844;11843;10703;3067;2820;3066;3280
10701;11845;11844;10702;3068;2821;3067;3281
10700;11846;11845;10701;3069;2822;3068;3282
10699;11847;11846;10700;3070;2823;3069;3283
10698;11848;11847;10699;3071;2824;3070;3284
10697;11849;11848;10698;3072;2825;3071;3285
10696;11850;11849;10697;3073;2826;3072;3286
10695;11851;11850;10696;3074;2827;3073;3287
10694;11852;11851;10695;3075;2828;3074;3288
10693;11853;11852;10694;3076;2829;3075;3289
10692;11854;11853;10693;3077;2830;3076;3290
10691;11855;11854;10692;3078;2831;3077;3291
10690;11856;11855;10691;3079;2832;3078;3292
10689;11857;11856;10690;3080;2833;3079;3293
10688;11858;11857;10689;3081;2834;3080;3294
10687;11859;11858;10688;3082;2835;3081;3295
;;;;;;;
;;;;;;;
;;;;;;;
10686;11860;11859;10687;3083;2836;3082;3296
10685;11861;11860;10686;3084;2837;3083;3297
10684;11862;11861;10685;3085;2838;3084;3298
10683;11863;11862;10684;3086;2839;3085;3299
10682;11864;11863;10683;3087;2840;3086;3300
10681;11865;11864;10682;3088;2841;3087;3301
10680;11866;11865;10681;3089;2842;3088;3302
10679;11867;11866;10680;3090;2843;3089;3303
10678;11868;11867;10679;3091;2844;3090;3304
10677;11869;11868;10678;3092;2845;3091;3305
10676;11870;11869;10677;3093;2846;3092;3306
10675;11871;11870;10676;3094;2847;3093;3307
10674;11872;11871;10675;3095;2848;3094;3308
10673;11873;11872;10674;3096;2849;3095;3309
10672;11874;11873;10673;3097;2850;3096;3310
10671;11875;11874;10672;3098;2851;3097;3311
10670;11876;11875;10671;3099;2852;3098;3312
10669;11877;11876;10670;3100;2853;3099;3313
10668;11878;11877;10669;3101;2854;3100;3314
10667;11879;11878;10668;3102;2855;3101;3315
;;;;;;;
;;;;;;;
;;;;;;;
10666;11880;11879;10667;3103;2856;3102;3316
10665;11881;11880;10666;3104;2857;3103;3317
10664;11882;11881;10665;3105;2858;3104;3318
10663;11883;11882;10664;3106;2859;3105;3319
10662;11884;11883;10663;3107;2860;3106;3320
10661;11885;11884;10662;3108;2861;3107;3321
10660;11886;11885;10661;3109;2862;3108;3322
10659;11887;11886;10660;3110;2863;3109;3323
10658;11888;11887;10659;3111;2864;3110;3324
10657;11889;11888;10658;3112;2865;3111;3325
10656;11890;11889;10657;3113;2866;3112;3326
10655;11891;11890;10656;3114;2867;3113;3327
10654;11892;11891;10655;3115;2868;3114;3328
10653;11893;11892;10654;3116;2869;3115;3329
10652;11894;11893;10653;3117;2870;3116;3330
10651;11895;11894;10652;3118;2871;3117;3331
10650;11896;11895;10651;3119;2872;3118;3332
10649;11897;11896;10650;3120;2873;3119;3333
10648;11898;11897;10649;3121;2874;3120;3334
10647;11899;11898;10648;3122;2875;3121;3335
;;;;;;;
;;;;;;;
;;;;;;;
10646;11900;11899;10647;3123;2876;3122;3336
10645;11901;11900;10646;3124;2877;3123;3337
10644;11902;11901;10645;3125;2878;3124;3338
10643;11903;11902;10644;3126;2879;3125;3339
10642;11904;11903;10643;3127;2880;3126;3340
10641;11905;11904;10642;3128;2881;3127;3341
10640;11906;11905;10641;3129;2882;3128;3342
10639;11907;11906;10640;3130;2883;3129;3343
10638;11908;11907;10639;3131;2884;3130;3344
10637;11909;11908;10638;3132;2885;3131;3345
10636;11910;11909;10637;3133;2886;3132;3346
10635;11911;11910;10636;3134;2887;3133;3347
11693;11694;11911;10635;2683;2888;3134;7018
11778;11006;11005;11672;2526;6995;6996;7017
11923;10856;11006;11778;3000;2525;2526;7016
11777;11007;10856;11923;2524;6994;3000;3001
11922;10857;11007;11777;2998;2523;2524;7015
11776;11008;10857;11922;2522;6992;2998;2999
11921;10858;11008;11776;2996;2521;2522;7014
11775;11009;10858;11921;2520;6990;2996;2997
;;;;;;;
;;;;;;;
;;;;;;;
11920;10859;11009;11775;2994;2519;2520;7013
11774;11010;10859;11920;2518;6988;2994;2995
11919;10860;11010;11774;2992;2517;2518;7012
11773;11011;10860;11919;2516;6986;2992;2993
11918;10861;11011;11773;2989;2515;2516;7011
11772;11012;10861;11918;2514;6984;2989;2990
11917;10862;11012;11772;2987;2513;2514;7010
11771;11013;10862;11917;2512;6982;2987;2988
11916;10863;11013;11771;2985;2511;2512;7009
11770;11014;10863;11916;2510;6980;2985;2986
11915;10864;11014;11770;2983;2509;2510;7008
11769;11015;10864;11915;2508;6978;2983;2984
11914;10865;11015;11769;2980;2507;2508;7007
11768;11016;10865;11914;2506;6976;2980;2981
11913;10866;11016;11768;2978;2505;2506;7006
11767;11017;10866;11913;2504;6974;2978;2979
11912;10867;11017;11767;3150;2503;2504;7005
11695;11089;11090;11912;2430;2202;7003;2907
11696;11088;11089;11695;2431;2203;2430;2684
11697;11087;11088;11696;2432;2204;2431;2685
;;;;;;;
;;;;;;;
;;;;;;;
11698;11086;11087;11697;2433;2205;2432;2686
11699;11085;11086;11698;2434;2206;2433;2687
11700;11084;11085;11699;2435;2207;2434;2688
11701;11083;11084;11700;2436;2208;2435;2689
11702;11082;11083;11701;2437;2209;2436;2690
11703;11081;11082;11702;2438;2210;2437;2691
11704;11080;11081;11703;2439;2211;2438;2692
11705;11079;11080;11704;2440;2212;2439;2693
11706;11078;11079;11705;2441;2213;2440;2694
11707;11077;11078;11706;2442;2214;2441;2695
11708;11076;11077;11707;2443;2215;2442;2696
11709;11075;11076;11708;2444;2216;2443;2697
11710;11074;11075;11709;2445;2217;2444;2698
11711;11073;11074;11710;2446;2218;2445;2699
11712;11072;11073;11711;2447;2219;2446;2700
11713;11071;11072;11712;2448;2220;2447;2701
11714;11070;11071;11713;2449;2221;2448;2702
11715;11069;11070;11714;2450;2222;2449;2703
11716;11068;11069;11715;2451;2223;2450;2704
11717;11067;11068;11716;2452;2224;2451;2705
;;;;;;;
;;;;;;;
;;;;;;;
11718;11066;11067;11717;2453;2225;2452;2706
11719;11065;11066;11718;2454;2226;2453;2707
11720;11064;11065;11719;2455;2227;2454;2708
11721;11063;11064;11720;2456;2228;2455;2709
11722;11062;11063;11721;2457;2229;2456;2710
11723;11061;11062;11722;2458;2230;2457;2711
11724;11060;11061;11723;2459;2231;2458;2712
11725;11059;11060;11724;2460;2232;2459;2713
11726;11058;11059;11725;2461;2233;2460;2714
11727;11057;11058;11726;2462;2234;2461;2715
11728;11056;11057;11727;2463;2235;2462;2716
11729;11055;11056;11728;2464;2236;2463;2717
11730;11054;11055;11729;2465;2237;2464;2718
11731;11053;11054;11730;2466;2238;2465;2719
11732;11052;11053;11731;2467;2239;2466;2720
11733;11051;11052;11732;2468;2240;2467;2721
11734;11050;11051;11733;2469;2241;2468;2722
11735;11049;11050;11734;2470;2242;2469;2723
11736;11048;11049;11735;2471;2243;2470;2724
11737;11047;11048;11736;2472;2244;2471;2725
;;;;;;;
;;;;;;;
;;;;;;;
11738;11046;11047;11737;2473;2245;2472;2726
11739;11045;11046;11738;2474;2246;2473;2727
11740;11044;11045;11739;2475;2247;2474;2728
11741;11043;11044;11740;2476;2248;2475;2729
11742;11042;11043;11741;2477;2249;2476;2730
11743;11041;11042;11742;2478;2250;2477;2731
11744;11040;11041;11743;2479;2251;2478;2732
11745;11039;11040;11744;2480;2252;2479;2733
11746;11038;11039;11745;2481;2253;2480;2734
11747;11037;11038;11746;2482;2254;2481;2735
11748;11036;11037;11747;2483;2255;2482;2736
11749;11035;11036;11748;2484;2256;2483;2737
11750;11034;11035;11749;2485;2257;2484;2738
11751;11033;11034;11750;2486;2258;2485;2739
11752;11032;11033;11751;2487;2259;2486;2740
11753;11031;11032;11752;2488;2260;2487;2741
11754;11030;11031;11753;2489;2261;2488;2742
11755;11029;11030;11754;2490;2262;2489;2743
11756;11028;11029;11755;2491;2263;2490;2744
11757;11027;11028;11756;2492;2264;2491;2745
;;;;;;;
;;;;;;;
;;;;;;;
11758;11026;11027;11757;2493;2265;2492;2746
11759;11025;11026;11758;2494;2266;2493;2747
11760;11024;11025;11759;2495;2267;2494;2748
11761;11023;11024;11760;2496;2268;2495;2749
11762;11022;11023;11761;2497;2269;2496;2750
11763;11021;11022;11762;2498;2270;2497;2751
11764;11020;11021;11763;2499;2271;2498;2752
11765;11019;11020;11764;2500;2272;2499;2753
11766;11018;11019;11765;2501;6970;2500;2754
11779;11003;11671;11766;2527;7000;7004;2755
11671;11004;11018;11766;7001;2502;2501;7004
11780;11002;11003;11779;2528;2273;2527;2756
11781;11001;11002;11780;2529;2274;2528;2757
11782;11000;11001;11781;2530;2275;2529;2758
11783;10999;11000;11782;2531;2276;2530;2759
11784;10998;10999;11783;2532;2277;2531;2760
11785;10997;10998;11784;2533;2278;2532;2761
11786;10996;10997;11785;2534;2279;2533;2762
11787;10995;10996;11786;2535;2280;2534;2763
11788;10994;10995;11787;2536;2281;2535;2764
;;;;;;;
;;;;;;;
;;;;;;;
11789;10993;10994;11788;2537;2282;2536;2765
11790;10992;10993;11789;2538;2283;2537;2766
11791;10991;10992;11790;2539;2284;2538;2767
11792;10990;10991;11791;2540;2285;2539;2768
11793;10989;10990;11792;2541;2286;2540;2769
11794;10988;10989;11793;2542;2287;2541;2770
11795;10987;10988;11794;2543;2288;2542;2771
11796;10986;10987;11795;2544;2289;2543;2772
11797;10985;10986;11796;2545;2290;2544;2773
11798;10984;10985;11797;2546;2291;2545;2774
11799;10983;10984;11798;2547;2292;2546;2775
11800;10982;10983;11799;2548;2293;2547;2776
11801;10981;10982;11800;2549;2294;2548;2777
11802;10980;10981;11801;2550;2295;2549;2778
11803;10979;10980;11802;2551;2296;2550;2779
11804;10978;10979;11803;2552;2297;2551;2780
11805;10977;10978;11804;2553;2298;2552;2781
11806;10976;10977;11805;2554;2299;2553;2782
11807;10975;10976;11806;2555;2300;2554;2783
11808;10974;10975;11807;2556;2301;2555;2784
;;;;;;;
;;;;;;;
;;;;;;;
11809;10973;10974;11808;2557;2302;2556;2785
11810;10972;10973;11809;2558;2303;2557;2786
11811;10971;10972;11810;2559;2304;2558;2787
11812;10970;10971;11811;2560;2305;2559;2788
11813;10969;10970;11812;2561;2306;2560;2789
11814;10968;10969;11813;2562;2307;2561;2790
11815;10967;10968;11814;2563;2308;2562;2791
11816;10966;10967;11815;2564;2309;2563;2792
11817;10965;10966;11816;2565;2310;2564;2793
11818;10964;10965;11817;2566;2311;2565;2794
11819;10963;10964;11818;2567;2312;2566;2795
11820;10962;10963;11819;2568;2313;2567;2796
11820;10960;10961;10962;2569;2314;6999;2568
11821;10959;10960;11820;2570;2315;2569;2797
11822;10958;10959;11821;2571;2316;2570;2798
11823;10957;10958;11822;2572;2317;2571;2799
11824;10956;10957;11823;2573;2318;2572;2800
11825;10955;10956;11824;2574;2319;2573;2801
11826;10954;10955;11825;2575;2320;2574;2802
11827;10953;10954;11826;2576;2321;2575;2803
;;;;;;;
;;;;;;;
;;;;;;;
11828;10952;10953;11827;2577;2322;2576;2804
11829;10951;10952;11828;2578;2323;2577;2805
11830;10950;10951;11829;2579;2324;2578;2806
11831;10949;10950;11830;2580;2325;2579;2807
11832;10948;10949;11831;2581;2326;2580;2808
11833;10947;10948;11832;2582;2327;2581;2809
11834;10946;10947;11833;2583;2328;2582;2810
11835;10945;10946;11834;2584;2329;2583;2811
11836;10944;10945;11835;2585;2330;2584;2812
11837;10943;10944;11836;2586;2331;2585;2813
11838;10942;10943;11837;2587;2332;2586;2814
11839;10941;10942;11838;2588;2333;2587;2815
11840;10940;10941;11839;2589;2334;2588;2816
11841;10939;10940;11840;2590;2335;2589;2817
11842;10938;10939;11841;2591;2336;2590;2818
11843;10937;10938;11842;2592;2337;2591;2819
11844;10936;10937;11843;2593;2338;2592;2820
11845;10935;10936;11844;2594;2339;2593;2821
11846;10934;10935;11845;2595;2340;2594;2822
11847;10933;10934;11846;2596;2341;2595;2823
;;;;;;;
;;;;;;;
;;;;;;;
11848;10932;10933;11847;2597;2342;2596;2824
11849;10931;10932;11848;2598;2343;2597;2825
11850;10930;10931;11849;2599;2344;2598;2826
11851;10929;10930;11850;2600;2345;2599;2827
11852;10928;10929;11851;2601;2346;2600;2828
11853;10927;10928;11852;2602;2347;2601;2829
11854;10926;10927;11853;2603;2348;2602;2830
11855;10925;10926;11854;2604;2349;2603;2831
11856;10924;10925;11855;2605;2350;2604;2832
11857;10923;10924;11856;2606;2351;2605;2833
11858;10922;10923;11857;2607;2352;2606;2834
11859;10921;10922;11858;2608;2353;2607;2835
11860;10920;10921;11859;2609;2354;2608;2836
11861;10919;10920;11860;2610;2355;2609;2837
11862;10918;10919;11861;2611;2356;2610;2838
11863;10917;10918;11862;2612;2357;2611;2839
11864;10916;10917;11863;2613;2358;2612;2840
11865;10915;10916;11864;2614;2359;2613;2841
11866;10914;10915;11865;2615;2360;2614;2842
11867;10913;10914;11866;2616;2361;2615;2843
;;;;;;;
;;;;;;;
;;;;;;;
11868;10912;10913;11867;2617;2362;2616;2844
11869;10911;10912;11868;2618;2363;2617;2845
11870;10910;10911;11869;2619;2364;2618;2846
11871;10909;10910;11870;2620;2365;2619;2847
11872;10908;10909;11871;2621;2366;2620;2848
11873;10907;10908;11872;2622;2367;2621;2849
11874;10906;10907;11873;2623;2368;2622;2850
11875;10905;10906;11874;2624;2369;2623;2851
11876;10904;10905;11875;2625;2370;2624;2852
11877;10903;10904;11876;2626;2371;2625;2853
11878;10902;10903;11877;2627;2372;2626;2854
11879;10901;10902;11878;2628;2373;2627;2855
11880;10900;10901;11879;2629;2374;2628;2856
11881;10899;10900;11880;2630;2375;2629;2857
11882;10898;10899;11881;2631;2376;2630;2858
11883;10897;10898;11882;2632;2377;2631;2859
11884;10896;10897;11883;2633;2378;2632;2860
11885;10895;10896;11884;2634;2379;2633;2861
11886;10894;10895;11885;2635;2380;2634;2862
11887;10893;10894;11886;2636;2381;2635;2863
;;;;;;;
;;;;;;;
;;;;;;;
11888;10892;10893;11887;2637;2382;2636;2864
11889;10891;10892;11888;2638;2383;2637;2865
11890;10890;10891;11889;2639;2384;2638;2866
11891;10889;10890;11890;2640;2385;2639;2867
11892;10888;10889;11891;2641;2386;2640;2868
11893;10887;10888;11892;2642;2387;2641;2869
11894;10886;10887;11893;2643;2388;2642;2870
11895;10885;10886;11894;2644;2389;2643;2871
11896;10884;10885;11895;2645;2390;2644;2872
11897;10883;10884;11896;2646;2391;2645;2873
11898;10882;10883;11897;2647;2392;2646;2874
11899;10881;10882;11898;2648;2393;2647;2875
11900;10880;10881;11899;2649;2394;2648;2876
11901;10879;10880;11900;2650;2395;2649;2877
11902;10878;10879;11901;2651;2396;2650;2878
11903;10877;10878;11902;2652;2397;2651;2879
11904;10876;10877;11903;2653;2398;2652;2880
11905;10875;10876;11904;2654;2399;2653;2881
11906;10874;10875;11905;2655;2400;2654;2882
11907;10873;10874;11906;2656;2401;2655;2883
;;;;;;;
;;;;;;;
;;;;;;;
11908;10872;10873;11907;2657;2402;2656;2884
11909;10871;10872;11908;2658;2403;2657;2885
11910;10870;10871;11909;2659;2404;2658;2886
11911;10869;10870;11910;2660;2405;2659;2887
11694;10868;10869;11911;2661;2406;2660;2888
11694;11093;11092;10868;2429;2200;6998;2661
11693;11094;11093;11694;2428;2199;2429;2683
11692;11095;11094;11693;2427;2198;2428;2682
11691;11096;11095;11692;2426;2197;2427;2681
11690;11097;11096;11691;2425;2196;2426;2680
11689;11098;11097;11690;2424;2195;2425;2679
11688;11099;11098;11689;2423;2194;2424;2678
11687;11100;11099;11688;2422;2193;2423;2677
11686;11101;11100;11687;2421;2192;2422;2676
11685;11102;11101;11686;2420;2191;2421;2675
11684;11103;11102;11685;2419;2190;2420;2674
11683;11104;11103;11684;2418;2189;2419;2673
11682;11105;11104;11683;2417;2188;2418;2672
11681;11106;11105;11682;2416;2187;2417;2671
11680;11107;11106;11681;2415;2186;2416;2670
;;;;;;;
;;;;;;;
;;;;;;;
11679;11108;11107;11680;2414;2185;2415;2669
11678;11109;11108;11679;2413;2184;2414;2668
11677;11110;11109;11678;2412;2183;2413;2667
11676;11111;11110;11677;2411;2182;2412;2666
11675;11112;11111;11676;2410;2181;2411;2665
11674;11113;11112;11675;2409;2180;2410;2664
11673;11114;11113;11674;2408;2179;2409;2663
11672;11115;11114;11673;2407;2178;2408;2662
11005;11116;11115;11672;6997;2177;2407;6996
11090;11091;10867;11912;2201;6972;3150;7003
11671;11257;11258;11004;7002;1782;2037;7001
11003;11256;11257;11671;2038;1783;7002;7000
11002;11255;11256;11003;2039;1784;2038;2273
11001;11254;11255;11002;2040;1785;2039;2274
11000;11253;11254;11001;2041;1786;2040;2275
10999;11252;11253;11000;2042;1787;2041;2276
10998;11251;11252;10999;2043;1788;2042;2277
10997;11250;11251;10998;2044;1789;2043;2278
10996;11249;11250;10997;2045;1790;2044;2279
10995;11248;11249;10996;2046;1791;2045;2280
;;;;;;;
;;;;;;;
;;;;;;;
10994;11247;11248;10995;2047;1792;2046;2281
10993;11246;11247;10994;2048;1793;2047;2282
10992;11245;11246;10993;2049;1794;2048;2283
10991;11244;11245;10992;2050;1795;2049;2284
10990;11243;11244;10991;2051;1796;2050;2285
10989;11242;11243;10990;2052;1797;2051;2286
10988;11241;11242;10989;2053;1798;2052;2287
10987;11240;11241;10988;2054;1799;2053;2288
10986;11239;11240;10987;2055;1800;2054;2289
10985;11238;11239;10986;2056;1801;2055;2290
10984;11237;11238;10985;2057;1802;2056;2291
10983;11236;11237;10984;2058;1803;2057;2292
10982;11235;11236;10983;2059;1804;2058;2293
10981;11234;11235;10982;2060;1805;2059;2294
10980;11233;11234;10981;2061;1806;2060;2295
10979;11232;11233;10980;2062;1807;2061;2296
10978;11231;11232;10979;2063;1808;2062;2297
10977;11230;11231;10978;2064;1809;2063;2298
10976;11229;11230;10977;2065;1810;2064;2299
10975;11228;11229;10976;2066;1811;2065;2300
;;;;;;;
;;;;;;;
;;;;;;;
10974;11227;11228;10975;2067;1812;2066;2301
10973;11226;11227;10974;2068;1813;2067;2302
10972;11225;11226;10973;2069;1814;2068;2303
10971;11224;11225;10972;2070;1815;2069;2304
10970;11223;11224;10971;2071;1816;2070;2305
10969;11222;11223;10970;2072;1817;2071;2306
10968;11221;11222;10969;2073;1818;2072;2307
10967;11220;11221;10968;2074;1819;2073;2308
10966;11219;11220;10967;2075;1820;2074;2309
10965;11218;11219;10966;2076;1821;2075;2310
10964;11217;11218;10965;2077;1822;2076;2311
10963;11216;11217;10964;2078;1823;2077;2312
10962;11215;11216;10963;2079;1824;2078;2313
10961;11214;11215;10962;2080;1825;2079;6999
10961;11212;11213;11214;2081;1827;1826;2080
10960;11211;11212;10961;2082;1828;2081;2314
10959;11210;11211;10960;2083;1829;2082;2315
10958;11209;11210;10959;2084;1830;2083;2316
10957;11208;11209;10958;2085;1831;2084;2317
10956;11207;11208;10957;2086;1832;2085;2318
;;;;;;;
;;;;;;;
;;;;;;;
10955;11206;11207;10956;2087;1833;2086;2319
10954;11205;11206;10955;2088;1834;2087;2320
10953;11204;11205;10954;2089;1835;2088;2321
10952;11203;11204;10953;2090;1836;2089;2322
10951;11202;11203;10952;2091;1837;2090;2323
10950;11201;11202;10951;2092;1838;2091;2324
10949;11200;11201;10950;2093;1839;2092;2325
10948;11199;11200;10949;2094;1840;2093;2326
10947;11198;11199;10948;2095;1841;2094;2327
10946;11197;11198;10947;2096;1842;2095;2328
10945;11196;11197;10946;2097;1843;2096;2329
10944;11195;11196;10945;2098;1844;2097;2330
10943;11194;11195;10944;2099;1845;2098;2331
10942;11193;11194;10943;2100;1846;2099;2332
10941;11192;11193;10942;2101;1847;2100;2333
10940;11191;11192;10941;2102;1848;2101;2334
10939;11190;11191;10940;2103;1849;2102;2335
10938;11189;11190;10939;2104;1850;2103;2336
10937;11188;11189;10938;2105;1851;2104;2337
10936;11187;11188;10937;2106;1852;2105;2338
;;;;;;;
;;;;;;;
;;;;;;;
10935;11186;11187;10936;2107;1853;2106;2339
10934;11185;11186;10935;2108;1854;2107;2340
10933;11184;11185;10934;2109;1855;2108;2341
10932;11183;11184;10933;2110;1856;2109;2342
10931;11182;11183;10932;2111;1857;2110;2343
10930;11181;11182;10931;2112;1858;2111;2344
10929;11180;11181;10930;2113;1859;2112;2345
10928;11179;11180;10929;2114;1860;2113;2346
10927;11178;11179;10928;2115;1861;2114;2347
10926;11177;11178;10927;2116;1862;2115;2348
10925;11176;11177;10926;2117;1863;2116;2349
10924;11175;11176;10925;2118;1864;2117;2350
10923;11174;11175;10924;2119;1865;2118;2351
10922;11173;11174;10923;2120;1866;2119;2352
10921;11172;11173;10922;2121;1867;2120;2353
10920;11171;11172;10921;2122;1868;2121;2354
10919;11170;11171;10920;2123;1869;2122;2355
10918;11169;11170;10919;2124;1870;2123;2356
10917;11168;11169;10918;2125;1871;2124;2357
10916;11167;11168;10917;2126;1872;2125;2358
;;;;;;;
;;;;;;;
;;;;;;;
10915;11166;11167;10916;2127;1873;2126;2359
10914;11165;11166;10915;2128;1874;2127;2360
10913;11164;11165;10914;2129;1875;2128;2361
10912;11163;11164;10913;2130;1876;2129;2362
10911;11162;11163;10912;2131;1877;2130;2363
10910;11161;11162;10911;2132;1878;2131;2364
10909;11160;11161;10910;2133;1879;2132;2365
10908;11159;11160;10909;2134;1880;2133;2366
10907;11158;11159;10908;2135;1881;2134;2367
10906;11157;11158;10907;2136;1882;2135;2368
10905;11156;11157;10906;2137;1883;2136;2369
10904;11155;11156;10905;2138;1884;2137;2370
10903;11154;11155;10904;2139;1885;2138;2371
10902;11153;11154;10903;2140;1886;2139;2372
10901;11152;11153;10902;2141;1887;2140;2373
10900;11151;11152;10901;2142;1888;2141;2374
10899;11150;11151;10900;2143;1889;2142;2375
10898;11149;11150;10899;2144;1890;2143;2376
10897;11148;11149;10898;2145;1891;2144;2377
10896;11147;11148;10897;2146;1892;2145;2378
;;;;;;;
;;;;;;;
;;;;;;;
10895;11146;11147;10896;2147;1893;2146;2379
10894;11145;11146;10895;2148;1894;2147;2380
10893;11144;11145;10894;2149;1895;2148;2381
10892;11143;11144;10893;2150;1896;2149;2382
10891;11142;11143;10892;2151;1897;2150;2383
10890;11141;11142;10891;2152;1898;2151;2384
10889;11140;11141;10890;2153;1899;2152;2385
10888;11139;11140;10889;2154;1900;2153;2386
10887;11138;11139;10888;2155;1901;2154;2387
10886;11137;11138;10887;2156;1902;2155;2388
10885;11136;11137;10886;2157;1903;2156;2389
10884;11135;11136;10885;2158;1904;2157;2390
10883;11134;11135;10884;2159;1905;2158;2391
10882;11133;11134;10883;2160;1906;2159;2392
10881;11132;11133;10882;2161;1907;2160;2393
10880;11131;11132;10881;2162;1908;2161;2394
10879;11130;11131;10880;2163;1909;2162;2395
10878;11129;11130;10879;2164;1910;2163;2396
10877;11128;11129;10878;2165;1911;2164;2397
10876;11127;11128;10877;2166;1912;2165;2398
;;;;;;;
;;;;;;;
;;;;;;;
10875;11126;11127;10876;2167;1913;2166;2399
10874;11125;11126;10875;2168;1914;2167;2400
10873;11124;11125;10874;2169;1915;2168;2401
10872;11123;11124;10873;2170;1916;2169;2402
10871;11122;11123;10872;2171;1917;2170;2403
10870;11121;11122;10871;2172;1918;2171;2404
10869;11120;11121;10870;2173;1919;2172;2405
10868;11119;11120;10869;2174;1920;2173;2406
11092;11118;11119;10868;2175;1921;2174;6998
11092;11363;11362;11118;1948;1678;1922;2175
11093;11364;11363;11092;1947;1677;1948;2200
11094;11365;11364;11093;1946;1676;1947;2199
11095;11366;11365;11094;1945;1675;1946;2198
11096;11367;11366;11095;1944;1674;1945;2197
11097;11368;11367;11096;1943;1673;1944;2196
11098;11369;11368;11097;1942;1672;1943;2195
11099;11370;11369;11098;1941;1671;1942;2194
11100;11371;11370;11099;1940;1670;1941;2193
11101;11372;11371;11100;1939;1669;1940;2192
11102;11373;11372;11101;1938;1668;1939;2191
;;;;;;;
;;;;;;;
;;;;;;;
11103;11374;11373;11102;1937;1667;1938;2190
11104;11375;11374;11103;1936;1666;1937;2189
11105;11376;11375;11104;1935;1665;1936;2188
11106;11377;11376;11105;1934;1664;1935;2187
11107;11378;11377;11106;1933;1663;1934;2186
11108;11379;11378;11107;1932;1662;1933;2185
11109;11380;11379;11108;1931;1661;1932;2184
11110;11381;11380;11109;1930;1660;1931;2183
11111;11382;11381;11110;1929;1659;1930;2182
11112;11383;11382;11111;1928;1658;1929;2181
11113;11384;11383;11112;1927;1657;1928;2180
11114;11385;11384;11113;1926;1656;1927;2179
11115;11386;11385;11114;1925;1655;1926;2178
11116;11387;11386;11115;1924;1654;1925;2177
11116;11117;11388;11387;2176;1923;1653;1924
11005;11259;11117;11116;2036;6968;2176;6997
11006;11260;11259;11005;2035;1780;2036;6995
10856;11261;11260;11006;6993;1779;2035;2525
11007;11262;11261;10856;2034;1778;6993;6994
10857;11263;11262;11007;6991;1777;2034;2523
;;;;;;;
;;;;;;;
;;;;;;;
11008;11264;11263;10857;2033;1776;6991;6992
10858;11265;11264;11008;6989;1775;2033;2521
11009;11266;11265;10858;2032;1774;6989;6990
10859;11267;11266;11009;6987;1773;2032;2519
11010;11268;11267;10859;2031;1772;6987;6988
10860;11269;11268;11010;6985;1771;2031;2517
11011;11270;11269;10860;2030;1770;6985;6986
10861;11271;11270;11011;6983;1769;2030;2515
11012;11272;11271;10861;2029;1768;6983;6984
10862;11273;11272;11012;6981;1767;2029;2513
11013;11274;11273;10862;2028;1766;6981;6982
10863;11275;11274;11013;6979;1765;2028;2511
11014;11276;11275;10863;2027;1764;6979;6980
10864;11277;11276;11014;6977;1763;2027;2509
11015;11278;11277;10864;2026;1762;6977;6978
10865;11279;11278;11015;6975;1761;2026;2507
11016;11280;11279;10865;2025;1760;6975;6976
10866;11281;11280;11016;6973;1759;2025;2505
11017;11282;11281;10866;2024;1758;6973;6974
10867;11283;11282;11017;6971;1757;2024;2503
;;;;;;;
;;;;;;;
;;;;;;;
11091;11284;11283;10867;2023;1756;6971;6972
11091;11360;11361;11284;1949;1679;1755;2023
11090;11359;11360;11091;1950;1680;1949;2201
11089;11358;11359;11090;1951;1681;1950;2202
11088;11357;11358;11089;1952;1682;1951;2203
11087;11356;11357;11088;1953;1683;1952;2204
11086;11355;11356;11087;1954;1684;1953;2205
11085;11354;11355;11086;1955;1685;1954;2206
11084;11353;11354;11085;1956;1686;1955;2207
11083;11352;11353;11084;1957;1687;1956;2208
11082;11351;11352;11083;1958;1688;1957;2209
11081;11350;11351;11082;1959;1689;1958;2210
11080;11349;11350;11081;1960;1690;1959;2211
11079;11348;11349;11080;1961;1691;1960;2212
11078;11347;11348;11079;1962;1692;1961;2213
11077;11346;11347;11078;1963;1693;1962;2214
11076;11345;11346;11077;1964;1694;1963;2215
11075;11344;11345;11076;1965;1695;1964;2216
11074;11343;11344;11075;1966;1696;1965;2217
11073;11342;11343;11074;1967;1697;1966;2218
;;;;;;;
;;;;;;;
;;;;;;;
11072;11341;11342;11073;1968;1698;1967;2219
11071;11340;11341;11072;1969;1699;1968;2220
11070;11339;11340;11071;1970;1700;1969;2221
11069;11338;11339;11070;1971;1701;1970;2222
11068;11337;11338;11069;1972;1702;1971;2223
11067;11336;11337;11068;1973;1703;1972;2224
11066;11335;11336;11067;1974;1704;1973;2225
11065;11334;11335;11066;1975;1705;1974;2226
11064;11333;11334;11065;1976;1706;1975;2227
11063;11332;11333;11064;1977;1707;1976;2228
11062;11331;11332;11063;1978;1708;1977;2229
11061;11330;11331;11062;1979;1709;1978;2230
11060;11329;11330;11061;1980;1710;1979;2231
11059;11328;11329;11060;1981;1711;1980;2232
11058;11327;11328;11059;1982;1712;1981;2233
11057;11326;11327;11058;1983;1713;1982;2234
11056;11325;11326;11057;1984;1714;1983;2235
11055;11324;11325;11056;1985;1715;1984;2236
11054;11323;11324;11055;1986;1716;1985;2237
11053;11322;11323;11054;1987;1717;1986;2238
;;;;;;;
;;;;;;;
;;;;;;;
11052;11321;11322;11053;1988;1718;1987;2239
11051;11320;11321;11052;1989;1719;1988;2240
11050;11319;11320;11051;1990;1720;1989;2241
11049;11318;11319;11050;1991;1721;1990;2242
11048;11317;11318;11049;1992;1722;1991;2243
11047;11316;11317;11048;1993;1723;1992;2244
11046;11315;11316;11047;1994;1724;1993;2245
11045;11314;11315;11046;1995;1725;1994;2246
11044;11313;11314;11045;1996;1726;1995;2247
11043;11312;11313;11044;1997;1727;1996;2248
11042;11311;11312;11043;1998;1728;1997;2249
11041;11310;11311;11042;1999;1729;1998;2250
11040;11309;11310;11041;2000;1730;1999;2251
11039;11308;11309;11040;2001;1731;2000;2252
11038;11307;11308;11039;2002;1732;2001;2253
11037;11306;11307;11038;2003;1733;2002;2254
11036;11305;11306;11037;2004;1734;2003;2255
11035;11304;11305;11036;2005;1735;2004;2256
11034;11303;11304;11035;2006;1736;2005;2257
11033;11302;11303;11034;2007;1737;2006;2258
;;;;;;;
;;;;;;;
;;;;;;;
11032;11301;11302;11033;2008;1738;2007;2259
11031;11300;11301;11032;2009;1739;2008;2260
11030;11299;11300;11031;2010;1740;2009;2261
11029;11298;11299;11030;2011;1741;2010;2262
11028;11297;11298;11029;2012;1742;2011;2263
11027;11296;11297;11028;2013;1743;2012;2264
11026;11295;11296;11027;2014;1744;2013;2265
11025;11294;11295;11026;2015;1745;2014;2266
11024;11293;11294;11025;2016;1746;2015;2267
11023;11292;11293;11024;2017;1747;2016;2268
11022;11291;11292;11023;2018;1748;2017;2269
11021;11290;11291;11022;2019;1749;2018;2270
11020;11289;11290;11021;2020;1750;2019;2271
11019;11288;11289;11020;2021;1751;2020;2272
11018;11287;11288;11019;2022;1752;2021;6970
11004;11286;11287;11018;6969;1753;2022;2502
11258;11285;11286;11004;1781;1754;6969;2037
11212;11484;11485;11213;1557;1281;1556;1827
11211;11483;11484;11212;1558;1282;1557;1828
11210;11482;11483;11211;1559;1283;1558;1829
;;;;;;;
;;;;;;;
;;;;;;;
11209;11481;11482;11210;1560;1284;1559;1830
11208;11480;11481;11209;1561;1285;1560;1831
11207;11479;11480;11208;1562;1286;1561;1832
11206;11478;11479;11207;1563;1287;1562;1833
11205;11477;11478;11206;1564;1288;1563;1834
11204;11476;11477;11205;1565;1289;1564;1835
11203;11475;11476;11204;1566;1290;1565;1836
11202;11474;11475;11203;1567;1291;1566;1837
11201;11473;11474;11202;1568;1292;1567;1838
11200;11472;11473;11201;1569;1293;1568;1839
11199;11471;11472;11200;1570;1294;1569;1840
11198;11470;11471;11199;1571;1295;1570;1841
11197;11469;11470;11198;1572;1296;1571;1842
11196;11468;11469;11197;1573;1297;1572;1843
11195;11467;11468;11196;1574;1298;1573;1844
11194;11466;11467;11195;1575;1299;1574;1845
11193;11465;11466;11194;1576;1300;1575;1846
11192;11464;11465;11193;1577;1301;1576;1847
11191;11463;11464;11192;1578;1302;1577;1848
11190;11462;11463;11191;1579;1303;1578;1849
;;;;;;;
;;;;;;;
;;;;;;;
11189;11461;11462;11190;1580;1304;1579;1850
11188;11460;11461;11189;1581;1305;1580;1851
11187;11459;11460;11188;1582;1306;1581;1852
11186;11458;11459;11187;1583;1307;1582;1853
11185;11457;11458;11186;1584;1308;1583;1854
11184;11456;11457;11185;1585;1309;1584;1855
11183;11455;11456;11184;1586;1310;1585;1856
11182;11454;11455;11183;1587;1311;1586;1857
11181;11453;11454;11182;1588;1312;1587;1858
11180;11452;11453;11181;1589;1313;1588;1859
11179;11451;11452;11180;1590;1314;1589;1860
11178;11450;11451;11179;1591;1315;1590;1861
11177;11449;11450;11178;1592;1316;1591;1862
11176;11448;11449;11177;1593;1317;1592;1863
11175;11447;11448;11176;1594;1318;1593;1864
11174;11446;11447;11175;1595;1319;1594;1865
11173;11445;11446;11174;1596;1320;1595;1866
11172;11444;11445;11173;1597;1321;1596;1867
11171;11443;11444;11172;1598;1322;1597;1868
11170;11442;11443;11171;1599;1323;1598;1869
;;;;;;;
;;;;;;;
;;;;;;;
11169;11441;11442;11170;1600;1324;1599;1870
11168;11440;11441;11169;1601;1325;1600;1871
11167;11439;11440;11168;1602;1326;1601;1872
11166;11438;11439;11167;1603;1327;1602;1873
11165;11437;11438;11166;1604;1328;1603;1874
11164;11436;11437;11165;1605;1329;1604;1875
11163;11435;11436;11164;1606;1330;1605;1876
11162;11434;11435;11163;1607;1331;1606;1877
11161;11433;11434;11162;1608;1332;1607;1878
11160;11432;11433;11161;1609;1333;1608;1879
11159;11431;11432;11160;1610;1334;1609;1880
11158;11430;11431;11159;1611;1335;1610;1881
11157;11429;11430;11158;1612;1336;1611;1882
11156;11428;11429;11157;1613;1337;1612;1883
11155;11427;11428;11156;1614;1338;1613;1884
11154;11426;11427;11155;1615;1339;1614;1885
11153;11425;11426;11154;1616;1340;1615;1886
11152;11424;11425;11153;1617;1341;1616;1887
11151;11423;11424;11152;1618;1342;1617;1888
11150;11422;11423;11151;1619;1343;1618;1889
;;;;;;;
;;;;;;;
;;;;;;;
11149;11421;11422;11150;1620;1344;1619;1890
11148;11420;11421;11149;1621;1345;1620;1891
11147;11419;11420;11148;1622;1346;1621;1892
11146;11418;11419;11147;1623;1347;1622;1893
11145;11417;11418;11146;1624;1348;1623;1894
11144;11416;11417;11145;1625;1349;1624;1895
11143;11415;11416;11144;1626;1350;1625;1896
11142;11414;11415;11143;1627;1351;1626;1897
11141;11413;11414;11142;1628;1352;1627;1898
11140;11412;11413;11141;1629;1353;1628;1899
11139;11411;11412;11140;1630;1354;1629;1900
11138;11410;11411;11139;1631;1355;1630;1901
11137;11409;11410;11138;1632;1356;1631;1902
11136;11408;11409;11137;1633;1357;1632;1903
11135;11407;11408;11136;1634;1358;1633;1904
11134;11406;11407;11135;1635;1359;1634;1905
11133;11405;11406;11134;1636;1360;1635;1906
11132;11404;11405;11133;1637;1361;1636;1907
11131;11403;11404;11132;1638;1362;1637;1908
11130;11402;11403;11131;1639;1363;1638;1909
;;;;;;;
;;;;;;;
;;;;;;;
11129;11401;11402;11130;1640;1364;1639;1910
11128;11400;11401;11129;1641;1365;1640;1911
11127;11399;11400;11128;1642;1366;1641;1912
11126;11398;11399;11127;1643;1367;1642;1913
11125;11397;11398;11126;1644;1368;1643;1914
11124;11396;11397;11125;1645;1369;1644;1915
11123;11395;11396;11124;1646;1370;1645;1916
11122;11394;11395;11123;1647;1371;1646;1917
11121;11393;11394;11122;1648;1372;1647;1918
11120;11392;11393;11121;1649;1373;1648;1919
11119;11391;11392;11120;1650;1374;1649;1920
11118;11390;11391;11119;1651;1375;1650;1921
11362;11389;11390;11118;1652;1376;1651;1922
11362;11670;11641;11389;6966;6965;1377;1652
11363;11642;11670;11362;1403;6964;6966;1678
11364;11643;11642;11363;1402;1124;1403;1677
11365;11644;11643;11364;1401;1123;1402;1676
11366;11645;11644;11365;1400;1122;1401;1675
11367;11646;11645;11366;1399;1121;1400;1674
11368;11647;11646;11367;1398;1120;1399;1673
;;;;;;;
;;;;;;;
;;;;;;;
11369;11648;11647;11368;1397;1119;1398;1672
11370;11649;11648;11369;1396;1118;1397;1671
11371;11650;11649;11370;1395;1117;1396;1670
11372;11651;11650;11371;1394;1116;1395;1669
11373;11652;11651;11372;1393;1115;1394;1668
11374;11653;11652;11373;1392;1114;1393;1667
11375;11654;11653;11374;1391;1113;1392;1666
11376;11655;11654;11375;1390;1112;1391;1665
11377;11656;11655;11376;1389;1111;1390;1664
11378;11657;11656;11377;1388;1110;1389;1663
11379;11658;11657;11378;1387;1109;1388;1662
11380;11659;11658;11379;1386;1108;1387;1661
11381;11660;11659;11380;1385;1107;1386;1660
11382;11661;11660;11381;1384;1106;1385;1659
11383;11662;11661;11382;1383;1105;1384;1658
11384;11663;11662;11383;1382;1104;1383;1657
11385;11664;11663;11384;1381;1103;1382;1656
11386;11665;11664;11385;1380;1102;1381;1655
11387;11666;11665;11386;1379;1101;1380;1654
11388;11667;11666;11387;1378;1100;1379;1653
;;;;;;;
;;;;;;;
;;;;;;;
11388;11534;11668;11667;1508;1231;1099;1378
11117;11535;11534;11388;6967;1230;1508;1923
11259;11536;11535;11117;1507;6962;6967;6968
11260;11537;11536;11259;1506;1229;1507;1780
11261;11538;11537;11260;1505;1228;1506;1779
11262;11539;11538;11261;1504;1227;1505;1778
11263;11540;11539;11262;1503;1226;1504;1777
11264;11541;11540;11263;1502;1225;1503;1776
11265;11542;11541;11264;1501;1224;1502;1775
11266;11543;11542;11265;1500;1223;1501;1774
11267;11544;11543;11266;1499;1222;1500;1773
11268;11545;11544;11267;1498;1221;1499;1772
11269;11546;11545;11268;1497;1220;1498;1771
11270;11547;11546;11269;1496;1219;1497;1770
11271;11548;11547;11270;1495;1218;1496;1769
11272;11549;11548;11271;1494;1217;1495;1768
11273;11550;11549;11272;1493;1216;1494;1767
11274;11551;11550;11273;1492;1215;1493;1766
11275;11552;11551;11274;1491;1214;1492;1765
11276;11553;11552;11275;1490;1213;1491;1764
;;;;;;;
;;;;;;;
;;;;;;;
11277;11554;11553;11276;1489;1212;1490;1763
11278;11555;11554;11277;1488;1211;1489;1762
11279;11556;11555;11278;1487;1210;1488;1761
11280;11557;11556;11279;1486;1209;1487;1760
11281;11558;11557;11280;1485;1208;1486;1759
11282;11559;11558;11281;1484;1207;1485;1758
11283;11560;11559;11282;1483;1206;1484;1757
11284;11561;11560;11283;1482;1205;1483;1756
11361;11562;11561;11284;1481;1204;1482;1755
11361;11640;11669;11562;1404;6959;6961;1481
11360;11639;11640;11361;1405;1126;1404;1679
11359;11638;11639;11360;1406;1127;1405;1680
11358;11637;11638;11359;1407;1128;1406;1681
11357;11636;11637;11358;1408;1129;1407;1682
11356;11635;11636;11357;1409;1130;1408;1683
11355;11634;11635;11356;1410;1131;1409;1684
11354;11633;11634;11355;1411;1132;1410;1685
11353;11632;11633;11354;1412;1133;1411;1686
11352;11631;11632;11353;1413;1134;1412;1687
11351;11630;11631;11352;1414;1135;1413;1688
;;;;;;;
;;;;;;;
;;;;;;;
11350;11629;11630;11351;1415;1136;1414;1689
11349;11628;11629;11350;1416;1137;1415;1690
11348;11627;11628;11349;1417;1138;1416;1691
11347;11626;11627;11348;1418;1139;1417;1692
11346;11625;11626;11347;1419;1140;1418;1693
11345;11624;11625;11346;1420;1141;1419;1694
11344;11623;11624;11345;1421;1142;1420;1695
11343;11622;11623;11344;1422;1143;1421;1696
11342;11621;11622;11343;1423;1144;1422;1697
11341;11620;11621;11342;1424;1145;1423;1698
11340;11619;11620;11341;1425;1146;1424;1699
11339;11618;11619;11340;1426;1147;1425;1700
11338;11617;11618;11339;1427;1148;1426;1701
11337;11616;11617;11338;1428;1149;1427;1702
11336;11615;11616;11337;1429;1150;1428;1703
11335;11614;11615;11336;1430;1151;1429;1704
11334;11613;11614;11335;1431;1152;1430;1705
11333;11612;11613;11334;1432;1153;1431;1706
11332;11611;11612;11333;1433;1154;1432;1707
11331;11610;11611;11332;1434;1155;1433;1708
;;;;;;;
;;;;;;;
;;;;;;;
11330;11609;11610;11331;1435;1156;1434;1709
11329;11608;11609;11330;1436;1157;1435;1710
11328;11607;11608;11329;1437;1158;1436;1711
11327;11606;11607;11328;1438;1159;1437;1712
11326;11605;11606;11327;1439;1160;1438;1713
11325;11604;11605;11326;1440;1161;1439;1714
11324;11603;11604;11325;1441;1162;1440;1715
11323;11602;11603;11324;1442;1163;1441;1716
11322;11601;11602;11323;1443;1164;1442;1717
11321;11600;11601;11322;1444;1165;1443;1718
11320;11599;11600;11321;1445;1166;1444;1719
11319;11598;11599;11320;1446;1167;1445;1720
11318;11597;11598;11319;1447;1168;1446;1721
11317;11596;11597;11318;1448;1169;1447;1722
11316;11595;11596;11317;1449;1170;1448;1723
11315;11594;11595;11316;1450;1171;1449;1724
11314;11593;11594;11315;1451;1172;1450;1725
11313;11592;11593;11314;1452;1173;1451;1726
11312;11591;11592;11313;1453;1174;1452;1727
11311;11590;11591;11312;1454;1175;1453;1728
;;;;;;;
;;;;;;;
;;;;;;;
11310;11589;11590;11311;1455;1176;1454;1729
11309;11588;11589;11310;1456;1177;1455;1730
11308;11587;11588;11309;1457;1178;1456;1731
11307;11586;11587;11308;1458;1179;1457;1732
11306;11585;11586;11307;1459;1180;1458;1733
11305;11584;11585;11306;1460;1181;1459;1734
11304;11583;11584;11305;1461;1182;1460;1735
11303;11582;11583;11304;1462;1183;1461;1736
11302;11581;11582;11303;1463;1184;1462;1737
11301;11580;11581;11302;1464;1185;1463;1738
11300;11579;11580;11301;1465;1186;1464;1739
11299;11578;11579;11300;1466;1187;1465;1740
11298;11577;11578;11299;1467;1188;1466;1741
11297;11576;11577;11298;1468;1189;1467;1742
11296;11575;11576;11297;1469;1190;1468;1743
11295;11574;11575;11296;1470;1191;1469;1744
11294;11573;11574;11295;1471;1192;1470;1745
11293;11572;11573;11294;1472;1193;1471;1746
11292;11571;11572;11293;1473;1194;1472;1747
11291;11570;11571;11292;1474;1195;1473;1748
;;;;;;;
;;;;;;;
;;;;;;;
11290;11569;11570;11291;1475;1196;1474;1749
11289;11568;11569;11290;1476;1197;1475;1750
11288;11567;11568;11289;1477;1198;1476;1751
11287;11566;11567;11288;1478;1199;1477;1752
11286;11565;11566;11287;1479;1200;1478;1753
11285;11564;11565;11286;1480;1201;1479;1754
11285;11533;11563;11564;1509;1232;1202;1480
11258;11532;11533;11285;1510;1233;1509;1781
11257;11531;11532;11258;1511;1234;1510;1782
11256;11530;11531;11257;1512;1235;1511;1783
11255;11529;11530;11256;1513;1236;1512;1784
11254;11528;11529;11255;1514;1237;1513;1785
11253;11527;11528;11254;1515;1238;1514;1786
11252;11526;11527;11253;1516;1239;1515;1787
11251;11525;11526;11252;1517;1240;1516;1788
11250;11524;11525;11251;1518;1241;1517;1789
11249;11523;11524;11250;1519;1242;1518;1790
11248;11522;11523;11249;1520;1243;1519;1791
11247;11521;11522;11248;1521;1244;1520;1792
11246;11520;11521;11247;1522;1245;1521;1793
;;;;;;;
;;;;;;;
;;;;;;;
11245;11519;11520;11246;1523;1246;1522;1794
11244;11518;11519;11245;1524;1247;1523;1795
11243;11517;11518;11244;1525;1248;1524;1796
11242;11516;11517;11243;1526;1249;1525;1797
11241;11515;11516;11242;1527;1250;1526;1798
11240;11514;11515;11241;1528;1251;1527;1799
11239;11513;11514;11240;1529;1252;1528;1800
11238;11512;11513;11239;1530;1253;1529;1801
11237;11511;11512;11238;1531;1254;1530;1802
11236;11510;11511;11237;1532;1255;1531;1803
11235;11509;11510;11236;1533;1256;1532;1804
11234;11508;11509;11235;1534;1257;1533;1805
11233;11507;11508;11234;1535;1258;1534;1806
11232;11506;11507;11233;1536;1259;1535;1807
11231;11505;11506;11232;1537;1260;1536;1808
11230;11504;11505;11231;1538;1261;1537;1809
11229;11503;11504;11230;1539;1262;1538;1810
11228;11502;11503;11229;1540;1263;1539;1811
11227;11501;11502;11228;1541;1264;1540;1812
11226;11500;11501;11227;1542;1265;1541;1813
;;;;;;;
;;;;;;;
;;;;;;;
11225;11499;11500;11226;1543;1266;1542;1814
11224;11498;11499;11225;1544;1267;1543;1815
11223;11497;11498;11224;1545;1268;1544;1816
11222;11496;11497;11223;1546;1269;1545;1817
11221;11495;11496;11222;1547;1270;1546;1818
11220;11494;11495;11221;1548;1271;1547;1819
11219;11493;11494;11220;1549;1272;1548;1820
11218;11492;11493;11219;1550;1273;1549;1821
11217;11491;11492;11218;1551;1274;1550;1822
11216;11490;11491;11217;1552;1275;1551;1823
11215;11489;11490;11216;1553;1276;1552;1824
11214;11488;11489;11215;1554;1277;1553;1825
11213;11487;11488;11214;1555;1278;1554;1826
11485;11486;11487;11213;6957;1279;1555;1556
11670;230;228;11641;6963;229;845;6965
11642;232;230;11670;844;231;6963;6964
11643;234;232;11642;843;233;844;1124
11644;236;234;11643;842;235;843;1123
11645;238;236;11644;841;237;842;1122
11646;240;238;11645;840;239;841;1121
;;;;;;;
;;;;;;;
;;;;;;;
11647;242;240;11646;839;241;840;1120
11648;244;242;11647;838;243;839;1119
11649;246;244;11648;837;245;838;1118
11650;248;246;11649;836;247;837;1117
11651;250;248;11650;835;249;836;1116
11652;252;250;11651;834;251;835;1115
11653;254;252;11652;833;253;834;1114
11654;256;254;11653;832;255;833;1113
11655;258;256;11654;831;257;832;1112
11656;260;258;11655;830;259;831;1111
11657;262;260;11656;829;261;830;1110
11658;264;262;11657;828;263;829;1109
11659;266;264;11658;827;265;828;1108
11660;268;266;11659;826;267;827;1107
11661;270;268;11660;825;269;826;1106
11662;272;270;11661;824;271;825;1105
11663;274;272;11662;823;273;824;1104
11664;276;274;11663;822;275;823;1103
11665;278;276;11664;821;277;822;1102
11666;280;278;11665;820;279;821;1101
;;;;;;;
;;;;;;;
;;;;;;;
11667;282;280;11666;819;281;820;1100
11668;284;282;11667;818;283;819;1099
11537;172;170;11536;949;171;950;1229
11536;170;168;11535;950;169;951;6962
11535;168;166;11534;951;167;952;1230
11534;166;164;11668;952;165;1098;1231
11668;164;162;284;1098;163;285;818
11538;174;172;11537;948;173;949;1228
11539;176;174;11538;947;175;948;1227
11540;178;176;11539;946;177;947;1226
11541;180;178;11540;945;179;946;1225
11542;182;180;11541;944;181;945;1224
11543;184;182;11542;943;183;944;1223
11544;186;184;11543;942;185;943;1222
11545;188;186;11544;941;187;942;1221
11546;190;188;11545;940;189;941;1220
11547;192;190;11546;939;191;940;1219
11548;194;192;11547;938;193;939;1218
11549;196;194;11548;937;195;938;1217
11550;198;196;11549;936;197;937;1216
;;;;;;;
;;;;;;;
;;;;;;;
11551;200;198;11550;935;199;936;1215
11552;202;200;11551;934;201;935;1214
11553;204;202;11552;933;203;934;1213
11554;206;204;11553;932;205;933;1212
11555;208;206;11554;931;207;932;1211
11556;210;208;11555;930;209;931;1210
11557;212;210;11556;929;211;930;1209
11558;214;212;11557;928;213;929;1208
11559;216;214;11558;927;215;928;1207
11560;218;216;11559;926;217;927;1206
11561;220;218;11560;925;219;926;1205
11562;222;220;11561;924;221;925;1204
11669;224;222;11562;6960;223;924;6961
11669;160;2;224;6958;161;225;6960
11640;158;160;11669;846;159;6958;6959
11639;156;158;11640;847;157;846;1126
11638;154;156;11639;848;155;847;1127
11637;152;154;11638;849;153;848;1128
11636;150;152;11637;850;151;849;1129
11635;148;150;11636;851;149;850;1130
;;;;;;;
;;;;;;;
;;;;;;;
11634;146;148;11635;852;147;851;1131
11633;144;146;11634;853;145;852;1132
11632;142;144;11633;854;143;853;1133
11631;140;142;11632;855;141;854;1134
11630;138;140;11631;856;139;855;1135
11629;136;138;11630;857;137;856;1136
11628;134;136;11629;858;135;857;1137
11627;132;134;11628;859;133;858;1138
11626;130;132;11627;860;131;859;1139
11625;128;130;11626;861;129;860;1140
11624;126;128;11625;862;127;861;1141
11623;124;126;11624;863;125;862;1142
11622;122;124;11623;864;123;863;1143
11621;120;122;11622;865;121;864;1144
11620;118;120;11621;866;119;865;1145
11619;116;118;11620;867;117;866;1146
11618;114;116;11619;868;115;867;1147
11617;112;114;11618;869;113;868;1148
11616;110;112;11617;870;111;869;1149
11615;108;110;11616;871;109;870;1150
;;;;;;;
;;;;;;;
;;;;;;;
11614;106;108;11615;872;107;871;1151
11613;104;106;11614;873;105;872;1152
11612;102;104;11613;874;103;873;1153
11611;100;102;11612;875;101;874;1154
11610;98;100;11611;876;99;875;1155
11609;96;98;11610;877;97;876;1156
11608;94;96;11609;878;95;877;1157
11607;92;94;11608;879;93;878;1158
11606;90;92;11607;880;91;879;1159
11605;88;90;11606;881;89;880;1160
11604;86;88;11605;882;87;881;1161
11603;84;86;11604;883;85;882;1162
11602;82;84;11603;884;83;883;1163
11601;80;82;11602;885;81;884;1164
11600;78;80;11601;886;79;885;1165
11599;76;78;11600;887;77;886;1166
11598;74;76;11599;888;75;887;1167
11597;72;74;11598;889;73;888;1168
11596;70;72;11597;890;71;889;1169
11595;68;70;11596;891;69;890;1170
;;;;;;;
;;;;;;;
;;;;;;;
11594;66;68;11595;892;67;891;1171
11593;64;66;11594;893;65;892;1172
11592;62;64;11593;894;63;893;1173
11591;60;62;11592;895;61;894;1174
11590;58;60;11591;896;59;895;1175
11589;56;58;11590;897;57;896;1176
11588;54;56;11589;898;55;897;1177
11587;52;54;11588;899;53;898;1178
11586;50;52;11587;900;51;899;1179
11585;48;50;11586;901;49;900;1180
11584;46;48;11585;902;47;901;1181
11583;44;46;11584;903;45;902;1182
11582;42;44;11583;904;43;903;1183
11581;40;42;11582;905;41;904;1184
11580;38;40;11581;906;39;905;1185
11579;36;38;11580;907;37;906;1186
11578;34;36;11579;908;35;907;1187
11577;32;34;11578;909;33;908;1188
11576;30;32;11577;910;31;909;1189
11575;28;30;11576;911;29;910;1190
;;;;;;;
;;;;;;;
;;;;;;;
11574;26;28;11575;912;27;911;1191
11573;24;26;11574;913;25;912;1192
11572;22;24;11573;914;23;913;1193
11571;20;22;11572;915;21;914;1194
11570;18;20;11571;916;19;915;1195
11569;16;18;11570;917;17;916;1196
11568;14;16;11569;918;15;917;1197
11567;12;14;11568;919;13;918;1198
11566;10;12;11567;920;11;919;1199
11565;8;10;11566;921;9;920;1200
11564;6;8;11565;922;7;921;1201
11563;4;6;11564;923;5;922;1202
11563;583;1;4;1203;584;3;923
11533;581;583;11563;953;582;1203;1232
11532;579;581;11533;954;580;953;1233
11531;577;579;11532;955;578;954;1234
11530;575;577;11531;956;576;955;1235
11529;573;575;11530;957;574;956;1236
11528;571;573;11529;958;572;957;1237
11527;569;571;11528;959;570;958;1238
;;;;;;;
;;;;;;;
;;;;;;;
11526;567;569;11527;960;568;959;1239
11525;565;567;11526;961;566;960;1240
11524;563;565;11525;962;564;961;1241
11523;561;563;11524;963;562;962;1242
11522;559;561;11523;964;560;963;1243
11521;557;559;11522;965;558;964;1244
11520;555;557;11521;966;556;965;1245
11519;553;555;11520;967;554;966;1246
11518;551;553;11519;968;552;967;1247
11517;549;551;11518;969;550;968;1248
11516;547;549;11517;970;548;969;1249
11515;545;547;11516;971;546;970;1250
11514;543;545;11515;972;544;971;1251
11513;541;543;11514;973;542;972;1252
11512;539;541;11513;974;540;973;1253
11511;537;539;11512;975;538;974;1254
11510;535;537;11511;976;536;975;1255
11509;533;535;11510;977;534;976;1256
11508;531;533;11509;978;532;977;1257
11507;529;531;11508;979;530;978;1258
;;;;;;;
;;;;;;;
;;;;;;;
11506;527;529;11507;980;528;979;1259
11505;525;527;11506;981;526;980;1260
11504;523;525;11505;982;524;981;1261
11503;521;523;11504;983;522;982;1262
11502;519;521;11503;984;520;983;1263
11501;517;519;11502;985;518;984;1264
11500;515;517;11501;986;516;985;1265
11499;513;515;11500;987;514;986;1266
11498;511;513;11499;988;512;987;1267
11497;509;511;11498;989;510;988;1268
11496;507;509;11497;990;508;989;1269
11495;505;507;11496;991;506;990;1270
11494;503;505;11495;992;504;991;1271
11493;501;503;11494;993;502;992;1272
11492;499;501;11493;994;500;993;1273
11491;497;499;11492;995;498;994;1274
11490;495;497;11491;996;496;995;1275
11489;493;495;11490;997;494;996;1276
11488;491;493;11489;998;492;997;1277
11487;489;491;11488;999;490;998;1278
;;;;;;;
;;;;;;;
;;;;;;;
11486;487;489;11487;1000;488;999;1279
11486;484;286;487;1280;485;486;1000
11485;482;484;11486;1001;483;1280;6957
11484;480;482;11485;1002;481;1001;1281
11483;478;480;11484;1003;479;1002;1282
11482;476;478;11483;1004;477;1003;1283
11481;474;476;11482;1005;475;1004;1284
11480;472;474;11481;1006;473;1005;1285
11479;470;472;11480;1007;471;1006;1286
11478;468;470;11479;1008;469;1007;1287
11477;466;468;11478;1009;467;1008;1288
11476;464;466;11477;1010;465;1009;1289
11475;462;464;11476;1011;463;1010;1290
11474;460;462;11475;1012;461;1011;1291
11473;458;460;11474;1013;459;1012;1292
11472;456;458;11473;1014;457;1013;1293
11471;454;456;11472;1015;455;1014;1294
11470;452;454;11471;1016;453;1015;1295
11469;450;452;11470;1017;451;1016;1296
11468;448;450;11469;1018;449;1017;1297
;;;;;;;
;;;;;;;
;;;;;;;
11467;446;448;11468;1019;447;1018;1298
11466;444;446;11467;1020;445;1019;1299
11465;442;444;11466;1021;443;1020;1300
11464;440;442;11465;1022;441;1021;1301
11463;438;440;11464;1023;439;1022;1302
11462;436;438;11463;1024;437;1023;1303
11461;434;436;11462;1025;435;1024;1304
11460;432;434;11461;1026;433;1025;1305
11459;430;432;11460;1027;431;1026;1306
11458;428;430;11459;1028;429;1027;1307
11457;426;428;11458;1029;427;1028;1308
11456;424;426;11457;1030;425;1029;1309
11455;422;424;11456;1031;423;1030;1310
11454;420;422;11455;1032;421;1031;1311
11453;418;420;11454;1033;419;1032;1312
11452;416;418;11453;1034;417;1033;1313
11451;414;416;11452;1035;415;1034;1314
11450;412;414;11451;1036;413;1035;1315
11449;410;412;11450;1037;411;1036;1316
11448;408;410;11449;1038;409;1037;1317
;;;;;;;
;;;;;;;
;;;;;;;
11447;406;408;11448;1039;407;1038;1318
11446;404;406;11447;1040;405;1039;1319
11445;402;404;11446;1041;403;1040;1320
11444;400;402;11445;1042;401;1041;1321
11443;398;400;11444;1043;399;1042;1322
11442;396;398;11443;1044;397;1043;1323
11441;394;396;11442;1045;395;1044;1324
11440;392;394;11441;1046;393;1045;1325
11439;390;392;11440;1047;391;1046;1326
11438;388;390;11439;1048;389;1047;1327
11437;386;388;11438;1049;387;1048;1328
11436;384;386;11437;1050;385;1049;1329
11435;382;384;11436;1051;383;1050;1330
11434;380;382;11435;1052;381;1051;1331
11433;378;380;11434;1053;379;1052;1332
11432;376;378;11433;1054;377;1053;1333
11431;374;376;11432;1055;375;1054;1334
11430;372;374;11431;1056;373;1055;1335
11429;370;372;11430;1057;371;1056;1336
11428;368;370;11429;1058;369;1057;1337
;;;;;;;
;;;;;;;
;;;;;;;
11427;366;368;11428;1059;367;1058;1338
11426;364;366;11427;1060;365;1059;1339
11425;362;364;11426;1061;363;1060;1340
11424;360;362;11425;1062;361;1061;1341
11423;358;360;11424;1063;359;1062;1342
11422;356;358;11423;1064;357;1063;1343
11421;354;356;11422;1065;355;1064;1344
11420;352;354;11421;1066;353;1065;1345
11419;350;352;11420;1067;351;1066;1346
11418;348;350;11419;1068;349;1067;1347
11417;346;348;11418;1069;347;1068;1348
11416;344;346;11417;1070;345;1069;1349
11415;342;344;11416;1071;343;1070;1350
11414;340;342;11415;1072;341;1071;1351
11413;338;340;11414;1073;339;1072;1352
11412;336;338;11413;1074;337;1073;1353
11411;334;336;11412;1075;335;1074;1354
11410;332;334;11411;1076;333;1075;1355
11409;330;332;11410;1077;331;1076;1356
11408;328;330;11409;1078;329;1077;1357
;;;;;;;
;;;;;;;
;;;;;;;
11407;326;328;11408;1079;327;1078;1358
11406;324;326;11407;1080;325;1079;1359
11405;322;324;11406;1081;323;1080;1360
11404;320;322;11405;1082;321;1081;1361
11403;318;320;11404;1083;319;1082;1362
11402;316;318;11403;1084;317;1083;1363
11401;314;316;11402;1085;315;1084;1364
11400;312;314;11401;1086;313;1085;1365
11399;310;312;11400;1087;311;1086;1366
11398;308;310;11399;1088;309;1087;1367
11397;306;308;11398;1089;307;1088;1368
11396;304;306;11397;1090;305;1089;1369
11395;302;304;11396;1091;303;1090;1370
11394;300;302;11395;1092;301;1091;1371
11393;298;300;11394;1093;299;1092;1372
11392;296;298;11393;1094;297;1093;1373
11391;294;296;11392;1095;295;1094;1374
11390;292;294;11391;1096;293;1095;1375
11389;290;292;11390;1097;291;1096;1376
11641;288;290;11389;1125;289;1097;1377
;;;;;;;
;;;;;;;
;;;;;;;
228;226;288;11641;227;287;1125;845
