NODE;X;Y;Z
1;-100.000000000;0.00000000000;0.00000000000
2;-20.0000000000;0.00000000000;0.00000000000
3;-99.0000000000;0.00000000000;0.00000000000
4;-98.0000000000;0.00000000000;0.00000000000
5;-97.0000000000;0.00000000000;0.00000000000
6;-96.0000000000;0.00000000000;0.00000000000
7;-95.0000000000;0.00000000000;0.00000000000
8;-94.0000000000;0.00000000000;0.00000000000
9;-93.0000000000;0.00000000000;0.00000000000
10;-92.0000000000;0.00000000000;0.00000000000
11;-91.0000000000;0.00000000000;0.00000000000
12;-90.0000000000;0.00000000000;0.00000000000
13;-89.0000000000;0.00000000000;0.00000000000
14;-88.0000000000;0.00000000000;0.00000000000
15;-87.0000000000;0.00000000000;0.00000000000
16;-86.0000000000;0.00000000000;0.00000000000
17;-85.0000000000;0.00000000000;0.00000000000
18;-84.0000000000;0.00000000000;0.00000000000
19;-83.0000000000;0.00000000000;0.00000000000
20;-82.0000000000;0.00000000000;0.00000000000
;;;
NODE;X;Y;Z
21;-81.0000000000;0.00000000000;0.00000000000
22;-80.0000000000;0.00000000000;0.00000000000
23;-79.0000000000;0.00000000000;0.00000000000
24;-78.0000000000;0.00000000000;0.00000000000
25;-77.0000000000;0.00000000000;0.00000000000
26;-76.0000000000;0.00000000000;0.00000000000
27;-75.0000000000;0.00000000000;0.00000000000
28;-74.0000000000;0.00000000000;0.00000000000
29;-73.0000000000;0.00000000000;0.00000000000
30;-72.0000000000;0.00000000000;0.00000000000
31;-71.0000000000;0.00000000000;0.00000000000
32;-70.0000000000;0.00000000000;0.00000000000
33;-69.0000000000;0.00000000000;0.00000000000
34;-68.0000000000;0.00000000000;0.00000000000
35;-67.0000000000;0.00000000000;0.00000000000
36;-66.0000000000;0.00000000000;0.00000000000
37;-65.0000000000;0.00000000000;0.00000000000
38;-64.0000000000;0.00000000000;0.00000000000
39;-63.0000000000;0.00000000000;0.00000000000
40;-62.0000000000;0.00000000000;0.00000000000
;;;
NODE;X;Y;Z
41;-61.0000000000;0.00000000000;0.00000000000
42;-60.0000000000;0.00000000000;0.00000000000
43;-59.0000000000;0.00000000000;0.00000000000
44;-58.0000000000;0.00000000000;0.00000000000
45;-57.0000000000;0.00000000000;0.00000000000
46;-56.0000000000;0.00000000000;0.00000000000
47;-55.0000000000;0.00000000000;0.00000000000
48;-54.0000000000;0.00000000000;0.00000000000
49;-53.0000000000;0.00000000000;0.00000000000
50;-52.0000000000;0.00000000000;0.00000000000
51;-51.0000000000;0.00000000000;0.00000000000
52;-50.0000000000;0.00000000000;0.00000000000
53;-49.0000000000;0.00000000000;0.00000000000
54;-48.0000000000;0.00000000000;0.00000000000
55;-47.0000000000;0.00000000000;0.00000000000
56;-46.0000000000;0.00000000000;0.00000000000
57;-45.0000000000;0.00000000000;0.00000000000
58;-44.0000000000;0.00000000000;0.00000000000
59;-43.0000000000;0.00000000000;0.00000000000
60;-42.0000000000;0.00000000000;0.00000000000
;;;
NODE;X;Y;Z
61;-41.0000000000;0.00000000000;0.00000000000
62;-40.0000000000;0.00000000000;0.00000000000
63;-39.0000000000;0.00000000000;0.00000000000
64;-38.0000000000;0.00000000000;0.00000000000
65;-37.0000000000;0.00000000000;0.00000000000
66;-36.0000000000;0.00000000000;0.00000000000
67;-35.0000000000;0.00000000000;0.00000000000
68;-34.0000000000;0.00000000000;0.00000000000
69;-33.0000000000;0.00000000000;0.00000000000
70;-32.0000000000;0.00000000000;0.00000000000
71;-31.0000000000;0.00000000000;0.00000000000
72;-30.0000000000;0.00000000000;0.00000000000
73;-29.0000000000;0.00000000000;0.00000000000
74;-28.0000000000;0.00000000000;0.00000000000
75;-27.0000000000;0.00000000000;0.00000000000
76;-26.0000000000;0.00000000000;0.00000000000
77;-25.0000000000;0.00000000000;0.00000000000
78;-24.0000000000;0.00000000000;0.00000000000
79;-23.0000000000;0.00000000000;0.00000000000
80;-22.0000000000;0.00000000000;0.00000000000
;;;
NODE;X;Y;Z
81;-21.0000000000;0.00000000000;0.00000000000
82;0.00000000000;20.0000000000;0.00000000000
83;-0.981353486994;19.9759091241;0.00000000000
84;-1.96034280748;19.9036945334;0.00000000000
85;-2.93460949044;19.7835301991;0.00000000000
86;-3.90180644209;19.6157056077;0.00000000000
87;-4.85960360025;19.4006250633;0.00000000000
88;-5.80569354768;19.1388067139;0.00000000000
89;-6.73779707075;18.8308813026;0.00000000000
90;-7.65366864851;18.4775906497;0.00000000000
91;-8.55110187020;18.0797858617;0.00000000000
92;-9.42793473848;17.6384252859;0.00000000000
93;-10.2820548862;17.1545721986;0.00000000000
94;-11.1114046630;16.6293922443;0.00000000000
95;-11.9139860927;16.0641506275;0.00000000000
96;-12.6878656864;15.4602090647;0.00000000000
97;-13.4311790993;14.8190225050;0.00000000000
98;-14.1421356263;14.1421356212;0.00000000000
99;-14.8190225093;13.4311790945;0.00000000000
100;-15.4602090697;12.6878656803;0.00000000000
;;;
NODE;X;Y;Z
101;-16.0641506321;11.9139860864;0.00000000000
102;-16.6293922487;11.1114046565;0.00000000000
103;-17.1545722027;10.2820548794;0.00000000000
104;-17.6384252896;9.42793473157;0.00000000000
105;-18.0797858651;8.55110186313;0.00000000000
106;-18.4775906527;7.65366864128;0.00000000000
107;-18.8308813052;6.73779706368;0.00000000000
108;-19.1388067160;5.80569354051;0.00000000000
109;-19.4006250652;4.85960359298;0.00000000000
110;-19.6157056092;3.90180643474;0.00000000000
111;-19.7835302002;2.93460948303;0.00000000000
112;-19.9036945341;1.96034280003;0.00000000000
113;-19.9759091244;0.981353479510;0.00000000000
114;0.00000000000;50.0000000000;0.00000000000
115;0.00000000000;49.0000000000;0.00000000000
116;0.00000000000;48.0000000000;0.00000000000
117;0.00000000000;47.0000000000;0.00000000000
118;0.00000000000;46.0000000000;0.00000000000
119;0.00000000000;45.0000000000;0.00000000000
120;0.00000000000;44.0000000000;0.00000000000
;;;
NODE;X;Y;Z
121;0.00000000000;43.0000000000;0.00000000000
122;0.00000000000;42.0000000000;0.00000000000
123;0.00000000000;41.0000000000;0.00000000000
124;0.00000000000;40.0000000000;0.00000000000
125;0.00000000000;39.0000000000;0.00000000000
126;0.00000000000;38.0000000000;0.00000000000
127;0.00000000000;37.0000000000;0.00000000000
128;0.00000000000;36.0000000000;0.00000000000
129;0.00000000000;35.0000000000;0.00000000000
130;0.00000000000;34.0000000000;0.00000000000
131;0.00000000000;33.0000000000;0.00000000000
132;0.00000000000;32.0000000000;0.00000000000
133;0.00000000000;31.0000000000;0.00000000000
134;0.00000000000;30.0000000000;0.00000000000
135;0.00000000000;29.0000000000;0.00000000000
136;0.00000000000;28.0000000000;0.00000000000
137;0.00000000000;27.0000000000;0.00000000000
138;0.00000000000;26.0000000000;0.00000000000
139;0.00000000000;25.0000000000;0.00000000000
140;0.00000000000;24.0000000000;0.00000000000
;;;
NODE;X;Y;Z
141;0.00000000000;23.0000000000;0.00000000000
142;0.00000000000;22.0000000000;0.00000000000
143;0.00000000000;21.0000000000;0.00000000000
144;-100.000000000;50.0000000000;0.00000000000
145;-1.00000000000;50.0000000000;0.00000000000
146;-2.00000000000;50.0000000000;0.00000000000
147;-3.00000000000;50.0000000000;0.00000000000
148;-4.00000000000;50.0000000000;0.00000000000
149;-5.00000000000;50.0000000000;0.00000000000
150;-6.00000000000;50.0000000000;0.00000000000
151;-7.00000000000;50.0000000000;0.00000000000
152;-8.00000000000;50.0000000000;0.00000000000
153;-9.00000000000;50.0000000000;0.00000000000
154;-10.0000000000;50.0000000000;0.00000000000
155;-11.0000000000;50.0000000000;0.00000000000
156;-12.0000000000;50.0000000000;0.00000000000
157;-13.0000000000;50.0000000000;0.00000000000
158;-14.0000000000;50.0000000000;0.00000000000
159;-15.0000000000;50.0000000000;0.00000000000
160;-16.0000000000;50.0000000000;0.00000000000
;;;
NODE;X;Y;Z
161;-17.0000000000;50.0000000000;0.00000000000
162;-18.0000000000;50.0000000000;0.00000000000
163;-19.0000000000;50.0000000000;0.00000000000
164;-20.0000000000;50.0000000000;0.00000000000
165;-21.0000000000;50.0000000000;0.00000000000
166;-22.0000000000;50.0000000000;0.00000000000
167;-23.0000000000;50.0000000000;0.00000000000
168;-24.0000000000;50.0000000000;0.00000000000
169;-25.0000000000;50.0000000000;0.00000000000
170;-26.0000000000;50.0000000000;0.00000000000
171;-27.0000000000;50.0000000000;0.00000000000
172;-28.0000000000;50.0000000000;0.00000000000
173;-29.0000000000;50.0000000000;0.00000000000
174;-30.0000000000;50.0000000000;0.00000000000
175;-31.0000000000;50.0000000000;0.00000000000
176;-32.0000000000;50.0000000000;0.00000000000
177;-33.0000000000;50.0000000000;0.00000000000
178;-34.0000000000;50.0000000000;0.00000000000
179;-35.0000000000;50.0000000000;0.00000000000
180;-36.0000000000;50.0000000000;0.00000000000
;;;
NODE;X;Y;Z
181;-37.0000000000;50.0000000000;0.00000000000
182;-38.0000000000;50.0000000000;0.00000000000
183;-39.0000000000;50.0000000000;0.00000000000
184;-40.0000000000;50.0000000000;0.00000000000
185;-41.0000000000;50.0000000000;0.00000000000
186;-42.0000000000;50.0000000000;0.00000000000
187;-43.0000000000;50.0000000000;0.00000000000
188;-44.0000000000;50.0000000000;0.00000000000
189;-45.0000000000;50.0000000000;0.00000000000
190;-46.0000000000;50.0000000000;0.00000000000
191;-47.0000000000;50.0000000000;0.00000000000
192;-48.0000000000;50.0000000000;0.00000000000
193;-49.0000000000;50.0000000000;0.00000000000
194;-50.0000000000;50.0000000000;0.00000000000
195;-51.0000000000;50.0000000000;0.00000000000
196;-52.0000000000;50.0000000000;0.00000000000
197;-53.0000000000;50.0000000000;0.00000000000
198;-54.0000000000;50.0000000000;0.00000000000
199;-55.0000000000;50.0000000000;0.00000000000
200;-56.0000000000;50.0000000000;0.00000000000
;;;
NODE;X;Y;Z
201;-57.0000000000;50.0000000000;0.00000000000
202;-58.0000000000;50.0000000000;0.00000000000
203;-59.0000000000;50.0000000000;0.00000000000
204;-60.0000000000;50.0000000000;0.00000000000
205;-61.0000000000;50.0000000000;0.00000000000
206;-62.0000000000;50.0000000000;0.00000000000
207;-63.0000000000;50.0000000000;0.00000000000
208;-64.0000000000;50.0000000000;0.00000000000
209;-65.0000000000;50.0000000000;0.00000000000
210;-66.0000000000;50.0000000000;0.00000000000
211;-67.0000000000;50.0000000000;0.00000000000
212;-68.0000000000;50.0000000000;0.00000000000
213;-69.0000000000;50.0000000000;0.00000000000
214;-70.0000000000;50.0000000000;0.00000000000
215;-71.0000000000;50.0000000000;0.00000000000
216;-72.0000000000;50.0000000000;0.00000000000
217;-73.0000000000;50.0000000000;0.00000000000
218;-74.0000000000;50.0000000000;0.00000000000
219;-75.0000000000;50.0000000000;0.00000000000
220;-76.0000000000;50.0000000000;0.00000000000
;;;
NODE;X;Y;Z
221;-77.0000000000;50.0000000000;0.00000000000
222;-78.0000000000;50.0000000000;0.00000000000
223;-79.0000000000;50.0000000000;0.00000000000
224;-80.0000000000;50.0000000000;0.00000000000
225;-81.0000000000;50.0000000000;0.00000000000
226;-82.0000000000;50.0000000000;0.00000000000
227;-83.0000000000;50.0000000000;0.00000000000
228;-84.0000000000;50.0000000000;0.00000000000
229;-85.0000000000;50.0000000000;0.00000000000
230;-86.0000000000;50.0000000000;0.00000000000
231;-87.0000000000;50.0000000000;0.00000000000
232;-88.0000000000;50.0000000000;0.00000000000
233;-89.0000000000;50.0000000000;0.00000000000
234;-90.0000000000;50.0000000000;0.00000000000
235;-91.0000000000;50.0000000000;0.00000000000
236;-92.0000000000;50.0000000000;0.00000000000
237;-93.0000000000;50.0000000000;0.00000000000
238;-94.0000000000;50.0000000000;0.00000000000
239;-95.0000000000;50.0000000000;0.00000000000
240;-96.0000000000;50.0000000000;0.00000000000
;;;
NODE;X;Y;Z
241;-97.0000000000;50.0000000000;0.00000000000
242;-98.0000000000;50.0000000000;0.00000000000
243;-99.0000000000;50.0000000000;0.00000000000
244;-100.000000000;49.0000000000;0.00000000000
245;-100.000000000;48.0000000000;0.00000000000
246;-100.000000000;47.0000000000;0.00000000000
247;-100.000000000;46.0000000000;0.00000000000
248;-100.000000000;45.0000000000;0.00000000000
249;-100.000000000;44.0000000000;0.00000000000
250;-100.000000000;43.0000000000;0.00000000000
251;-100.000000000;42.0000000000;0.00000000000
252;-100.000000000;41.0000000000;0.00000000000
253;-100.000000000;40.0000000000;0.00000000000
254;-100.000000000;39.0000000000;0.00000000000
255;-100.000000000;38.0000000000;0.00000000000
256;-100.000000000;37.0000000000;0.00000000000
257;-100.000000000;36.0000000000;0.00000000000
258;-100.000000000;35.0000000000;0.00000000000
259;-100.000000000;34.0000000000;0.00000000000
260;-100.000000000;33.0000000000;0.00000000000
;;;
NODE;X;Y;Z
261;-100.000000000;32.0000000000;0.00000000000
262;-100.000000000;31.0000000000;0.00000000000
263;-100.000000000;30.0000000000;0.00000000000
264;-100.000000000;29.0000000000;0.00000000000
265;-100.000000000;28.0000000000;0.00000000000
266;-100.000000000;27.0000000000;0.00000000000
267;-100.000000000;26.0000000000;0.00000000000
268;-100.000000000;25.0000000000;0.00000000000
269;-100.000000000;24.0000000000;0.00000000000
270;-100.000000000;23.0000000000;0.00000000000
271;-100.000000000;22.0000000000;0.00000000000
272;-100.000000000;21.0000000000;0.00000000000
273;-100.000000000;20.0000000000;0.00000000000
274;-100.000000000;19.0000000000;0.00000000000
275;-100.000000000;18.0000000000;0.00000000000
276;-100.000000000;17.0000000000;0.00000000000
277;-100.000000000;16.0000000000;0.00000000000
278;-100.000000000;15.0000000000;0.00000000000
279;-100.000000000;14.0000000000;0.00000000000
280;-100.000000000;13.0000000000;0.00000000000
;;;
NODE;X;Y;Z
281;-100.000000000;12.0000000000;0.00000000000
282;-100.000000000;11.0000000000;0.00000000000
283;-100.000000000;10.0000000000;0.00000000000
284;-100.000000000;9.00000000000;0.00000000000
285;-100.000000000;8.00000000000;0.00000000000
286;-100.000000000;7.00000000000;0.00000000000
287;-100.000000000;6.00000000000;0.00000000000
288;-100.000000000;5.00000000000;0.00000000000
289;-100.000000000;4.00000000000;0.00000000000
290;-100.000000000;3.00000000000;0.00000000000
291;-100.000000000;2.00000000000;0.00000000000
292;-100.000000000;1.00000000000;0.00000000000
293;-67.3427316369;26.6218801198;0.00000000000
294;-68.5209985045;25.7835302289;0.00000000000
295;-68.1799696141;28.0162136874;0.00000000000
296;-69.3958684920;26.9825058031;0.00000000000
297;-66.9035612764;28.6891192662;0.00000000000
298;-65.4946784790;29.0830451927;0.00000000000
299;-26.8894083925;9.32047743243;0.00000000000
300;-27.8868152854;10.3283699241;0.00000000000
;;;
NODE;X;Y;Z
301;-64.7842206647;28.1001032884;0.00000000000
302;-38.4668400001;28.5878599424;0.00000000000
303;-36.6917827687;28.1739671340;0.00000000000
304;-37.6843893174;29.7435665888;0.00000000000
305;-35.8333586323;25.5367152639;0.00000000000
306;-79.9781650297;30.6477844117;0.00000000000
307;-78.5814560668;31.0086614401;0.00000000000
308;-78.9076972279;29.2274009060;0.00000000000
309;-77.6740818816;29.9246862518;0.00000000000
310;-21.3567168257;33.4383844650;0.00000000000
311;-51.3470720911;24.2170374559;0.00000000000
312;-52.4181758432;24.3182795721;0.00000000000
313;-51.8019842174;23.4670688759;0.00000000000
314;-81.4628161443;21.1703638585;0.00000000000
315;-80.3657214610;20.4440467241;0.00000000000
316;-80.3111949157;21.7894255845;0.00000000000
317;-15.6579569977;33.9390162660;0.00000000000
318;-14.2756478097;35.0389461154;0.00000000000
319;-13.9264635033;33.7964108063;0.00000000000
320;-60.8573389834;23.0472346649;0.00000000000
;;;
NODE;X;Y;Z
321;-12.1693166602;29.0409381447;0.00000000000
322;-1.21013713994;22.2443124219;0.00000000000
323;-1.07635245447;25.7148045225;0.00000000000
324;-1.21135351284;27.7061156254;0.00000000000
325;-1.25060671929;29.7571270249;0.00000000000
326;-1.27609841023;31.7986217615;0.00000000000
327;-1.28203147923;33.8200806657;0.00000000000
328;-1.23434929257;35.8577602041;0.00000000000
329;-1.17425315040;37.8847857895;0.00000000000
330;-1.11106179973;39.9214543717;0.00000000000
331;-1.06507403028;41.9513834855;0.00000000000
332;-1.03742738257;43.9745101699;0.00000000000
333;-1.02620917891;45.9911144214;0.00000000000
334;-1.01718012256;47.9971692162;0.00000000000
335;-21.9068941140;1.04665030179;0.00000000000
336;-25.9024008747;1.20295625531;0.00000000000
337;-27.8832360571;1.21514049171;0.00000000000
338;-29.8724332045;1.18440700181;0.00000000000
339;-31.8792012405;1.13052373512;0.00000000000
340;-33.8977273269;1.08335577478;0.00000000000
;;;
NODE;X;Y;Z
341;-35.9242507993;1.05589528097;0.00000000000
342;-37.9345289331;1.05390761661;0.00000000000
343;-39.9438175406;1.04175923836;0.00000000000
344;-41.9438951693;1.04173982716;0.00000000000
345;-43.9439578040;1.04174722039;0.00000000000
346;-45.9439543363;1.04175394320;0.00000000000
347;-47.9439515228;1.04175940575;0.00000000000
348;-49.9439488860;1.04176206935;0.00000000000
349;-51.9439453215;1.04175990304;0.00000000000
350;-53.9439388715;1.04175072718;0.00000000000
351;-55.9439266119;1.04173298159;0.00000000000
352;-57.9439048117;1.04170703596;0.00000000000
353;-59.9438695753;1.04167705345;0.00000000000
354;-61.9438181984;1.04165321302;0.00000000000
355;-63.9437514365;1.04165375881;0.00000000000
356;-65.9436767257;1.04170591472;0.00000000000
357;-67.9436121652;1.04184427413;0.00000000000
358;-69.9435907475;1.04210500873;0.00000000000
359;-71.9436640283;1.04251440172;0.00000000000
360;-73.9365410139;1.05655280906;0.00000000000
;;;
NODE;X;Y;Z
361;-75.9374317365;1.05743906776;0.00000000000
362;-77.9386055797;1.05769787748;0.00000000000
363;-79.9402649517;1.05677844300;0.00000000000
364;-81.9433164820;1.05407168631;0.00000000000
365;-83.9414279006;1.04896998834;0.00000000000
366;-85.9448996622;1.04059570507;0.00000000000
367;-87.9503605677;1.02784004185;0.00000000000
368;-89.9493333237;1.01105203917;0.00000000000
369;-91.9494886528;0.996707193737;0.00000000000
370;-93.9634779545;0.992708366597;0.00000000000
371;-95.9726269439;0.990767122448;0.00000000000
372;-97.9891559100;0.995515578644;0.00000000000
373;-20.5680563133;4.08630746260;0.00000000000
374;-20.0864280736;6.08955043932;0.00000000000
375;-19.4223279848;8.05223837098;0.00000000000
376;-18.5541320797;9.93541264908;0.00000000000
377;-17.5316138207;11.7109220317;0.00000000000
378;-16.2851636978;13.4131289147;0.00000000000
379;-14.8678139487;14.9758742562;0.00000000000
380;-13.3002323405;16.3683633636;0.00000000000
;;;
NODE;X;Y;Z
381;-11.6213465565;17.5870730215;0.00000000000
382;-9.82749449411;18.6272599420;0.00000000000
383;-7.95323218806;19.4955667799;0.00000000000
384;-6.03926311234;20.1983426338;0.00000000000
385;-4.10441151788;20.6488481678;0.00000000000
386;-98.9771898237;3.98516590789;0.00000000000
387;-98.9667058108;5.98779453242;0.00000000000
388;-98.9667735741;7.97480964676;0.00000000000
389;-98.9594085946;9.96169431916;0.00000000000
390;-98.9670515893;11.9531012198;0.00000000000
391;-98.9660986384;13.9481726968;0.00000000000
392;-98.9568331487;15.9454367808;0.00000000000
393;-98.9575345989;17.9430331424;0.00000000000
394;-98.9581728303;19.9430477880;0.00000000000
395;-98.9584595048;21.9429929996;0.00000000000
396;-98.9583739178;23.9428743337;0.00000000000
397;-98.9579071821;25.9427488172;0.00000000000
398;-98.9569534933;27.9427113015;0.00000000000
399;-98.9553688127;29.9430661522;0.00000000000
400;-98.9531028506;31.9441251253;0.00000000000
;;;
NODE;X;Y;Z
401;-98.9502759045;33.9462717839;0.00000000000
402;-98.9472252903;35.9498850460;0.00000000000
403;-98.9527471604;37.9472619473;0.00000000000
404;-98.9647606225;39.9482930200;0.00000000000
405;-98.9745497133;41.9521770060;0.00000000000
406;-98.9829270464;43.9645886328;0.00000000000
407;-98.9814596772;45.9755953615;0.00000000000
408;-98.9882993717;47.9863498978;0.00000000000
409;-95.9879341630;48.9790070346;0.00000000000
410;-93.9874766722;48.9728896530;0.00000000000
411;-91.9927517918;48.9731594898;0.00000000000
412;-89.9994650138;48.9826814438;0.00000000000
413;-88.0099464329;48.9850562765;0.00000000000
414;-86.0111016266;48.9867277391;0.00000000000
415;-84.0146337042;48.9865384253;0.00000000000
416;-82.0171148405;48.9858533642;0.00000000000
417;-80.0187596688;48.9855123974;0.00000000000
418;-78.0195139146;48.9855196859;0.00000000000
419;-76.0197724874;48.9856053382;0.00000000000
420;-74.0198524656;48.9856863251;0.00000000000
;;;
NODE;X;Y;Z
421;-72.0198388488;48.9857292316;0.00000000000
422;-70.0198334146;48.9857384310;0.00000000000
423;-68.0198267765;48.9857475080;0.00000000000
424;-66.0198224851;48.9857540056;0.00000000000
425;-64.0198208539;48.9857607383;0.00000000000
426;-62.0198208812;48.9857694346;0.00000000000
427;-60.0198222643;48.9857807101;0.00000000000
428;-58.0198249901;48.9857944723;0.00000000000
429;-56.0198289295;48.9858094068;0.00000000000
430;-54.0198334848;48.9858222667;0.00000000000
431;-52.0198372421;48.9858271660;0.00000000000
432;-50.0198376413;48.9858151737;0.00000000000
433;-48.0198307499;48.9857746361;0.00000000000
434;-46.0198112642;48.9856927139;0.00000000000
435;-44.0197728851;48.9855585369;0.00000000000
436;-42.0197091704;48.9853680208;0.00000000000
437;-40.0196148837;48.9851297519;0.00000000000
438;-38.0194877104;48.9848704969;0.00000000000
439;-36.0193300058;48.9846381646;0.00000000000
440;-34.0191497881;48.9844998157;0.00000000000
;;;
NODE;X;Y;Z
441;-32.0189590692;48.9845329249;0.00000000000
442;-30.0187651396;48.9848095920;0.00000000000
443;-28.0185469411;48.9853761327;0.00000000000
444;-26.0182162805;48.9862512162;0.00000000000
445;-24.0178576929;48.9871996646;0.00000000000
446;-22.0209013763;48.9874855455;0.00000000000
447;-20.0228850119;48.9881037984;0.00000000000
448;-18.0246395939;48.9906738774;0.00000000000
449;-16.0203800266;48.9885694402;0.00000000000
450;-14.0227741278;48.9952198825;0.00000000000
451;-12.0261445083;49.0023121371;0.00000000000
452;-10.0308013777;49.0086326484;0.00000000000
453;-8.03483429174;49.0069735266;0.00000000000
454;-6.03728756316;48.9967266434;0.00000000000
455;-4.02393540026;48.9963510153;0.00000000000
456;-2.19030854369;21.1961596886;0.00000000000
457;-2.28770596731;26.4209201480;0.00000000000
458;-2.46196023213;28.4632426503;0.00000000000
459;-2.52670512952;30.5557487864;0.00000000000
460;-2.55812988946;32.6187024272;0.00000000000
;;;
NODE;X;Y;Z
461;-2.51638077181;34.6778408698;0.00000000000
462;-2.40860244297;36.7425459936;0.00000000000
463;-2.28531495013;38.8062401612;0.00000000000
464;-2.17613583001;40.8728378572;0.00000000000
465;-2.10250141285;42.9258936554;0.00000000000
466;-2.06363656148;44.9656245913;0.00000000000
467;-2.04338930147;46.9882836376;0.00000000000
468;-2.01718012256;48.9971692162;0.00000000000
469;-20.8587413810;2.02682170180;0.00000000000
470;-26.7856369318;2.41809674702;0.00000000000
471;-28.7556692616;2.39954749352;0.00000000000
472;-30.7516344450;2.31493073693;0.00000000000
473;-32.7769285674;2.21387950989;0.00000000000
474;-34.8219781262;2.13925105574;0.00000000000
475;-36.8587797324;2.10980289758;0.00000000000
476;-38.8783464737;2.09566685497;0.00000000000
477;-40.8877127099;2.08349906552;0.00000000000
478;-42.8878529733;2.08348704756;0.00000000000
479;-44.8879121403;2.08350116359;0.00000000000
480;-46.8879058591;2.08351334895;0.00000000000
;;;
NODE;X;Y;Z
481;-48.8879004088;2.08352147510;0.00000000000
482;-50.8878942075;2.08352197239;0.00000000000
483;-52.8878841930;2.08351063023;0.00000000000
484;-54.8878654835;2.08348370877;0.00000000000
485;-56.8878314236;2.08344001755;0.00000000000
486;-58.8877743870;2.08338408941;0.00000000000
487;-60.8876877737;2.08333026647;0.00000000000
488;-62.8875696350;2.08330697182;0.00000000000
489;-64.8874281622;2.08335967352;0.00000000000
490;-66.8872888909;2.08355018884;0.00000000000
491;-68.8872029127;2.08394928285;0.00000000000
492;-70.8872547758;2.08461941045;0.00000000000
493;-72.8802050422;2.09906721078;0.00000000000
494;-74.8739727504;2.11399187682;0.00000000000
495;-76.8760373162;2.11513694523;0.00000000000
496;-78.8788705314;2.11447632047;0.00000000000
497;-80.8835814337;2.11085012931;0.00000000000
498;-82.8847443826;2.10304167465;0.00000000000
499;-84.8863275628;2.08956569341;0.00000000000
500;-86.8952602298;2.06843574692;0.00000000000
;;;
NODE;X;Y;Z
501;-88.8996938913;2.03889208102;0.00000000000
502;-90.8988219765;2.00775923291;0.00000000000
503;-92.9129666073;1.98941556033;0.00000000000
504;-94.9361048984;1.98347548904;0.00000000000
505;-96.9617828539;1.98628270109;0.00000000000
506;-98.9891559100;1.99551557864;0.00000000000
507;-21.2772282242;5.32210791430;0.00000000000
508;-21.6670976227;3.18205454702;0.00000000000
509;-20.7005573740;7.41210771941;0.00000000000
510;-19.9184520934;9.44684933364;0.00000000000
511;-18.9518371314;11.3766649868;0.00000000000
512;-17.7719768594;13.2244157780;0.00000000000
513;-16.3518052985;14.9740025201;0.00000000000
514;-14.7530456329;16.5430652768;0.00000000000
515;-13.0219437223;17.9106357306;0.00000000000
516;-11.1791713499;19.0804241984;0.00000000000
517;-9.23992498868;20.0648187541;0.00000000000
518;-7.26281420230;20.8857107319;0.00000000000
519;-5.28992463533;21.4699346408;0.00000000000
520;-97.9663457337;2.98068148654;0.00000000000
;;;
NODE;X;Y;Z
521;-97.9438956345;4.97296044031;0.00000000000
522;-97.9334793850;6.96260417917;0.00000000000
523;-97.9261821688;8.93650396591;0.00000000000
524;-97.9264601839;10.9147955390;0.00000000000
525;-97.9331502277;12.9012739167;0.00000000000
526;-97.9229317871;14.8936094776;0.00000000000
527;-97.9143677477;16.8884699232;0.00000000000
528;-97.9157074293;18.8860809304;0.00000000000
529;-97.9166323351;20.8860407876;0.00000000000
530;-97.9168334226;22.8858673332;0.00000000000
531;-97.9162810999;24.8856231509;0.00000000000
532;-97.9148606754;26.8854601188;0.00000000000
533;-97.9123223060;28.8857774537;0.00000000000
534;-97.9084716633;30.8871912775;0.00000000000
535;-97.9033787551;32.8903969091;0.00000000000
536;-97.8975011948;34.8961568299;0.00000000000
537;-97.8999724507;36.8971469934;0.00000000000
538;-97.9175077829;38.8955549673;0.00000000000
539;-97.9393103359;40.9004700259;0.00000000000
540;-97.9574767597;42.9167656388;0.00000000000
;;;
NODE;X;Y;Z
541;-97.9643867237;44.9401839943;0.00000000000
542;-97.9697590489;46.9619452593;0.00000000000
543;-97.9882993717;48.9863498978;0.00000000000
544;-94.9754108352;47.9518966876;0.00000000000
545;-92.9802284641;47.9460491428;0.00000000000
546;-90.9922168056;47.9558409335;0.00000000000
547;-89.0094114466;47.9677377202;0.00000000000
548;-87.0210480594;47.9717840156;0.00000000000
549;-85.0257353307;47.9732661644;0.00000000000
550;-83.0317485446;47.9723917895;0.00000000000
551;-81.0358745093;47.9713657616;0.00000000000
552;-79.0382735834;47.9710320833;0.00000000000
553;-77.0392864020;47.9711250241;0.00000000000
554;-75.0396249530;47.9712916634;0.00000000000
555;-73.0396913143;47.9714155567;0.00000000000
556;-71.0396722634;47.9714676626;0.00000000000
557;-69.0396601912;47.9714859390;0.00000000000
558;-67.0396492617;47.9715015136;0.00000000000
559;-65.0396433390;47.9715147439;0.00000000000
560;-63.0396417351;47.9715301728;0.00000000000
;;;
NODE;X;Y;Z
561;-61.0396431455;47.9715501446;0.00000000000
562;-59.0396472545;47.9715751824;0.00000000000
563;-57.0396539196;47.9716038791;0.00000000000
564;-55.0396624143;47.9716316735;0.00000000000
565;-53.0396707269;47.9716494327;0.00000000000
566;-51.0396748834;47.9716423397;0.00000000000
567;-49.0396683912;47.9715898098;0.00000000000
568;-47.0396420141;47.9714673500;0.00000000000
569;-45.0395841493;47.9712512508;0.00000000000
570;-43.0394820555;47.9709265577;0.00000000000
571;-41.0393240541;47.9704977727;0.00000000000
572;-39.0391025941;47.9700002487;0.00000000000
573;-37.0388177162;47.9695086615;0.00000000000
574;-35.0384797939;47.9691379803;0.00000000000
575;-33.0381088573;47.9690327406;0.00000000000
576;-31.0377242088;47.9693425169;0.00000000000
577;-29.0373120808;47.9701857246;0.00000000000
578;-27.0367632217;47.9716273488;0.00000000000
579;-25.0360739735;47.9734508808;0.00000000000
580;-23.0387590693;47.9746852101;0.00000000000
;;;
NODE;X;Y;Z
581;-21.0437863882;47.9755893438;0.00000000000
582;-19.0475246058;47.9787776757;0.00000000000
583;-17.0450196205;47.9792433176;0.00000000000
584;-15.0431541544;47.9837893227;0.00000000000
585;-13.0489186361;47.9975320196;0.00000000000
586;-11.0569458860;48.0109447855;0.00000000000
587;-9.06563566944;48.0156061750;0.00000000000
588;-7.07212185490;48.0037001700;0.00000000000
589;-5.06122296343;47.9930776587;0.00000000000
590;-3.04111552283;47.9935202315;0.00000000000
591;-3.26278150846;24.8851699659;0.00000000000
592;-3.39656619394;23.4146778653;0.00000000000
593;-3.60975462121;27.0621932713;0.00000000000
594;-3.76445530672;29.2449984286;0.00000000000
595;-3.88554449519;31.3533265013;0.00000000000
596;-3.86390170480;33.4632589607;0.00000000000
597;-3.73346283777;35.5470705428;0.00000000000
598;-3.51691931961;37.6498924799;0.00000000000
599;-3.31863215797;39.7799621325;0.00000000000
600;-3.18680976698;41.8651001876;0.00000000000
;;;
NODE;X;Y;Z
601;-3.10559583621;43.9456485140;0.00000000000
602;-3.07005302788;45.9762813700;0.00000000000
603;-25.6680421843;3.64400684798;0.00000000000
604;-27.6254058036;3.69907049235;0.00000000000
605;-29.6083559901;3.59551255675;0.00000000000
606;-31.6401395990;3.40506361820;0.00000000000
607;-33.7056159100;3.24674340646;0.00000000000
608;-35.7815447271;3.16415727228;0.00000000000
609;-37.7974737372;3.16095607902;0.00000000000
610;-39.8062452692;3.14814900605;0.00000000000
611;-41.8065748556;3.14794610173;0.00000000000
612;-43.8066589480;3.14795148015;0.00000000000
613;-45.8066560123;3.14797667677;0.00000000000
614;-47.8066498387;3.14798885814;0.00000000000
615;-49.8066318905;3.14797715586;0.00000000000
616;-51.8066039527;3.14793055317;0.00000000000
617;-53.8065504921;3.14784097717;0.00000000000
618;-55.8064558115;3.14770795124;0.00000000000
619;-57.8063046017;3.14754758901;0.00000000000
620;-59.8060882097;3.14740246001;0.00000000000
;;;
NODE;X;Y;Z
621;-61.8058143877;3.14735064182;0.00000000000
622;-63.8055201938;3.14750970863;0.00000000000
623;-65.8052863301;3.14802942330;0.00000000000
624;-67.8052494120;3.14906558438;0.00000000000
625;-69.8056067418;3.15072796755;0.00000000000
626;-71.8066067614;3.15299932904;0.00000000000
627;-73.8011553887;3.16911385767;0.00000000000
628;-75.8046059849;3.17176235196;0.00000000000
629;-77.8092508599;3.17262717529;0.00000000000
630;-79.8151389532;3.17006303632;0.00000000000
631;-81.8228413676;3.16227383926;0.00000000000
632;-83.8255783356;3.14747182282;0.00000000000
633;-85.8331713814;3.12328167471;0.00000000000
634;-87.8416362956;3.08615327313;0.00000000000
635;-89.8416658437;3.03427476707;0.00000000000
636;-91.8621919492;2.98476343767;0.00000000000
637;-93.8911377844;2.96884432760;0.00000000000
638;-95.9268966171;2.97185547240;0.00000000000
639;-22.0839248652;6.67202381961;0.00000000000
640;-21.4190325871;8.86508145057;0.00000000000
;;;
NODE;X;Y;Z
641;-20.5000530262;10.9871649804;0.00000000000
642;-19.3163857004;12.9771068284;0.00000000000
643;-17.9433801156;14.9006969651;0.00000000000
644;-16.3245405729;16.6719425033;0.00000000000
645;-14.5647710534;18.2466169047;0.00000000000
646;-12.6873015963;19.6150055830;0.00000000000
647;-10.6922215774;20.7564891228;0.00000000000
648;-8.61874332713;21.7075534486;0.00000000000
649;-6.50149005399;22.4661444588;0.00000000000
650;-4.33993735083;23.0113608073;0.00000000000
651;-96.9314594969;3.96625425785;0.00000000000
652;-96.9032517391;5.95633239650;0.00000000000
653;-96.9018546902;7.92939791783;0.00000000000
654;-96.8903655000;9.89948884621;0.00000000000
655;-96.8996192199;11.8683617675;0.00000000000
656;-96.8984945655;13.8503558314;0.00000000000
657;-96.8878169053;15.8380955481;0.00000000000
658;-96.8888045516;17.8303212679;0.00000000000
659;-96.8880927494;19.8183334712;0.00000000000
660;-96.8896842295;21.8186072333;0.00000000000
;;;
NODE;X;Y;Z
661;-96.8907013922;23.8193025798;0.00000000000
662;-96.8914912348;25.8204313365;0.00000000000
663;-96.8923489282;27.8219049702;0.00000000000
664;-96.8934979795;29.8243206694;0.00000000000
665;-96.8948134378;31.8282748692;0.00000000000
666;-96.8963632159;33.8342534962;0.00000000000
667;-96.8999512301;35.8415950146;0.00000000000
668;-96.9176540755;37.8435383581;0.00000000000
669;-96.9354385218;39.8537336353;0.00000000000
670;-96.9471220832;41.8761428271;0.00000000000
671;-96.9601440084;43.9047760990;0.00000000000
672;-96.9629640494;45.9363600876;0.00000000000
673;-95.9694385352;46.9397717607;0.00000000000
674;-93.9697960558;46.9244399533;0.00000000000
675;-91.9800104640;46.9188763540;0.00000000000
676;-90.0116950911;46.9406484438;0.00000000000
677;-88.0385662727;46.9531648426;0.00000000000
678;-86.0505037410;46.9589097596;0.00000000000
679;-84.0633393040;46.9572397961;0.00000000000
680;-82.0728866934;46.9560984427;0.00000000000
;;;
NODE;X;Y;Z
681;-80.0769886553;46.9560784520;0.00000000000
682;-78.0784701824;46.9563411047;0.00000000000
683;-76.0790054995;46.9567494834;0.00000000000
684;-74.0789392888;46.9570590475;0.00000000000
685;-72.0789276717;46.9571187616;0.00000000000
686;-70.0788958284;46.9571550886;0.00000000000
687;-68.0788719406;46.9571773714;0.00000000000
688;-66.0788609602;46.9571936385;0.00000000000
689;-64.0788562082;46.9572126933;0.00000000000
690;-62.0788555932;46.9572377664;0.00000000000
691;-60.0788595953;46.9572705663;0.00000000000
692;-58.0788695873;46.9573110497;0.00000000000
693;-56.0788867228;46.9573557917;0.00000000000
694;-54.0789107538;46.9573958427;0.00000000000
695;-52.0789385069;46.9574145554;0.00000000000
696;-50.0789620277;46.9573862166;0.00000000000
697;-48.0789666795;46.9572767250;0.00000000000
698;-46.0789297522;46.9570478029;0.00000000000
699;-44.0788204014;46.9566660177;0.00000000000
700;-42.0786018737;46.9561169123;0.00000000000
;;;
NODE;X;Y;Z
701;-40.0782368605;46.9554226307;0.00000000000
702;-38.0776963265;46.9546588565;0.00000000000
703;-36.0769710572;46.9539645680;0.00000000000
704;-34.0760829362;46.9535375349;0.00000000000
705;-32.0750878605;46.9536110217;0.00000000000
706;-30.0740513218;46.9544131893;0.00000000000
707;-28.0766038645;46.9449911367;0.00000000000
708;-26.0791954740;46.9483570095;0.00000000000
709;-24.0820592535;46.9551963586;0.00000000000
710;-22.0863569514;46.9612767350;0.00000000000
711;-20.0888056617;46.9654053639;0.00000000000
712;-18.0906784292;46.9689908493;0.00000000000
713;-16.0883497572;46.9667159632;0.00000000000
714;-14.0791581536;46.9933659290;0.00000000000
715;-12.0936937814;47.0042507031;0.00000000000
716;-10.0994142506;47.0087623716;0.00000000000
717;-8.10080940928;46.9963519353;0.00000000000
718;-6.09717687408;46.9754202985;0.00000000000
719;-4.06777924924;46.9815179639;0.00000000000
720;-4.91224969580;27.8439490496;0.00000000000
;;;
NODE;X;Y;Z
721;-5.12329467240;30.0425761435;0.00000000000
722;-5.19131631053;32.1978830348;0.00000000000
723;-5.08098377076;34.3324886337;0.00000000000
724;-4.84177971441;36.4544170291;0.00000000000
725;-4.55023652745;38.6236144512;0.00000000000
726;-4.32930609494;40.7722244630;0.00000000000
727;-4.18990419034;42.8848550463;0.00000000000
728;-4.11201230261;44.9563052927;0.00000000000
729;-28.4780925320;4.89503555558;0.00000000000
730;-30.4968611441;4.68564543802;0.00000000000
731;-32.5688269416;4.43792751477;0.00000000000
732;-34.6651825110;4.27164962300;0.00000000000
733;-36.7202387319;4.21531045372;0.00000000000
734;-38.7253725327;4.21343823011;0.00000000000
735;-40.7251074149;4.21259604226;0.00000000000
736;-42.7253808303;4.21241053432;0.00000000000
737;-44.7254028200;4.21242699332;0.00000000000
738;-46.7253999919;4.21245218596;0.00000000000
739;-48.7253813204;4.21244453890;0.00000000000
740;-50.7253416357;4.21238573664;0.00000000000
;;;
NODE;X;Y;Z
741;-52.7252702518;4.21226090012;0.00000000000
742;-54.7251408201;4.21206521964;0.00000000000
743;-56.7249289895;4.21181552270;0.00000000000
744;-58.7246184244;4.21156595961;0.00000000000
745;-60.7242148237;4.21142283536;0.00000000000
746;-62.7237649465;4.21155337862;0.00000000000
747;-64.7233783616;4.21217945840;0.00000000000
748;-66.7232468511;4.21354481883;0.00000000000
749;-68.7236532410;4.21584426907;0.00000000000
750;-70.7249587273;4.21910788614;0.00000000000
751;-72.7275571078;4.22304597593;0.00000000000
752;-74.7317886232;4.22688433281;0.00000000000
753;-76.7378195285;4.22925258202;0.00000000000
754;-78.7455192817;4.22821389113;0.00000000000
755;-80.7543988872;4.22148674627;0.00000000000
756;-82.7636753206;4.20670398743;0.00000000000
757;-84.7724221542;4.18118780412;0.00000000000
758;-86.7795474471;4.14099920092;0.00000000000
759;-88.7836082480;4.08153595918;0.00000000000
760;-90.8050358164;4.01127897183;0.00000000000
;;;
NODE;X;Y;Z
761;-92.8403631263;3.96419220493;0.00000000000
762;-94.8819295031;3.95722431095;0.00000000000
763;-24.5563755550;4.74930845043;0.00000000000
764;-22.8024000783;8.12499755077;0.00000000000
765;-23.3576343951;5.79357800831;0.00000000000
766;-22.0006335200;10.4053970974;0.00000000000
767;-20.8646015953;12.5876068221;0.00000000000
768;-19.4877889567;14.6533880155;0.00000000000
769;-17.9161153900;16.5986369483;0.00000000000
770;-16.1362659935;18.3754941311;0.00000000000
771;-14.2301289274;19.9509867571;0.00000000000
772;-12.2003518238;21.2910705075;0.00000000000
773;-10.0710399158;22.3992238173;0.00000000000
774;-7.85741917882;23.2879871754;0.00000000000
775;-95.8908156014;4.94962621403;0.00000000000
776;-95.8716270443;6.92312613515;0.00000000000
777;-95.8660380214;8.89238279813;0.00000000000
778;-95.8635245359;10.8530550747;0.00000000000
779;-95.8649635578;12.8174436822;0.00000000000
780;-95.8633796837;14.7948419019;0.00000000000
;;;
NODE;X;Y;Z
781;-95.8622537093;16.7799468928;0.00000000000
782;-95.8611898718;18.7625738087;0.00000000000
783;-95.8611446438;20.7508999169;0.00000000000
784;-95.8635521990;22.7520424799;0.00000000000
785;-95.8659115270;24.7541107654;0.00000000000
786;-95.8689794876;26.7568761879;0.00000000000
787;-95.8735246017;28.7604481858;0.00000000000
788;-95.8798397540;30.7654042612;0.00000000000
789;-95.8877978986;32.7721314563;0.00000000000
790;-95.8988132512;34.7796916809;0.00000000000
791;-95.9176328549;36.7879863793;0.00000000000
792;-95.9355848144;38.8017170261;0.00000000000
793;-95.9432502692;40.8294064364;0.00000000000
794;-95.9497893319;42.8641532873;0.00000000000
795;-95.9587213341;44.9009521923;0.00000000000
796;-94.9638237558;45.9123150264;0.00000000000
797;-92.9695780557;45.8972671645;0.00000000000
798;-90.9994887494;45.9036838643;0.00000000000
799;-89.0408499171;45.9260755662;0.00000000000
800;-87.0680219543;45.9402905866;0.00000000000
;;;
NODE;X;Y;Z
801;-85.0881077143;45.9428833912;0.00000000000
802;-83.1044774527;45.9409464493;0.00000000000
803;-81.1140008394;45.9408111331;0.00000000000
804;-79.1171852542;45.9413874733;0.00000000000
805;-77.1181892798;45.9419655640;0.00000000000
806;-75.1183198353;45.9425168675;0.00000000000
807;-73.1181756461;45.9427622523;0.00000000000
808;-71.1181512366;45.9428061876;0.00000000000
809;-69.1181075778;45.9428465210;0.00000000000
810;-67.1180836392;45.9428694963;0.00000000000
811;-65.1180738294;45.9428915879;0.00000000000
812;-63.1180700663;45.9429202869;0.00000000000
813;-61.1180720430;45.9429581880;0.00000000000
814;-59.1180819281;45.9430064335;0.00000000000
815;-57.1181023905;45.9430629624;0.00000000000
816;-55.1181350623;45.9431199610;0.00000000000
817;-53.1181785338;45.9431609655;0.00000000000
818;-51.1182256511;45.9431584323;0.00000000000
819;-49.1182603160;45.9430731318;0.00000000000
820;-47.1182544177;45.9428571779;0.00000000000
;;;
NODE;X;Y;Z
821;-45.1181660043;45.9424625697;0.00000000000
822;-43.1179402196;45.9418563723;0.00000000000
823;-41.1175146801;45.9410417703;0.00000000000
824;-39.1168305929;45.9400812384;0.00000000000
825;-37.1158496675;45.9391147630;0.00000000000
826;-35.1145741995;45.9383641227;0.00000000000
827;-33.1130619395;45.9381158161;0.00000000000
828;-31.1114149735;45.9386816941;0.00000000000
829;-29.1133431055;45.9292186013;0.00000000000
830;-27.1190361169;45.9217207973;0.00000000000
831;-25.1251807541;45.9301024872;0.00000000000
832;-23.1296571356;45.9417878835;0.00000000000
833;-21.1313762249;45.9510927551;0.00000000000
834;-19.1319594851;45.9556185374;0.00000000000
835;-17.1340085659;45.9564634949;0.00000000000
836;-15.1243537564;45.9762925694;0.00000000000
837;-13.1239332989;46.0000846125;0.00000000000
838;-11.1361621460;46.0020682892;0.00000000000
839;-9.13458799043;45.9895081320;0.00000000000
840;-7.12586442847;45.9680720639;0.00000000000
;;;
NODE;X;Y;Z
841;-5.10373315989;45.9638606037;0.00000000000
842;-6.57237135706;30.8501996894;0.00000000000
843;-6.25536496647;35.2244987367;0.00000000000
844;-5.77809759466;37.4997124282;0.00000000000
845;-5.49065648726;39.6891923740;0.00000000000
846;-5.29018947109;41.8102547477;0.00000000000
847;-5.16364512687;43.9330348440;0.00000000000
848;-27.3137794076;6.31989276987;0.00000000000
849;-29.3332520204;6.06690893333;0.00000000000
850;-31.4428923103;5.66653648719;0.00000000000
851;-33.5666300065;5.37985077885;0.00000000000
852;-35.6918260812;5.21068699353;0.00000000000
853;-37.6853106175;5.20177745546;0.00000000000
854;-39.6816630455;5.20022563498;0.00000000000
855;-41.6832775451;5.19941612117;0.00000000000
856;-43.6832525989;5.19941887751;0.00000000000
857;-45.6836030967;5.19940497700;0.00000000000
858;-47.6836314805;5.19942190153;0.00000000000
859;-49.6835886352;5.19938082237;0.00000000000
860;-51.6835118282;5.19925752162;0.00000000000
;;;
NODE;X;Y;Z
861;-53.6833718721;5.19905247752;0.00000000000
862;-55.6831469514;5.19879589554;0.00000000000
863;-57.6828283053;5.19856536466;0.00000000000
864;-59.6824428222;5.19849771621;0.00000000000
865;-61.6820740936;5.19878999140;0.00000000000
866;-63.6818860798;5.19967511814;0.00000000000
867;-65.6821388680;5.20135894006;0.00000000000
868;-67.6831846050;5.20390763925;0.00000000000
869;-69.6854296382;5.20708604209;0.00000000000
870;-71.6892522061;5.21017099694;0.00000000000
871;-73.6901131238;5.22508267578;0.00000000000
872;-75.6954643290;5.22520413198;0.00000000000
873;-77.7023516648;5.22164887790;0.00000000000
874;-79.7101751854;5.21106715909;0.00000000000
875;-81.7151846583;5.18951530993;0.00000000000
876;-83.7270085839;5.15609297612;0.00000000000
877;-85.7394450271;5.12250105131;0.00000000000
878;-87.7496170391;5.06617710123;0.00000000000
879;-89.7713025447;5.01111160146;0.00000000000
880;-91.8045799093;4.95465024344;0.00000000000
;;;
NODE;X;Y;Z
881;-93.8445567052;4.94177337102;0.00000000000
882;-94.8534428035;5.93417527410;0.00000000000
883;-94.8374483315;7.89825486222;0.00000000000
884;-94.8210878775;9.85994991624;0.00000000000
885;-94.8304055758;11.8125570425;0.00000000000
886;-94.8327061698;13.7773277759;0.00000000000
887;-94.8342921554;15.7501356787;0.00000000000
888;-94.8344861565;17.7228455616;0.00000000000
889;-94.8371507208;19.7057522669;0.00000000000
890;-94.8359910613;21.6964725129;0.00000000000
891;-94.8392620926;23.7007101025;0.00000000000
892;-94.8430989789;25.7047695851;0.00000000000
893;-94.8493483444;27.7095859552;0.00000000000
894;-94.8591159642;29.7153685983;0.00000000000
895;-94.8722545627;31.7226198074;0.00000000000
896;-94.8879075240;33.7318386894;0.00000000000
897;-94.9083186083;35.7423054140;0.00000000000
898;-94.9303628791;37.7598253709;0.00000000000
899;-94.9417904742;39.7785429277;0.00000000000
900;-94.9489610628;41.8203340829;0.00000000000
;;;
NODE;X;Y;Z
901;-94.9553366378;43.8662529057;0.00000000000
902;-93.9604390594;44.8776157398;0.00000000000
903;-91.9794088733;44.8701311363;0.00000000000
904;-90.0184698892;44.8919361175;0.00000000000
905;-88.0678470656;44.9013450428;0.00000000000
906;-86.1021755866;44.9121343971;0.00000000000
907;-84.1252631196;44.9168941414;0.00000000000
908;-82.1505112953;44.9148724643;0.00000000000
909;-80.1571660390;44.9209153215;0.00000000000
910;-78.1608396429;44.9211068488;0.00000000000
911;-76.1667871158;44.9135287473;0.00000000000
912;-74.1671088074;44.9140088228;0.00000000000
913;-72.1669425796;44.9140988846;0.00000000000
914;-70.1668471978;44.9141479943;0.00000000000
915;-68.1668217303;44.9141775236;0.00000000000
916;-66.1668084476;44.9142057850;0.00000000000
917;-64.1668000271;44.9142414401;0.00000000000
918;-62.1667973596;44.9142886521;0.00000000000
919;-60.1668045369;44.9143507532;0.00000000000
920;-58.1668272991;44.9144282683;0.00000000000
;;;
NODE;X;Y;Z
921;-56.1668716955;44.9145156864;0.00000000000
922;-54.1669418472;44.9145972785;0.00000000000
923;-52.1670363707;44.9146427108;0.00000000000
924;-50.1671434123;44.9146039758;0.00000000000
925;-48.1672347780;44.9144160290;0.00000000000
926;-46.1672603625;44.9140041130;0.00000000000
927;-44.1671448757;44.9133005393;0.00000000000
928;-42.1667894040;44.9122719913;0.00000000000
929;-40.1660802394;44.9109547335;0.00000000000
930;-38.1649061530;44.9094898686;0.00000000000
931;-36.1631826175;44.9081457325;0.00000000000
932;-34.1608774531;44.9073126114;0.00000000000
933;-32.1580264505;44.9074605676;0.00000000000
934;-30.1579150897;44.8943250303;0.00000000000
935;-28.1693763077;44.8735753161;0.00000000000
936;-26.1858248296;44.8820582612;0.00000000000
937;-24.1989413947;44.9079667583;0.00000000000
938;-22.2043198183;44.9319584263;0.00000000000
939;-20.2060780102;44.9419212815;0.00000000000
940;-18.2093694622;44.9382259941;0.00000000000
;;;
NODE;X;Y;Z
941;-16.2135152389;44.9329807196;0.00000000000
942;-14.2065183736;44.9511598456;0.00000000000
943;-12.2158560053;44.9526435433;0.00000000000
944;-10.2096528995;44.9488822218;0.00000000000
945;-8.19286358527;44.9368023123;0.00000000000
946;-7.19168284673;36.2697941358;0.00000000000
947;-6.71851755447;38.5652903510;0.00000000000
948;-6.45153986342;40.7272226586;0.00000000000
949;-6.26393040762;42.8584345454;0.00000000000
950;-28.1689388959;7.49176614762;0.00000000000
951;-30.2792831866;7.04779998251;0.00000000000
952;-32.4406953751;6.60845975128;0.00000000000
953;-34.5932735767;6.31888814938;0.00000000000
954;-36.6568979668;6.19715399526;0.00000000000
955;-38.6416011303;6.18856486034;0.00000000000
956;-40.6398331757;6.18704571390;0.00000000000
957;-42.6411493137;6.18642446436;0.00000000000
958;-44.6414528755;6.18639686118;0.00000000000
959;-46.6418345852;6.18637469257;0.00000000000
960;-48.6418387953;6.18635818501;0.00000000000
;;;
NODE;X;Y;Z
961;-50.6417588277;6.18625260736;0.00000000000
962;-52.6416134485;6.18604909902;0.00000000000
963;-54.6413780034;6.18578315341;0.00000000000
964;-56.6410462671;6.18554573750;0.00000000000
965;-58.6406527030;6.18549712127;0.00000000000
966;-60.6403020921;6.18586487226;0.00000000000
967;-62.6401952269;6.18691173092;0.00000000000
968;-64.6406465862;6.18885459980;0.00000000000
969;-66.6420766219;6.19172176048;0.00000000000
970;-68.6449610022;6.19514941227;0.00000000000
971;-70.6497231170;6.19814915289;0.00000000000
972;-72.6518082221;6.21220769678;0.00000000000
973;-74.6537888295;6.22340247494;0.00000000000
974;-76.6599964652;6.21760042787;0.00000000000
975;-78.6670075686;6.20450214586;0.00000000000
976;-80.6709609566;6.17909572274;0.00000000000
977;-82.6785179216;6.13890429862;0.00000000000
978;-84.6940314568;6.09740622331;0.00000000000
979;-86.7095146191;6.04767895161;0.00000000000
980;-88.7373113359;5.99575274351;0.00000000000
;;;
NODE;X;Y;Z
981;-90.7708466376;5.95448287306;0.00000000000
982;-6.94607195027;24.8650454523;0.00000000000
983;-93.8192640907;6.90930400116;0.00000000000
984;-93.7924981877;8.86582198033;0.00000000000
985;-93.7879689174;10.8194518840;0.00000000000
986;-93.7981481879;12.7724411362;0.00000000000
987;-93.8036186415;14.7326215528;0.00000000000
988;-93.8065246026;16.6930343475;0.00000000000
989;-93.8104470054;18.6660240198;0.00000000000
990;-93.8119971383;20.6513248628;0.00000000000
991;-93.8117009550;22.6451401355;0.00000000000
992;-93.8164495445;24.6513689222;0.00000000000
993;-93.8234678357;26.6574793524;0.00000000000
994;-93.8349397069;28.6645063678;0.00000000000
995;-93.8515307729;30.6725841445;0.00000000000
996;-93.8723641881;32.6823270404;0.00000000000
997;-93.8974128811;34.6944524225;0.00000000000
998;-93.9210486325;36.7141444056;0.00000000000
999;-93.9365685390;38.7366512725;0.00000000000
1000;-93.9475012679;40.7694705742;0.00000000000
;;;
NODE;X;Y;Z
1001;-92.9702698771;43.8504797115;0.00000000000
1002;-90.9983900131;43.8583833895;0.00000000000
1003;-89.0454670376;43.8672055941;0.00000000000
1004;-87.1020006979;43.8731888534;0.00000000000
1005;-85.1393309919;43.8861451473;0.00000000000
1006;-83.1712969622;43.8908201564;0.00000000000
1007;-81.1936764949;43.8949766527;0.00000000000
1008;-79.2008204276;43.9006346969;0.00000000000
1009;-77.2094374789;43.8926700320;0.00000000000
1010;-75.2155760880;43.8850207025;0.00000000000
1011;-73.2158757409;43.8853454551;0.00000000000
1012;-71.2156385408;43.8854406913;0.00000000000
1013;-69.2155613504;43.8854789970;0.00000000000
1014;-67.2155465388;43.8855138124;0.00000000000
1015;-65.2155346453;43.8855556372;0.00000000000
1016;-63.2155273204;43.8856098052;0.00000000000
1017;-61.2155298534;43.8856812172;0.00000000000
1018;-59.2155499079;43.8857725879;0.00000000000
1019;-57.2155966041;43.8858809923;0.00000000000
1020;-55.2156784804;43.8859930038;0.00000000000
;;;
NODE;X;Y;Z
1021;-53.2157996841;43.8860790238;0.00000000000
1022;-51.2159541318;43.8860882542;0.00000000000
1023;-49.2161178743;43.8859468730;0.00000000000
1024;-47.2162407229;43.8855629641;0.00000000000
1025;-45.2162392339;43.8848420825;0.00000000000
1026;-43.2159940601;43.8837161583;0.00000000000
1027;-41.2153549633;43.8821849545;0.00000000000
1028;-39.2141557994;43.8803633637;0.00000000000
1029;-37.2122391030;43.8785208381;0.00000000000
1030;-35.2094858711;43.8770942212;0.00000000000
1031;-33.2058419641;43.8766573630;0.00000000000
1032;-31.2045265667;43.8631039038;0.00000000000
1033;-29.2139482919;43.8386817451;0.00000000000
1034;-27.2361650204;43.8339127800;0.00000000000
1035;-25.2595854702;43.8599225323;0.00000000000
1036;-23.2736040774;43.8981373011;0.00000000000
1037;-21.2790216035;43.9227869527;0.00000000000
1038;-19.2834879873;43.9245287381;0.00000000000
1039;-17.2888761353;43.9147432188;0.00000000000
1040;-15.2956798561;43.9078479958;0.00000000000
;;;
NODE;X;Y;Z
1041;-13.2984410800;43.9037187765;0.00000000000
1042;-11.2893467588;43.8994574758;0.00000000000
1043;-9.26792849432;43.8961764020;0.00000000000
1044;-7.78612469972;29.4346697713;0.00000000000
1045;-9.35020164507;30.1619737046;0.00000000000
1046;-7.73984239335;33.9376744661;0.00000000000
1047;-8.61609820018;35.0930795808;0.00000000000
1048;-7.94813546426;37.4759788820;0.00000000000
1049;-7.63163597700;39.6557519857;0.00000000000
1050;-7.38367047636;41.7830901923;0.00000000000
1051;-26.1371594598;7.59394214722;0.00000000000
1052;-29.1663457888;8.49965863934;0.00000000000
1053;-31.3686419803;7.84721535358;0.00000000000
1054;-33.5231207302;7.43407955706;0.00000000000
1055;-35.6503321976;7.21883862531;0.00000000000
1056;-37.6390407897;7.18861076537;0.00000000000
1057;-39.6284745368;7.18936879420;0.00000000000
1058;-41.6243356615;7.18842368259;0.00000000000
1059;-43.6191443370;7.19193795459;0.00000000000
1060;-45.6111402850;7.19526449860;0.00000000000
;;;
NODE;X;Y;Z
1061;-47.6013763826;7.20224971213;0.00000000000
1062;-49.6013150896;7.20221728250;0.00000000000
1063;-51.6011292982;7.20207476220;0.00000000000
1064;-53.6008409926;7.20185259391;0.00000000000
1065;-55.6004478418;7.20164553414;0.00000000000
1066;-57.5999750556;7.20161315442;0.00000000000
1067;-59.5995038806;7.20196911639;0.00000000000
1068;-61.5991845240;7.20294169214;0.00000000000
1069;-63.5992411836;7.20469454388;0.00000000000
1070;-65.6077277595;7.19977917417;0.00000000000
1071;-67.6016534686;7.21019959437;0.00000000000
1072;-69.6046270017;7.21295712463;0.00000000000
1073;-71.6091252181;7.21432856098;0.00000000000
1074;-73.6105143678;7.22575117355;0.00000000000
1075;-75.6161891571;7.21975403453;0.00000000000
1076;-77.6229703268;7.20681362379;0.00000000000
1077;-79.6299197750;7.18585164958;0.00000000000
1078;-81.6355071136;7.13855305606;0.00000000000
1079;-83.6462025276;7.07804424779;0.00000000000
1080;-85.6722216205;7.03655558529;0.00000000000
;;;
NODE;X;Y;Z
1081;-87.6927158829;6.97855425796;0.00000000000
1082;-89.7301316147;6.93636867748;0.00000000000
1083;-91.7689578579;6.90777782336;0.00000000000
1084;-92.7794484604;7.88485041500;0.00000000000
1085;-92.7502095517;9.83455062204;0.00000000000
1086;-92.7566532331;11.7800932478;0.00000000000
1087;-92.7724542186;13.7356998772;0.00000000000
1088;-92.7747449241;15.6871123077;0.00000000000
1089;-92.7850508998;17.6476476247;0.00000000000
1090;-92.7895586809;19.6174475704;0.00000000000
1091;-92.7945364459;21.6031986380;0.00000000000
1092;-92.8005282424;23.6076885304;0.00000000000
1093;-92.8031677892;25.6072707200;0.00000000000
1094;-92.8139097781;27.6107176254;0.00000000000
1095;-92.8298939105;29.6214992441;0.00000000000
1096;-92.8522301829;31.6324958837;0.00000000000
1097;-92.8805500426;33.6459879225;0.00000000000
1098;-92.9184617276;35.6624099606;0.00000000000
1099;-92.9350937316;37.6852932325;0.00000000000
1100;-92.9522595764;39.7250430120;0.00000000000
;;;
NODE;X;Y;Z
1101;-92.9705717890;41.7874461270;0.00000000000
1102;-91.9863332973;42.8154921372;0.00000000000
1103;-90.0276163681;42.8188656628;0.00000000000
1104;-88.0845253176;42.8304723411;0.00000000000
1105;-86.1391745058;42.8470507155;0.00000000000
1106;-84.1749122334;42.8650681429;0.00000000000
1107;-82.2095700902;42.8738032103;0.00000000000
1108;-80.2338676047;42.8805089993;0.00000000000
1109;-78.2434072405;42.8788287313;0.00000000000
1110;-76.2624652482;42.8644728285;0.00000000000
1111;-74.2652142174;42.8632114253;0.00000000000
1112;-72.2673018201;42.8627790172;0.00000000000
1113;-70.2748525928;42.8557163339;0.00000000000
1114;-68.2748027852;42.8557957652;0.00000000000
1115;-66.2747610841;42.8558742479;0.00000000000
1116;-64.2747439929;42.8559746362;0.00000000000
1117;-62.2747475575;42.8561160003;0.00000000000
1118;-60.2747811841;42.8563009128;0.00000000000
1119;-58.2748556869;42.8565209846;0.00000000000
1120;-56.2749803181;42.8567491892;0.00000000000
;;;
NODE;X;Y;Z
1121;-54.2751570719;42.8569347664;0.00000000000
1122;-52.2753743364;42.8570007511;0.00000000000
1123;-50.2755998177;42.8568485600;0.00000000000
1124;-48.2757739561;42.8563733401;0.00000000000
1125;-46.2758057964;42.8554926569;0.00000000000
1126;-44.2755733002;42.8541874994;0.00000000000
1127;-42.2749290594;42.8525472363;0.00000000000
1128;-40.2737098137;42.8507988160;0.00000000000
1129;-38.2717450638;42.8492893436;0.00000000000
1130;-36.2688622397;42.8483979691;0.00000000000
1131;-34.2649040876;42.8484178209;0.00000000000
1132;-32.2534536400;42.8243408327;0.00000000000
1133;-30.2544615414;42.7859759974;0.00000000000
1134;-28.2858215053;42.7404238692;0.00000000000
1135;-26.3302047224;42.7695023431;0.00000000000
1136;-24.3648219166;42.8389747009;0.00000000000
1137;-22.3807435749;42.8985021101;0.00000000000
1138;-20.3944744990;42.9156639481;0.00000000000
1139;-18.4111911435;42.8933800861;0.00000000000
1140;-16.4326429895;42.8652004872;0.00000000000
;;;
NODE;X;Y;Z
1141;-14.4424096428;42.8521887196;0.00000000000
1142;-12.4283362030;42.8447041587;0.00000000000
1143;-10.3985149805;42.8376826656;0.00000000000
1144;-8.34210520969;42.8339760503;0.00000000000
1145;-9.37255081772;36.2992643270;0.00000000000
1146;-8.86125388679;38.5664405168;0.00000000000
1147;-8.56376658995;40.7116195194;0.00000000000
1148;-30.2557045825;9.29907401041;0.00000000000
1149;-32.4510673354;8.67283515937;0.00000000000
1150;-34.5801793512;8.33403003299;0.00000000000
1151;-36.6324750206;8.21029539542;0.00000000000
1152;-38.6259141962;8.18941469923;0.00000000000
1153;-40.6129770226;8.19074676290;0.00000000000
1154;-42.6023306848;8.19393717282;0.00000000000
1155;-44.5888317465;8.20080559201;0.00000000000
1156;-46.5706820825;8.21113951815;0.00000000000
1157;-48.5608526769;8.21810880962;0.00000000000
1158;-50.5606855601;8.21803943734;0.00000000000
1159;-52.5603568423;8.21787825708;0.00000000000
1160;-54.5599108310;8.21771497464;0.00000000000
;;;
NODE;X;Y;Z
1161;-56.5593766302;8.21771295106;0.00000000000
1162;-58.5588262332;8.21808514954;0.00000000000
1163;-60.5583863126;8.21904593627;0.00000000000
1164;-62.5582304808;8.22072450510;0.00000000000
1165;-64.5663223569;8.21561911824;0.00000000000
1166;-66.5673046062;8.21825700806;0.00000000000
1167;-68.5613194682;8.22800730672;0.00000000000
1168;-70.5640291028;8.22913653271;0.00000000000
1169;-72.5678313638;8.22787203774;0.00000000000
1170;-74.5729146954;8.22210273313;0.00000000000
1171;-76.5791630187;8.20896723045;0.00000000000
1172;-78.5858825333;8.18816312751;0.00000000000
1173;-80.5944659320;8.14530898290;0.00000000000
1174;-82.6031917196;8.07769300524;0.00000000000
1175;-84.6243926913;8.01719360977;0.00000000000
1176;-86.6554228843;7.96743089164;0.00000000000
1177;-88.6855361617;7.91917019193;0.00000000000
1178;-90.7282428350;7.88966362777;0.00000000000
1179;-23.8686003457;11.3714418629;0.00000000000
1180;-22.5526719816;13.8353574527;0.00000000000
;;;
NODE;X;Y;Z
1181;-21.0598326270;16.1593064773;0.00000000000
1182;-19.3882249023;18.3022344110;0.00000000000
1183;-17.4846785384;20.2547606755;0.00000000000
1184;-15.3990131275;21.9543183910;0.00000000000
1185;-13.1824753949;23.4598475883;0.00000000000
1186;-10.8411702982;24.7100538460;0.00000000000
1187;-91.7371598244;8.85357905671;0.00000000000
1188;-91.7188938674;10.7951919859;0.00000000000
1189;-91.7309592638;12.7433519889;0.00000000000
1190;-91.7435805011;14.6901906321;0.00000000000
1191;-91.7532712213;16.6417255849;0.00000000000
1192;-91.7641625752;18.5990711753;0.00000000000
1193;-91.7720979885;20.5693213456;0.00000000000
1194;-91.7833637334;22.5657470329;0.00000000000
1195;-91.7872464871;24.5635903281;0.00000000000
1196;-91.7936097316;26.5605089929;0.00000000000
1197;-91.8088639817;28.5677105017;0.00000000000
1198;-91.8305933205;30.5814109833;0.00000000000
1199;-91.8604160373;32.5961567658;0.00000000000
1200;-91.9015988891;34.6139454606;0.00000000000
;;;
NODE;X;Y;Z
1201;-91.9325068267;36.6335587875;0.00000000000
1202;-91.9507847690;38.6736849720;0.00000000000
1203;-91.9753300976;40.7430185648;0.00000000000
1204;-91.0155596523;41.7759744105;0.00000000000
1205;-89.0666746480;41.7821324098;0.00000000000
1206;-87.1216991255;41.8043342032;0.00000000000
1207;-85.1747557473;41.8259737110;0.00000000000
1208;-83.2131853614;41.8480511968;0.00000000000
1209;-81.2497612000;41.8593355569;0.00000000000
1210;-79.2764544176;41.8587030337;0.00000000000
1211;-77.2964350099;41.8506315278;0.00000000000
1212;-75.3121033777;41.8426635512;0.00000000000
1213;-73.3166402966;41.8406449874;0.00000000000
1214;-71.3265158721;41.8330546597;0.00000000000
1215;-69.3340940277;41.8260331021;0.00000000000
1216;-67.3340173306;41.8261562007;0.00000000000
1217;-65.3339704317;41.8262932469;0.00000000000
1218;-63.3339642300;41.8264808313;0.00000000000
1219;-61.3339988881;41.8267356959;0.00000000000
1220;-59.3340869631;41.8270493095;0.00000000000
;;;
NODE;X;Y;Z
1221;-57.3342394010;41.8273891815;0.00000000000
1222;-55.3344589096;41.8276909518;0.00000000000
1223;-53.3347317242;41.8278564937;0.00000000000
1224;-51.3350200224;41.8277610569;0.00000000000
1225;-49.3352558994;41.8272750271;0.00000000000
1226;-47.3353390296;41.8263030329;0.00000000000
1227;-45.3351398627;41.8248380738;0.00000000000
1228;-43.3345082995;41.8230185774;0.00000000000
1229;-41.3332839099;41.8211610978;0.00000000000
1230;-39.3312990781;41.8197247959;0.00000000000
1231;-37.3283682004;41.8191664746;0.00000000000
1232;-35.3242804562;41.8197215687;0.00000000000
1233;-33.3125157636;41.7961012906;0.00000000000
1234;-31.3033886147;41.7472129263;0.00000000000
1235;-29.3263347548;41.6877181215;0.00000000000
1236;-27.3798612073;41.6760134323;0.00000000000
1237;-25.4354411688;41.7485545117;0.00000000000
1238;-23.4719614141;41.8393395099;0.00000000000
1239;-21.4961964704;41.8913791055;0.00000000000
1240;-19.5221776553;41.8845152961;0.00000000000
;;;
NODE;X;Y;Z
1241;-17.5549579978;41.8438373545;0.00000000000
1242;-15.5793727762;41.8095412110;0.00000000000
1243;-13.5723047658;41.7931741018;0.00000000000
1244;-11.5375044247;41.7829293484;0.00000000000
1245;-9.47269169590;41.7754823138;0.00000000000
1246;-8.92524604782;27.8585756771;0.00000000000
1247;-10.4511771892;33.6574742144;0.00000000000
1248;-9.57492138236;32.5020690997;0.00000000000
1249;-10.7235074941;35.3030945126;0.00000000000
1250;-10.1175299077;37.5303035653;0.00000000000
1251;-29.3354546267;10.7550906379;0.00000000000
1252;-33.6393633486;9.36118570237;0.00000000000
1253;-35.6738301173;9.19330411054;0.00000000000
1254;-37.6532354672;9.17126291000;0.00000000000
1255;-39.6204247111;9.18834612411;0.00000000000
1256;-41.5960075784;9.19848123682;0.00000000000
1257;-43.5712790872;9.20777988452;0.00000000000
1258;-45.5536082595;9.21240757683;0.00000000000
1259;-47.5424553018;9.22872748542;0.00000000000
1260;-49.5431447179;9.21924073449;0.00000000000
;;;
NODE;X;Y;Z
1261;-51.5468148038;9.21912817900;0.00000000000
1262;-53.5422070706;9.21890854249;0.00000000000
1263;-55.5456988046;9.21598618158;0.00000000000
1264;-57.5408787335;9.21925584886;0.00000000000
1265;-59.5443587587;9.21927560125;0.00000000000
1266;-61.5398777162;9.22189722329;0.00000000000
1267;-63.5457952477;9.21583774510;0.00000000000
1268;-65.5483444183;9.21973750468;0.00000000000
1269;-67.5410667278;9.23936995520;0.00000000000
1270;-69.5444701360;9.23210920999;0.00000000000
1271;-71.5470543243;9.24196126736;0.00000000000
1272;-73.5528425408;9.22987871030;0.00000000000
1273;-75.5547274634;9.21875997308;0.00000000000
1274;-77.5550261982;9.19689097418;0.00000000000
1275;-79.5661037323;9.15179010389;0.00000000000
1276;-81.5704392228;9.08435627979;0.00000000000
1277;-83.5822425957;9.00881063621;0.00000000000
1278;-85.6147769840;8.95605989597;0.00000000000
1279;-87.6490012273;8.90561703030;0.00000000000
1280;-89.6931356250;8.87010898231;0.00000000000
;;;
NODE;X;Y;Z
1281;-24.0912815123;13.2605477203;0.00000000000
1282;-25.5426217072;10.5420692118;0.00000000000
1283;-22.5619176393;15.8037827902;0.00000000000
1284;-12.4547449747;25.2294536663;0.00000000000
1285;-90.7020526144;9.83402441124;0.00000000000
1286;-90.6907510560;11.7712132061;0.00000000000
1287;-90.7129830498;13.7170327561;0.00000000000
1288;-90.7295213673;15.6548002121;0.00000000000
1289;-90.7494565910;17.6061509714;0.00000000000
1290;-90.7585712063;19.5601908673;0.00000000000
1291;-90.7647114280;21.5333975850;0.00000000000
1292;-90.7747253854;23.5316883897;0.00000000000
1293;-90.7737272514;25.5323135583;0.00000000000
1294;-90.7885169464;27.5267892743;0.00000000000
1295;-90.8005895672;29.5389254996;0.00000000000
1296;-90.8259591922;31.5581124418;0.00000000000
1297;-90.8686625891;33.5715223883;0.00000000000
1298;-90.9320529355;35.5944345375;0.00000000000
1299;-90.9649825822;37.6300372357;0.00000000000
1300;-90.9951540432;39.7020207814;0.00000000000
;;;
NODE;X;Y;Z
1301;-90.0353835979;40.7349766271;0.00000000000
1302;-88.0897906711;40.7538138471;0.00000000000
1303;-86.1530803202;40.7783651594;0.00000000000
1304;-84.2047144184;40.8115442011;0.00000000000
1305;-82.2462454959;40.8418835220;0.00000000000
1306;-80.2879645595;40.8451095536;0.00000000000
1307;-78.3119901304;40.8375440320;0.00000000000
1308;-76.3351265250;40.8271001427;0.00000000000
1309;-74.3453546694;40.8223490938;0.00000000000
1310;-72.3652831048;40.8152047326;0.00000000000
1311;-70.3760436473;40.8120623673;0.00000000000
1312;-68.3819390429;40.7963896324;0.00000000000
1313;-66.3818682011;40.7965258315;0.00000000000
1314;-64.3818233097;40.7967275141;0.00000000000
1315;-62.3818206661;40.7970197201;0.00000000000
1316;-60.3818798122;40.7974057511;0.00000000000
1317;-58.3820255892;40.7978607474;0.00000000000
1318;-56.3822742911;40.7983215586;0.00000000000
1319;-54.3826233739;40.7986799091;0.00000000000
1320;-52.3830395168;40.7987852619;0.00000000000
;;;
NODE;X;Y;Z
1321;-50.3834474480;40.7984649016;0.00000000000
1322;-48.3697921953;40.8090737945;0.00000000000
1323;-46.3578359241;40.7982356708;0.00000000000
1324;-44.3624400624;40.8004003649;0.00000000000
1325;-42.3645775109;40.7973741961;0.00000000000
1326;-40.3471874749;40.7569292817;0.00000000000
1327;-38.3614187634;40.7656589015;0.00000000000
1328;-36.3379770016;40.7234383258;0.00000000000
1329;-34.3245178563;40.7050582727;0.00000000000
1330;-32.3148080042;40.6446203505;0.00000000000
1331;-30.3331123700;40.5702149294;0.00000000000
1332;-28.3989838349;40.5116943432;0.00000000000
1333;-26.4855127789;40.5957306423;0.00000000000
1334;-24.5617521149;40.7517344780;0.00000000000
1335;-22.6066357219;40.8778432647;0.00000000000
1336;-20.6647270239;40.8785325095;0.00000000000
1337;-18.7129148529;40.8248012196;0.00000000000
1338;-16.7738424056;40.7631227207;0.00000000000
1339;-14.7846193633;40.7467196814;0.00000000000
1340;-12.7341563216;40.7463296210;0.00000000000
;;;
NODE;X;Y;Z
1341;-10.6530237977;40.7305816647;0.00000000000
1342;-11.4684865840;36.5341337509;0.00000000000
1343;-34.7330141147;10.2204597799;0.00000000000
1344;-36.6945905639;10.1542716251;0.00000000000
1345;-38.6477459821;10.1701943349;0.00000000000
1346;-40.6034552669;10.1960805980;0.00000000000
1347;-42.5649559808;10.2123239485;0.00000000000
1348;-44.5360556002;10.2193818693;0.00000000000
1349;-46.5253814788;10.2299955441;0.00000000000
1350;-48.5247473427;10.2298594103;0.00000000000
1351;-50.5292739616;10.2203294762;0.00000000000
1352;-52.5286650322;10.2201584644;0.00000000000
1353;-54.5279950443;10.2171797494;0.00000000000
1354;-56.5272009079;10.2175290794;0.00000000000
1355;-58.5264112590;10.2204463006;0.00000000000
1356;-60.5258501623;10.2221268883;0.00000000000
1357;-62.5274424831;10.2170104633;0.00000000000
1358;-64.5278173090;10.2199561315;0.00000000000
1359;-66.5221065399;10.2408504518;0.00000000000
1360;-68.5242173956;10.2434718585;0.00000000000
;;;
NODE;X;Y;Z
1361;-70.5274953575;10.2449339446;0.00000000000
1362;-72.5320655013;10.2439679399;0.00000000000
1363;-74.5346553089;10.2265359502;0.00000000000
1364;-76.5305906429;10.2066837168;0.00000000000
1365;-78.5352473972;10.1605179506;0.00000000000
1366;-80.5420770230;10.0908374008;0.00000000000
1367;-82.5494900989;10.0154739108;0.00000000000
1368;-84.5726268884;9.94767692240;0.00000000000
1369;-86.6083553270;9.89424603464;0.00000000000
1370;-24.1005271700;15.2289730578;0.00000000000
1371;-25.7653028738;12.4311750692;0.00000000000
1372;-89.6739098030;10.8100456314;0.00000000000
1373;-89.6727748420;12.7448939733;0.00000000000
1374;-89.6989239160;14.6816423360;0.00000000000
1375;-89.7257067370;16.6192255986;0.00000000000
1376;-89.7438652220;18.5672706633;0.00000000000
1377;-89.7511846458;20.5242671066;0.00000000000
1378;-89.7560730800;22.4993389417;0.00000000000
1379;-89.7612061497;24.5004116198;0.00000000000
1380;-89.7686344662;26.4985938397;0.00000000000
;;;
NODE;X;Y;Z
1381;-89.7802425319;28.4980042721;0.00000000000
1382;-89.7959554389;30.5156269581;0.00000000000
1383;-89.8342057439;32.5334780644;0.00000000000
1384;-89.8991166354;34.5520114653;0.00000000000
1385;-89.9645286910;36.5909129856;0.00000000000
1386;-89.0584996210;39.7066580645;0.00000000000
1387;-87.1211718658;39.7278448033;0.00000000000
1388;-85.1830389913;39.7639356495;0.00000000000
1389;-83.2377745528;39.8053765264;0.00000000000
1390;-81.2844488554;39.8276575187;0.00000000000
1391;-79.3235002724;39.8239505519;0.00000000000
1392;-77.3506816456;39.8140126469;0.00000000000
1393;-75.3683778167;39.8067856852;0.00000000000
1394;-73.3939974776;39.7969088391;0.00000000000
1395;-71.4148108800;39.7942124402;0.00000000000
1396;-69.4238886626;39.7824188976;0.00000000000
1397;-67.4297899135;39.7667592631;0.00000000000
1398;-65.4297210791;39.7669600987;0.00000000000
1399;-63.4296797458;39.7672664029;0.00000000000
1400;-61.4297015902;39.7676897752;0.00000000000
;;;
NODE;X;Y;Z
1401;-59.4298184383;39.7682171890;0.00000000000
1402;-57.4300604793;39.7687931245;0.00000000000
1403;-55.4304387553;39.7693105159;0.00000000000
1404;-53.4309311665;39.7696086773;0.00000000000
1405;-51.4314669425;39.7694891066;0.00000000000
1406;-49.4179837439;39.7802636691;0.00000000000
1407;-47.3922890898;39.7810064325;0.00000000000
1408;-45.3851361237;39.7737979619;0.00000000000
1409;-43.3925092738;39.7747559836;0.00000000000
1410;-41.3784810759;39.7331423800;0.00000000000
1411;-39.3773071602;39.7028633873;0.00000000000
1412;-37.3710275645;39.6699307527;0.00000000000
1413;-35.3382144017;39.6087750299;0.00000000000
1414;-33.3268100969;39.5535773326;0.00000000000
1415;-31.3445317595;39.4676223536;0.00000000000
1416;-29.4057614502;39.3941911512;0.00000000000
1417;-27.5046354065;39.4314115532;0.00000000000
1418;-25.6118237250;39.5989106085;0.00000000000
1419;-23.6964264227;39.7902382328;0.00000000000
1420;-21.7751662755;39.8649966688;0.00000000000
;;;
NODE;X;Y;Z
1421;-19.8554642216;39.8188184330;0.00000000000
1422;-17.9317992607;39.7440865858;0.00000000000
1423;-15.9790889927;39.7003011911;0.00000000000
1424;-13.9464709191;39.6998752005;0.00000000000
1425;-11.8496756946;39.6939819373;0.00000000000
1426;-12.8230835096;31.2188351925;0.00000000000
1427;-12.4895679388;34.4112650095;0.00000000000
1428;-12.2172376340;32.7656447113;0.00000000000
1429;-12.8387522452;35.6538003186;0.00000000000
1430;-11.0003747126;38.6305819189;0.00000000000
1431;-29.8771605795;12.7776679429;0.00000000000
1432;-33.8396743130;11.2016914146;0.00000000000
1433;-35.7799473290;11.0997224575;0.00000000000
1434;-37.7017412487;11.1320307716;0.00000000000
1435;-39.6319900464;11.1846891091;0.00000000000
1436;-41.5699506207;11.2143333032;0.00000000000
1437;-43.5436808407;11.2344798885;0.00000000000
1438;-45.5259491909;11.2364869219;0.00000000000
1439;-47.5260555764;11.2392918153;0.00000000000
1440;-49.5231003738;11.2238836039;0.00000000000
;;;
NODE;X;Y;Z
1441;-51.5295614729;11.2224745695;0.00000000000
1442;-53.5289259330;11.2134384906;0.00000000000
1443;-55.5289428332;11.2152396043;0.00000000000
1444;-57.5200163154;11.2180362320;0.00000000000
1445;-59.5233676866;11.2225124145;0.00000000000
1446;-61.5185198013;11.2232744163;0.00000000000
1447;-63.5248276817;11.2184419927;0.00000000000
1448;-65.5206097684;11.2472916181;0.00000000000
1449;-67.5206519140;11.2578289132;0.00000000000
1450;-69.5274873428;11.2591191647;0.00000000000
1451;-71.5283930269;11.2564057155;0.00000000000
1452;-73.5242305471;11.2441847236;0.00000000000
1453;-75.5219492079;11.2270708347;0.00000000000
1454;-77.5139701509;11.1889069373;0.00000000000
1455;-79.5128633866;11.1044069417;0.00000000000
1456;-81.5220537285;11.0292732910;0.00000000000
1457;-83.5480278153;10.9437802332;0.00000000000
1458;-85.5775110819;10.8832010438;0.00000000000
1459;-87.6248541109;10.8365461544;0.00000000000
1460;-25.5251638125;14.7771012364;0.00000000000
;;;
NODE;X;Y;Z
1461;-27.1779884924;12.1674540241;0.00000000000
1462;-23.9664647410;17.4549735495;0.00000000000
1463;-13.2059313431;27.3080212554;0.00000000000
1464;-88.6611751893;13.7186100827;0.00000000000
1465;-88.6952908593;15.6457471019;0.00000000000
1466;-88.7239818443;17.5757157938;0.00000000000
1467;-88.7360308882;19.5246053425;0.00000000000
1468;-88.7608561202;21.4805724183;0.00000000000
1469;-88.7640749226;23.4698891015;0.00000000000
1470;-88.7434808774;25.4741958343;0.00000000000
1471;-88.7429266690;27.4722690961;0.00000000000
1472;-88.7602503638;29.4916813943;0.00000000000
1473;-88.7791372609;31.5056924549;0.00000000000
1474;-88.8557811983;33.5251719363;0.00000000000
1475;-88.9537330649;35.5559285021;0.00000000000
1476;-89.0219552843;37.6224422621;0.00000000000
1477;-86.1266902531;38.7118830088;0.00000000000
1478;-84.1975879553;38.7657092451;0.00000000000
1479;-82.2511777375;38.8124363281;0.00000000000
1480;-80.2989315733;38.8200969709;0.00000000000
;;;
NODE;X;Y;Z
1481;-78.3364392905;38.8142529274;0.00000000000
1482;-76.3640587246;38.7984481428;0.00000000000
1483;-74.3933986241;38.7831713094;0.00000000000
1484;-72.4340246950;38.7702816768;0.00000000000
1485;-70.4508338587;38.7821927422;0.00000000000
1486;-68.4591324627;38.7832845547;0.00000000000
1487;-66.4520183403;38.7866593726;0.00000000000
1488;-64.4450615886;38.7878220269;0.00000000000
1489;-62.4400622167;38.7854844415;0.00000000000
1490;-60.4419785317;38.7812806387;0.00000000000
1491;-58.4506551470;38.7732862335;0.00000000000
1492;-56.4527791173;38.7719759508;0.00000000000
1493;-54.4528530754;38.7656261823;0.00000000000
1494;-52.4527697051;38.7739018257;0.00000000000
1495;-50.4373210431;38.7683782241;0.00000000000
1496;-48.4057661336;38.7654746383;0.00000000000
1497;-46.3801480583;38.7304431044;0.00000000000
1498;-44.3724447481;38.7093490858;0.00000000000
1499;-42.3658191494;38.6811392825;0.00000000000
1500;-40.3423295656;38.6045967009;0.00000000000
;;;
NODE;X;Y;Z
1501;-38.3426746658;38.5745903654;0.00000000000
1502;-36.3171951459;38.4922659181;0.00000000000
1503;-34.3118114713;38.4428623144;0.00000000000
1504;-32.3145626464;38.3691869202;0.00000000000
1505;-30.3562487828;38.2531085424;0.00000000000
1506;-28.4530067956;38.1650448691;0.00000000000
1507;-26.6041021121;38.3020953254;0.00000000000
1508;-24.7714260286;38.6350791339;0.00000000000
1509;-22.8775218727;38.9131362688;0.00000000000
1510;-21.0399500828;38.8099688727;0.00000000000
1511;-19.1687730118;38.7168432926;0.00000000000
1512;-17.3134912057;38.5939430389;0.00000000000
1513;-15.2833502069;38.6473481222;0.00000000000
1514;-13.1433499841;38.6911265212;0.00000000000
1515;-31.1097732155;13.1819517366;0.00000000000
1516;-32.9637409799;12.3736412927;0.00000000000
1517;-34.8866075273;12.0809540922;0.00000000000
1518;-36.7870980138;12.0774816040;0.00000000000
1519;-38.6859853130;12.1465255458;0.00000000000
1520;-40.5984854001;12.2029418143;0.00000000000
;;;
NODE;X;Y;Z
1521;-42.5486754805;12.2364892432;0.00000000000
1522;-44.5335744313;12.2515849410;0.00000000000
1523;-46.5266232884;12.2457831930;0.00000000000
1524;-48.5244086074;12.2333160089;0.00000000000
1525;-50.5233878850;12.2260286973;0.00000000000
1526;-52.5298223736;12.2157545958;0.00000000000
1527;-54.5298737218;12.2114983455;0.00000000000
1528;-56.5217582407;12.2157467570;0.00000000000
1529;-58.5169727430;12.2201023459;0.00000000000
1530;-60.5160373256;12.2236599425;0.00000000000
1531;-62.5159050000;12.2247059457;0.00000000000
1532;-64.5176201411;12.2457774793;0.00000000000
1533;-66.5191551425;12.2642700794;0.00000000000
1534;-68.5239218611;12.2734762194;0.00000000000
1535;-70.5283850122;12.2705909356;0.00000000000
1536;-72.5205580727;12.2566224992;0.00000000000
1537;-74.5115244462;12.2447196081;0.00000000000
1538;-76.5053287159;12.2092940552;0.00000000000
1539;-78.4915861403;12.1327959284;0.00000000000
1540;-80.4928400921;12.0428428319;0.00000000000
;;;
NODE;X;Y;Z
1541;-82.5205914449;11.9575796134;0.00000000000
1542;-84.5529120088;11.8793043546;0.00000000000
1543;-86.5940098658;11.8255011636;0.00000000000
1544;-88.6421632233;11.7900359651;0.00000000000
1545;-25.3911013836;17.0031017281;0.00000000000
1546;-20.6870474829;20.0808195646;0.00000000000
1547;-18.7358313702;22.1402254717;0.00000000000
1548;-16.5435674385;23.9716868050;0.00000000000
1549;-87.6575421326;14.6827148485;0.00000000000
1550;-87.6935659666;16.6022372971;0.00000000000
1551;-87.7161475106;18.5330504730;0.00000000000
1552;-87.7457023626;20.4809106543;0.00000000000
1553;-87.7688579628;22.4511225781;0.00000000000
1554;-87.7463496502;24.4436733160;0.00000000000
1555;-87.7177730801;26.4478710907;0.00000000000
1556;-87.7229345010;28.4659462182;0.00000000000
1557;-87.7434321858;30.4817468911;0.00000000000
1558;-87.8007127153;32.4973863268;0.00000000000
1559;-87.9103976278;34.5290889731;0.00000000000
1560;-88.0111596582;36.5874577785;0.00000000000
;;;
NODE;X;Y;Z
1561;-88.0711030489;38.6707272815;0.00000000000
1562;-85.1412392171;37.7136566044;0.00000000000
1563;-83.2109911400;37.7727690469;0.00000000000
1564;-81.2656604554;37.8048757804;0.00000000000
1565;-79.3118705915;37.8103993465;0.00000000000
1566;-77.3498163695;37.7986884234;0.00000000000
1567;-75.3890795320;37.7748337670;0.00000000000
1568;-73.4334258415;37.7565441471;0.00000000000
1569;-71.4700476738;37.7582619788;0.00000000000
1570;-69.4860776589;37.7830583994;0.00000000000
1571;-67.4813608895;37.8031846643;0.00000000000
1572;-65.4673588498;37.8075213008;0.00000000000
1573;-63.4554440595;37.8060400655;0.00000000000
1574;-61.4523391582;37.7990753050;0.00000000000
1575;-59.4628152404;37.7863496832;0.00000000000
1576;-57.4733737850;37.7764690599;0.00000000000
1577;-55.4751934374;37.7682916173;0.00000000000
1578;-53.4746916141;37.7699193308;0.00000000000
1579;-51.4586238058;37.7727909432;0.00000000000
1580;-49.4251034329;37.7535891933;0.00000000000
;;;
NODE;X;Y;Z
1581;-47.3936251022;37.7149113102;0.00000000000
1582;-45.3674566827;37.6659942282;0.00000000000
1583;-43.3457546237;37.6157323848;0.00000000000
1584;-41.3296676390;37.5525936035;0.00000000000
1585;-39.3076970712;37.4763236790;0.00000000000
1586;-37.2888422472;37.3969255308;0.00000000000
1587;-35.2907922155;37.3263532027;0.00000000000
1588;-33.2995640208;37.2584719020;0.00000000000
1589;-31.3262796697;37.1546731090;0.00000000000
1590;-29.4034941282;37.0239622603;0.00000000000
1591;-27.5524735012;37.0357286413;0.00000000000
1592;-25.7637044158;37.3382638508;0.00000000000
1593;-23.9525214786;37.7579771699;0.00000000000
1594;-22.1423056800;37.8581084727;0.00000000000
1595;-20.3532588730;37.7079937323;0.00000000000
1596;-18.5504649567;37.5666997458;0.00000000000
1597;-16.6177524199;37.5409899700;0.00000000000
1598;-14.4802292719;37.6385994428;0.00000000000
1599;-13.6643146633;36.7473930704;0.00000000000
1600;-14.4802810977;32.5528819940;0.00000000000
;;;
NODE;X;Y;Z
1601;-15.0861269733;31.0060724751;0.00000000000
1602;-15.1247650910;35.6931029425;0.00000000000
1603;-28.2040776633;14.3869695523;0.00000000000
1604;-29.4546104091;14.5704627575;0.00000000000
1605;-30.5948511092;14.5742599718;0.00000000000
1606;-32.2290557200;13.3750509176;0.00000000000
1607;-35.8892605336;12.9937038591;0.00000000000
1608;-39.6255162528;13.1951621435;0.00000000000
1609;-43.5323961813;13.2810920554;0.00000000000
1610;-47.5229207754;13.2533294545;0.00000000000
1611;-51.5307690631;13.2201992154;0.00000000000
1612;-55.5185171163;13.2252497164;0.00000000000
1613;-59.5082004079;13.2348195130;0.00000000000
1614;-63.5096600446;13.2503529986;0.00000000000
1615;-67.5206223680;13.2900766684;0.00000000000
1616;-71.5342742595;13.3124527580;0.00000000000
1617;-75.5183852726;13.2838494090;0.00000000000
1618;-79.4696587889;13.0840429284;0.00000000000
1619;-83.5432560943;12.8685134240;0.00000000000
1620;-20.3790147150;22.1102456249;0.00000000000
;;;
NODE;X;Y;Z
1621;-15.8375844538;25.7786873363;0.00000000000
1622;-86.6634028787;15.6485883572;0.00000000000
1623;-86.7212049129;17.5582272671;0.00000000000
1624;-86.7902730607;21.4329530722;0.00000000000
1625;-86.7047007985;25.4204197966;0.00000000000
1626;-86.6657439266;29.4410793749;0.00000000000
1627;-86.8315194107;33.5041738066;0.00000000000
1628;-84.1330420589;36.7200030283;0.00000000000
1629;-82.2084523602;36.7798553857;0.00000000000
1630;-80.2849153256;36.8119098475;0.00000000000
1631;-78.3173707706;36.8218954173;0.00000000000
1632;-76.3559072425;36.7767856673;0.00000000000
1633;-74.4192292228;36.7309808443;0.00000000000
1634;-72.4596873200;36.7171502252;0.00000000000
1635;-70.4850978634;36.7427961147;0.00000000000
1636;-68.5013202687;36.7978197475;0.00000000000
1637;-66.4893323350;36.8310620626;0.00000000000
1638;-64.4767338246;36.8370365989;0.00000000000
1639;-62.4695763332;36.8124692648;0.00000000000
1640;-60.4694698712;36.7865642720;0.00000000000
;;;
NODE;X;Y;Z
1641;-58.4847160296;36.7545726983;0.00000000000
1642;-56.4867431299;36.7495655033;0.00000000000
1643;-54.4923717006;36.7554360546;0.00000000000
1644;-52.4916128313;36.7830692192;0.00000000000
1645;-50.4443792245;36.7554318952;0.00000000000
1646;-48.3965101581;36.7010197688;0.00000000000
1647;-46.3584083151;36.6194431095;0.00000000000
1648;-44.3281983020;36.5448560062;0.00000000000
1649;-42.2978447350;36.4764371836;0.00000000000
1650;-40.2647694030;36.3921343508;0.00000000000
1651;-38.2212030839;36.2903265699;0.00000000000
1652;-36.2234106759;36.2090844508;0.00000000000
1653;-34.2307657604;36.1228623949;0.00000000000
1654;-32.2978558972;36.1036997345;0.00000000000
1655;-30.3141013557;35.9226167940;0.00000000000
1656;-28.4059115174;35.6205280118;0.00000000000
1657;-26.6134082429;35.8007410857;0.00000000000
1658;-24.8216990137;36.4924737649;0.00000000000
1659;-23.1746310825;37.0876015225;0.00000000000
1660;-21.7065449592;36.6500325594;0.00000000000
;;;
NODE;X;Y;Z
1661;-20.0267261097;36.3708229592;0.00000000000
1662;-18.1418464232;36.2629423722;0.00000000000
1663;-15.9406796996;36.5843093149;0.00000000000
1664;-31.7141336137;14.7673591528;0.00000000000
1665;-83.1305032792;35.7270893671;0.00000000000
1666;-81.2277072304;35.7868894527;0.00000000000
1667;-79.2904155047;35.8234059183;0.00000000000
1668;-77.3234616435;35.7999926612;0.00000000000
1669;-75.3860569333;35.7329327446;0.00000000000
1670;-73.4454907012;35.6915869224;0.00000000000
1671;-71.4747375096;35.7016843612;0.00000000000
1672;-69.5003404732;35.7575574628;0.00000000000
1673;-67.5092917142;35.8256971459;0.00000000000
1674;-65.4987073099;35.8605773607;0.00000000000
1675;-63.4908660983;35.8434657982;0.00000000000
1676;-61.4867070462;35.7999582319;0.00000000000
1677;-59.4913706605;35.7547872871;0.00000000000
1678;-57.4980853745;35.7276691416;0.00000000000
1679;-55.5039213931;35.7367099406;0.00000000000
1680;-53.5092929178;35.7685859430;0.00000000000
;;;
NODE;X;Y;Z
1681;-51.4773682499;35.7657101713;0.00000000000
1682;-49.4157859497;35.7028624707;0.00000000000
1683;-47.3612933710;35.6055515681;0.00000000000
1684;-45.3191499344;35.4983048874;0.00000000000
1685;-43.2802884132;35.4055608050;0.00000000000
1686;-41.2329464990;35.3159779309;0.00000000000
1687;-39.1782754157;35.2061372417;0.00000000000
1688;-37.1557715126;35.1024854900;0.00000000000
1689;-35.1633842207;35.0055936431;0.00000000000
1690;-33.2290576367;34.9680902275;0.00000000000
1691;-31.2856775832;34.8716434195;0.00000000000
1692;-29.3165187450;34.5191825454;0.00000000000
1693;-27.4668462591;34.3855404561;0.00000000000
1694;-25.6714028409;34.9549509997;0.00000000000
1695;-24.0438086176;35.8220981175;0.00000000000
1696;-22.7388703617;35.8795256092;0.00000000000
1697;-21.3800121959;35.3128617863;0.00000000000
1698;-19.6181075762;35.0670655856;0.00000000000
1699;-16.2117745921;32.6954874536;0.00000000000
1700;-32.6787869999;14.7177627205;0.00000000000
;;;
NODE;X;Y;Z
1701;-33.3358289160;13.9780271100;0.00000000000
1702;-35.8575881657;14.9055003537;0.00000000000
1703;-36.8332470439;14.0135903060;0.00000000000
1704;-40.5811411945;14.2414040410;0.00000000000
1705;-43.5100461806;15.3525333397;0.00000000000
1706;-44.5182051990;14.2983781087;0.00000000000
1707;-48.5267599615;14.2501992066;0.00000000000
1708;-51.5209060341;15.2115661874;0.00000000000
1709;-52.5276953719;14.2186673873;0.00000000000
1710;-56.5054930169;14.2270442891;0.00000000000
1711;-59.4769184225;15.2371287039;0.00000000000
1712;-60.5025087631;14.2433152528;0.00000000000
1713;-63.4697281504;15.2724646639;0.00000000000
1714;-64.5062191701;14.2843036047;0.00000000000
1715;-68.5293171736;14.3291212786;0.00000000000
1716;-71.5425189312;15.4116661672;0.00000000000
1717;-72.5423385005;14.3652306716;0.00000000000
1718;-76.5142700394;14.2856009783;0.00000000000
1719;-79.4834826106;15.1095536770;0.00000000000
1720;-80.4739865178;14.0137710260;0.00000000000
;;;
NODE;X;Y;Z
1721;-83.5831634548;14.7699485105;0.00000000000
1722;-84.5685454893;13.7917114183;0.00000000000
1723;-21.9885992151;21.9610593536;0.00000000000
1724;-85.6206158546;14.7066267685;0.00000000000
1725;-85.7642620599;18.5128707787;0.00000000000
1726;-84.9013474741;21.3687845888;0.00000000000
1727;-85.8009028780;22.4092975728;0.00000000000
1728;-84.6640154380;25.3326611090;0.00000000000
1729;-85.6616133600;26.3981230894;0.00000000000
1730;-85.6261624057;30.4192854109;0.00000000000
1731;-85.9047970538;34.5465699411;0.00000000000
1732;-85.0409398907;35.6451392399;0.00000000000
1733;-83.9401151758;34.5803524509;0.00000000000
1734;-82.0899404377;34.6903484049;0.00000000000
1735;-80.2536880689;34.8725288031;0.00000000000
1736;-78.2646094024;34.8632644901;0.00000000000
1737;-74.4084722005;34.6607588465;0.00000000000
1738;-70.4715217853;34.6719918765;0.00000000000
1739;-66.5241622750;34.8748131160;0.00000000000
1740;-64.5278901397;34.8918528622;0.00000000000
;;;
NODE;X;Y;Z
1741;-60.5486120825;34.7722716845;0.00000000000
1742;-56.5422333823;34.6896064584;0.00000000000
1743;-52.5204937500;34.7847788365;0.00000000000
1744;-50.4460064068;34.7410871307;0.00000000000
1745;-46.3039492372;34.4488853729;0.00000000000
1746;-42.1953012411;34.2345400035;0.00000000000
1747;-38.0657136383;34.0157224167;0.00000000000
1748;-36.0214569763;33.8529874783;0.00000000000
1749;-32.0930570003;33.7124907359;0.00000000000
1750;-22.9956050044;34.4443549940;0.00000000000
1751;-32.4337644910;15.8659742899;0.00000000000
1752;-82.8995523343;33.5436114887;0.00000000000
1753;-81.1159212761;33.7759877552;0.00000000000
1754;-79.2278819666;33.9123873750;0.00000000000
1755;-65.5533451048;33.9060886176;0.00000000000
1756;-51.4891319069;33.7601557959;0.00000000000
1757;-36.9313991020;32.7662244051;0.00000000000
1758;-33.5333626220;15.4320319922;0.00000000000
1759;-34.1904045382;14.6922963817;0.00000000000
1760;-35.6330071016;17.0629215437;0.00000000000
;;;
NODE;X;Y;Z
1761;-36.6562590361;15.9810959977;0.00000000000
1762;-37.6319179144;15.0891859500;0.00000000000
1763;-41.5204772635;15.3204663612;0.00000000000
1764;-44.5047136738;16.3639522410;0.00000000000
1765;-45.5128726921;15.3097970100;0.00000000000
1766;-49.5234895217;15.2449976784;0.00000000000
1767;-51.5008323350;17.1614307898;0.00000000000
1768;-52.5075221838;16.2052733386;0.00000000000
1769;-53.5143115217;15.2123745386;0.00000000000
1770;-57.4854741314;15.2183665505;0.00000000000
1771;-60.4473858130;16.2378141913;0.00000000000
1772;-61.4729761536;15.2440007403;0.00000000000
1773;-64.4407708750;16.3001954179;0.00000000000
1774;-65.4772618947;15.3120343588;0.00000000000
1775;-69.5142749593;15.3866852690;0.00000000000
1776;-72.5687249953;16.4653918108;0.00000000000
1777;-73.5685445646;15.4189563152;0.00000000000
1778;-77.5173325477;15.3085315227;0.00000000000
1779;-80.5313090190;15.9937102563;0.00000000000
1780;-81.5218129262;14.8979276052;0.00000000000
;;;
NODE;X;Y;Z
1781;-26.7237742374;21.1873202295;0.00000000000
1782;-28.0698413058;20.7005101791;0.00000000000
1783;-84.8523775337;19.4566645112;0.00000000000
1784;-83.1092007753;21.2969974191;0.00000000000
1785;-83.9248152658;22.3293876124;0.00000000000
1786;-84.8243706697;23.3699005963;0.00000000000
1787;-83.5676910040;26.2590563204;0.00000000000
1788;-84.5652889260;27.3245183008;0.00000000000
1789;-84.5793548095;31.3826971131;0.00000000000
1790;-80.0630551321;33.1490334346;0.00000000000
1791;-78.3075013105;32.8958500196;0.00000000000
1792;-77.2865509644;33.7988764680;0.00000000000
1793;-74.3868122661;32.5929087170;0.00000000000
1794;-73.4060622803;33.6112145368;0.00000000000
1795;-69.4872955550;33.6902903190;0.00000000000
1796;-66.5716149308;32.9355899215;0.00000000000
1797;-64.6185720856;32.9601899950;0.00000000000
1798;-63.5750862336;33.8804065389;0.00000000000
1799;-59.6063528512;33.7310756549;0.00000000000
1800;-55.5829617016;33.6685341118;0.00000000000
;;;
NODE;X;Y;Z
1801;-50.4631164557;32.8079997603;0.00000000000
1802;-49.3945181829;33.6524988499;0.00000000000
1803;-45.2351827881;33.2723114413;0.00000000000
1804;-41.0878104365;33.0596517553;0.00000000000
1805;-35.7590335519;31.4317051941;0.00000000000
1806;-34.8466532066;32.5377474540;0.00000000000
1807;-31.1880573822;32.7051045465;0.00000000000
1808;-38.4916312472;16.1475137548;0.00000000000
1809;-40.4696648659;16.2833947735;0.00000000000
1810;-46.5122928206;16.3141156058;0.00000000000
1811;-48.5118306246;16.2755343235;0.00000000000
1812;-54.4993354950;16.2028756811;0.00000000000
1813;-56.4803971647;16.2097975425;0.00000000000
1814;-66.4574048641;16.3600409695;0.00000000000
1815;-68.4807472473;16.4111052755;0.00000000000
1816;-74.5824221835;16.4752807388;0.00000000000
1817;-76.5524232674;16.4277851818;0.00000000000
1818;-23.6430672538;21.8656154911;0.00000000000
1819;-83.8247467636;18.5060769279;0.00000000000
1820;-83.4510317353;28.2607381539;0.00000000000
;;;
NODE;X;Y;Z
1821;-83.4564302805;30.3003390955;0.00000000000
1822;-79.1426744760;32.1324960792;0.00000000000
1823;-65.6368419116;31.9896912989;0.00000000000
1824;-29.5744976870;31.9956707499;0.00000000000
1825;-27.3494473167;31.3972851171;0.00000000000
1826;-34.0262536409;20.2072770065;0.00000000000
1827;-37.4641141952;17.3069700025;0.00000000000
1828;-39.4209180803;17.3983430989;0.00000000000
1829;-41.4581198437;17.4611940852;0.00000000000
1830;-45.5279217254;17.3724517243;0.00000000000
1831;-47.5181373063;17.3019926424;0.00000000000
1832;-49.4998337862;17.2598901796;0.00000000000
1833;-50.4918995370;18.1891133826;0.00000000000
1834;-51.5068569758;19.0055198204;0.00000000000
1835;-53.5003555524;17.1283760987;0.00000000000
1836;-55.4801503895;17.1409642830;0.00000000000
1837;-57.4486862890;17.1671644389;0.00000000000
1838;-61.3932574993;17.2282268687;0.00000000000
1839;-65.3858707402;17.3267284783;0.00000000000
1840;-67.4068142940;17.4050898253;0.00000000000
;;;
NODE;X;Y;Z
1841;-69.4373566526;17.4654879737;0.00000000000
1842;-73.5426437092;17.5844589783;0.00000000000
1843;-75.5893088386;17.6189481136;0.00000000000
1844;-77.5868358003;17.4851025139;0.00000000000
1845;-81.6356995067;16.7753737601;0.00000000000
1846;-17.9588785768;29.5660768205;0.00000000000
1847;-82.7313788811;17.6335711135;0.00000000000
1848;-82.9628790744;19.4453442110;0.00000000000
1849;-82.1221301976;20.3566289326;0.00000000000
1850;-82.0732377282;22.1896879214;0.00000000000
1851;-82.8888522187;23.2220781146;0.00000000000
1852;-82.4094233697;27.0604330333;0.00000000000
1853;-82.3413670367;31.2527017411;0.00000000000
1854;-80.5393834390;31.7716190508;0.00000000000
1855;-76.4005997651;32.6649032998;0.00000000000
1856;-75.4195935585;31.5943812759;0.00000000000
1857;-74.4268801632;30.5378671134;0.00000000000
1858;-72.3917183165;32.5392153852;0.00000000000
1859;-68.4973540671;32.6919048057;0.00000000000
1860;-67.5379841943;31.8025228517;0.00000000000
;;;
NODE;X;Y;Z
1861;-66.5565211200;31.1737740239;0.00000000000
1862;-62.7081417760;32.8439622762;0.00000000000
1863;-58.7095915383;32.7049105255;0.00000000000
1864;-54.6077048058;32.6323839560;0.00000000000
1865;-51.5434468870;31.8404966206;0.00000000000
1866;-50.5521151917;31.1411141567;0.00000000000
1867;-48.3560307327;32.5209684361;0.00000000000
1868;-44.1265232357;32.0727382447;0.00000000000
1869;-39.9476866776;31.8989852122;0.00000000000
1870;-36.6978451184;30.4434872843;0.00000000000
1871;-35.7052385698;28.8738878295;0.00000000000
1872;-33.6444795646;31.1505234436;0.00000000000
1873;-38.3934010282;18.5577993466;0.00000000000
1874;-40.4093730580;18.5761424106;0.00000000000
1875;-42.4671718482;18.5270887101;0.00000000000
1876;-44.5249524578;18.4536072851;0.00000000000
1877;-46.5337662112;18.3603287609;0.00000000000
1878;-48.5061404680;18.2863484985;0.00000000000
1879;-54.4811704469;18.0664647006;0.00000000000
1880;-56.4484395138;18.0983311794;0.00000000000
;;;
NODE;X;Y;Z
1881;-58.4041848299;18.1454487117;0.00000000000
1882;-60.3638009748;18.1919337078;0.00000000000
1883;-62.3364205327;18.2310071864;0.00000000000
1884;-64.3268664772;18.2879760470;0.00000000000
1885;-66.3352801701;18.3717773341;0.00000000000
1886;-68.3634236993;18.4594725234;0.00000000000
1887;-70.4082696957;18.5539061286;0.00000000000
1888;-72.4631197334;18.6514541066;0.00000000000
1889;-74.5495303643;18.7281263531;0.00000000000
1890;-76.6237213716;18.6762654457;0.00000000000
1891;-78.6411499628;18.3541651289;0.00000000000
1892;-80.6802336773;17.9065186942;0.00000000000
1893;-25.1142599607;23.9283909823;0.00000000000
1894;-28.3476629758;22.9851310748;0.00000000000
1895;-29.7328170781;22.4944656954;0.00000000000
1896;-20.6628715895;28.0554769225;0.00000000000
1897;-81.8695111919;18.5728383966;0.00000000000
1898;-81.7352464581;24.0235232408;0.00000000000
1899;-81.4386737845;25.9011699852;0.00000000000
1900;-71.3528554987;31.4538224611;0.00000000000
;;;
NODE;X;Y;Z
1901;-69.4110607511;31.5285716907;0.00000000000
1902;-61.8503808663;31.8144534989;0.00000000000
1903;-59.8454450060;31.7486590208;0.00000000000
1904;-57.7661174094;31.6591451895;0.00000000000
1905;-55.6745284124;31.5936130825;0.00000000000
1906;-53.6213165994;31.6932061248;0.00000000000
1907;-47.3237852675;31.2947302565;0.00000000000
1908;-45.1660485744;31.0317966185;0.00000000000
1909;-42.9954065499;30.9042503905;0.00000000000
1910;-40.8941558683;30.8215557571;0.00000000000
1911;-38.8050034292;30.7263168497;0.00000000000
1912;-32.2837636521;29.8783919257;0.00000000000
1913;-18.8234915863;31.6507702339;0.00000000000
1914;-31.2054491718;21.5522296716;0.00000000000
1915;-34.9268588077;21.8084635029;0.00000000000
1916;-37.3346393234;19.7684280903;0.00000000000
1917;-39.4007271518;19.7849792352;0.00000000000
1918;-43.5865461668;19.5533144834;0.00000000000
1919;-47.5589363954;19.3184388406;0.00000000000
1920;-52.5110128297;19.8695361867;0.00000000000
;;;
NODE;X;Y;Z
1921;-53.4978215574;18.9485499163;0.00000000000
1922;-57.3890527189;19.0650707535;0.00000000000
1923;-61.2738622920;19.1823360568;0.00000000000
1924;-65.2334870880;19.3170085125;0.00000000000
1925;-69.2821432120;19.5238487984;0.00000000000
1926;-79.8357579996;18.9639920958;0.00000000000
1927;-80.9216164996;22.8087496474;0.00000000000
1928;-80.4810011911;24.6073883958;0.00000000000
1929;-80.2501176637;26.5966711054;0.00000000000
1930;-76.5141759259;30.6779016631;0.00000000000
1931;-73.4305926351;29.4365578509;0.00000000000
1932;-72.3761807743;30.4196003029;0.00000000000
1933;-68.2391434842;30.4007302500;0.00000000000
1934;-67.2576804098;29.7719814222;0.00000000000
1935;-65.8487976124;30.1659073487;0.00000000000
1936;-63.0614729816;30.8428830432;0.00000000000
1937;-61.0651531580;30.8054827049;0.00000000000
1938;-56.8710836438;30.6307324617;0.00000000000
1939;-52.4427874620;30.8197508369;0.00000000000
1940;-51.4514557667;30.1203683730;0.00000000000
;;;
NODE;X;Y;Z
1941;-49.8270914767;29.8069048939;0.00000000000
1942;-48.6996052907;30.3422600836;0.00000000000
1943;-46.2902238890;30.0783680050;0.00000000000
1944;-41.6438937021;29.6176233786;0.00000000000
1945;-36.6352121438;26.7445420600;0.00000000000
1946;-34.6048878307;27.4339297955;0.00000000000
1947;-33.4565091707;28.6045231497;0.00000000000
1948;-33.4440150988;22.4852134483;0.00000000000
1949;-38.3419654470;20.9956079788;0.00000000000
1950;-26.9006036666;26.1652184624;0.00000000000
1951;-30.3387747925;24.3073398647;0.00000000000
1952;-31.8114068862;23.3651038409;0.00000000000
1953;-21.6600877044;30.4610486296;0.00000000000
1954;-79.6673712327;23.3926148023;0.00000000000
1955;-79.2924450703;25.3028895160;0.00000000000
1956;-64.2389637578;29.9009619346;0.00000000000
1957;-62.2762452733;29.8339122492;0.00000000000
1958;-47.6660439122;29.1258978320;0.00000000000
1959;-37.3532267779;22.3598254929;0.00000000000
1960;-39.5112819260;22.1670302017;0.00000000000
;;;
NODE;X;Y;Z
1961;-42.5990174373;20.6958081071;0.00000000000
1962;-43.7854777697;21.6251012652;0.00000000000
1963;-47.6922584576;21.3657843458;0.00000000000
1964;-56.3967611750;19.9665829743;0.00000000000
1965;-57.2773161072;20.9639922381;0.00000000000
1966;-61.1016302861;21.1188031009;0.00000000000
1967;-64.1496137707;20.2689346823;0.00000000000
1968;-65.0193342576;21.2871964266;0.00000000000
1969;-78.3910986247;23.9318728405;0.00000000000
1970;-78.1069731919;26.0393415992;0.00000000000
1971;-79.1061949837;27.3289553658;0.00000000000
1972;-80.1334618265;28.6369688217;0.00000000000
1973;-76.6964365696;28.7584220869;0.00000000000
1974;-72.4716509278;28.3064702896;0.00000000000
1975;-61.5009488032;28.8684803288;0.00000000000
1976;-58.1128063839;29.7111508074;0.00000000000
1977;-57.3768248457;28.7257433917;0.00000000000
1978;-51.7525341513;29.1217875180;0.00000000000
1979;-50.1281698613;28.8083240388;0.00000000000
1980;-48.6917127501;28.1059370255;0.00000000000
;;;
NODE;X;Y;Z
1981;-46.2712751686;28.0030557409;0.00000000000
1982;-41.0823289589;27.1349274714;0.00000000000
1983;-40.3371919457;28.3666778248;0.00000000000
1984;-44.9016260472;22.6365968680;0.00000000000
1985;-46.8448302599;22.5188770670;0.00000000000
1986;-58.1530225081;21.9592242192;0.00000000000
1987;-60.0521432589;22.0432547749;0.00000000000
1988;-65.9045009101;22.3451712538;0.00000000000
1989;-72.2869304620;20.7849003876;0.00000000000
1990;-74.4713323901;20.9187162237;0.00000000000
1991;-29.3907078902;27.3609017188;0.00000000000
1992;-77.2056267463;24.6683249237;0.00000000000
1993;-77.9300519159;28.0611367412;0.00000000000
1994;-73.6106203219;27.3538065148;0.00000000000
1995;-47.2969440065;26.9830949343;0.00000000000
1996;-40.7007334325;23.1017228574;0.00000000000
1997;-41.6604487190;21.8131118142;0.00000000000
1998;-48.7134745303;22.1664810466;0.00000000000
1999;-49.5908780607;21.0183264144;0.00000000000
2000;-51.6656896308;22.2406042980;0.00000000000
;;;
NODE;X;Y;Z
2001;-52.5676433181;21.5663590677;0.00000000000
2002;-55.4111619278;20.8674826853;0.00000000000
2003;-61.9623770377;22.1280893691;0.00000000000
2004;-63.0411816707;21.2005173554;0.00000000000
2005;-64.7591591593;23.2437255900;0.00000000000
2006;-67.9123589534;22.5134352359;0.00000000000
2007;-71.1114494640;21.7631359596;0.00000000000
2008;-73.2304672039;21.9264744163;0.00000000000
2009;-75.4364536213;22.0776864067;0.00000000000
2010;-76.3242753706;23.3799886040;0.00000000000
2011;-70.3579572183;28.1839567184;0.00000000000
2012;-61.9856859475;26.9614765175;0.00000000000
2013;-60.7302438190;27.8891340292;0.00000000000
2014;-59.4568433174;28.8170409197;0.00000000000
2015;-56.8297808891;27.6601308279;0.00000000000
2016;-55.2785582864;28.4508755961;0.00000000000
2017;-53.8928869932;28.5742131586;0.00000000000
2018;-50.7766537043;27.6731041280;0.00000000000
2019;-49.3401965931;26.9707171146;0.00000000000
2020;-45.0085065636;26.8562721429;0.00000000000
;;;
NODE;X;Y;Z
2021;-43.7777740302;27.7325182602;0.00000000000
2022;-42.0263355928;23.6698550657;0.00000000000
2023;-49.8481633128;22.7327543837;0.00000000000
2024;-54.4613423559;21.6993445828;0.00000000000
2025;-69.9563848966;22.7098597636;0.00000000000
2026;-74.1955884352;23.0854445993;0.00000000000
2027;-53.4890699536;22.3754324717;0.00000000000
2028;-55.2534005929;22.8459626850;0.00000000000
2029;-62.7789904745;23.1332951792;0.00000000000
2030;-63.6272474762;24.1582416694;0.00000000000
2031;-68.7988613995;23.6546974161;0.00000000000
2032;-70.8471995986;23.8806724182;0.00000000000
2033;-72.9684974760;24.0587285418;0.00000000000
2034;-64.0028486415;27.0615248101;0.00000000000
2035;-59.9926046096;26.9069003748;0.00000000000
2036;-52.6898859077;27.1495426578;0.00000000000
2037;-43.9322157930;25.7516863529;0.00000000000
2038;-51.2707124809;24.9468566542;0.00000000000
2039;-54.2811281906;23.5220505739;0.00000000000
2040;-56.0989131824;23.8208649752;0.00000000000
;;;
NODE;X;Y;Z
2041;-57.9588885787;23.8376446347;0.00000000000
2042;-67.6582149715;24.5635590319;0.00000000000
2043;-69.6896761015;24.8255100707;0.00000000000
2044;-71.7607108687;25.0346909717;0.00000000000
2045;-59.3363544491;25.8938484288;0.00000000000
2046;-47.1998762232;24.7311820095;0.00000000000
2047;-45.1035374546;24.7728878013;0.00000000000
2048;-51.9645685609;25.9939714340;0.00000000000
2049;-55.3427050181;24.6773316645;0.00000000000
2050;-61.6739524203;24.0524404750;0.00000000000
2051;-22.5509377541;4.44366210300;0.00000000000
2052;-29.4549954082;20.2098447997;0.00000000000
2053;-3.36364543678;22.0853077858;0.00000000000
2054;-23.9171755039;1.14852551888;0.00000000000
2055;-24.8195763786;2.35148177419;0.00000000000
2056;-22.8240696179;2.19517582067;0.00000000000
2057;-1.95744894235;23.2773009950;0.00000000000
2058;-0.747311802406;24.0329885731;0.00000000000
2059;-1.82366425687;24.7477930957;0.00000000000
2060;-96.9762335347;47.9653569324;0.00000000000
;;;
NODE;X;Y;Z
2061;-23.7079097493;3.45678337665;0.00000000000
2062;-5.55150276949;24.0075706253;0.00000000000
2063;-26.5078110560;4.92498059330;0.00000000000
2064;-4.58483016236;25.5264430892;0.00000000000
2065;-24.1324499483;7.24329952852;0.00000000000
2066;-25.3311911082;6.19902997065;0.00000000000
2067;-23.4603229045;9.69723194881;0.00000000000
2068;-24.7903727745;8.81553392656;0.00000000000
2069;-22.4089109612;12.0796070114;0.00000000000
2070;-21.0083626157;14.3433572633;0.00000000000
2071;-19.5392589680;16.4693372295;0.00000000000
2072;-17.7650813243;18.4315341298;0.00000000000
2073;-15.8558632076;20.1987206768;0.00000000000
2074;-13.7732788473;21.7065844713;0.00000000000
2075;-11.6095483713;23.0443336245;0.00000000000
2076;-9.30266184266;24.0649440389;0.00000000000
2077;-8.39131461410;25.6420023158;0.00000000000
2078;-5.97939934314;26.3839179163;0.00000000000
2079;-6.33704801506;28.6270462254;0.00000000000
2080;-7.40419766240;27.1670150921;0.00000000000
;;;
NODE;X;Y;Z
2081;-6.56546119764;33.0456643632;0.00000000000
2082;-7.94651624417;31.6979810178;0.00000000000
2083;-6.15536598415;44.9405901550;0.00000000000
2084;-7.22236514095;43.9093204034;0.00000000000
2085;-93.9545083688;42.8224337013;0.00000000000
2086;-92.8087734882;5.93223140952;0.00000000000
2087;-9.91236299952;26.3335629008;0.00000000000
2088;-10.4893229932;28.5858796104;0.00000000000
2089;-10.9786067833;30.9660617865;0.00000000000
2090;-20.9714759945;18.1394200949;0.00000000000
2091;-22.4735610068;17.7838964078;0.00000000000
2092;-19.1037963908;20.2436338808;0.00000000000
2093;-17.1167135179;22.1513522665;0.00000000000
2094;-14.8258670481;23.7746529296;0.00000000000
2095;-14.0981366279;25.5442590076;0.00000000000
2096;-11.5259376761;26.8529627211;0.00000000000
2097;-9.74409869175;39.6667188703;0.00000000000
2098;-90.0093518564;38.6583730451;0.00000000000
2099;-88.6566006906;9.85655582068;0.00000000000
2100;-32.6790551918;10.5817812723;0.00000000000
;;;
NODE;X;Y;Z
2101;-31.8031218588;11.7537311505;0.00000000000
2102;-31.4907591786;9.89343072931;0.00000000000
2103;-30.5705092228;11.3494473568;0.00000000000
2104;-28.6266278337;12.5941747379;0.00000000000
2105;-26.9378494311;14.5133801913;0.00000000000
2106;-22.2966319830;19.9316332934;0.00000000000
2107;-25.2929823878;19.3214641980;0.00000000000
2108;-23.7895357173;19.6027104351;0.00000000000
2109;-18.3197041739;24.0779770295;0.00000000000
2110;-19.9628875187;24.0479971827;0.00000000000
2111;-17.6137211892;25.8849775607;0.00000000000
2112;-14.9453791691;27.5424495841;0.00000000000
2113;-14.0137933866;29.2937115506;0.00000000000
2114;-87.6305635707;12.7637520745;0.00000000000
2115;-27.9949651548;18.4763288058;0.00000000000
2116;-26.7470170822;16.6447763862;0.00000000000
2117;-28.0132453143;16.5183657473;0.00000000000
2118;-26.6488980864;18.9631388561;0.00000000000
2119;-25.1465139243;21.5843692540;0.00000000000
2120;-23.0551777607;26.1965892834;0.00000000000
;;;
NODE;X;Y;Z
2121;-21.6900074403;24.0778627669;0.00000000000
2122;-23.3444754790;23.9824189043;0.00000000000
2123;-19.5068755839;26.0044903022;0.00000000000
2124;-21.2339955055;26.0343558864;0.00000000000
2125;-16.8638517020;27.6672817204;0.00000000000
2126;-18.7570060967;27.7867944619;0.00000000000
2127;-15.9322659195;29.4185436869;0.00000000000
2128;-12.2940490021;37.6277265028;0.00000000000
2129;-87.0766214362;37.6547654870;0.00000000000
2130;-85.5782014037;12.8025023488;0.00000000000
2131;-86.6147551086;13.7407532598;0.00000000000
2132;-81.4971678209;12.9725709295;0.00000000000
2133;-82.5198324704;13.8835047401;0.00000000000
2134;-77.5012134826;13.2110456245;0.00000000000
2135;-78.4792861312;14.1622926244;0.00000000000
2136;-73.5286223137;13.3094004128;0.00000000000
2137;-74.5354831402;14.3485302138;0.00000000000
2138;-69.5326166667;13.3125208296;0.00000000000
2139;-70.5385059140;14.3543826520;0.00000000000
2140;-65.5141792666;13.2797280854;0.00000000000
;;;
NODE;X;Y;Z
2141;-66.5156464921;14.3055346744;0.00000000000
2142;-61.5103456809;13.2321556823;0.00000000000
2143;-62.5041007255;14.2578027352;0.00000000000
2144;-57.5087341414;13.2175413297;0.00000000000
2145;-58.4999618062;14.2322584967;0.00000000000
2146;-53.5267486825;13.2142227677;0.00000000000
2147;-54.5153920769;14.2279741385;0.00000000000
2148;-49.5282477935;13.2301857609;0.00000000000
2149;-50.5356289716;14.2243562790;0.00000000000
2150;-45.5193834490;13.2688709944;0.00000000000
2151;-46.5156809360;14.2764172559;0.00000000000
2152;-41.5541103418;13.2491837118;0.00000000000
2153;-42.5378310425;14.2937865240;0.00000000000
2154;-37.7310845241;13.0973680508;0.00000000000
2155;-38.6706154640;14.1460046486;0.00000000000
2156;-34.0705141760;12.9766174851;0.00000000000
2157;-35.0731671822;13.8893672520;0.00000000000
2158;-30.3780064431;16.2140932641;0.00000000000
2159;-29.2377657430;16.2102960497;0.00000000000
2160;-29.2194855836;18.1682591082;0.00000000000
;;;
NODE;X;Y;Z
2161;-26.6915202738;23.5313419578;0.00000000000
2162;-24.8249622424;26.1425613614;0.00000000000
2163;-22.4840538447;28.2177103196;0.00000000000
2164;-19.8647440696;29.8347592811;0.00000000000
2165;-17.1127396306;31.1536056086;0.00000000000
2166;-86.9836752709;35.5714851076;0.00000000000
2167;-86.0491370489;36.6387928160;0.00000000000
2168;-86.7038506649;31.4599529272;0.00000000000
2169;-85.7346573604;32.4667404069;0.00000000000
2170;-86.6746856417;27.4255743835;0.00000000000
2171;-85.6174950674;28.4007075402;0.00000000000
2172;-86.7794877801;23.4274670787;0.00000000000
2173;-85.7378389283;24.4042135592;0.00000000000
2174;-86.7592046576;19.4876939845;0.00000000000
2175;-85.8037753557;20.4397364025;0.00000000000
2176;-85.6910418250;16.6045783272;0.00000000000
2177;-17.4647737029;35.3062617171;0.00000000000
2178;-16.5070742790;34.5931730930;0.00000000000
2179;-84.6352338202;15.6848638607;0.00000000000
2180;-82.5851439106;15.7843713755;0.00000000000
;;;
NODE;X;Y;Z
2181;-78.5215290271;16.2557925753;0.00000000000
2182;-75.5493607591;15.4048546374;0.00000000000
2183;-70.5182879765;16.4439687842;0.00000000000
2184;-67.4957894616;15.3535412850;0.00000000000
2185;-62.4386035785;16.2586626689;0.00000000000
2186;-58.4624307476;16.2232367576;0.00000000000
2187;-55.5004160502;15.2184752811;0.00000000000
2188;-50.5087665842;16.2322075867;0.00000000000
2189;-47.5151010645;15.2807358517;0.00000000000
2190;-42.4926924016;16.3792131769;0.00000000000
2191;-39.5303287969;15.2043324534;0.00000000000
2192;-34.9748255217;15.7084294834;0.00000000000
2193;-31.4691111048;15.9155707223;0.00000000000
2194;-31.5818787318;17.5004869264;0.00000000000
2195;-30.4907740701;17.7990094682;0.00000000000
2196;-32.0642446548;19.1723924399;0.00000000000
2197;-30.7262838947;19.8405951597;0.00000000000
2198;-28.5567463686;25.6190075795;0.00000000000
2199;-24.3923657577;28.3757160228;0.00000000000
2200;-26.4680071819;28.3983731238;0.00000000000
;;;
NODE;X;Y;Z
2201;-23.5683996175;30.6190543328;0.00000000000
2202;-20.6188352212;32.2770595823;0.00000000000
2203;-17.9225265479;33.1926520788;0.00000000000
2204;-18.8802259717;33.9057407029;0.00000000000
2205;-22.9723096342;32.5698776726;0.00000000000
2206;-24.3005432603;34.3869275023;0.00000000000
2207;-26.3059551090;33.1322295079;0.00000000000
2208;-24.9350955284;32.5642060105;0.00000000000
2209;-25.5311855117;30.6133826707;0.00000000000
2210;-28.5103384669;32.6505960653;0.00000000000
2211;-30.3806779650;33.8642572300;0.00000000000
2212;-33.9885804511;33.6903536188;0.00000000000
2213;-32.8525798147;32.4347541273;0.00000000000
2214;-40.1254556944;34.1410896827;0.00000000000
2215;-39.0128939170;32.9506748577;0.00000000000
2216;-44.2503834852;34.3217309559;0.00000000000
2217;-43.1653963131;33.1507101544;0.00000000000
2218;-48.3642977257;34.6142741899;0.00000000000
2219;-47.3069535920;33.4576079948;0.00000000000
2220;-54.5446497124;34.7156375940;0.00000000000
;;;
NODE;X;Y;Z
2221;-53.5558505446;33.7318304874;0.00000000000
2222;-58.5491114292;34.7135912575;0.00000000000
2223;-57.5932594371;33.6755285743;0.00000000000
2224;-62.5380621922;34.8320194749;0.00000000000
2225;-61.5999672285;33.8043329276;0.00000000000
2226;-68.5161142428;34.7758559053;0.00000000000
2227;-67.5309848037;33.8249718755;0.00000000000
2228;-72.4430807810;34.6420426127;0.00000000000
2229;-71.4398650568;33.6123501280;0.00000000000
2230;-76.3454032055;34.7356046391;0.00000000000
2231;-75.3678184727;33.6634307409;0.00000000000
2232;-84.8039723390;33.4817831521;0.00000000000
2233;-83.6486697881;32.3977398583;0.00000000000
2234;-84.5032378767;29.3369273933;0.00000000000
2235;-83.7505471794;24.2983481461;0.00000000000
2236;-83.9499496521;20.3857126975;0.00000000000
2237;-84.7366312898;17.5622831954;0.00000000000
2238;-83.6808232850;16.6425687289;0.00000000000
2239;-32.8332046198;17.0796719959;0.00000000000
2240;-33.3155705428;18.7515775094;0.00000000000
;;;
NODE;X;Y;Z
2241;-33.9328027509;16.6457296982;0.00000000000
2242;-32.5434099320;20.8840269518;0.00000000000
2243;-28.2862689870;29.1822755703;0.00000000000
2244;-31.1727363141;26.0492340040;0.00000000000
2245;-81.5922495829;32.3985733715;0.00000000000
2246;-82.3189928721;29.1049896819;0.00000000000
2247;-81.2039296283;30.0573523275;0.00000000000
2248;-81.2773845065;27.9046845613;0.00000000000
2249;-82.5969414188;25.0997932723;0.00000000000
2250;-77.4215501111;31.7618768514;0.00000000000
2251;-73.3724683023;31.5209095654;0.00000000000
2252;-70.4010022389;32.5269572040;0.00000000000
2253;-63.7516276280;31.9237457323;0.00000000000
2254;-60.7422063189;32.7748241502;0.00000000000
2255;-56.6497853082;32.6297632383;0.00000000000
2256;-52.5694623381;32.7926526562;0.00000000000
2257;-49.4246290056;31.6764693464;0.00000000000
2258;-46.2747081268;32.2313698152;0.00000000000
2259;-42.0342796272;31.9822223001;0.00000000000
2260;-37.8702106686;31.7780064952;0.00000000000
;;;
NODE;X;Y;Z
2261;-34.5568599098;30.0444811837;0.00000000000
2262;-31.4918639022;31.1626226094;0.00000000000
2263;-29.8783042070;30.4531888128;0.00000000000
2264;-30.9827431102;28.6318149613;0.00000000000
2265;-35.3016674288;19.4559212555;0.00000000000
2266;-34.5909843308;18.0002217584;0.00000000000
2267;-36.4408622606;18.3887955485;0.00000000000
2268;-43.5017444062;17.4451078018;0.00000000000
2269;-52.4936657035;18.0845335499;0.00000000000
2270;-59.4179292885;17.2015210304;0.00000000000
2271;-63.3817666119;17.2614429866;0.00000000000
2272;-71.4892010195;17.5323869391;0.00000000000
2273;-79.5758431896;17.1248551902;0.00000000000
2274;-32.1554886288;27.3579461853;0.00000000000
2275;-39.5874541119;29.5706102033;0.00000000000
2276;-38.4102693753;27.1584348683;0.00000000000
2277;-43.9163673206;29.8327304717;0.00000000000
2278;-42.5648544729;28.5461034598;0.00000000000
2279;-45.0405426352;28.8793018582;0.00000000000
2280;-54.6290470117;30.4793687808;0.00000000000
;;;
NODE;X;Y;Z
2281;-53.4505178743;29.6059134929;0.00000000000
2282;-55.8256022431;29.5164881600;0.00000000000
2283;-59.0078401496;30.7395635353;0.00000000000
2284;-60.2275483016;29.7963872194;0.00000000000
2285;-64.9291184041;30.9818246237;0.00000000000
2286;-70.3139756073;30.3455060434;0.00000000000
2287;-69.1420583404;29.2176646027;0.00000000000
2288;-71.3373008829;29.3112838852;0.00000000000
2289;-75.5214625306;29.6213875006;0.00000000000
2290;-32.8202820044;24.9173908182;0.00000000000
2291;-34.4528902169;24.0375004255;0.00000000000
2292;-33.8030343191;26.2261029994;0.00000000000
2293;-81.0250355143;19.6303117982;0.00000000000
2294;-78.9828007761;20.4631609810;0.00000000000
2295;-77.7881927393;19.8533340141;0.00000000000
2296;-78.9282742308;21.8085398415;0.00000000000
2297;-75.5997085059;19.8684271140;0.00000000000
2298;-76.7641798736;21.0454956823;0.00000000000
2299;-73.4211542485;19.7784154628;0.00000000000
2300;-71.3288959469;19.6579390314;0.00000000000
;;;
NODE;X;Y;Z
2301;-70.2027694633;20.6278817013;0.00000000000
2302;-68.1644940794;20.4781628198;0.00000000000
2303;-67.0291481369;21.4169925504;0.00000000000
2304;-67.2457745666;19.4137865449;0.00000000000
2305;-66.1439814845;20.3590177232;0.00000000000
2306;-63.2429931599;19.2399022168;0.00000000000
2307;-62.1804349192;20.1912310872;0.00000000000
2308;-60.2351705334;20.1197098228;0.00000000000
2309;-59.1856835063;21.0441614968;0.00000000000
2310;-59.3251092162;19.1293074739;0.00000000000
2311;-58.3099771053;20.0489295157;0.00000000000
2312;-55.4561479698;18.9998434001;0.00000000000
2313;-54.4727990802;19.8819286158;0.00000000000
2314;-49.5168660606;19.1855393715;0.00000000000
2315;-51.5556766394;20.7221047411;0.00000000000
2316;-50.5318234994;20.0019458092;0.00000000000
2317;-48.5696619880;20.2176297136;0.00000000000
2318;-46.6315798794;20.4080536073;0.00000000000
2319;-45.7841516817;21.5611463286;0.00000000000
2320;-45.6064096952;19.4499435276;0.00000000000
;;;
NODE;X;Y;Z
2321;-44.6680034042;20.5496507259;0.00000000000
2322;-41.4796431188;19.6695823338;0.00000000000
2323;-40.4709972125;20.8784191584;0.00000000000
2324;-36.1954444915;20.8355537973;0.00000000000
2325;-76.9308301241;26.7715229745;0.00000000000
2326;-77.6520016228;22.3477978796;0.00000000000
2327;-72.0549862060;22.9047099883;0.00000000000
2328;-69.0477048959;21.5746055053;0.00000000000
2329;-63.9109021576;22.2187790997;0.00000000000
2330;-56.2917168600;21.8648919491;0.00000000000
2331;-53.5229795083;20.7137905133;0.00000000000
2332;-50.6147312007;21.7384853464;0.00000000000
2333;-42.8469090514;22.7424049723;0.00000000000
2334;-38.5225432570;23.5312477157;0.00000000000
2335;-36.0846410940;23.3327351985;0.00000000000
2336;-37.4651095094;24.8319500369;0.00000000000
2337;-39.1554063884;25.9266845149;0.00000000000
2338;-42.2952485163;26.3213422718;0.00000000000
2339;-41.5384422962;25.1941144020;0.00000000000
2340;-40.2128401360;24.6259821937;0.00000000000
;;;
NODE;X;Y;Z
2341;-74.5695620292;28.4838940761;0.00000000000
2342;-75.7445360682;27.6209286625;0.00000000000
2343;-71.4923072632;27.1791431228;0.00000000000
2344;-52.1949032702;28.0900871837;0.00000000000
2345;-58.7208617792;27.8316335040;0.00000000000
2346;-63.5285059434;28.9180200304;0.00000000000
2347;-62.7532094733;27.9525881100;0.00000000000
2348;-75.0939236056;24.2698737736;0.00000000000
2349;-75.9752749813;25.5582100933;0.00000000000
2350;-74.7889809254;26.4076157812;0.00000000000
2351;-73.8668326464;25.2431577161;0.00000000000
2352;-72.6884720429;26.1893484497;0.00000000000
2353;-70.5645460890;26.0244856448;0.00000000000
2354;-66.7717125255;23.4222968517;0.00000000000
2355;-65.6263707747;24.3208511878;0.00000000000
2356;-43.1754095730;24.6244584831;0.00000000000
2357;-43.9959830316;23.6970083897;0.00000000000
2358;-46.1798282251;25.8774735914;0.00000000000
2359;-46.0091804702;23.7124762796;0.00000000000
2360;-48.3169920046;25.8368033525;0.00000000000
;;;
NODE;X;Y;Z
2361;-50.4442096165;23.9848419153;0.00000000000
2362;-49.1702147954;24.1038561340;0.00000000000
2363;-48.0355260129;23.5375827970;0.00000000000
2364;-51.2716363418;26.7325596021;0.00000000000
2365;-53.8406536387;27.2126272661;0.00000000000
2366;-55.2263249319;27.0892897036;0.00000000000
2367;-55.0384047785;26.0651267607;0.00000000000
2368;-50.8991217429;23.2348733353;0.00000000000
2369;-52.5871162664;23.0496777020;0.00000000000
2370;-57.1372294496;22.8397942392;0.00000000000
2371;-58.9746816372;22.9570746147;0.00000000000
2372;-63.2353251157;26.0704132176;0.00000000000
2373;-61.2480467381;25.9792428631;0.00000000000
2374;-58.0646116187;26.8185815580;0.00000000000
2375;-56.1358896913;25.6102362143;0.00000000000
2376;-56.3238098447;26.6343991572;0.00000000000
2377;-57.5586405743;25.7928498873;0.00000000000
2378;-49.2159876485;25.0411464379;0.00000000000
2379;-50.4899824696;24.9221322192;0.00000000000
2380;-50.2391922370;26.1750602001;0.00000000000
;;;
NODE;X;Y;Z
2381;-50.9321244561;25.4364720320;0.00000000000
2382;-52.9662985679;25.9935383409;0.00000000000
2383;-54.1170662989;26.0566229492;0.00000000000
2384;-66.4799481039;25.4019089227;0.00000000000
2385;-66.0663232992;27.2947856985;0.00000000000
2386;-65.2849512761;26.2562072202;0.00000000000
2387;-64.4313739469;25.1751494853;0.00000000000
2388;-62.4311986451;25.0535054017;0.00000000000
2389;-60.4908005134;24.9781779364;0.00000000000
2390;-59.7798773617;23.9610545047;0.00000000000
2391;-53.3435462400;25.0476656772;0.00000000000
2392;-53.2033078921;23.9008883981;0.00000000000
2393;-52.3418162330;25.0480987704;0.00000000000
2394;-54.4213665386;24.6688278530;0.00000000000
2395;-56.8920978556;24.7537695249;0.00000000000
2396;-58.6254312974;24.8767249971;0.00000000000
2397;-68.3583331684;26.8588181159;0.00000000000
2398;-37.6099852651;28.8189504778;0.00000000000
2399;-78.7743328274;30.1188653803;0.00000000000
2400;-51.8655736878;24.0015580704;0.00000000000
;;;
NODE;X;Y;Z
2401;-80.7012091677;21.0774262965;0.00000000000
2402;-14.6011125593;34.2606982533;0.00000000000
2403;-44.0879033150;24.7539568623;0.00000000000
2404;-46.1191715943;24.7918187403;0.00000000000
2405;-55.5589914406;25.4773379038;0.00000000000
2406;-58.4044932066;25.8425652499;0.00000000000
2407;-60.7133853352;24.0112242651;0.00000000000
2408;-74.9079319178;25.3597112880;0.00000000000
2409;-72.8257333751;25.1266041441;0.00000000000
2410;-70.6956883623;24.9427777994;0.00000000000
2411;-68.6836638407;24.7082423420;0.00000000000
2412;-57.0714077693;23.7644045251;0.00000000000
2413;-51.7128544674;25.4611964671;0.00000000000
2414;-50.8285704944;24.4325168413;0.00000000000
2415;-43.7765282711;26.7494158434;0.00000000000
2416;-53.1634891609;27.7723389146;0.00000000000
2417;-59.7169935277;27.8686691419;0.00000000000
2418;-63.7629248363;27.9955773035;0.00000000000
2419;-70.4334038157;27.1061934903;0.00000000000
2420;-75.2799152934;23.1800362591;0.00000000000
;;;
NODE;X;Y;Z
2421;-73.1112615770;22.9908529395;0.00000000000
2422;-70.9987108350;22.8185670371;0.00000000000
2423;-68.9140589583;22.6011524901;0.00000000000
2424;-62.9234614437;22.1729336735;0.00000000000
2425;-55.3803825901;21.8145999448;0.00000000000
2426;-53.5423021217;21.5840892208;0.00000000000
2427;-49.6364778869;21.9283417781;0.00000000000
2428;-41.7897553545;22.8447500276;0.00000000000
2429;-42.2629158310;24.4949601038;0.00000000000
2430;-30.8747818686;27.3770165699;0.00000000000
2431;-39.3236947351;28.3567694070;0.00000000000
2432;-40.8139687615;25.8932687002;0.00000000000
2433;-43.7790197894;28.7156206771;0.00000000000
2434;-46.2404848560;26.9631284425;0.00000000000
2435;-48.3534031570;27.0030614262;0.00000000000
2436;-51.2263173795;28.4078354528;0.00000000000
2437;-54.6222848255;29.3760874027;0.00000000000
2438;-57.7247300308;27.7945978661;0.00000000000
2439;-59.1966931071;29.7654126976;0.00000000000
2440;-61.7434941103;27.9095989165;0.00000000000
;;;
NODE;X;Y;Z
2441;-70.2825106209;29.2617199464;0.00000000000
2442;-72.5512107107;27.2520927553;0.00000000000
2443;-74.6700299331;27.4555202744;0.00000000000
2444;-76.8190422033;27.7863370506;0.00000000000
2445;-79.0410616284;28.3359364317;0.00000000000
2446;-77.0426180448;25.7567088985;0.00000000000
2447;-77.3686354479;23.5799409488;0.00000000000
2448;-75.5929919493;20.9753365542;0.00000000000
2449;-73.3496728308;20.8620958931;0.00000000000
2450;-71.2241880931;20.7077048821;0.00000000000
2451;-66.9106589486;22.4257179817;0.00000000000
2452;-64.8983428716;22.2646245260;0.00000000000
2453;-63.1589018978;20.2281010374;0.00000000000
2454;-61.0012926316;22.0832450648;0.00000000000
2455;-59.1029938863;22.0032644850;0.00000000000
2456;-57.2030511300;21.9151839534;0.00000000000
2457;-55.4419412655;19.9203654257;0.00000000000
2458;-51.5929845145;21.5486289146;0.00000000000
2459;-49.5452782345;20.1083110508;0.00000000000
2460;-47.7904711736;22.4046203152;0.00000000000
;;;
NODE;X;Y;Z
2461;-45.8991893462;22.6331338189;0.00000000000
2462;-43.9040627483;22.6400599170;0.00000000000
2463;-41.5311420835;20.7814736008;0.00000000000
2464;-39.6117115105;23.3586956872;0.00000000000
2465;-37.4333750034;23.7037997441;0.00000000000
2466;-31.4706907596;24.7214514382;0.00000000000
2467;-22.1074187829;31.7861492856;0.00000000000
2468;-33.4361953891;27.3388758006;0.00000000000
2469;-37.4968440154;25.9601003296;0.00000000000
2470;-41.3506891564;28.3765862426;0.00000000000
2471;-46.3020654811;29.0429830392;0.00000000000
2472;-49.0300223432;29.2088126249;0.00000000000
2473;-52.2787509232;29.8357395832;0.00000000000
2474;-57.0289196607;29.6568889173;0.00000000000
2475;-61.2584034962;29.8273617412;0.00000000000
2476;-63.2940870505;29.8404627573;0.00000000000
2477;-65.1838404650;29.9614611120;0.00000000000
2478;-68.0016060599;29.1736092590;0.00000000000
2479;-72.3920911448;29.3608478239;0.00000000000
2480;-76.5738309358;29.7305071233;0.00000000000
;;;
NODE;X;Y;Z
2481;-81.2258620246;28.9380012117;0.00000000000
2482;-79.1713283390;26.3219742999;0.00000000000
2483;-79.4135618016;24.2838047321;0.00000000000
2484;-79.9211806638;22.5014248725;0.00000000000
2485;-80.0302337543;19.8106671516;0.00000000000
2486;-69.1813508334;20.5480585205;0.00000000000
2487;-65.1403256437;20.3097683272;0.00000000000
2488;-61.2019679406;20.1543611371;0.00000000000
2489;-57.3515810844;20.0128005229;0.00000000000
2490;-53.5036568950;19.8434918058;0.00000000000
2491;-47.5940457415;20.3269483763;0.00000000000
2492;-43.6668927911;20.6101426135;0.00000000000
2493;-39.4108523415;20.9753647161;0.00000000000
2494;-37.2730785524;21.0158512416;0.00000000000
2495;-34.7359071847;22.9616706528;0.00000000000
2496;-32.1521230128;22.0087562437;0.00000000000
2497;-21.2127566260;29.1359479735;0.00000000000
2498;-25.8945734214;24.9856500572;0.00000000000
2499;-19.1302516596;32.7679698790;0.00000000000
2500;-31.0907043519;29.8866133527;0.00000000000
;;;
NODE;X;Y;Z
2501;-33.4768229524;29.8701704988;0.00000000000
2502;-35.7735802722;27.5289837903;0.00000000000
2503;-37.7587933696;30.6681826998;0.00000000000
2504;-39.8512134888;30.7844509997;0.00000000000
2505;-41.9370982479;30.8586605146;0.00000000000
2506;-44.0537148519;30.9498402664;0.00000000000
2507;-46.2783822969;31.1137529707;0.00000000000
2508;-48.3691882381;31.4757075424;0.00000000000
2509;-50.6241606103;30.4049971629;0.00000000000
2510;-52.6068240009;31.8037620906;0.00000000000
2511;-54.6358091979;31.5826501590;0.00000000000
2512;-56.7132476269;31.6045760061;0.00000000000
2513;-58.8189871920;31.7137143730;0.00000000000
2514;-60.8719028199;31.7836036686;0.00000000000
2515;-62.8288589128;31.8453033291;0.00000000000
2516;-66.5137547598;30.3703535854;0.00000000000
2517;-68.4766809085;31.6278512410;0.00000000000
2518;-70.3454405937;31.4292921404;0.00000000000
2519;-72.3602704037;31.4783527819;0.00000000000
2520;-74.4690941254;29.5122678778;0.00000000000
;;;
NODE;X;Y;Z
2521;-76.4545209160;31.6252962028;0.00000000000
2522;-81.1819972321;31.1767034432;0.00000000000
2523;-81.3289069883;26.8713679109;0.00000000000
2524;-81.5484405806;24.9309720595;0.00000000000
2525;-81.9220523355;23.1160744222;0.00000000000
2526;-82.0198372742;19.4499564448;0.00000000000
2527;-18.5167315131;30.5335705887;0.00000000000
2528;-81.7191851096;17.6957203484;0.00000000000
2529;-79.6412822449;18.1173170400;0.00000000000
2530;-77.6410176807;18.5910132178;0.00000000000
2531;-75.6064250624;18.7615176737;0.00000000000
2532;-73.4926356662;18.6947350325;0.00000000000
2533;-71.4336038007;18.6081731808;0.00000000000
2534;-69.3829355906;18.4996390763;0.00000000000
2535;-67.3439118079;18.4193059706;0.00000000000
2536;-65.3266485323;18.3242486977;0.00000000000
2537;-63.3270844220;18.2517033963;0.00000000000
2538;-61.3457566434;18.2103109765;0.00000000000
2539;-59.3818453062;18.1735564392;0.00000000000
2540;-57.4265243535;18.1173409842;0.00000000000
;;;
NODE;X;Y;Z
2541;-55.4703546741;18.0793213746;0.00000000000
2542;-53.4919862198;18.0536080267;0.00000000000
2543;-51.5183687644;19.8955805677;0.00000000000
2544;-49.4884538868;18.2627676921;0.00000000000
2545;-47.5238270492;18.3099293049;0.00000000000
2546;-45.5437053731;18.4107282168;0.00000000000
2547;-43.5061995425;18.4964863534;0.00000000000
2548;-41.4281441540;18.5576910669;0.00000000000
2549;-39.3906019620;18.5945937543;0.00000000000
2550;-37.3962000943;18.5210049390;0.00000000000
2551;-35.1178104307;20.6552563530;0.00000000000
2552;-20.1129865529;26.9750058715;0.00000000000
2553;-23.7553510633;27.2994726656;0.00000000000
2554;-24.3339464999;22.8711319074;0.00000000000
2555;-35.6368968673;30.2187918687;0.00000000000
2556;-50.4800697731;31.8772311505;0.00000000000
2557;-64.6743963432;32.0021881354;0.00000000000
2558;-66.5992874801;31.9771944623;0.00000000000
2559;-74.3846662010;31.5634663489;0.00000000000
2560;-78.3885793063;31.8984575000;0.00000000000
;;;
NODE;X;Y;Z
2561;-79.8967696458;32.3665346583;0.00000000000
2562;-82.2244231209;21.2633014205;0.00000000000
2563;-17.4010256405;28.5985830522;0.00000000000
2564;-27.4884671261;22.0770338584;0.00000000000
2565;-51.4953451873;18.1154590731;0.00000000000
2566;-35.4855244270;18.2565861579;0.00000000000
2567;-32.9346968511;19.7592976600;0.00000000000
2568;-23.8372004855;33.3536060596;0.00000000000
2569;-85.9982521646;35.5963532557;0.00000000000
2570;-85.6579727777;31.4366941874;0.00000000000
2571;-85.6406381010;27.3995384459;0.00000000000
2572;-85.7930892375;23.4117193856;0.00000000000
2573;-85.7988341928;19.4725970451;0.00000000000
2574;-18.9007646149;25.0339747328;0.00000000000
2575;-22.9521880076;20.8600990747;0.00000000000
2576;-28.6512154856;19.3239864999;0.00000000000
2577;-25.9590813488;20.2976066006;0.00000000000
2578;-85.5888379864;13.7572413947;0.00000000000
2579;-81.4914119487;13.9408280384;0.00000000000
2580;-77.5020111755;14.2378712353;0.00000000000
;;;
NODE;X;Y;Z
2581;-73.5444373770;14.3637297063;0.00000000000
2582;-69.5367722041;14.3420336670;0.00000000000
2583;-65.5094308412;14.2948604587;0.00000000000
2584;-61.5051939521;14.2418587197;0.00000000000
2585;-57.5001000383;14.2197452075;0.00000000000
2586;-53.5198981583;14.2216049063;0.00000000000
2587;-49.5357653576;14.2329826897;0.00000000000
2588;-45.5136073066;14.2854187883;0.00000000000
2589;-41.5528589937;14.2762356188;0.00000000000
2590;-37.7318075327;14.0854368339;0.00000000000
2591;-34.2116478093;13.8369907259;0.00000000000
2592;-16.7148014361;33.6173342787;0.00000000000
2593;-18.6302002839;35.0435115268;0.00000000000
2594;-20.6060148686;35.0906196444;0.00000000000
2595;-22.1540095233;35.5351039283;0.00000000000
2596;-23.3237312001;36.2239472900;0.00000000000
2597;-24.7638860352;35.4202489449;0.00000000000
2598;-26.5789196466;34.4896530545;0.00000000000
2599;-28.3547728717;34.2814278577;0.00000000000
2600;-30.2782646183;34.7569372332;0.00000000000
;;;
NODE;X;Y;Z
2601;-32.2930905481;34.9863496058;0.00000000000
2602;-34.1650247254;34.9498308491;0.00000000000
2603;-36.1617437161;35.0613564371;0.00000000000
2604;-38.1497993091;35.1436145429;0.00000000000
2605;-40.2067515224;35.2686599405;0.00000000000
2606;-42.2591414756;35.3632959213;0.00000000000
2607;-44.3014353508;35.4478256888;0.00000000000
2608;-46.3368645179;35.5487840861;0.00000000000
2609;-48.3857222241;35.6623190500;0.00000000000
2610;-50.4458496753;35.7434058914;0.00000000000
2611;-52.5088868246;35.7880144511;0.00000000000
2612;-54.5096990110;35.7491574350;0.00000000000
2613;-56.4981437752;35.7242624463;0.00000000000
2614;-58.4980269738;35.7310758370;0.00000000000
2615;-60.4847143471;35.7784987372;0.00000000000
2616;-62.4886997453;35.8214177265;0.00000000000
2617;-64.4930324513;35.8655138698;0.00000000000
2618;-66.5043821684;35.8556408515;0.00000000000
2619;-68.5142012599;35.7957534402;0.00000000000
2620;-70.4864796865;35.7193614854;0.00000000000
;;;
NODE;X;Y;Z
2621;-72.4629953327;35.6840072369;0.00000000000
2622;-74.4279860698;35.6991666079;0.00000000000
2623;-76.3441277968;35.7666988813;0.00000000000
2624;-78.3027954902;35.8332864411;0.00000000000
2625;-80.2780355192;35.8135253955;0.00000000000
2626;-82.1773789417;35.7602535100;0.00000000000
2627;-84.0836276167;35.6939252242;0.00000000000
2628;-85.8113419430;33.4967866264;0.00000000000
2629;-85.5943520338;29.4018766345;0.00000000000
2630;-85.6825886190;25.3967077329;0.00000000000
2631;-85.8087165185;21.4068757599;0.00000000000
2632;-85.7296899270;17.5531445122;0.00000000000
2633;-85.6523937229;15.6560121423;0.00000000000
2634;-16.3266777636;26.7359803887;0.00000000000
2635;-21.0250104225;23.0620196326;0.00000000000
2636;-83.5482529922;13.8261814419;0.00000000000
2637;-79.4565610870;14.0867140135;0.00000000000
2638;-75.5265289032;14.3333307213;0.00000000000
2639;-71.5402396239;14.3667316370;0.00000000000
2640;-67.5218621430;14.3162088901;0.00000000000
;;;
NODE;X;Y;Z
2641;-63.5030074989;14.2737467508;0.00000000000
2642;-59.4998235742;14.2447717860;0.00000000000
2643;-55.5108859955;14.2343433708;0.00000000000
2644;-51.5354925856;14.2157298683;0.00000000000
2645;-47.5177545655;14.2674157234;0.00000000000
2646;-43.5228030913;14.3113374291;0.00000000000
2647;-39.6094233953;14.2065724632;0.00000000000
2648;-35.9346865551;13.9417437781;0.00000000000
2649;-32.4600100228;14.1190634940;0.00000000000
2650;-30.9682572046;15.4156548116;0.00000000000
2651;-28.6877758045;15.4080603829;0.00000000000
2652;-16.2993471219;35.5690119074;0.00000000000
2653;-15.7087477481;31.7736406285;0.00000000000
2654;-13.3784462665;37.6775921632;0.00000000000
2655;-15.5820122773;37.5996067224;0.00000000000
2656;-17.6534925625;37.4823732175;0.00000000000
2657;-19.4474373509;37.6510262740;0.00000000000
2658;-21.2590803951;37.7649611906;0.00000000000
2659;-23.0255309649;37.9512557549;0.00000000000
2660;-24.8795119923;37.5646985849;0.00000000000
;;;
NODE;X;Y;Z
2661;-26.6478968393;37.1118291168;0.00000000000
2662;-28.4570501631;36.9596281659;0.00000000000
2663;-30.3499380932;37.0882963548;0.00000000000
2664;-32.3026212462;37.2210498632;0.00000000000
2665;-34.2965067953;37.2958939407;0.00000000000
2666;-36.2850776357;37.3568124646;0.00000000000
2667;-38.2926068587;37.4370385970;0.00000000000
2668;-40.3227872836;37.5156087611;0.00000000000
2669;-42.3365479944;37.5895784459;0.00000000000
2670;-44.3549612530;37.6418863236;0.00000000000
2671;-46.3799521123;37.6901021329;0.00000000000
2672;-48.4072980921;37.7397204875;0.00000000000
2673;-50.4429087736;37.7674578991;0.00000000000
2674;-52.4743388379;37.7781239873;0.00000000000
2675;-54.4750443903;37.7617146743;0.00000000000
2676;-56.4753424845;37.7748685603;0.00000000000
2677;-58.4714050855;37.7780695595;0.00000000000
2678;-60.4542253953;37.7946298068;0.00000000000
2679;-62.4504529211;37.8035208031;0.00000000000
2680;-64.4604351980;37.8085593279;0.00000000000
;;;
NODE;X;Y;Z
2681;-66.4742825016;37.8064832738;0.00000000000
2682;-68.4884392775;37.7998860547;0.00000000000
2683;-70.4837160403;37.7662307440;0.00000000000
2684;-72.4563793073;37.7502932135;0.00000000000
2685;-74.4104723758;37.7627950808;0.00000000000
2686;-76.3676866882;37.7868724532;0.00000000000
2687;-78.3319460509;37.8105043935;0.00000000000
2688;-80.2917951320;37.8102942995;0.00000000000
2689;-82.2395257788;37.7994572613;0.00000000000
2690;-84.1824565011;37.7460808324;0.00000000000
2691;-86.1000219331;37.6812323764;0.00000000000
2692;-88.0532209393;37.6282985976;0.00000000000
2693;-87.9690983772;35.5466169595;0.00000000000
2694;-87.8516968783;33.5115609867;0.00000000000
2695;-87.7497285522;31.4832116670;0.00000000000
2696;-87.7371358195;29.4802821153;0.00000000000
2697;-87.7087331825;27.4516103212;0.00000000000
2698;-87.7268129778;25.4441318603;0.00000000000
2699;-87.7658863227;23.4432147717;0.00000000000
2700;-87.7718296029;21.4590303846;0.00000000000
;;;
NODE;X;Y;Z
2701;-87.7195751223;19.5027909240;0.00000000000
2702;-87.7127198988;17.5633100220;0.00000000000
2703;-87.6744120344;15.6411645721;0.00000000000
2704;-87.6406722307;13.7242651249;0.00000000000
2705;-13.5640805745;28.3489187795;0.00000000000
2706;-24.6268834269;18.3453217955;0.00000000000
2707;-27.7203795220;13.3658787218;0.00000000000
2708;-26.1553193403;15.6608816608;0.00000000000
2709;-87.6204549106;11.8032390242;0.00000000000
2710;-85.5675648211;11.8477633030;0.00000000000
2711;-83.5382591966;11.9108454062;0.00000000000
2712;-81.5029236932;12.0043138206;0.00000000000
2713;-79.4827564909;12.0813718432;0.00000000000
2714;-77.5004157897;12.1842200136;0.00000000000
2715;-75.5102416420;12.2343680967;0.00000000000
2716;-73.5128072504;12.2550711194;0.00000000000
2717;-71.5283088951;12.2581738791;0.00000000000
2718;-69.5284611293;12.2830079921;0.00000000000
2719;-67.5193825929;12.2639444467;0.00000000000
2720;-65.5189276920;12.2645957122;0.00000000000
;;;
NODE;X;Y;Z
2721;-63.5163125903;12.2269592464;0.00000000000
2722;-61.5154974097;12.2224526450;0.00000000000
2723;-59.5165772416;12.2248672399;0.00000000000
2724;-57.5173682444;12.2153374519;0.00000000000
2725;-55.5261482370;12.2161560620;0.00000000000
2726;-53.5335992067;12.2068406290;0.00000000000
2727;-51.5260455406;12.2246685625;0.00000000000
2728;-49.5207302294;12.2273888321;0.00000000000
2729;-47.5280869853;12.2392431856;0.00000000000
2730;-45.5251595915;12.2523232004;0.00000000000
2731;-43.5419892712;12.2508466817;0.00000000000
2732;-41.5553616899;12.2221318048;0.00000000000
2733;-39.6416091104;12.1837518238;0.00000000000
2734;-37.7303615156;12.1092992678;0.00000000000
2735;-35.8438345120;12.0456639402;0.00000000000
2736;-33.9293805426;12.1162442442;0.00000000000
2737;-31.9981014172;12.6310383413;0.00000000000
2738;-30.2214450137;13.7328651320;0.00000000000
2739;-13.9501830600;35.8171939776;0.00000000000
2740;-13.2518144473;33.3321233594;0.00000000000
;;;
NODE;X;Y;Z
2741;-14.4635061986;30.2385043217;0.00000000000
2742;-10.7910976875;39.6833029954;0.00000000000
2743;-12.9082537017;39.7046608791;0.00000000000
2744;-14.9846881366;39.6950895220;0.00000000000
2745;-16.9734898488;39.7055128603;0.00000000000
2746;-18.8901086726;39.7826603113;0.00000000000
2747;-20.8208197705;39.8549765547;0.00000000000
2748;-22.7295127806;39.8750167828;0.00000000000
2749;-24.6633400649;39.7054596829;0.00000000000
2750;-26.5603073850;39.4923615341;0.00000000000
2751;-28.4489634280;39.3704615723;0.00000000000
2752;-30.3625594724;39.4179207300;0.00000000000
2753;-32.3265040465;39.5173239771;0.00000000000
2754;-34.3271161472;39.5898306881;0.00000000000
2755;-36.3493126562;39.6277193716;0.00000000000
2756;-38.3927424729;39.7121421337;0.00000000000
2757;-40.3618718475;39.6935846408;0.00000000000
2758;-42.3950903044;39.7727001192;0.00000000000
2759;-44.3899282431;39.7768118480;0.00000000000
2760;-46.3803440043;39.7707840759;0.00000000000
;;;
NODE;X;Y;Z
2761;-48.4042341752;39.7912287890;0.00000000000
2762;-50.4317333126;39.7692985491;0.00000000000
2763;-52.4312005724;39.7696796641;0.00000000000
2764;-54.4306617605;39.7695376904;0.00000000000
2765;-56.4302157501;39.7690833414;0.00000000000
2766;-58.4299052085;39.7685029075;0.00000000000
2767;-60.4297316681;39.7679314706;0.00000000000
2768;-62.4296715124;39.7674480799;0.00000000000
2769;-64.4296879792;39.7670847258;0.00000000000
2770;-66.4297541790;39.7668354715;0.00000000000
2771;-68.4298256479;39.7666830548;0.00000000000
2772;-70.4179516772;39.7981547403;0.00000000000
2773;-72.4116700828;39.7902701400;0.00000000000
2774;-74.3763248724;39.8035475381;0.00000000000
2775;-76.3604307611;39.8100238323;0.00000000000
2776;-78.3409325302;39.8180014614;0.00000000000
2777;-80.3060680146;39.8298996424;0.00000000000
2778;-82.2628296961;39.8254153949;0.00000000000
2779;-84.2127194095;39.7853376578;0.00000000000
2780;-86.1533585731;39.7425336412;0.00000000000
;;;
NODE;X;Y;Z
2781;-88.0889851585;39.7131559654;0.00000000000
2782;-90.0280140835;39.7001601635;0.00000000000
2783;-89.9906896293;37.6165859266;0.00000000000
2784;-89.9383677526;35.5652400447;0.00000000000
2785;-89.8598655182;33.5387828858;0.00000000000
2786;-89.8085459696;31.5281732429;0.00000000000
2787;-89.7833649082;29.5030806732;0.00000000000
2788;-89.7771201556;27.4929278710;0.00000000000
2789;-89.7601487769;25.5042598083;0.00000000000
2790;-89.7622635225;23.4965634314;0.00000000000
2791;-89.7498826375;21.5021144521;0.00000000000
2792;-89.7524866541;19.5464197611;0.00000000000
2793;-89.7352437899;17.5881215656;0.00000000000
2794;-89.7161696841;15.6503296316;0.00000000000
2795;-89.6816781479;13.7129550405;0.00000000000
2796;-89.6638715361;11.7768329061;0.00000000000
2797;-89.6839480699;9.84325835677;0.00000000000
2798;-87.6292533112;9.86985328458;0.00000000000
2799;-85.5874573427;9.91863878469;0.00000000000
2800;-83.5577964340;9.97671506012;0.00000000000
;;;
NODE;X;Y;Z
2801;-81.5411837637;10.0542327614;0.00000000000
2802;-79.5429702823;10.1274420401;0.00000000000
2803;-77.5275245121;10.1935938610;0.00000000000
2804;-75.5336567738;10.2197735727;0.00000000000
2805;-73.5356538439;10.2332983278;0.00000000000
2806;-71.5284771587;10.2546375520;0.00000000000
2807;-69.5265135563;10.2352303373;0.00000000000
2808;-67.5219212349;10.2517133797;0.00000000000
2809;-65.5222918449;10.2299875240;0.00000000000
2810;-63.5333427732;10.2099247391;0.00000000000
2811;-61.5215421930;10.2240961875;0.00000000000
2812;-59.5301581315;10.2201575890;0.00000000000
2813;-57.5226643865;10.2207350121;0.00000000000
2814;-55.5317374293;10.2143231466;0.00000000000
2815;-53.5242526592;10.2200363522;0.00000000000
2816;-51.5330774051;10.2202805766;0.00000000000
2817;-49.5254705181;10.2203783757;0.00000000000
2818;-47.5240241674;10.2393404449;0.00000000000
2819;-45.5267387903;10.2206506433;0.00000000000
2820;-43.5453724102;10.2181130954;0.00000000000
;;;
NODE;X;Y;Z
2821;-41.5845395515;10.2065348017;0.00000000000
2822;-39.6223709823;10.1856263944;0.00000000000
2823;-37.6731209818;10.1547622754;0.00000000000
2824;-35.7160601460;10.1537809749;0.00000000000
2825;-33.7499680833;10.2871385850;0.00000000000
2826;-29.5328761453;11.8224707539;0.00000000000
2827;-11.2096517377;37.5778608423;0.00000000000
2828;-11.7273214303;35.4904066596;0.00000000000
2829;-9.62063275865;25.2283240906;0.00000000000
2830;-12.0617078377;24.1917836014;0.00000000000
2831;-14.3032429522;22.7279115752;0.00000000000
2832;-16.4947833028;21.1807252067;0.00000000000
2833;-18.4745737741;19.3287961443;0.00000000000
2834;-20.3018760306;17.2756726778;0.00000000000
2835;-21.8177892234;15.0429402768;0.00000000000
2836;-23.2875547398;12.6277746286;0.00000000000
2837;-24.4496459517;10.1151090972;0.00000000000
2838;-25.1310995972;7.51595875598;0.00000000000
2839;-7.96718194415;32.8049721363;0.00000000000
2840;-7.64639885525;28.2783496433;0.00000000000
;;;
NODE;X;Y;Z
2841;-7.16199646956;26.0556805410;0.00000000000
2842;-8.25377693544;43.8948478070;0.00000000000
2843;-10.2820800532;43.8975049971;0.00000000000
2844;-12.2966134644;43.9014099546;0.00000000000
2845;-14.3002686956;43.9060275984;0.00000000000
2846;-16.2910910166;43.9096683932;0.00000000000
2847;-18.2866612540;43.9198180444;0.00000000000
2848;-20.2803147206;43.9292394319;0.00000000000
2849;-22.2777284865;43.9163344735;0.00000000000
2850;-24.2694796683;43.8799401288;0.00000000000
2851;-26.2496912722;43.8399049358;0.00000000000
2852;-28.2226387687;43.8279206242;0.00000000000
2853;-30.2052578152;43.8494428660;0.00000000000
2854;-32.2037953183;43.8767649416;0.00000000000
2855;-34.2078886099;43.8765497844;0.00000000000
2856;-36.2110831323;43.8776386581;0.00000000000
2857;-38.2133950737;43.8794030181;0.00000000000
2858;-40.2149165251;43.8813237094;0.00000000000
2859;-42.2157934014;43.8830461996;0.00000000000
2860;-44.2161947187;43.8843861170;0.00000000000
;;;
NODE;X;Y;Z
2861;-46.2162837490;43.8852980480;0.00000000000
2862;-48.2161976968;43.8858278802;0.00000000000
2863;-50.2160380519;43.8860658658;0.00000000000
2864;-52.2158702117;43.8861106427;0.00000000000
2865;-54.2157291565;43.8860474049;0.00000000000
2866;-56.2156278043;43.8859386028;0.00000000000
2867;-58.2155654040;43.8858233818;0.00000000000
2868;-60.2155344118;43.8857217940;0.00000000000
2869;-62.2155252950;43.8856406404;0.00000000000
2870;-64.2155293457;43.8855789701;0.00000000000
2871;-66.2155399450;43.8855323043;0.00000000000
2872;-68.2155531326;43.8854953204;0.00000000000
2873;-70.2155695682;43.8854626735;0.00000000000
2874;-72.2157075134;43.8854187092;0.00000000000
2875;-74.2160439684;43.8852722010;0.00000000000
2876;-76.2151082075;43.8847692041;0.00000000000
2877;-78.2037667502;43.9005708600;0.00000000000
2878;-80.1978741051;43.9006985338;0.00000000000
2879;-82.1894788848;43.8892547716;0.00000000000
2880;-84.1531150395;43.8923855412;0.00000000000
;;;
NODE;X;Y;Z
2881;-86.1255469443;43.8799047533;0.00000000000
2882;-88.0784544515;43.8664729534;0.00000000000
2883;-90.0124796238;43.8679382348;0.00000000000
2884;-91.9843004024;43.8488285441;0.00000000000
2885;-93.9562393517;43.8521308790;0.00000000000
2886;-93.9527773858;41.7927365236;0.00000000000
2887;-93.9422251499;39.7462046248;0.00000000000
2888;-93.9309119281;37.7270979203;0.00000000000
2889;-93.9111853369;35.7011908909;0.00000000000
2890;-93.8836404252;33.6877139541;0.00000000000
2891;-93.8610879510;31.6769401268;0.00000000000
2892;-93.8419735949;29.6682281623;0.00000000000
2893;-93.8279058190;27.6607845733;0.00000000000
2894;-93.8190298525;25.6541741316;0.00000000000
2895;-93.8138692366;23.6485637128;0.00000000000
2896;-93.8095326733;21.6417165583;0.00000000000
2897;-93.8144616033;19.6609331674;0.00000000000
2898;-93.8064324075;17.6711148721;0.00000000000
2899;-93.8066167977;15.7149538229;0.00000000000
2900;-93.8006204854;13.7502892827;0.00000000000
;;;
NODE;X;Y;Z
2901;-93.7956758904;11.7945929896;0.00000000000
2902;-93.7802619444;9.84431077837;0.00000000000
2903;-93.8047344310;7.88733318229;0.00000000000
2904;-93.8337937505;5.93127482004;0.00000000000
2905;-91.7837532259;5.93318799901;0.00000000000
2906;-89.7579400493;5.97577774711;0.00000000000
2907;-87.7166826225;6.01572773990;0.00000000000
2908;-85.7023466158;6.07963016333;0.00000000000
2909;-83.6857162979;6.11518228328;0.00000000000
2910;-81.6713195454;6.16262631395;0.00000000000
2911;-79.6706023678;6.19556513154;0.00000000000
2912;-77.6634127693;6.21343916018;0.00000000000
2913;-75.6565801611;6.22176169555;0.00000000000
2914;-73.6509974980;6.22504325434;0.00000000000
2915;-71.6526189462;6.19937213923;0.00000000000
2916;-69.6468272878;6.19692616655;0.00000000000
2917;-67.6430947165;6.19337265800;0.00000000000
2918;-65.6410585273;6.19007086297;0.00000000000
2919;-63.6402346451;6.18763833664;0.00000000000
2920;-61.6401558087;6.18618512519;0.00000000000
;;;
NODE;X;Y;Z
2921;-59.6404483755;6.18554461932;0.00000000000
2922;-57.6408570306;6.18544962322;0.00000000000
2923;-55.6412355037;6.18564185177;0.00000000000
2924;-53.6415205031;6.18592445506;0.00000000000
2925;-51.6417063939;6.18617374299;0.00000000000
2926;-49.6418112614;6.18633147172;0.00000000000
2927;-47.6418663291;6.18638489829;0.00000000000
2928;-45.6418028413;6.18636448686;0.00000000000
2929;-43.6411029098;6.18642923551;0.00000000000
2930;-41.6411957176;6.18641969322;0.00000000000
2931;-39.6384706337;6.18767173457;0.00000000000
2932;-37.6447316268;6.18945798610;0.00000000000
2933;-35.6690643068;6.20485000443;0.00000000000
2934;-33.5174828466;6.43292629433;0.00000000000
2935;-31.3639079036;6.78399320823;0.00000000000
2936;-29.1946584695;7.31160675679;0.00000000000
2937;-27.1432193223;7.67192553846;0.00000000000
2938;-6.19095334646;43.9237929998;0.00000000000
2939;-6.33690746879;41.7930760910;0.00000000000
2940;-6.56617225805;39.6613692263;0.00000000000
;;;
NODE;X;Y;Z
2941;-6.87086285090;37.4692114757;0.00000000000
2942;-7.51250284255;35.0703767959;0.00000000000
2943;-7.92585054420;30.5909898993;0.00000000000
2944;-23.5814684908;4.61651571554;0.00000000000
2945;-6.11977862184;45.9573873102;0.00000000000
2946;-8.13195023509;45.9787568175;0.00000000000
2947;-10.1372257458;46.0002594465;0.00000000000
2948;-12.1350985462;46.0038771320;0.00000000000
2949;-14.1127680516;45.9962920929;0.00000000000
2950;-16.1359394612;45.9562930460;0.00000000000
2951;-18.1320776705;45.9566339438;0.00000000000
2952;-20.1318412998;45.9546031310;0.00000000000
2953;-22.1309111501;45.9475823792;0.00000000000
2954;-24.1284031212;45.9359933879;0.00000000000
2955;-26.1219583870;45.9242115866;0.00000000000
2956;-28.1161138467;45.9192300081;0.00000000000
2957;-30.1105723643;45.9392071945;0.00000000000
2958;-32.1122575827;45.9381561937;0.00000000000
2959;-34.1138662963;45.9380754384;0.00000000000
2960;-36.1152821027;45.9386528069;0.00000000000
;;;
NODE;X;Y;Z
2961;-38.1164172323;45.9395767191;0.00000000000
2962;-40.1172439536;45.9405857577;0.00000000000
2963;-42.1177854066;45.9414977830;0.00000000000
2964;-44.1180950326;45.9422149616;0.00000000000
2965;-46.1182369761;45.9427101779;0.00000000000
2966;-48.1182718593;45.9430041779;0.00000000000
2967;-50.1182487727;45.9431420857;0.00000000000
2968;-52.1182025296;45.9431747789;0.00000000000
2969;-54.1181545380;45.9431471520;0.00000000000
2970;-56.1181155867;45.9430927700;0.00000000000
2971;-58.1180891943;45.9430331548;0.00000000000
2972;-60.1180746619;45.9429797123;0.00000000000
2973;-62.1180694241;45.9429366638;0.00000000000
2974;-64.1180707085;45.9429039101;0.00000000000
2975;-66.1180769502;45.9428792657;0.00000000000
2976;-68.1180903281;45.9428597268;0.00000000000
2977;-70.1181248275;45.9428333151;0.00000000000
2978;-72.1181776458;45.9427790600;0.00000000000
2979;-74.1181736464;45.9427454446;0.00000000000
2980;-76.1184660241;45.9422882904;0.00000000000
;;;
NODE;X;Y;Z
2981;-78.1179125355;45.9416428376;0.00000000000
2982;-80.1164579729;45.9411321091;0.00000000000
2983;-82.1115437058;45.9404901570;0.00000000000
2984;-84.0974111997;45.9414027416;0.00000000000
2985;-86.0788042289;45.9443640409;0.00000000000
2986;-88.0572396797;45.9362171322;0.00000000000
2987;-90.0244601546;45.9159340001;0.00000000000
2988;-91.9745173442;45.8914337285;0.00000000000
2989;-93.9646387672;45.9031006006;0.00000000000
2990;-95.9630087443;45.9215294522;0.00000000000
2991;-95.9544339240;43.8803749324;0.00000000000
2992;-95.9451447398;41.8479316422;0.00000000000
2993;-95.9413557986;39.8108812307;0.00000000000
2994;-95.9298138302;37.7925528215;0.00000000000
2995;-95.9054518797;35.7834199370;0.00000000000
2996;-95.8921746228;33.7759634247;0.00000000000
2997;-95.8834211744;31.7682994879;0.00000000000
2998;-95.8762583336;29.7625090344;0.00000000000
2999;-95.8707908698;27.7583873372;0.00000000000
3000;-95.8671681054;25.7553650385;0.00000000000
;;;
NODE;X;Y;Z
3001;-95.8646549487;23.7528564923;0.00000000000
3002;-95.8624494493;21.7512284674;0.00000000000
3003;-95.8598398382;19.7505713663;0.00000000000
3004;-95.8625399054;17.7745762511;0.00000000000
3005;-95.8619675131;15.7853175346;0.00000000000
3006;-95.8647918543;13.8043662691;0.00000000000
3007;-95.8651352612;11.8305210954;0.00000000000
3008;-95.8619138106;9.87558905411;0.00000000000
3009;-95.8701622321;7.90917654215;0.00000000000
3010;-95.8730918565;5.93707572816;0.00000000000
3011;-6.73014743099;23.6744103637;0.00000000000
3012;-8.98469092666;22.9015639871;0.00000000000
3013;-11.1573889050;21.8968836476;0.00000000000
3014;-13.2433147425;20.6852573673;0.00000000000
3015;-15.2169431123;19.2167161469;0.00000000000
3016;-17.0555888746;17.5342721153;0.00000000000
3017;-18.7766419054;15.6630017811;0.00000000000
3018;-20.1989360080;13.6437742499;0.00000000000
3019;-21.5302671826;11.5314393943;0.00000000000
3020;-22.4709998574;9.27935480047;0.00000000000
;;;
NODE;X;Y;Z
3021;-23.1338002993;6.97064030107;0.00000000000
3022;-95.9085393464;3.96217669990;0.00000000000
3023;-93.8553196598;3.95227192200;0.00000000000
3024;-91.8254065927;3.97611248786;0.00000000000
3025;-89.7846650402;4.04644545580;0.00000000000
3026;-87.7825514558;4.11662646256;0.00000000000
3027;-85.7765434385;4.16537193929;0.00000000000
3028;-83.7683008700;4.19700366896;0.00000000000
3029;-81.7590497713;4.21640430590;0.00000000000
3030;-79.7497480031;4.22656918664;0.00000000000
3031;-77.7412905603;4.22985859562;0.00000000000
3032;-75.7343484968;4.22864656841;0.00000000000
3033;-73.7292287496;4.22512209722;0.00000000000
3034;-71.7258854661;4.22096985465;0.00000000000
3035;-69.7240319885;4.21724591764;0.00000000000
3036;-67.7232744934;4.21444262050;0.00000000000
3037;-65.7232192087;4.21264701716;0.00000000000
3038;-63.7235375145;4.21171189965;0.00000000000
3039;-61.7239923785;4.21139485760;0.00000000000
3040;-59.7244372689;4.21145081311;0.00000000000
;;;
NODE;X;Y;Z
3041;-57.7247995800;4.21168110610;0.00000000000
3042;-55.7250583990;4.21194993930;0.00000000000
3043;-53.7252232412;4.21218049998;0.00000000000
3044;-51.7253172624;4.21234130025;0.00000000000
3045;-49.7253660090;4.21243017303;0.00000000000
3046;-47.7253966318;4.21245890478;0.00000000000
3047;-45.7254033521;4.21244546714;0.00000000000
3048;-43.7254022880;4.21240851951;0.00000000000
3049;-41.7253593726;4.21241254913;0.00000000000
3050;-39.7248554572;4.21277953539;0.00000000000
3051;-37.7258896081;4.21409692482;0.00000000000
3052;-35.7145878556;4.21652398262;0.00000000000
3053;-33.6157771663;4.32677526338;0.00000000000
3054;-31.5218767169;4.54907976616;0.00000000000
3055;-29.4718455712;4.82221110987;0.00000000000
3056;-27.4843394929;4.96786000128;0.00000000000
3057;-25.5312826191;4.88210118532;0.00000000000
3058;-4.08768769795;45.9703338972;0.00000000000
3059;-4.13633690728;43.9422766882;0.00000000000
3060;-4.24347147340;41.8274334043;0.00000000000
;;;
NODE;X;Y;Z
3061;-4.41514071648;39.7170155217;0.00000000000
3062;-4.68533233843;37.5302133807;0.00000000000
3063;-4.99822709039;35.3786206774;0.00000000000
3064;-5.16374045113;33.2863565900;0.00000000000
3065;-5.21889216992;31.1094094796;0.00000000000
3066;-5.02769717487;28.9757428075;0.00000000000
3067;-4.79680221673;26.7121552917;0.00000000000
3068;-4.37285810798;24.3407308868;0.00000000000
3069;-4.04787080053;47.9927020306;0.00000000000
3070;-6.07457512632;47.9934532869;0.00000000000
3071;-8.06966858347;48.0139470531;0.00000000000
3072;-10.0616027554;48.0172652968;0.00000000000
3073;-12.0522890167;48.0046242741;0.00000000000
3074;-14.0455482556;47.9904397650;0.00000000000
3075;-16.0407600532;47.9771388804;0.00000000000
3076;-18.0492791878;47.9813477547;0.00000000000
3077;-20.0457700237;47.9762075967;0.00000000000
3078;-22.0418027527;47.9749710909;0.00000000000
3079;-24.0357153859;47.9743993293;0.00000000000
3080;-26.0364325611;47.9725024323;0.00000000000
;;;
NODE;X;Y;Z
3081;-28.0370938823;47.9707522653;0.00000000000
3082;-30.0375302792;47.9696191840;0.00000000000
3083;-32.0379181383;47.9690658498;0.00000000000
3084;-34.0382995762;47.9689996314;0.00000000000
3085;-36.0386600117;47.9692763292;0.00000000000
3086;-38.0389754208;47.9697409938;0.00000000000
3087;-40.0392297675;47.9702595037;0.00000000000
3088;-42.0394183408;47.9707360417;0.00000000000
3089;-44.0395457701;47.9711170737;0.00000000000
3090;-46.0396225284;47.9713854278;0.00000000000
3091;-48.0396614997;47.9715492721;0.00000000000
3092;-50.0396752827;47.9716303475;0.00000000000
3093;-52.0396744841;47.9716543319;0.00000000000
3094;-54.0396669697;47.9716445334;0.00000000000
3095;-56.0396578589;47.9716188135;0.00000000000
3096;-58.0396499803;47.9715889446;0.00000000000
3097;-60.0396445287;47.9715614202;0.00000000000
3098;-62.0396417624;47.9715388691;0.00000000000
3099;-64.0396417078;47.9715214766;0.00000000000
3100;-66.0396449702;47.9715080112;0.00000000000
;;;
NODE;X;Y;Z
3101;-68.0396535531;47.9714950160;0.00000000000
3102;-70.0396668292;47.9714768620;0.00000000000
3103;-72.0396776976;47.9714584632;0.00000000000
3104;-74.0397049312;47.9713726503;0.00000000000
3105;-76.0395449749;47.9712106764;0.00000000000
3106;-78.0390278292;47.9710393718;0.00000000000
3107;-80.0375193377;47.9710247949;0.00000000000
3108;-82.0342296809;47.9717067284;0.00000000000
3109;-84.0292674083;47.9730768506;0.00000000000
3110;-86.0222032531;47.9734554782;0.00000000000
3111;-88.0198928657;47.9701125529;0.00000000000
3112;-89.9989300275;47.9653628875;0.00000000000
3113;-91.9855035837;47.9463189795;0.00000000000
3114;-93.9749533444;47.9457793061;0.00000000000
3115;-95.9758683261;47.9580140692;0.00000000000
3116;-97.9765987434;47.9726997956;0.00000000000
3117;-97.9629193545;45.9511907229;0.00000000000
3118;-97.9658540928;43.9291772656;0.00000000000
3119;-97.9490994267;41.9043540120;0.00000000000
3120;-97.9295212450;39.8965860399;0.00000000000
;;;
NODE;X;Y;Z
3121;-97.9054943208;37.8945238947;0.00000000000
3122;-97.8944505806;35.8997700921;0.00000000000
3123;-97.9005518090;33.8925435677;0.00000000000
3124;-97.9062057011;31.8882502506;0.00000000000
3125;-97.9107376254;29.8861323044;0.00000000000
3126;-97.9139069866;27.8854226031;0.00000000000
3127;-97.9158143641;25.8854976345;0.00000000000
3128;-97.9167478357;23.8857486674;0.00000000000
3129;-97.9169190096;21.8859859991;0.00000000000
3130;-97.9163456606;19.8860955761;0.00000000000
3131;-97.9150691979;17.8860662847;0.00000000000
3132;-97.9136662975;15.8908735617;0.00000000000
3133;-97.9321972768;13.8963453936;0.00000000000
3134;-97.9341031786;11.9062024397;0.00000000000
3135;-97.9188171893;9.92338863831;0.00000000000
3136;-97.9335471483;7.94961929351;0.00000000000
3137;-97.9334116216;5.97558906484;0.00000000000
3138;-97.9543796474;3.97033181579;0.00000000000
3139;-4.30701659367;21.6819907279;0.00000000000
3140;-6.27283267699;21.2578785538;0.00000000000
;;;
NODE;X;Y;Z
3141;-8.25279572761;20.5135429101;0.00000000000
3142;-10.2270542497;19.6160945981;0.00000000000
3143;-12.1312884500;18.5447537987;0.00000000000
3144;-13.9125989945;17.2765176625;0.00000000000
3145;-15.5934922712;15.8096128911;0.00000000000
3146;-17.1101183259;14.1383921491;0.00000000000
3147;-18.4338353928;12.3104394069;0.00000000000
3148;-19.4698388699;10.4428905666;0.00000000000
3149;-20.3670653169;8.45080810069;0.00000000000
3150;-21.0340494311;6.37340733814;0.00000000000
3151;-21.5204070174;4.27080849046;0.00000000000
3152;-97.9783118200;1.99103115729;0.00000000000
3153;-95.9452538878;1.98153424490;0.00000000000
3154;-93.9269559089;1.98541673319;0.00000000000
3155;-91.8989773056;1.99341438747;0.00000000000
3156;-89.8986666473;2.02210407834;0.00000000000
3157;-87.9007211353;2.05568008371;0.00000000000
3158;-85.8897993244;2.08119141013;0.00000000000
3159;-83.8828558012;2.09793997669;0.00000000000
3160;-81.8866329640;2.10814337262;0.00000000000
;;;
NODE;X;Y;Z
3161;-79.8805299034;2.11355688599;0.00000000000
3162;-77.8772111595;2.11539575495;0.00000000000
3163;-75.8748634729;2.11487813551;0.00000000000
3164;-73.8730820278;2.11310561813;0.00000000000
3165;-71.8873280567;2.08502880343;0.00000000000
3166;-69.8871814950;2.08421001746;0.00000000000
3167;-67.8872243305;2.08368854825;0.00000000000
3168;-65.8873534514;2.08341182944;0.00000000000
3169;-63.8875028731;2.08330751761;0.00000000000
3170;-61.8876363969;2.08330642603;0.00000000000
3171;-59.8877391506;2.08335410690;0.00000000000
3172;-57.8878096234;2.08341407192;0.00000000000
3173;-55.8878532239;2.08346596317;0.00000000000
3174;-53.8878777431;2.08350145436;0.00000000000
3175;-51.8878906429;2.08351980609;0.00000000000
3176;-49.8878977720;2.08352413869;0.00000000000
3177;-47.8879030456;2.08351881151;0.00000000000
3178;-45.8879086726;2.08350788640;0.00000000000
3179;-43.8879156080;2.08349444079;0.00000000000
3180;-41.8877903386;2.08347965433;0.00000000000
;;;
NODE;X;Y;Z
3181;-39.8876350812;2.08351847671;0.00000000000
3182;-37.8690578662;2.10781523323;0.00000000000
3183;-35.8485015987;2.11179056193;0.00000000000
3184;-33.7954546537;2.16671154955;0.00000000000
3185;-31.7584024810;2.26104747023;0.00000000000
3186;-29.7448664090;2.36881400363;0.00000000000
3187;-27.7664721142;2.43028098342;0.00000000000
3188;-25.8048017494;2.40591251063;0.00000000000
3189;-21.8137882280;2.09330060358;0.00000000000
3190;-2.03436024513;47.9943384324;0.00000000000
3191;-2.05241835782;45.9822288428;0.00000000000
3192;-2.07485476515;43.9490203398;0.00000000000
3193;-2.13014806055;41.9027669709;0.00000000000
3194;-2.22212359947;39.8429087434;0.00000000000
3195;-2.34850630079;37.7695715790;0.00000000000
3196;-2.46869858515;35.7155204082;0.00000000000
3197;-2.56406295846;33.6401613314;0.00000000000
3198;-2.55219682046;31.5972435231;0.00000000000
3199;-2.50121343857;29.5142540498;0.00000000000
3200;-2.42270702568;27.4122312509;0.00000000000
;;;
NODE;X;Y;Z
3201;-2.15270490893;25.4296090451;0.00000000000
3202;-2.42027427989;22.4886248437;0.00000000000
3203;-23.8343510078;2.29705103776;0.00000000000
3204;-1.49462360481;24.0659771463;0.00000000000
3205;-10.7745527460;29.7329575099;0.00000000000
3206;-9.71969355781;35.1157823657;0.00000000000
3207;-9.02540807762;37.4827462884;0.00000000000
3208;-8.69709969596;39.6501347451;0.00000000000
3209;-8.43043348394;41.7731042936;0.00000000000
3210;-29.1380331080;9.68771052188;0.00000000000
3211;-31.3733760569;8.91043749894;0.00000000000
3212;-33.5287586138;8.43523281978;0.00000000000
3213;-35.6316000885;8.23282724619;0.00000000000
3214;-37.6333499526;8.18776354464;0.00000000000
3215;-39.6184784398;8.19106585383;0.00000000000
3216;-41.6074756053;8.19042767197;0.00000000000
3217;-43.5971857643;8.19744667367;0.00000000000
3218;-45.5804777288;8.20416451033;0.00000000000
3219;-47.5608864361;8.21811452597;0.00000000000
3220;-49.5608189177;8.21810309328;0.00000000000
;;;
NODE;X;Y;Z
3221;-51.5605522024;8.21797578140;0.00000000000
3222;-53.5601614821;8.21778073276;0.00000000000
3223;-55.5596601799;8.21764921651;0.00000000000
3224;-57.5590930806;8.21777668561;0.00000000000
3225;-59.5585593858;8.21839361346;0.00000000000
3226;-61.5582132393;8.21969825908;0.00000000000
3227;-63.5582477222;8.22175075111;0.00000000000
3228;-65.5743969917;8.20948748537;0.00000000000
3229;-67.5602122207;8.22702653074;0.00000000000
3230;-69.5624267157;8.22898808270;0.00000000000
3231;-71.5656314900;8.22928498272;0.00000000000
3232;-73.5700312376;8.22645909276;0.00000000000
3233;-75.5757981531;8.21774637350;0.00000000000
3234;-77.5825278844;8.20018808740;0.00000000000
3235;-79.5892371822;8.17613816762;0.00000000000
3236;-81.5996946819;8.11447979818;0.00000000000
3237;-83.6066887574;8.04090621229;0.00000000000
3238;-85.6420966253;7.99348100725;0.00000000000
3239;-87.6687491434;7.94138077602;0.00000000000
3240;-89.7023231800;7.89695960784;0.00000000000
;;;
NODE;X;Y;Z
3241;-91.7541624899;7.88236764771;0.00000000000
3242;-91.7201571590;9.82479046571;0.00000000000
3243;-91.7176305758;11.7655935060;0.00000000000
3244;-91.7442879517;13.7211104717;0.00000000000
3245;-91.7428730505;15.6592707925;0.00000000000
3246;-91.7636693920;17.6241803772;0.00000000000
3247;-91.7646557584;19.5739619735;0.00000000000
3248;-91.7795402185;21.5646807178;0.00000000000
3249;-91.7871872483;23.5668133480;0.00000000000
3250;-91.7873057259;25.5603673083;0.00000000000
3251;-91.7999137372;27.5606506776;0.00000000000
3252;-91.8178142262;29.5747703259;0.00000000000
3253;-91.8433724147;31.5880516407;0.00000000000
3254;-91.8774596600;33.6042618909;0.00000000000
3255;-91.9257381183;35.6236290303;0.00000000000
3256;-91.9392755351;37.6434885447;0.00000000000
3257;-91.9622940029;39.7038813992;0.00000000000
3258;-91.9883661923;41.7821557303;0.00000000000
3259;-90.0427531123;41.7697930907;0.00000000000
3260;-88.0905961837;41.7944717289;0.00000000000
;;;
NODE;X;Y;Z
3261;-86.1528020674;41.8141966776;0.00000000000
3262;-84.1967094273;41.8377507445;0.00000000000
3263;-82.2296612956;41.8583516491;0.00000000000
3264;-80.2698611044;41.8603194648;0.00000000000
3265;-78.2830477307;41.8570866027;0.00000000000
3266;-76.3098222890;41.8441764530;0.00000000000
3267;-74.3143844664;41.8411506496;0.00000000000
3268;-72.3188961268;41.8401393252;0.00000000000
3269;-70.3341356175;41.8259699943;0.00000000000
3270;-68.3340524379;41.8260962100;0.00000000000
3271;-66.3339822232;41.8262161915;0.00000000000
3272;-64.3339586401;41.8263703023;0.00000000000
3273;-62.3339698199;41.8265913603;0.00000000000
3274;-60.3340279564;41.8268800316;0.00000000000
3275;-58.3341459699;41.8272185873;0.00000000000
3276;-56.3343328320;41.8275597757;0.00000000000
3277;-54.3345849872;41.8278221278;0.00000000000
3278;-52.3348784612;41.8278908596;0.00000000000
3279;-50.3351615835;41.8276312542;0.00000000000
3280;-48.3353502153;41.8269188000;0.00000000000
;;;
NODE;X;Y;Z
3281;-46.3353278439;41.8256872657;0.00000000000
3282;-44.3349518816;41.8239888819;0.00000000000
3283;-42.3340647175;41.8220482729;0.00000000000
3284;-40.3325031023;41.8202739226;0.00000000000
3285;-38.3300950539;41.8191756692;0.00000000000
3286;-36.3266413470;41.8191572801;0.00000000000
3287;-34.3219195654;41.8202858574;0.00000000000
3288;-32.3031119619;41.7719167238;0.00000000000
3289;-30.3036652677;41.7225091288;0.00000000000
3290;-28.3490042419;41.6529271142;0.00000000000
3291;-26.4107181727;41.6990997505;0.00000000000
3292;-24.4601641649;41.7980092730;0.00000000000
3293;-22.4837586633;41.8806697467;0.00000000000
3294;-20.5086342774;41.9020884643;0.00000000000
3295;-18.5357210331;41.8669421279;0.00000000000
3296;-16.5741949624;41.8207325812;0.00000000000
3297;-14.5845505901;41.7983498408;0.00000000000
3298;-12.5600589415;41.7879983628;0.00000000000
3299;-10.5149499079;41.7778603340;0.00000000000
3300;-10.2040932404;27.4388017109;0.00000000000
;;;
NODE;X;Y;Z
3301;-11.1826608206;32.1991660632;0.00000000000
3302;-24.8950082848;13.8933208120;0.00000000000
3303;-26.6355974627;10.9690293264;0.00000000000
3304;-23.3060460551;16.5646253036;0.00000000000
3305;-12.8477821117;26.2671237313;0.00000000000
3306;-21.6410759584;19.0031675120;0.00000000000
3307;-19.7330190074;21.1584716173;0.00000000000
3308;-17.7386437329;23.1219793262;0.00000000000
3309;-15.3484911441;24.8213942839;0.00000000000
3310;-31.6081423003;10.8764239597;0.00000000000
3311;-27.3387148241;17.6286711117;0.00000000000
3312;-22.3550044581;25.0937059013;0.00000000000
3313;-29.7877556815;17.0125317165;0.00000000000
3314;-31.1937924586;18.5854872199;0.00000000000
3315;-31.9699650050;16.4154866329;0.00000000000
3316;-32.8975639770;15.3164619469;0.00000000000
3317;-35.7804897762;15.8692569294;0.00000000000
3318;-43.4972892698;16.3937292504;0.00000000000
3319;-51.5063194827;16.2074025065;0.00000000000
3320;-59.4540132708;16.2294856217;0.00000000000
;;;
NODE;X;Y;Z
3321;-63.4364488019;16.2711825769;0.00000000000
3322;-71.5447982384;16.4566006974;0.00000000000
3323;-79.5104041343;16.1323933405;0.00000000000
3324;-83.6180739174;15.7137155791;0.00000000000
3325;-83.9939784297;21.3306934177;0.00000000000
3326;-83.6454422569;25.2686144852;0.00000000000
3327;-83.7966027349;33.4667796777;0.00000000000
3328;-82.0025019338;33.6204432997;0.00000000000
3329;-80.2293406185;33.9315322108;0.00000000000
3330;-78.2264233147;33.8932425391;0.00000000000
3331;-74.3889583312;33.6223510851;0.00000000000
3332;-70.4565638842;33.6246222676;0.00000000000
3333;-66.5439423816;33.8939853806;0.00000000000
3334;-64.5627478280;33.9181918546;0.00000000000
3335;-60.6125098178;33.7660446318;0.00000000000
3336;-56.5863229895;33.6549504706;0.00000000000
3337;-52.5321006754;33.7815432218;0.00000000000
3338;-50.4461631384;33.7387683701;0.00000000000
3339;-46.2710339566;33.3489866597;0.00000000000
3340;-42.1314610066;33.1057840857;0.00000000000
;;;
NODE;X;Y;Z
3341;-37.9816279675;32.8878302905;0.00000000000
3342;-35.8811702364;32.6446185196;0.00000000000
3343;-31.8930234526;32.4386318661;0.00000000000
3344;-34.1691612671;15.5476020374;0.00000000000
3345;-37.5320282960;16.0929350661;0.00000000000
3346;-39.4512341985;16.2020924436;0.00000000000
3347;-41.4880955333;16.3646971035;0.00000000000
3348;-45.5121380777;16.3341752317;0.00000000000
3349;-47.5124475635;16.2940559800;0.00000000000
3350;-49.5112136857;16.2570126670;0.00000000000
3351;-53.5087248850;16.2031441708;0.00000000000
3352;-55.4899461049;16.2026071914;0.00000000000
3353;-57.4708482244;16.2169878936;0.00000000000
3354;-61.4407583552;16.2461427609;0.00000000000
3355;-65.4450929481;16.3292082589;0.00000000000
3356;-67.4697167801;16.3908736800;0.00000000000
3357;-69.4917777145;16.4313368710;0.00000000000
3358;-73.5926517521;16.4741829242;0.00000000000
3359;-75.5721926149;16.4763785535;0.00000000000
3360;-77.5326539199;16.3791918101;0.00000000000
;;;
NODE;X;Y;Z
3361;-81.5522139038;15.8550271719;0.00000000000
3362;-83.7435726525;17.5714218786;0.00000000000
3363;-83.9059208746;19.4407319773;0.00000000000
3364;-83.8556521019;23.3280818070;0.00000000000
3365;-83.4899397510;27.2494981557;0.00000000000
3366;-83.4121237196;29.2719781520;0.00000000000
3367;-83.5007368414;31.3287000389;0.00000000000
3368;-76.3466786142;33.7045103968;0.00000000000
3369;-72.4231662293;33.6000779884;0.00000000000
3370;-68.5180272257;33.7559583704;0.00000000000
3371;-62.5874246391;33.8426212233;0.00000000000
3372;-58.6001958847;33.6961066779;0.00000000000
3373;-54.5796004138;33.6821177529;0.00000000000
3374;-48.3428732274;33.5662293298;0.00000000000
3375;-44.1993316195;33.1956362230;0.00000000000
3376;-40.0441598665;33.0135194248;0.00000000000
3377;-33.8121361768;32.4308763885;0.00000000000
3378;-30.4830913118;32.9715772269;0.00000000000
3379;-28.6659040622;31.0197642729;0.00000000000
3380;-26.0329905713;31.7748059613;0.00000000000
;;;
NODE;X;Y;Z
3381;-30.2587753307;21.0957030996;0.00000000000
3382;-29.2068588254;23.8932282913;0.00000000000
3383;-27.9066339119;27.3447868676;0.00000000000
3384;-25.0293804520;29.4519593800;0.00000000000
3385;-33.6964442346;17.7438573589;0.00000000000
3386;-34.1698732492;25.1133301982;0.00000000000
3387;-77.9353677978;21.1156548104;0.00000000000
3388;-67.1476373253;20.4082671192;0.00000000000
3389;-59.2683731263;20.0850585086;0.00000000000
3390;-45.6691140173;20.4891588384;0.00000000000
3391;-56.7127879420;25.7431345247;0.00000000000
3392;-54.5178181164;26.6529156176;0.00000000000
3393;-50.0598487387;23.5371669892;0.00000000000
3394;-51.7383947471;22.9325796813;0.00000000000
3395;-64.6199754470;24.2228266540;0.00000000000
3396;-62.2278777847;26.0133541186;0.00000000000
3397;-55.9348317474;27.5256637896;0.00000000000
3398;-50.3269900292;26.9383728031;0.00000000000
3399;-53.4358377856;23.1667757226;0.00000000000
3400;-55.1264185957;23.8773254252;0.00000000000
;;;
NODE;X;Y;Z
3401;-58.8463693882;23.9108847444;0.00000000000
3402;-62.6345195054;24.0936566848;0.00000000000
3403;-66.6327661024;24.4188757217;0.00000000000
3404;-65.8055164930;28.2046292733;0.00000000000
3405;-64.2427724467;26.1274723167;0.00000000000
3406;-60.2682156915;25.9451316076;0.00000000000
3407;-52.2162826544;26.5267464010;0.00000000000
3408;-48.2805808521;24.6705452788;0.00000000000
3409;-50.1513944449;25.4117475970;0.00000000000
3410;-53.7163144815;25.4603302807;0.00000000000
3411;-66.3271301055;26.3849421237;0.00000000000
3412;-52.9707779986;24.6350010737;0.00000000000
