NODE;X;Y;Z
1;-100.000000000;0.00000000000;0.00000000000
2;-20.0000000000;0.00000000000;0.00000000000
3;-99.3333333333;0.00000000000;0.00000000000
4;-98.6666666667;0.00000000000;0.00000000000
5;-98.0000000000;0.00000000000;0.00000000000
6;-97.3333333333;0.00000000000;0.00000000000
7;-96.6666666667;0.00000000000;0.00000000000
8;-96.0000000000;0.00000000000;0.00000000000
9;-95.3333333333;0.00000000000;0.00000000000
10;-94.6666666667;0.00000000000;0.00000000000
11;-94.0000000000;0.00000000000;0.00000000000
12;-93.3333333333;0.00000000000;0.00000000000
13;-92.6666666667;0.00000000000;0.00000000000
14;-92.0000000000;0.00000000000;0.00000000000
15;-91.3333333333;0.00000000000;0.00000000000
16;-90.6666666667;0.00000000000;0.00000000000
17;-90.0000000000;0.00000000000;0.00000000000
18;-89.3333333333;0.00000000000;0.00000000000
19;-88.6666666667;0.00000000000;0.00000000000
20;-88.0000000000;0.00000000000;0.00000000000
;;;
NODE;X;Y;Z
21;-87.3333333333;0.00000000000;0.00000000000
22;-86.6666666667;0.00000000000;0.00000000000
23;-86.0000000000;0.00000000000;0.00000000000
24;-85.3333333333;0.00000000000;0.00000000000
25;-84.6666666667;0.00000000000;0.00000000000
26;-84.0000000000;0.00000000000;0.00000000000
27;-83.3333333333;0.00000000000;0.00000000000
28;-82.6666666667;0.00000000000;0.00000000000
29;-82.0000000000;0.00000000000;0.00000000000
30;-81.3333333333;0.00000000000;0.00000000000
31;-80.6666666667;0.00000000000;0.00000000000
32;-80.0000000000;0.00000000000;0.00000000000
33;-79.3333333333;0.00000000000;0.00000000000
34;-78.6666666667;0.00000000000;0.00000000000
35;-78.0000000000;0.00000000000;0.00000000000
36;-77.3333333333;0.00000000000;0.00000000000
37;-76.6666666667;0.00000000000;0.00000000000
38;-76.0000000000;0.00000000000;0.00000000000
39;-75.3333333333;0.00000000000;0.00000000000
40;-74.6666666667;0.00000000000;0.00000000000
;;;
NODE;X;Y;Z
41;-74.0000000000;0.00000000000;0.00000000000
42;-73.3333333333;0.00000000000;0.00000000000
43;-72.6666666667;0.00000000000;0.00000000000
44;-72.0000000000;0.00000000000;0.00000000000
45;-71.3333333333;0.00000000000;0.00000000000
46;-70.6666666667;0.00000000000;0.00000000000
47;-70.0000000000;0.00000000000;0.00000000000
48;-69.3333333333;0.00000000000;0.00000000000
49;-68.6666666667;0.00000000000;0.00000000000
50;-68.0000000000;0.00000000000;0.00000000000
51;-67.3333333333;0.00000000000;0.00000000000
52;-66.6666666667;0.00000000000;0.00000000000
53;-66.0000000000;0.00000000000;0.00000000000
54;-65.3333333333;0.00000000000;0.00000000000
55;-64.6666666667;0.00000000000;0.00000000000
56;-64.0000000000;0.00000000000;0.00000000000
57;-63.3333333333;0.00000000000;0.00000000000
58;-62.6666666667;0.00000000000;0.00000000000
59;-62.0000000000;0.00000000000;0.00000000000
60;-61.3333333333;0.00000000000;0.00000000000
;;;
NODE;X;Y;Z
61;-60.6666666667;0.00000000000;0.00000000000
62;-60.0000000000;0.00000000000;0.00000000000
63;-59.3333333333;0.00000000000;0.00000000000
64;-58.6666666667;0.00000000000;0.00000000000
65;-58.0000000000;0.00000000000;0.00000000000
66;-57.3333333333;0.00000000000;0.00000000000
67;-56.6666666667;0.00000000000;0.00000000000
68;-56.0000000000;0.00000000000;0.00000000000
69;-55.3333333333;0.00000000000;0.00000000000
70;-54.6666666667;0.00000000000;0.00000000000
71;-54.0000000000;0.00000000000;0.00000000000
72;-53.3333333333;0.00000000000;0.00000000000
73;-52.6666666667;0.00000000000;0.00000000000
74;-52.0000000000;0.00000000000;0.00000000000
75;-51.3333333333;0.00000000000;0.00000000000
76;-50.6666666667;0.00000000000;0.00000000000
77;-50.0000000000;0.00000000000;0.00000000000
78;-49.3333333333;0.00000000000;0.00000000000
79;-48.6666666667;0.00000000000;0.00000000000
80;-48.0000000000;0.00000000000;0.00000000000
;;;
NODE;X;Y;Z
81;-47.3333333333;0.00000000000;0.00000000000
82;-46.6666666667;0.00000000000;0.00000000000
83;-46.0000000000;0.00000000000;0.00000000000
84;-45.3333333333;0.00000000000;0.00000000000
85;-44.6666666667;0.00000000000;0.00000000000
86;-44.0000000000;0.00000000000;0.00000000000
87;-43.3333333333;0.00000000000;0.00000000000
88;-42.6666666667;0.00000000000;0.00000000000
89;-42.0000000000;0.00000000000;0.00000000000
90;-41.3333333333;0.00000000000;0.00000000000
91;-40.6666666667;0.00000000000;0.00000000000
92;-40.0000000000;0.00000000000;0.00000000000
93;-39.3333333333;0.00000000000;0.00000000000
94;-38.6666666667;0.00000000000;0.00000000000
95;-38.0000000000;0.00000000000;0.00000000000
96;-37.3333333333;0.00000000000;0.00000000000
97;-36.6666666667;0.00000000000;0.00000000000
98;-36.0000000000;0.00000000000;0.00000000000
99;-35.3333333333;0.00000000000;0.00000000000
100;-34.6666666667;0.00000000000;0.00000000000
;;;
NODE;X;Y;Z
101;-34.0000000000;0.00000000000;0.00000000000
102;-33.3333333333;0.00000000000;0.00000000000
103;-32.6666666667;0.00000000000;0.00000000000
104;-32.0000000000;0.00000000000;0.00000000000
105;-31.3333333333;0.00000000000;0.00000000000
106;-30.6666666667;0.00000000000;0.00000000000
107;-30.0000000000;0.00000000000;0.00000000000
108;-29.3333333333;0.00000000000;0.00000000000
109;-28.6666666667;0.00000000000;0.00000000000
110;-28.0000000000;0.00000000000;0.00000000000
111;-27.3333333333;0.00000000000;0.00000000000
112;-26.6666666667;0.00000000000;0.00000000000
113;-26.0000000000;0.00000000000;0.00000000000
114;-25.3333333333;0.00000000000;0.00000000000
115;-24.6666666667;0.00000000000;0.00000000000
116;-24.0000000000;0.00000000000;0.00000000000
117;-23.3333333333;0.00000000000;0.00000000000
118;-22.6666666667;0.00000000000;0.00000000000
119;-22.0000000000;0.00000000000;0.00000000000
120;-21.3333333333;0.00000000000;0.00000000000
;;;
NODE;X;Y;Z
121;-20.6666666667;0.00000000000;0.00000000000
122;0.00000000000;20.0000000000;0.00000000000
123;-0.654381656736;19.9892917495;0.00000000000
124;-1.30806258520;19.9571784647;0.00000000000
125;-1.96034280749;19.9036945334;0.00000000000
126;-2.61052384560;19.8288972273;0.00000000000
127;-3.25790946938;19.7328666414;0.00000000000
128;-3.90180644210;19.6157056077;0.00000000000
129;-4.54152526274;19.4775395851;0.00000000000
130;-5.17638090438;19.3185165252;0.00000000000
131;-5.80569354621;19.1388067143;0.00000000000
132;-6.42878930735;18.9386025895;0.00000000000
133;-7.04500095984;18.7181185346;0.00000000000
134;-7.65366864814;18.4775906499;0.00000000000
135;-8.25414059544;18.2172764987;0.00000000000
136;-8.84577380146;17.9374548321;0.00000000000
137;-9.42793473391;17.6384252884;0.00000000000
138;-9.99999999770;17.3205080770;0.00000000000
139;-10.5613570110;16.9840436318;0.00000000000
140;-11.1114046587;16.6293922472;0.00000000000
;;;
NODE;X;Y;Z
141;-11.6495539337;16.2569336944;0.00000000000
142;-12.1752285753;15.8670668095;0.00000000000
143;-12.6878656779;15.4602090717;0.00000000000
144;-13.1869162965;15.0367961544;0.00000000000
145;-13.6718460352;14.5972814589;0.00000000000
146;-14.1421356189;14.1421356286;0.00000000000
147;-14.5972814494;13.6718460453;0.00000000000
148;-15.0367961451;13.1869163071;0.00000000000
149;-15.4602090624;12.6878656892;0.00000000000
150;-15.8670668003;12.1752285874;0.00000000000
151;-16.2569336851;11.6495539467;0.00000000000
152;-16.6293922398;11.1114046697;0.00000000000
153;-16.9840436248;10.5613570223;0.00000000000
154;-17.3205080704;10.0000000092;0.00000000000
155;-17.6384252821;9.42793474559;0.00000000000
156;-17.9374548262;8.84577381333;0.00000000000
157;-18.2172764944;8.25414060490;0.00000000000
158;-18.4775906458;7.65366865793;0.00000000000
159;-18.7181185308;7.04500096984;0.00000000000
160;-18.9386025860;6.42878931748;0.00000000000
;;;
NODE;X;Y;Z
161;-19.1388067112;5.80569355646;0.00000000000
162;-19.3185165224;5.17638091483;0.00000000000
163;-19.4775395826;4.54152527328;0.00000000000
164;-19.6157056056;3.90180645271;0.00000000000
165;-19.7328666397;3.25790948005;0.00000000000
166;-19.8288972259;2.61052385632;0.00000000000
167;-19.9036945323;1.96034281826;0.00000000000
168;-19.9571784640;1.30806259600;0.00000000000
169;-19.9892917492;0.654381667548;0.00000000000
170;0.00000000000;50.0000000000;0.00000000000
171;0.00000000000;49.3478260870;0.00000000000
172;0.00000000000;48.6956521739;0.00000000000
173;0.00000000000;48.0434782609;0.00000000000
174;0.00000000000;47.3913043478;0.00000000000
175;0.00000000000;46.7391304348;0.00000000000
176;0.00000000000;46.0869565217;0.00000000000
177;0.00000000000;45.4347826087;0.00000000000
178;0.00000000000;44.7826086956;0.00000000000
179;0.00000000000;44.1304347826;0.00000000000
180;0.00000000000;43.4782608696;0.00000000000
;;;
NODE;X;Y;Z
181;0.00000000000;42.8260869565;0.00000000000
182;0.00000000000;42.1739130435;0.00000000000
183;0.00000000000;41.5217391304;0.00000000000
184;0.00000000000;40.8695652174;0.00000000000
185;0.00000000000;40.2173913044;0.00000000000
186;0.00000000000;39.5652173913;0.00000000000
187;0.00000000000;38.9130434783;0.00000000000
188;0.00000000000;38.2608695652;0.00000000000
189;0.00000000000;37.6086956522;0.00000000000
190;0.00000000000;36.9565217391;0.00000000000
191;0.00000000000;36.3043478261;0.00000000000
192;0.00000000000;35.6521739130;0.00000000000
193;0.00000000000;35.0000000000;0.00000000000
194;0.00000000000;34.3478260870;0.00000000000
195;0.00000000000;33.6956521739;0.00000000000
196;0.00000000000;33.0434782609;0.00000000000
197;0.00000000000;32.3913043478;0.00000000000
198;0.00000000000;31.7391304348;0.00000000000
199;0.00000000000;31.0869565217;0.00000000000
200;0.00000000000;30.4347826087;0.00000000000
;;;
NODE;X;Y;Z
201;0.00000000000;29.7826086957;0.00000000000
202;0.00000000000;29.1304347826;0.00000000000
203;0.00000000000;28.4782608696;0.00000000000
204;0.00000000000;27.8260869565;0.00000000000
205;0.00000000000;27.1739130435;0.00000000000
206;0.00000000000;26.5217391304;0.00000000000
207;0.00000000000;25.8695652174;0.00000000000
208;0.00000000000;25.2173913043;0.00000000000
209;0.00000000000;24.5652173913;0.00000000000
210;0.00000000000;23.9130434783;0.00000000000
211;0.00000000000;23.2608695652;0.00000000000
212;0.00000000000;22.6086956522;0.00000000000
213;0.00000000000;21.9565217391;0.00000000000
214;0.00000000000;21.3043478261;0.00000000000
215;0.00000000000;20.6521739130;0.00000000000
216;-100.000000000;50.0000000000;0.00000000000
217;-0.666666666667;50.0000000000;0.00000000000
218;-1.33333333333;50.0000000000;0.00000000000
219;-2.00000000000;50.0000000000;0.00000000000
220;-2.66666666667;50.0000000000;0.00000000000
;;;
NODE;X;Y;Z
221;-3.33333333333;50.0000000000;0.00000000000
222;-4.00000000000;50.0000000000;0.00000000000
223;-4.66666666667;50.0000000000;0.00000000000
224;-5.33333333333;50.0000000000;0.00000000000
225;-6.00000000000;50.0000000000;0.00000000000
226;-6.66666666667;50.0000000000;0.00000000000
227;-7.33333333333;50.0000000000;0.00000000000
228;-8.00000000000;50.0000000000;0.00000000000
229;-8.66666666667;50.0000000000;0.00000000000
230;-9.33333333333;50.0000000000;0.00000000000
231;-10.0000000000;50.0000000000;0.00000000000
232;-10.6666666667;50.0000000000;0.00000000000
233;-11.3333333333;50.0000000000;0.00000000000
234;-12.0000000000;50.0000000000;0.00000000000
235;-12.6666666667;50.0000000000;0.00000000000
236;-13.3333333333;50.0000000000;0.00000000000
237;-14.0000000000;50.0000000000;0.00000000000
238;-14.6666666667;50.0000000000;0.00000000000
239;-15.3333333333;50.0000000000;0.00000000000
240;-16.0000000000;50.0000000000;0.00000000000
;;;
NODE;X;Y;Z
241;-16.6666666667;50.0000000000;0.00000000000
242;-17.3333333333;50.0000000000;0.00000000000
243;-18.0000000000;50.0000000000;0.00000000000
244;-18.6666666667;50.0000000000;0.00000000000
245;-19.3333333333;50.0000000000;0.00000000000
246;-20.0000000000;50.0000000000;0.00000000000
247;-20.6666666667;50.0000000000;0.00000000000
248;-21.3333333333;50.0000000000;0.00000000000
249;-22.0000000000;50.0000000000;0.00000000000
250;-22.6666666667;50.0000000000;0.00000000000
251;-23.3333333333;50.0000000000;0.00000000000
252;-24.0000000000;50.0000000000;0.00000000000
253;-24.6666666667;50.0000000000;0.00000000000
254;-25.3333333333;50.0000000000;0.00000000000
255;-26.0000000000;50.0000000000;0.00000000000
256;-26.6666666667;50.0000000000;0.00000000000
257;-27.3333333333;50.0000000000;0.00000000000
258;-28.0000000000;50.0000000000;0.00000000000
259;-28.6666666667;50.0000000000;0.00000000000
260;-29.3333333333;50.0000000000;0.00000000000
;;;
NODE;X;Y;Z
261;-30.0000000000;50.0000000000;0.00000000000
262;-30.6666666667;50.0000000000;0.00000000000
263;-31.3333333333;50.0000000000;0.00000000000
264;-32.0000000000;50.0000000000;0.00000000000
265;-32.6666666667;50.0000000000;0.00000000000
266;-33.3333333333;50.0000000000;0.00000000000
267;-34.0000000000;50.0000000000;0.00000000000
268;-34.6666666667;50.0000000000;0.00000000000
269;-35.3333333333;50.0000000000;0.00000000000
270;-36.0000000000;50.0000000000;0.00000000000
271;-36.6666666667;50.0000000000;0.00000000000
272;-37.3333333333;50.0000000000;0.00000000000
273;-38.0000000000;50.0000000000;0.00000000000
274;-38.6666666667;50.0000000000;0.00000000000
275;-39.3333333333;50.0000000000;0.00000000000
276;-40.0000000000;50.0000000000;0.00000000000
277;-40.6666666667;50.0000000000;0.00000000000
278;-41.3333333333;50.0000000000;0.00000000000
279;-42.0000000000;50.0000000000;0.00000000000
280;-42.6666666667;50.0000000000;0.00000000000
;;;
NODE;X;Y;Z
281;-43.3333333333;50.0000000000;0.00000000000
282;-44.0000000000;50.0000000000;0.00000000000
283;-44.6666666667;50.0000000000;0.00000000000
284;-45.3333333333;50.0000000000;0.00000000000
285;-46.0000000000;50.0000000000;0.00000000000
286;-46.6666666667;50.0000000000;0.00000000000
287;-47.3333333333;50.0000000000;0.00000000000
288;-48.0000000000;50.0000000000;0.00000000000
289;-48.6666666667;50.0000000000;0.00000000000
290;-49.3333333333;50.0000000000;0.00000000000
291;-50.0000000000;50.0000000000;0.00000000000
292;-50.6666666667;50.0000000000;0.00000000000
293;-51.3333333333;50.0000000000;0.00000000000
294;-52.0000000000;50.0000000000;0.00000000000
295;-52.6666666667;50.0000000000;0.00000000000
296;-53.3333333333;50.0000000000;0.00000000000
297;-54.0000000000;50.0000000000;0.00000000000
298;-54.6666666667;50.0000000000;0.00000000000
299;-55.3333333333;50.0000000000;0.00000000000
300;-56.0000000000;50.0000000000;0.00000000000
;;;
NODE;X;Y;Z
301;-56.6666666667;50.0000000000;0.00000000000
302;-57.3333333333;50.0000000000;0.00000000000
303;-58.0000000000;50.0000000000;0.00000000000
304;-58.6666666667;50.0000000000;0.00000000000
305;-59.3333333333;50.0000000000;0.00000000000
306;-60.0000000000;50.0000000000;0.00000000000
307;-60.6666666667;50.0000000000;0.00000000000
308;-61.3333333333;50.0000000000;0.00000000000
309;-62.0000000000;50.0000000000;0.00000000000
310;-62.6666666667;50.0000000000;0.00000000000
311;-63.3333333333;50.0000000000;0.00000000000
312;-64.0000000000;50.0000000000;0.00000000000
313;-64.6666666667;50.0000000000;0.00000000000
314;-65.3333333333;50.0000000000;0.00000000000
315;-66.0000000000;50.0000000000;0.00000000000
316;-66.6666666667;50.0000000000;0.00000000000
317;-67.3333333333;50.0000000000;0.00000000000
318;-68.0000000000;50.0000000000;0.00000000000
319;-68.6666666667;50.0000000000;0.00000000000
320;-69.3333333333;50.0000000000;0.00000000000
;;;
NODE;X;Y;Z
321;-70.0000000000;50.0000000000;0.00000000000
322;-70.6666666667;50.0000000000;0.00000000000
323;-71.3333333333;50.0000000000;0.00000000000
324;-72.0000000000;50.0000000000;0.00000000000
325;-72.6666666667;50.0000000000;0.00000000000
326;-73.3333333333;50.0000000000;0.00000000000
327;-74.0000000000;50.0000000000;0.00000000000
328;-74.6666666667;50.0000000000;0.00000000000
329;-75.3333333333;50.0000000000;0.00000000000
330;-76.0000000000;50.0000000000;0.00000000000
331;-76.6666666667;50.0000000000;0.00000000000
332;-77.3333333333;50.0000000000;0.00000000000
333;-78.0000000000;50.0000000000;0.00000000000
334;-78.6666666667;50.0000000000;0.00000000000
335;-79.3333333333;50.0000000000;0.00000000000
336;-80.0000000000;50.0000000000;0.00000000000
337;-80.6666666667;50.0000000000;0.00000000000
338;-81.3333333333;50.0000000000;0.00000000000
339;-82.0000000000;50.0000000000;0.00000000000
340;-82.6666666667;50.0000000000;0.00000000000
;;;
NODE;X;Y;Z
341;-83.3333333333;50.0000000000;0.00000000000
342;-84.0000000000;50.0000000000;0.00000000000
343;-84.6666666667;50.0000000000;0.00000000000
344;-85.3333333333;50.0000000000;0.00000000000
345;-86.0000000000;50.0000000000;0.00000000000
346;-86.6666666667;50.0000000000;0.00000000000
347;-87.3333333333;50.0000000000;0.00000000000
348;-88.0000000000;50.0000000000;0.00000000000
349;-88.6666666667;50.0000000000;0.00000000000
350;-89.3333333333;50.0000000000;0.00000000000
351;-90.0000000000;50.0000000000;0.00000000000
352;-90.6666666667;50.0000000000;0.00000000000
353;-91.3333333333;50.0000000000;0.00000000000
354;-92.0000000000;50.0000000000;0.00000000000
355;-92.6666666667;50.0000000000;0.00000000000
356;-93.3333333333;50.0000000000;0.00000000000
357;-94.0000000000;50.0000000000;0.00000000000
358;-94.6666666667;50.0000000000;0.00000000000
359;-95.3333333333;50.0000000000;0.00000000000
360;-96.0000000000;50.0000000000;0.00000000000
;;;
NODE;X;Y;Z
361;-96.6666666667;50.0000000000;0.00000000000
362;-97.3333333333;50.0000000000;0.00000000000
363;-98.0000000000;50.0000000000;0.00000000000
364;-98.6666666667;50.0000000000;0.00000000000
365;-99.3333333333;50.0000000000;0.00000000000
366;-100.000000000;49.3421052632;0.00000000000
367;-100.000000000;48.6842105263;0.00000000000
368;-100.000000000;48.0263157895;0.00000000000
369;-100.000000000;47.3684210526;0.00000000000
370;-100.000000000;46.7105263158;0.00000000000
371;-100.000000000;46.0526315789;0.00000000000
372;-100.000000000;45.3947368421;0.00000000000
373;-100.000000000;44.7368421053;0.00000000000
374;-100.000000000;44.0789473684;0.00000000000
375;-100.000000000;43.4210526316;0.00000000000
376;-100.000000000;42.7631578947;0.00000000000
377;-100.000000000;42.1052631579;0.00000000000
378;-100.000000000;41.4473684211;0.00000000000
379;-100.000000000;40.7894736842;0.00000000000
380;-100.000000000;40.1315789474;0.00000000000
;;;
NODE;X;Y;Z
381;-100.000000000;39.4736842105;0.00000000000
382;-100.000000000;38.8157894737;0.00000000000
383;-100.000000000;38.1578947368;0.00000000000
384;-100.000000000;37.5000000000;0.00000000000
385;-100.000000000;36.8421052632;0.00000000000
386;-100.000000000;36.1842105263;0.00000000000
387;-100.000000000;35.5263157895;0.00000000000
388;-100.000000000;34.8684210526;0.00000000000
389;-100.000000000;34.2105263158;0.00000000000
390;-100.000000000;33.5526315789;0.00000000000
391;-100.000000000;32.8947368421;0.00000000000
392;-100.000000000;32.2368421053;0.00000000000
393;-100.000000000;31.5789473684;0.00000000000
394;-100.000000000;30.9210526316;0.00000000000
395;-100.000000000;30.2631578947;0.00000000000
396;-100.000000000;29.6052631579;0.00000000000
397;-100.000000000;28.9473684211;0.00000000000
398;-100.000000000;28.2894736842;0.00000000000
399;-100.000000000;27.6315789474;0.00000000000
400;-100.000000000;26.9736842105;0.00000000000
;;;
NODE;X;Y;Z
401;-100.000000000;26.3157894737;0.00000000000
402;-100.000000000;25.6578947368;0.00000000000
403;-100.000000000;25.0000000000;0.00000000000
404;-100.000000000;24.3421052632;0.00000000000
405;-100.000000000;23.6842105263;0.00000000000
406;-100.000000000;23.0263157895;0.00000000000
407;-100.000000000;22.3684210526;0.00000000000
408;-100.000000000;21.7105263158;0.00000000000
409;-100.000000000;21.0526315789;0.00000000000
410;-100.000000000;20.3947368421;0.00000000000
411;-100.000000000;19.7368421053;0.00000000000
412;-100.000000000;19.0789473684;0.00000000000
413;-100.000000000;18.4210526316;0.00000000000
414;-100.000000000;17.7631578947;0.00000000000
415;-100.000000000;17.1052631579;0.00000000000
416;-100.000000000;16.4473684211;0.00000000000
417;-100.000000000;15.7894736842;0.00000000000
418;-100.000000000;15.1315789474;0.00000000000
419;-100.000000000;14.4736842105;0.00000000000
420;-100.000000000;13.8157894737;0.00000000000
;;;
NODE;X;Y;Z
421;-100.000000000;13.1578947368;0.00000000000
422;-100.000000000;12.5000000000;0.00000000000
423;-100.000000000;11.8421052632;0.00000000000
424;-100.000000000;11.1842105263;0.00000000000
425;-100.000000000;10.5263157895;0.00000000000
426;-100.000000000;9.86842105263;0.00000000000
427;-100.000000000;9.21052631579;0.00000000000
428;-100.000000000;8.55263157895;0.00000000000
429;-100.000000000;7.89473684210;0.00000000000
430;-100.000000000;7.23684210526;0.00000000000
431;-100.000000000;6.57894736842;0.00000000000
432;-100.000000000;5.92105263158;0.00000000000
433;-100.000000000;5.26315789474;0.00000000000
434;-100.000000000;4.60526315790;0.00000000000
435;-100.000000000;3.94736842105;0.00000000000
436;-100.000000000;3.28947368421;0.00000000000
437;-100.000000000;2.63157894737;0.00000000000
438;-100.000000000;1.97368421053;0.00000000000
439;-100.000000000;1.31578947368;0.00000000000
440;-100.000000000;0.657894736842;0.00000000000
;;;
NODE;X;Y;Z
441;-89.0093747597;33.6850657791;0.00000000000
442;-88.3271107467;32.8895435507;0.00000000000
443;-40.2485435006;17.1289964755;0.00000000000
444;-40.7357332863;16.4551928092;0.00000000000
445;-40.8471859294;17.4464270240;0.00000000000
446;-41.3802562093;17.0989885391;0.00000000000
447;-41.3629292701;18.1028877495;0.00000000000
448;-40.5536968211;18.1463712586;0.00000000000
449;-46.9623082579;23.8349344910;0.00000000000
450;-52.4030340306;22.0793169127;0.00000000000
451;-75.3594747021;22.0520564090;0.00000000000
452;-38.6525941094;23.4428308432;0.00000000000
453;-38.5523801254;25.2322145187;0.00000000000
454;-76.2074327315;19.7062648195;0.00000000000
455;-75.2774200396;19.3548832302;0.00000000000
456;-43.9915476204;18.9912771567;0.00000000000
457;-45.2696710123;18.7136268005;0.00000000000
458;-54.7278164916;17.0040088834;0.00000000000
459;-25.9084953918;32.7977960233;0.00000000000
460;-42.3685999879;34.1057112748;0.00000000000
;;;
NODE;X;Y;Z
461;-82.9146966124;28.5689740867;0.00000000000
462;-81.9262370769;27.8440913207;0.00000000000
463;-83.4551894685;27.4627183301;0.00000000000
464;-82.7676621104;27.1764217543;0.00000000000
465;-84.1962240550;27.7987309957;0.00000000000
466;-84.9513063952;28.0660220469;0.00000000000
467;-24.9763036656;35.4174801313;0.00000000000
468;-23.6866847272;35.7239281242;0.00000000000
469;-14.1081216185;28.8929461657;0.00000000000
470;-15.2128161288;28.7651846603;0.00000000000
471;-14.2567466352;29.9119917626;0.00000000000
472;-15.2424055474;29.7827800693;0.00000000000
473;-12.6239171779;30.5381650591;0.00000000000
474;-13.3427499608;30.2731591245;0.00000000000
475;-86.4801033779;21.6927089643;0.00000000000
476;-86.3287768778;22.7212438979;0.00000000000
477;-30.2808909985;14.1067869025;0.00000000000
478;-31.1541118997;13.9625012425;0.00000000000
479;-12.3780450889;26.7336176336;0.00000000000
480;-12.4860385943;27.3686093002;0.00000000000
;;;
NODE;X;Y;Z
481;-11.5621554964;27.3697733206;0.00000000000
482;-12.0365906444;28.0029451168;0.00000000000
483;-11.2930312029;26.7735028800;0.00000000000
484;-7.65090240049;22.9065451247;0.00000000000
485;-7.05822423714;23.8095453789;0.00000000000
486;-71.1958566935;20.4725693088;0.00000000000
487;-72.1362600045;20.4907627694;0.00000000000
488;-71.8345006499;19.8021346346;0.00000000000
489;-52.7413815915;20.3729218243;0.00000000000
490;-52.1016194304;19.9439158709;0.00000000000
491;-52.1310131416;20.6335824597;0.00000000000
492;-81.5253140478;15.8203702091;0.00000000000
493;-80.7335173518;16.4300147426;0.00000000000
494;-81.5633972885;16.6962788334;0.00000000000
495;-87.2064890666;28.6674204203;0.00000000000
496;-87.0059296471;29.5103247768;0.00000000000
497;-87.7886784298;29.2442644430;0.00000000000
498;-83.9109711304;26.4269027578;0.00000000000
499;-84.6842726070;26.7224256452;0.00000000000
500;-11.3010816022;38.5100884634;0.00000000000
;;;
NODE;X;Y;Z
501;-12.3532033236;38.1779219670;0.00000000000
502;-12.0532303091;39.0550550665;0.00000000000
503;-17.7545138411;34.9616600687;0.00000000000
504;-18.8494673687;34.3947462971;0.00000000000
505;-72.0433573075;23.5159124603;0.00000000000
506;-72.3227651528;22.5632075567;0.00000000000
507;-75.6942985371;28.4282597068;0.00000000000
508;-78.4958834033;27.4146621261;0.00000000000
509;-12.5823075320;37.0799499006;0.00000000000
510;-83.3752265654;24.3318586245;0.00000000000
511;-20.3151077855;33.0605702136;0.00000000000
512;-14.3719362574;32.5098748020;0.00000000000
513;-15.1546076471;32.5613083056;0.00000000000
514;-14.1195531573;33.2709379654;0.00000000000
515;-14.8243843696;33.4225928262;0.00000000000
516;-86.1964452830;27.3530112365;0.00000000000
517;-85.7648595709;28.2554922585;0.00000000000
518;-87.9118232470;36.5959122906;0.00000000000
519;-87.7983960527;35.2958950308;0.00000000000
520;-74.3951786899;21.7122323953;0.00000000000
;;;
NODE;X;Y;Z
521;-74.3936233582;22.5690242502;0.00000000000
522;-75.2890528208;21.1568878152;0.00000000000
523;-13.5871330019;30.9610122755;0.00000000000
524;-14.3746616505;30.8402761877;0.00000000000
525;-11.7179890777;25.6844158877;0.00000000000
526;-12.4505014836;25.0199277199;0.00000000000
527;-11.5783276283;24.8665126232;0.00000000000
528;-0.713098609398;21.2898011446;0.00000000000
529;-0.740324023104;22.6042735171;0.00000000000
530;-0.755806001589;23.9152905130;0.00000000000
531;-0.752144289836;25.2239224789;0.00000000000
532;-0.736399492677;26.5410644732;0.00000000000
533;-0.714380308355;27.8537986423;0.00000000000
534;-0.696862653706;29.1637208192;0.00000000000
535;-0.693409860513;30.4797394119;0.00000000000
536;-0.683479592153;31.7846077345;0.00000000000
537;-0.678820431897;33.0883998515;0.00000000000
538;-0.677866543350;34.3916091261;0.00000000000
539;-0.679156307432;35.6947971450;0.00000000000
540;-0.681500334861;36.9981076553;0.00000000000
;;;
NODE;X;Y;Z
541;-0.684395182688;38.3023012713;0.00000000000
542;-0.686772155239;39.6039821325;0.00000000000
543;-0.676430797385;40.9029786808;0.00000000000
544;-0.682168745983;42.2057574359;0.00000000000
545;-0.674905242116;43.5008568548;0.00000000000
546;-0.675921685823;44.7934731913;0.00000000000
547;-0.692308357995;47.3729298692;0.00000000000
548;-0.671893700276;48.6903223836;0.00000000000
549;-22.6372985131;0.729474986311;0.00000000000
550;-23.9661139616;0.751956511234;0.00000000000
551;-25.2876375029;0.761581639075;0.00000000000
552;-26.6168812672;0.740670375880;0.00000000000
553;-27.9500321575;0.720932468533;0.00000000000
554;-29.2879762991;0.702840529854;0.00000000000
555;-30.6279264669;0.699156390404;0.00000000000
556;-31.9676187041;0.689236456511;0.00000000000
557;-33.3011160441;0.689148981319;0.00000000000
558;-34.6345210049;0.689138730302;0.00000000000
559;-35.9678709635;0.689139626951;0.00000000000
560;-37.3012031938;0.689140426394;0.00000000000
;;;
NODE;X;Y;Z
561;-38.6345354220;0.689141231249;0.00000000000
562;-39.9678676494;0.689142043172;0.00000000000
563;-41.3011998773;0.689142861230;0.00000000000
564;-42.6345321057;0.689143682656;0.00000000000
565;-43.9678643348;0.689144503602;0.00000000000
566;-45.3011965634;0.689145318861;0.00000000000
567;-46.6345287884;0.689146122041;0.00000000000
568;-47.9678610042;0.689146906957;0.00000000000
569;-49.3011932027;0.689147670584;0.00000000000
570;-50.6345253746;0.689148417650;0.00000000000
571;-51.9678575120;0.689149166858;0.00000000000
572;-53.3011896137;0.689149956888;0.00000000000
573;-54.6345216934;0.689150849856;0.00000000000
574;-55.9678537893;0.689151928550;0.00000000000
575;-57.3011859733;0.689153281972;0.00000000000
576;-58.6345183542;0.689154973070;0.00000000000
577;-59.9678510685;0.689156984112;0.00000000000
578;-61.3011842504;0.689159137252;0.00000000000
579;-62.6345179689;0.689160995433;0.00000000000
580;-63.9678521219;0.689161767020;0.00000000000
;;;
NODE;X;Y;Z
581;-65.3011862913;0.689160261853;0.00000000000
582;-66.6345195779;0.689154974876;0.00000000000
583;-67.9678504643;0.689144401758;0.00000000000
584;-69.3011768012;0.689127706718;0.00000000000
585;-70.6344960661;0.689105836650;0.00000000000
586;-71.9678060760;0.689083079888;0.00000000000
587;-73.3011063565;0.689068870760;0.00000000000
588;-74.6344002999;0.689079310508;0.00000000000
589;-75.9676980564;0.689137413501;0.00000000000
590;-77.3010197570;0.689270564323;0.00000000000
591;-78.6343981401;0.689503256579;0.00000000000
592;-79.9678790275;0.689843193061;0.00000000000
593;-81.3015175709;0.690259690949;0.00000000000
594;-82.6353681777;0.690655450977;0.00000000000
595;-83.9694672068;0.690836347975;0.00000000000
596;-85.3038108403;0.690490119392;0.00000000000
597;-86.6318954052;0.688655424128;0.00000000000
598;-87.9640735358;0.683673194232;0.00000000000
599;-89.2973475889;0.676062196085;0.00000000000
600;-90.6302386800;0.665344696671;0.00000000000
;;;
NODE;X;Y;Z
601;-91.9630244564;0.654262011829;0.00000000000
602;-93.2960573468;0.656132967538;0.00000000000
603;-94.6397733621;0.648555131926;0.00000000000
604;-95.9807780814;0.659899495037;0.00000000000
605;-97.3149688422;0.669670660930;0.00000000000
606;-98.6581657062;0.663774165945;0.00000000000
607;-20.4785708916;2.67145140224;0.00000000000
608;-20.2721248711;4.03892663721;0.00000000000
609;-19.9757119714;5.37860734335;0.00000000000
610;-19.6010461137;6.67638449143;0.00000000000
611;-19.1309892134;7.95397645336;0.00000000000
612;-18.5731514310;9.18679497883;0.00000000000
613;-17.9480987621;10.3723357597;0.00000000000
614;-17.2233552409;11.5160694554;0.00000000000
615;-16.4309517598;12.6236423200;0.00000000000
616;-15.5585487826;13.6703088057;0.00000000000
617;-14.6251611286;14.6505588671;0.00000000000
618;-13.6394083672;15.5774431960;0.00000000000
619;-12.5942472027;16.4285673839;0.00000000000
620;-11.4930738010;17.2155414004;0.00000000000
;;;
NODE;X;Y;Z
621;-10.3282814392;17.9369146151;0.00000000000
622;-9.11981503953;18.5931156406;0.00000000000
623;-7.86721806555;19.1573200546;0.00000000000
624;-6.61589239497;19.6188055725;0.00000000000
625;-5.34956532626;20.0033093612;0.00000000000
626;-4.04259380920;20.2958039897;0.00000000000
627;-2.70828722720;20.4985158366;0.00000000000
628;-99.3207120918;2.63519330197;0.00000000000
629;-99.3176877729;3.94257542150;0.00000000000
630;-99.3154591332;5.24888906908;0.00000000000
631;-99.3102446881;6.55174587625;0.00000000000
632;-99.3197215224;7.87158310491;0.00000000000
633;-99.3183734497;9.17928560508;0.00000000000
634;-99.3178807585;10.4938319399;0.00000000000
635;-99.3183537880;11.8099999322;0.00000000000
636;-99.3187365029;13.1259307170;0.00000000000
637;-99.3189607056;14.4418406431;0.00000000000
638;-99.3190430986;15.7576887366;0.00000000000
639;-99.3190521743;17.0735567796;0.00000000000
640;-99.3190528000;18.3893627955;0.00000000000
;;;
NODE;X;Y;Z
641;-99.3190545703;19.7051530270;0.00000000000
642;-99.3190580728;21.0209426638;0.00000000000
643;-99.3190642026;22.3367308407;0.00000000000
644;-99.3190740098;23.6525161095;0.00000000000
645;-99.3190885066;24.9682962316;0.00000000000
646;-99.3191082163;26.2840680114;0.00000000000
647;-99.3191322690;27.5998273149;0.00000000000
648;-99.3191567630;28.9155695529;0.00000000000
649;-99.3191720534;30.2312911241;0.00000000000
650;-99.3191586836;31.5469926257;0.00000000000
651;-99.3190820233;32.8626850266;0.00000000000
652;-99.3188864731;34.1784004033;0.00000000000
653;-99.3184912500;35.4942090936;0.00000000000
654;-99.3177899916;36.8102448115;0.00000000000
655;-99.3166524921;38.1267372013;0.00000000000
656;-99.3195092366;39.4421376289;0.00000000000
657;-99.3218013404;40.7573326137;0.00000000000
658;-99.3257925115;42.0734957915;0.00000000000
659;-99.3290702552;43.3917013304;0.00000000000
660;-99.3314899129;44.7127457441;0.00000000000
;;;
NODE;X;Y;Z
661;-99.3290928345;46.0358297505;0.00000000000
662;-99.3259877461;47.3569063445;0.00000000000
663;-99.3248580699;48.6764969991;0.00000000000
664;-97.3243713107;49.3312432332;0.00000000000
665;-95.9952731215;49.3265463329;0.00000000000
666;-94.6681577641;49.3250300822;0.00000000000
667;-93.3401930950;49.3275132671;0.00000000000
668;-92.0068162541;49.3265988311;0.00000000000
669;-90.6762783493;49.3267358595;0.00000000000
670;-89.3449216563;49.3239666909;0.00000000000
671;-88.0006275055;49.3350036245;0.00000000000
672;-86.6672941722;49.3350036245;0.00000000000
673;-85.3339608389;49.3350036245;0.00000000000
674;-84.0006275055;49.3350036245;0.00000000000
675;-82.6672941722;49.3350036245;0.00000000000
676;-81.3339608389;49.3350036245;0.00000000000
677;-80.0006275055;49.3350036245;0.00000000000
678;-78.6672941722;49.3350036245;0.00000000000
679;-77.3339608389;49.3350036245;0.00000000000
680;-76.0006275055;49.3350036245;0.00000000000
;;;
NODE;X;Y;Z
681;-74.6672941722;49.3350036245;0.00000000000
682;-73.3339608389;49.3350036245;0.00000000000
683;-72.0006275055;49.3350036245;0.00000000000
684;-70.6672941722;49.3350036245;0.00000000000
685;-69.3339608389;49.3350036245;0.00000000000
686;-68.0006275055;49.3350036245;0.00000000000
687;-66.6672941722;49.3350036245;0.00000000000
688;-65.3339608389;49.3350036245;0.00000000000
689;-64.0006275055;49.3350036245;0.00000000000
690;-62.6672941722;49.3350036245;0.00000000000
691;-61.3339608388;49.3350036245;0.00000000000
692;-60.0006275055;49.3350036245;0.00000000000
693;-58.6672941722;49.3350036245;0.00000000000
694;-57.3339608388;49.3350036246;0.00000000000
695;-56.0006275055;49.3350036246;0.00000000000
696;-54.6672941723;49.3350036246;0.00000000000
697;-53.3339608390;49.3350036246;0.00000000000
698;-52.0006275059;49.3350036246;0.00000000000
699;-50.6672941730;49.3350036245;0.00000000000
700;-49.3339608403;49.3350036241;0.00000000000
;;;
NODE;X;Y;Z
701;-48.0006275079;49.3350036233;0.00000000000
702;-46.6672941759;49.3350036217;0.00000000000
703;-45.3339608441;49.3350036189;0.00000000000
704;-44.0006275121;49.3350036142;0.00000000000
705;-42.6672941787;49.3350036071;0.00000000000
706;-41.3339608415;49.3350035973;0.00000000000
707;-40.0006274961;49.3350035854;0.00000000000
708;-38.6672941345;49.3350035743;0.00000000000
709;-37.3339607441;49.3350035720;0.00000000000
710;-36.0006273062;49.3350035949;0.00000000000
711;-34.6672937951;49.3350036746;0.00000000000
712;-33.3339601813;49.3350038667;0.00000000000
713;-32.0006264406;49.3350042611;0.00000000000
714;-30.6672925762;49.3350049935;0.00000000000
715;-29.3339586665;49.3350062485;0.00000000000
716;-28.0006249517;49.3350082430;0.00000000000
717;-26.6672919858;49.3350111609;0.00000000000
718;-25.3339608786;49.3350149909;0.00000000000
719;-24.0006336583;49.3350191874;0.00000000000
720;-22.6673137647;49.3350220299;0.00000000000
;;;
NODE;X;Y;Z
721;-21.3340066442;49.3350195053;0.00000000000
722;-20.0007203247;49.3350034829;0.00000000000
723;-18.6674656890;49.3349589468;0.00000000000
724;-17.3480142588;49.3136548740;0.00000000000
725;-16.0145251845;49.3118379192;0.00000000000
726;-14.6810350634;49.3115996830;0.00000000000
727;-13.3457687481;49.3131834207;0.00000000000
728;-12.0160637693;49.3157456928;0.00000000000
729;-10.6845332012;49.3204480946;0.00000000000
730;-9.35241783901;49.3280872629;0.00000000000
731;-8.01975017486;49.3366673530;0.00000000000
732;-6.68169772368;49.3456087377;0.00000000000
733;-5.34933104378;49.3526634754;0.00000000000
734;-4.01227609865;49.3487803111;0.00000000000
735;-2.67700465143;49.3441064374;0.00000000000
736;-1.36712990200;20.6162164639;0.00000000000
737;-1.45342263250;21.9375529226;0.00000000000
738;-1.49613002469;23.2586944649;0.00000000000
739;-1.50795029143;24.5739956006;0.00000000000
740;-1.48854378251;25.8954217348;0.00000000000
;;;
NODE;X;Y;Z
741;-1.45077980103;27.2209500721;0.00000000000
742;-1.41124296206;28.5392585920;0.00000000000
743;-1.39027251422;29.8608515354;0.00000000000
744;-1.37688945267;31.1773906246;0.00000000000
745;-1.36230002405;32.4817032381;0.00000000000
746;-1.35668697525;33.7843568036;0.00000000000
747;-1.35702285078;35.0864062710;0.00000000000
748;-1.36065664229;36.3885569742;0.00000000000
749;-1.36589551755;37.6917132745;0.00000000000
750;-1.37116733793;38.9932399255;0.00000000000
751;-1.36320295262;40.2895695090;0.00000000000
752;-1.35859954337;41.5869969862;0.00000000000
753;-1.35707398810;42.8805273342;0.00000000000
754;-1.35082692794;44.1638952636;0.00000000000
755;-1.36420205827;48.0197739919;0.00000000000
756;-1.33856036694;49.3424962967;0.00000000000
757;-23.2700791414;1.48143149754;0.00000000000
758;-24.5870847979;1.51353815031;0.00000000000
759;-25.9045187701;1.50225201496;0.00000000000
760;-27.2335800914;1.46160284441;0.00000000000
;;;
NODE;X;Y;Z
761;-28.5713417899;1.42377299839;0.00000000000
762;-29.9159027660;1.40199692026;0.00000000000
763;-31.2622118377;1.38839284691;0.00000000000
764;-32.6020680816;1.37838543783;0.00000000000
765;-33.9356370490;1.37828771162;0.00000000000
766;-35.2690586351;1.37827835725;0.00000000000
767;-36.6024074906;1.37828005334;0.00000000000
768;-37.9357386158;1.37828165764;0.00000000000
769;-39.2690697381;1.37828327442;0.00000000000
770;-40.6024008601;1.37828490440;0.00000000000
771;-41.9357319830;1.37828654389;0.00000000000
772;-43.2690631072;1.37828818626;0.00000000000
773;-44.6023942315;1.37828982246;0.00000000000
774;-45.9357253518;1.37829144090;0.00000000000
775;-47.2690564592;1.37829302900;0.00000000000
776;-48.6023875402;1.37829457754;0.00000000000
777;-49.9357185773;1.37829608823;0.00000000000
778;-51.2690495532;1.37829758451;0.00000000000
779;-52.6023804590;1.37829912375;0.00000000000
780;-53.9357113071;1.37830080674;0.00000000000
;;;
NODE;X;Y;Z
781;-55.2690421493;1.37830277841;0.00000000000
782;-56.6023730959;1.37830521052;0.00000000000
783;-57.9357043275;1.37830825504;0.00000000000
784;-59.2690360894;1.37831195718;0.00000000000
785;-60.6023686523;1.37831612136;0.00000000000
786;-61.9357022194;1.37832013269;0.00000000000
787;-63.2690367575;1.37832276245;0.00000000000
788;-64.6023717464;1.37832202887;0.00000000000
789;-65.9357058691;1.37831523673;0.00000000000
790;-67.2690367088;1.37829937663;0.00000000000
791;-68.6023605988;1.37827210848;0.00000000000
792;-69.9356728673;1.37823354337;0.00000000000
793;-71.2689688087;1.37818891654;0.00000000000
794;-72.6022457659;1.37815195065;0.00000000000
795;-73.9355066564;1.37814818127;0.00000000000
796;-75.2687650229;1.37821672401;0.00000000000
797;-76.6020511467;1.37840797782;0.00000000000
798;-77.9354178971;1.37877382090;0.00000000000
799;-79.2689438343;1.37934644964;0.00000000000
800;-80.6027299318;1.38010288401;0.00000000000
;;;
NODE;X;Y;Z
801;-81.9368857486;1.38091514193;0.00000000000
802;-83.2715020511;1.38149179895;0.00000000000
803;-84.6066113804;1.38132646737;0.00000000000
804;-85.9357062455;1.37914554352;0.00000000000
805;-87.2626356076;1.37232861836;0.00000000000
806;-88.5947544580;1.35973539032;0.00000000000
807;-89.9275862688;1.34140689276;0.00000000000
808;-91.2599298030;1.31960670850;0.00000000000
809;-92.5924151366;1.31039497937;0.00000000000
810;-93.9358307090;1.30468809946;0.00000000000
811;-95.2872181102;1.30845462696;0.00000000000
812;-96.6290802569;1.32957015597;0.00000000000
813;-97.9731345483;1.33344482688;0.00000000000
814;-99.3248323728;1.32166890279;0.00000000000
815;-21.0283943469;3.45421288493;0.00000000000
816;-20.7807257785;4.87844029679;0.00000000000
817;-20.4481985309;6.25240671863;0.00000000000
818;-20.0239387111;7.58913195709;0.00000000000
819;-19.4966179084;8.89105019656;0.00000000000
820;-18.8922687448;10.1362438273;0.00000000000
;;;
NODE;X;Y;Z
821;-18.1965038478;11.3327028757;0.00000000000
822;-17.4060774806;12.4963951469;0.00000000000
823;-16.5375690697;13.6128786785;0.00000000000
824;-15.5942440292;14.6563417049;0.00000000000
825;-14.6000435381;15.6385361716;0.00000000000
826;-13.5525831340;16.5540790979;0.00000000000
827;-12.4440043867;17.3958792559;0.00000000000
828;-11.2656529120;18.1775058534;0.00000000000
829;-10.0252095792;18.9010488011;0.00000000000
830;-8.73731188029;19.5429129542;0.00000000000
831;-7.44188148278;20.0680290074;0.00000000000
832;-6.16287261536;20.4935553763;0.00000000000
833;-4.85306546222;20.8320022844;0.00000000000
834;-3.49471589256;21.0720184088;0.00000000000
835;-98.6455444646;1.98317799423;0.00000000000
836;-98.6383998646;3.28829503926;0.00000000000
837;-98.6331469060;4.58620133269;0.00000000000
838;-98.6257038213;5.87958231375;0.00000000000
839;-98.6299662105;7.18648687590;0.00000000000
840;-98.6380949721;8.49823713104;0.00000000000
;;;
NODE;X;Y;Z
841;-98.6362542082;9.80469649238;0.00000000000
842;-98.6362345465;11.1196213458;0.00000000000
843;-98.6370902909;12.4359306492;0.00000000000
844;-98.6376972085;13.7519818864;0.00000000000
845;-98.6380038042;15.0679504323;0.00000000000
846;-98.6380952729;16.3838770952;0.00000000000
847;-98.6381049743;17.6997616804;0.00000000000
848;-98.6381073703;19.0155684540;0.00000000000
849;-98.6381126432;20.3313588487;0.00000000000
850;-98.6381222755;21.6471471887;0.00000000000
851;-98.6381382124;22.9629311607;0.00000000000
852;-98.6381625164;24.2787070779;0.00000000000
853;-98.6381967228;25.5944695061;0.00000000000
854;-98.6382404852;26.9102111157;0.00000000000
855;-98.6382890320;28.2259231836;0.00000000000
856;-98.6383288164;29.5415975191;0.00000000000
857;-98.6383307370;30.8572311182;0.00000000000
858;-98.6382407069;32.1728355471;0.00000000000
859;-98.6379684964;33.4884538510;0.00000000000
860;-98.6373777231;34.8041884443;0.00000000000
;;;
NODE;X;Y;Z
861;-98.6362812415;36.1202433788;0.00000000000
862;-98.6344424837;37.4369820128;0.00000000000
863;-98.6361617287;38.7530853565;0.00000000000
864;-98.6413105770;40.0678912952;0.00000000000
865;-98.6475938520;41.3834599842;0.00000000000
866;-98.6548627667;42.7020392272;0.00000000000
867;-98.6605601681;44.0254997061;0.00000000000
868;-98.6605827474;45.3538386525;0.00000000000
869;-98.6550805805;46.6822097793;0.00000000000
870;-98.6508458160;48.0070875542;0.00000000000
871;-98.6581914033;49.3343917359;0.00000000000
872;-96.6529777656;48.6577895662;0.00000000000
873;-95.3300975523;48.6515764151;0.00000000000
874;-94.0083508591;48.6525433493;0.00000000000
875;-92.6803426824;48.6541120983;0.00000000000
876;-91.3497612701;48.6533346906;0.00000000000
877;-90.0212000057;48.6507025504;0.00000000000
878;-88.6788824952;48.6589703154;0.00000000000
879;-87.3345883444;48.6700072490;0.00000000000
880;-86.0012550110;48.6700072490;0.00000000000
;;;
NODE;X;Y;Z
881;-84.6679216777;48.6700072490;0.00000000000
882;-83.3345883444;48.6700072490;0.00000000000
883;-82.0012550110;48.6700072490;0.00000000000
884;-80.6679216777;48.6700072490;0.00000000000
885;-79.3345883444;48.6700072490;0.00000000000
886;-78.0012550110;48.6700072490;0.00000000000
887;-76.6679216777;48.6700072490;0.00000000000
888;-75.3345883444;48.6700072490;0.00000000000
889;-74.0012550110;48.6700072490;0.00000000000
890;-72.6679216777;48.6700072490;0.00000000000
891;-71.3345883444;48.6700072490;0.00000000000
892;-70.0012550110;48.6700072490;0.00000000000
893;-68.6679216777;48.6700072490;0.00000000000
894;-67.3345883444;48.6700072490;0.00000000000
895;-66.0012550110;48.6700072490;0.00000000000
896;-64.6679216777;48.6700072490;0.00000000000
897;-63.3345883444;48.6700072490;0.00000000000
898;-62.0012550110;48.6700072490;0.00000000000
899;-60.6679216777;48.6700072490;0.00000000000
900;-59.3345883443;48.6700072491;0.00000000000
;;;
NODE;X;Y;Z
901;-58.0012550110;48.6700072491;0.00000000000
902;-56.6679216777;48.6700072492;0.00000000000
903;-55.3345883444;48.6700072492;0.00000000000
904;-54.0012550113;48.6700072493;0.00000000000
905;-52.6679216783;48.6700072493;0.00000000000
906;-51.3345883456;48.6700072491;0.00000000000
907;-50.0012550133;48.6700072486;0.00000000000
908;-48.6679216815;48.6700072474;0.00000000000
909;-47.3345883505;48.6700072450;0.00000000000
910;-46.0012550200;48.6700072405;0.00000000000
911;-44.6679216895;48.6700072331;0.00000000000
912;-43.3345883575;48.6700072213;0.00000000000
913;-42.0012550202;48.6700072044;0.00000000000
914;-40.6679216709;48.6700071826;0.00000000000
915;-39.3345882972;48.6700071597;0.00000000000
916;-38.0012548786;48.6700071464;0.00000000000
917;-36.6679213836;48.6700071669;0.00000000000
918;-35.3345877679;48.6700072696;0.00000000000
919;-34.0012539764;48.6700075413;0.00000000000
920;-32.6679199552;48.6700081278;0.00000000000
;;;
NODE;X;Y;Z
921;-31.3345856834;48.6700092546;0.00000000000
922;-30.0012512427;48.6700112420;0.00000000000
923;-28.6679169515;48.6700144914;0.00000000000
924;-27.3345836041;48.6700194038;0.00000000000
925;-26.0012528644;48.6700261517;0.00000000000
926;-24.6679278703;48.6700341782;0.00000000000
927;-23.3346140897;48.6700412172;0.00000000000
928;-22.0013204089;48.6700415351;0.00000000000
929;-20.6680603022;48.6700229882;0.00000000000
930;-19.3348526803;48.6699624297;0.00000000000
931;-18.0154799478;48.6486138208;0.00000000000
932;-16.6958727766;48.6254927932;0.00000000000
933;-15.3622269145;48.6234376023;0.00000000000
934;-14.0268038114;48.6247831038;0.00000000000
935;-12.6951658507;48.6289291135;0.00000000000
936;-11.3672636372;48.6361937874;0.00000000000
937;-10.0369510402;48.6485353575;0.00000000000
938;-8.70550134721;48.6647546159;0.00000000000
939;-7.36811456521;48.6822760907;0.00000000000
940;-6.03102876745;48.6982722131;0.00000000000
;;;
NODE;X;Y;Z
941;-4.69494047576;48.7014437865;0.00000000000
942;-3.35594741675;48.6928867485;0.00000000000
943;-2.01556501838;48.6866027341;0.00000000000
944;-2.22116386851;22.5662587368;0.00000000000
945;-2.26899773463;23.9009137015;0.00000000000
946;-2.25438832237;25.2303067354;0.00000000000
947;-2.19927919631;26.5691447661;0.00000000000
948;-2.13429437774;27.9128298142;0.00000000000
949;-2.07842840672;29.2358284396;0.00000000000
950;-2.05532343218;30.5702642942;0.00000000000
951;-2.04863288634;31.8918482940;0.00000000000
952;-2.03608097051;33.1901640922;0.00000000000
953;-2.03401939384;34.4876273225;0.00000000000
954;-2.03806374154;35.7859795689;0.00000000000
955;-2.04509241694;37.0863807630;0.00000000000
956;-2.03006398634;38.3803777644;0.00000000000
957;-2.03759692345;39.6770998946;0.00000000000
958;-2.03228520931;40.9626565608;0.00000000000
959;-2.04353801355;42.2555186783;0.00000000000
960;-2.03604654645;43.5383323851;0.00000000000
;;;
NODE;X;Y;Z
961;-2.03268340991;44.8126484257;0.00000000000
962;-2.02013249164;47.3640059059;0.00000000000
963;-22.5576688902;2.18653381753;0.00000000000
964;-23.8833678941;2.29677058449;0.00000000000
965;-25.1961396759;2.31105064087;0.00000000000
966;-26.5196706319;2.23844229104;0.00000000000
967;-27.8601279027;2.15284765094;0.00000000000
968;-29.2045890455;2.10311014637;0.00000000000
969;-30.5538166285;2.08210497881;0.00000000000
970;-31.8953994306;2.06963600424;0.00000000000
971;-33.2213559069;2.07323453228;0.00000000000
972;-34.5544616449;2.07332648560;0.00000000000
973;-35.8877037777;2.07335921622;0.00000000000
974;-37.2210093011;2.07337238865;0.00000000000
975;-38.5543250843;2.07338371757;0.00000000000
976;-39.8876498153;2.07338984644;0.00000000000
977;-41.2209772821;2.07339494576;0.00000000000
978;-42.5543055228;2.07339966106;0.00000000000
979;-43.8876339693;2.07340419350;0.00000000000
980;-45.2209624325;2.07340859867;0.00000000000
;;;
NODE;X;Y;Z
981;-46.5542908325;2.07341288624;0.00000000000
982;-47.8876191291;2.07341708209;0.00000000000
983;-49.2209472927;2.07342127517;0.00000000000
984;-50.5542753216;2.07342564494;0.00000000000
985;-51.8876032703;2.07343048484;0.00000000000
986;-53.2209312849;2.07343619953;0.00000000000
987;-54.5542596382;2.07344325546;0.00000000000
988;-55.8875887507;2.07345205520;0.00000000000
989;-57.2209191665;2.07346270500;0.00000000000
990;-58.5542514536;2.07347466922;0.00000000000
991;-59.8875859905;2.07348633269;0.00000000000
992;-61.2209226151;2.07349454466;0.00000000000
993;-62.5542601254;2.07349431900;0.00000000000
994;-63.8875957004;2.07347896145;0.00000000000
995;-65.2209243821;2.07344100385;0.00000000000
996;-66.5542388788;2.07337438075;0.00000000000
997;-67.8875300903;2.07327820055;0.00000000000
998;-69.2207888610;2.07316220242;0.00000000000
999;-70.5540094854;2.07305341523;0.00000000000
1000;-71.8871953190;2.07300259276;0.00000000000
;;;
NODE;X;Y;Z
1001;-73.2203664154;2.07308774879;0.00000000000
1002;-74.5535683253;2.07341072451;0.00000000000
1003;-75.8868800467;2.07408164285;0.00000000000
1004;-77.2204177569;2.07518613446;0.00000000000
1005;-78.5543296873;2.07673236942;0.00000000000
1006;-79.8887768597;2.07858040209;0.00000000000
1007;-81.2238954684;2.08036581193;0.00000000000
1008;-82.5597411114;2.08144219490;0.00000000000
1009;-83.8962247445;2.08087916802;0.00000000000
1010;-85.2324937972;2.07818347646;0.00000000000
1011;-86.5643499573;2.06464835868;0.00000000000
1012;-87.8983348439;2.05076125336;0.00000000000
1013;-89.2336733099;2.02619108661;0.00000000000
1014;-90.5671799198;1.99808921875;0.00000000000
1015;-91.8985566419;1.96226662435;0.00000000000
1016;-93.2387826080;1.95199072671;0.00000000000
1017;-94.5910427424;1.94479883631;0.00000000000
1018;-95.9437863393;1.96622639629;0.00000000000
1019;-97.2913683256;1.98488621720;0.00000000000
1020;-21.8178259891;2.82324830529;0.00000000000
;;;
NODE;X;Y;Z
1021;-21.6313005976;4.32252429002;0.00000000000
1022;-21.3731640836;5.77800332053;0.00000000000
1023;-21.0123911464;7.17969862433;0.00000000000
1024;-20.5199823514;8.57179613600;0.00000000000
1025;-19.9080123587;9.89673244054;0.00000000000
1026;-19.2121334335;11.1320321601;0.00000000000
1027;-18.3950220588;12.3219942496;0.00000000000
1028;-17.5128142294;13.4922634780;0.00000000000
1029;-16.5828565578;14.6074115204;0.00000000000
1030;-15.6028860655;15.6504352856;0.00000000000
1031;-14.5552267440;16.6402016852;0.00000000000
1032;-13.4423243699;17.5503571715;0.00000000000
1033;-12.2611527821;18.3942950127;0.00000000000
1034;-11.0104276587;19.1664329758;0.00000000000
1035;-9.70296430440;19.9314053571;0.00000000000
1036;-8.37267713950;20.6259190565;0.00000000000
1037;-7.07444334838;21.1537101798;0.00000000000
1038;-5.73114667206;21.4905370949;0.00000000000
1039;-4.31635540466;21.6982274911;0.00000000000
1040;-2.88386514981;21.8504002688;0.00000000000
;;;
NODE;X;Y;Z
1041;-97.9637782419;2.63461938456;0.00000000000
1042;-97.9496442767;3.93180320051;0.00000000000
1043;-97.9474399412;5.21917494679;0.00000000000
1044;-97.9478816746;6.50309709915;0.00000000000
1045;-97.9574867160;7.81620040037;0.00000000000
1046;-97.9575840986;9.11377289780;0.00000000000
1047;-97.9572905192;10.4245091937;0.00000000000
1048;-97.9586962427;11.7338445378;0.00000000000
1049;-97.9600376202;13.0489605524;0.00000000000
1050;-97.9617529482;14.3659583030;0.00000000000
1051;-97.9623996459;15.6823354015;0.00000000000
1052;-97.9626495842;16.9984934498;0.00000000000
1053;-97.9627303023;18.3144398927;0.00000000000
1054;-97.9627683841;19.6302810877;0.00000000000
1055;-97.9628008739;20.9460781070;0.00000000000
1056;-97.9628386231;22.2618518474;0.00000000000
1057;-97.9628802719;23.5776113582;0.00000000000
1058;-97.9629134746;24.8933581236;0.00000000000
1059;-97.9629167876;26.2090951509;0.00000000000
1060;-97.9628581339;27.5248310134;0.00000000000
;;;
NODE;X;Y;Z
1061;-97.9626948950;28.8405837638;0.00000000000
1062;-97.9623762285;30.1563849954;0.00000000000
1063;-97.9618489224;31.4722848574;0.00000000000
1064;-97.9610679359;32.7883588587;0.00000000000
1065;-97.9600134649;34.1047180128;0.00000000000
1066;-97.9587164842;35.4215246479;0.00000000000
1067;-97.9572914510;36.7390140893;0.00000000000
1068;-97.9549629585;38.0565708342;0.00000000000
1069;-97.9582495001;39.3751513301;0.00000000000
1070;-97.9647097523;40.6925089130;0.00000000000
1071;-97.9776950838;42.0109939464;0.00000000000
1072;-97.9959851864;43.3372041704;0.00000000000
1073;-97.9977821123;44.6671490203;0.00000000000
1074;-97.9958430826;46.0040544603;0.00000000000
1075;-97.9840033526;47.3354543847;0.00000000000
1076;-97.3157202506;47.9940017998;0.00000000000
1077;-95.9967230634;47.9840234870;0.00000000000
1078;-94.6778439207;47.9791648863;0.00000000000
1079;-93.3611452560;47.9780388117;0.00000000000
1080;-92.0346982735;47.9822085796;0.00000000000
;;;
NODE;X;Y;Z
1081;-90.7099903160;47.9802444571;0.00000000000
1082;-89.3836178370;47.9698447003;0.00000000000
1083;-88.0441792594;47.9766193615;0.00000000000
1084;-86.7120944577;47.9768172487;0.00000000000
1085;-85.3815658172;47.9740691171;0.00000000000
1086;-84.0492804006;47.9741212111;0.00000000000
1087;-82.7156825285;47.9677070938;0.00000000000
1088;-81.3818573610;47.9682192723;0.00000000000
1089;-80.0484601937;47.9682250379;0.00000000000
1090;-78.7151161465;47.9682281341;0.00000000000
1091;-77.3817797784;47.9682305887;0.00000000000
1092;-76.0484444068;47.9682329904;0.00000000000
1093;-74.7151091754;47.9682353594;0.00000000000
1094;-73.3817739745;47.9682377020;0.00000000000
1095;-72.0484387893;47.9682400218;0.00000000000
1096;-70.7151036119;47.9682423210;0.00000000000
1097;-69.3817684206;47.9682445999;0.00000000000
1098;-68.0484331754;47.9682468691;0.00000000000
1099;-66.7150978481;47.9682491470;0.00000000000
1100;-65.3817624446;47.9682514418;0.00000000000
;;;
NODE;X;Y;Z
1101;-64.0484269885;47.9682537551;0.00000000000
1102;-62.7150914985;47.9682560878;0.00000000000
1103;-61.3817559813;47.9682584411;0.00000000000
1104;-60.0484204376;47.9682608186;0.00000000000
1105;-58.7150848696;47.9682632244;0.00000000000
1106;-57.3817492801;47.9682656637;0.00000000000
1107;-56.0484136715;47.9682681421;0.00000000000
1108;-54.7150780475;47.9682706635;0.00000000000
1109;-53.3817424136;47.9682732272;0.00000000000
1110;-52.0484067779;47.9682758187;0.00000000000
1111;-50.7150711433;47.9682784066;0.00000000000
1112;-49.3817355031;47.9682809342;0.00000000000
1113;-48.0483998352;47.9682833137;0.00000000000
1114;-46.7150640891;47.9682854316;0.00000000000
1115;-45.3817281803;47.9682871698;0.00000000000
1116;-44.0483919847;47.9682884499;0.00000000000
1117;-42.7150553461;47.9682893130;0.00000000000
1118;-41.3817181116;47.9682900409;0.00000000000
1119;-40.0483802011;47.9682913062;0.00000000000
1120;-38.7150417185;47.9682943231;0.00000000000
;;;
NODE;X;Y;Z
1121;-37.3817031168;47.9683009413;0.00000000000
1122;-36.0483653899;47.9683135667;0.00000000000
1123;-34.7150302335;47.9683347684;0.00000000000
1124;-33.3817000712;47.9683663926;0.00000000000
1125;-32.0483777884;47.9684080303;0.00000000000
1126;-30.7150659676;47.9684547897;0.00000000000
1127;-29.3817654063;47.9684945514;0.00000000000
1128;-28.0484727671;47.9685052773;0.00000000000
1129;-26.7151774232;47.9684534677;0.00000000000
1130;-25.3818579617;47.9682954411;0.00000000000
1131;-24.0484794045;47.9679835295;0.00000000000
1132;-22.7149929028;47.9674791857;0.00000000000
1133;-21.3813402691;47.9667739322;0.00000000000
1134;-20.0474657716;47.9659164115;0.00000000000
1135;-18.7133360454;47.9650391086;0.00000000000
1136;-17.3927221685;47.9431664254;0.00000000000
1137;-16.0582499312;47.9337699720;0.00000000000
1138;-14.7231653032;47.9349141177;0.00000000000
1139;-13.3862024900;47.9394621048;0.00000000000
1140;-12.0590403817;47.9539456166;0.00000000000
;;;
NODE;X;Y;Z
1141;-10.7245219186;47.9689940787;0.00000000000
1142;-9.39416046773;47.9894552875;0.00000000000
1143;-8.05781046432;48.0102386525;0.00000000000
1144;-6.71788646959;48.0359834334;0.00000000000
1145;-5.38449821454;48.0503914201;0.00000000000
1146;-4.04275233026;48.0532978507;0.00000000000
1147;-2.67149545174;48.0308346481;0.00000000000
1148;-2.99403157844;23.2084779734;0.00000000000
1149;-3.01543576557;24.5572248363;0.00000000000
1150;-2.96512373617;25.9040297668;0.00000000000
1151;-2.88279377302;27.2610245083;0.00000000000
1152;-2.80147982239;28.6093996619;0.00000000000
1153;-2.74347932467;29.9452411984;0.00000000000
1154;-2.72706686585;31.2847219636;0.00000000000
1155;-2.72241383280;32.6003091480;0.00000000000
1156;-2.71341338910;33.8934346111;0.00000000000
1157;-2.71506028460;35.1872006204;0.00000000000
1158;-2.72249951619;36.4838033577;0.00000000000
1159;-2.70926088573;37.7750452530;0.00000000000
1160;-2.69649357186;39.0642377334;0.00000000000
;;;
NODE;X;Y;Z
1161;-2.70667918014;40.3501869464;0.00000000000
1162;-2.71722367950;41.6311782528;0.00000000000
1163;-2.72251057191;42.9133237292;0.00000000000
1164;-2.71790302842;44.1870855473;0.00000000000
1165;-2.71695658289;45.4635990759;0.00000000000
1166;-2.68801899244;46.7398477043;0.00000000000
1167;-23.1709576428;3.00187290447;0.00000000000
1168;-24.4924227721;3.09428307505;0.00000000000
1169;-25.8112915377;3.04724091696;0.00000000000
1170;-27.1462184432;2.92968709756;0.00000000000
1171;-28.4933751583;2.83218479892;0.00000000000
1172;-29.8425029080;2.78321820492;0.00000000000
1173;-31.1870042214;2.76334813613;0.00000000000
1174;-32.5146872560;2.76448509869;0.00000000000
1175;-33.8401805028;2.76827330626;0.00000000000
1176;-35.1731067875;2.76840734457;0.00000000000
1177;-36.5063055882;2.76845155153;0.00000000000
1178;-37.8395957697;2.76847444858;0.00000000000
1179;-39.1729051615;2.76849028958;0.00000000000
1180;-40.5062262373;2.76849988779;0.00000000000
;;;
NODE;X;Y;Z
1181;-41.8395508218;2.76850806293;0.00000000000
1182;-43.1728763849;2.76851566831;0.00000000000
1183;-44.5062021704;2.76852296971;0.00000000000
1184;-45.8395279133;2.76853004401;0.00000000000
1185;-47.1728535024;2.76853693934;0.00000000000
1186;-48.5061788816;2.76854377972;0.00000000000
1187;-49.8395040370;2.76855083188;0.00000000000
1188;-51.1728290387;2.76855854528;0.00000000000
1189;-52.5061540962;2.76856756063;0.00000000000
1190;-53.8394796160;2.76857864825;0.00000000000
1191;-55.1728062395;2.76859253226;0.00000000000
1192;-56.5061348213;2.76860954968;0.00000000000
1193;-57.8394662926;2.76862911918;0.00000000000
1194;-59.1728013547;2.76864904473;0.00000000000
1195;-60.5061399533;2.76866475599;0.00000000000
1196;-61.8394805211;2.76866873098;0.00000000000
1197;-63.1728190684;2.76865051799;0.00000000000
1198;-64.5061483361;2.76859793642;0.00000000000
1199;-65.8394573917;2.76850014787;0.00000000000
1200;-67.1727322603;2.76835320466;0.00000000000
;;;
NODE;X;Y;Z
1201;-68.5059583525;2.76816829450;0.00000000000
1202;-69.8391254792;2.76798207429;0.00000000000
1203;-71.1722359958;2.76786709146;0.00000000000
1204;-72.5053159686;2.76793839090;0.00000000000
1205;-73.8384280843;2.76835029203;0.00000000000
1206;-75.1716833491;2.76927564335;0.00000000000
1207;-76.5052466570;2.77085979949;0.00000000000
1208;-77.8393295471;2.77314468298;0.00000000000
1209;-79.1741627128;2.77596632187;0.00000000000
1210;-80.5099423963;2.77884333001;0.00000000000
1211;-81.8467508311;2.78089286490;0.00000000000
1212;-83.1844638047;2.78082956397;0.00000000000
1213;-84.5221071612;2.77773617711;0.00000000000
1214;-85.8611375090;2.76368629162;0.00000000000
1215;-87.2000491936;2.74308099369;0.00000000000
1216;-88.5372536958;2.71721694966;0.00000000000
1217;-89.8732669609;2.68287341261;0.00000000000
1218;-91.2058067587;2.64074913461;0.00000000000
1219;-92.5449241134;2.60386237170;0.00000000000
1220;-93.8939946415;2.59210146357;0.00000000000
;;;
NODE;X;Y;Z
1221;-95.2476109715;2.60257060564;0.00000000000
1222;-96.6060744080;2.62154245752;0.00000000000
1223;-22.4207322397;3.69155971038;0.00000000000
1224;-22.2237389028;5.22208731376;0.00000000000
1225;-21.9373566992;6.70529522623;0.00000000000
1226;-21.5084347866;8.16236280324;0.00000000000
1227;-20.9313768017;9.57747837998;0.00000000000
1228;-20.2278770475;10.8925207733;0.00000000000
1229;-19.4106516445;12.1213235340;0.00000000000
1230;-18.5017588075;13.3178625807;0.00000000000
1231;-17.5581017175;14.4867963200;0.00000000000
1232;-16.5914985941;15.6015051011;0.00000000000
1233;-15.5580692713;16.6521007992;0.00000000000
1234;-14.4449679798;17.6364797587;0.00000000000
1235;-13.2594727652;18.5487729283;0.00000000000
1236;-12.0059275288;19.3832221351;0.00000000000
1237;-10.6881823840;20.1967895318;0.00000000000
1238;-9.33832956361;21.0144114594;0.00000000000
1239;-8.00523900509;21.7116002290;0.00000000000
1240;-6.64271740508;22.1506918984;0.00000000000
;;;
NODE;X;Y;Z
1241;-5.19443661450;22.3567623016;0.00000000000
1242;-3.70550466192;22.4766093510;0.00000000000
1243;-97.2750226540;3.27812754580;0.00000000000
1244;-97.2639373119;4.56477681461;0.00000000000
1245;-97.2696177946;5.84268973218;0.00000000000
1246;-97.2754021801;7.13281062362;0.00000000000
1247;-97.2769758424;8.43173616713;0.00000000000
1248;-97.2786204096;9.73358559910;0.00000000000
1249;-97.2797522154;11.0387323857;0.00000000000
1250;-97.2816435720;12.3468744411;0.00000000000
1251;-97.2840933599;13.6629369690;0.00000000000
1252;-97.2861487900;14.9803432722;0.00000000000
1253;-97.2869539573;16.2969517562;0.00000000000
1254;-97.2872749122;17.6131716622;0.00000000000
1255;-97.2873913160;18.9291525264;0.00000000000
1256;-97.2874566147;20.2450003461;0.00000000000
1257;-97.2875172215;21.5607827656;0.00000000000
1258;-97.2875806826;22.8765320448;0.00000000000
1259;-97.2876312302;24.1922624038;0.00000000000
1260;-97.2876335393;25.5079837683;0.00000000000
;;;
NODE;X;Y;Z
1261;-97.2875344361;26.8237150486;0.00000000000
1262;-97.2872639968;28.1394915936;0.00000000000
1263;-97.2867423072;29.4553712401;0.00000000000
1264;-97.2858944140;30.7714387346;0.00000000000
1265;-97.2846761514;32.0878081690;0.00000000000
1266;-97.2831129044;33.4046230205;0.00000000000
1267;-97.2813522260;34.7220542164;0.00000000000
1268;-97.2797266936;36.0402953584;0.00000000000
1269;-97.2778119258;37.3586029107;0.00000000000
1270;-97.2770507299;38.6786368078;0.00000000000
1271;-97.2816486754;39.9997689479;0.00000000000
1272;-97.2948109841;41.3200428752;0.00000000000
1273;-97.3188175034;42.6461588895;0.00000000000
1274;-97.3332071306;43.9788534846;0.00000000000
1275;-97.3330424475;45.3173648281;0.00000000000
1276;-97.3247658546;46.6572990658;0.00000000000
1277;-96.6594655484;47.3202357206;0.00000000000
1278;-95.3444694318;47.3116119582;0.00000000000
1279;-94.0306383176;47.3046603487;0.00000000000
1280;-92.7155008470;47.3061352931;0.00000000000
;;;
NODE;X;Y;Z
1281;-91.3949273194;47.3091183461;0.00000000000
1282;-90.0724081474;47.2993866071;0.00000000000
1283;-88.7489146012;47.2874937464;0.00000000000
1284;-87.4216853728;47.2834293612;0.00000000000
1285;-86.0924052639;47.2808791168;0.00000000000
1286;-84.7629245401;47.2781830792;0.00000000000
1287;-83.4303745847;47.2718210559;0.00000000000
1288;-82.0962848785;47.2659191171;0.00000000000
1289;-80.7623958770;47.2664370612;0.00000000000
1290;-79.4289879958;47.2664459230;0.00000000000
1291;-78.0956409139;47.2664514738;0.00000000000
1292;-76.7623025075;47.2664563300;0.00000000000
1293;-75.4289652378;47.2664611008;0.00000000000
1294;-74.0956281389;47.2664658124;0.00000000000
1295;-72.7622910861;47.2664704747;0.00000000000
1296;-71.4289540568;47.2664750938;0.00000000000
1297;-70.0956170215;47.2664796719;0.00000000000
1298;-68.7622799183;47.2664842200;0.00000000000
1299;-67.4289426791;47.2664887671;0.00000000000
1300;-66.0956052816;47.2664933398;0.00000000000
;;;
NODE;X;Y;Z
1301;-64.7622677554;47.2664979479;0.00000000000
1302;-63.4289301427;47.2665025939;0.00000000000
1303;-62.0955924689;47.2665072799;0.00000000000
1304;-60.7622547412;47.2665120107;0.00000000000
1305;-59.4289169628;47.2665167939;0.00000000000
1306;-58.0955791387;47.2665216390;0.00000000000
1307;-56.7622412739;47.2665265566;0.00000000000
1308;-55.4289033746;47.2665315564;0.00000000000
1309;-54.0955654499;47.2665366414;0.00000000000
1310;-52.7622275132;47.2665417966;0.00000000000
1311;-51.4288895756;47.2665469762;0.00000000000
1312;-50.0955516331;47.2665520922;0.00000000000
1313;-48.7622136567;47.2665570005;0.00000000000
1314;-47.4288755739;47.2665615003;0.00000000000
1315;-46.0955372494;47.2665653609;0.00000000000
1316;-44.7621984754;47.2665683867;0.00000000000
1317;-43.4288589733;47.2665705416;0.00000000000
1318;-42.0955184375;47.2665721495;0.00000000000
1319;-40.7621766418;47.2665741644;0.00000000000
1320;-39.4288336224;47.2665784696;0.00000000000
;;;
NODE;X;Y;Z
1321;-38.0954899567;47.2665881181;0.00000000000
1322;-36.7621471230;47.2666073411;0.00000000000
1323;-35.4288078555;47.2666410655;0.00000000000
1324;-34.0954763283;47.2666936196;0.00000000000
1325;-32.7621579044;47.2667662950;0.00000000000
1326;-31.4288580725;47.2668535653;0.00000000000
1327;-30.0955801312;47.2669380990;0.00000000000
1328;-28.7623212219;47.2669853372;0.00000000000
1329;-27.4290665862;47.2669393411;0.00000000000
1330;-26.0957825205;47.2667227571;0.00000000000
1331;-24.7624094959;47.2662447925;0.00000000000
1332;-23.4288582176;47.2654214980;0.00000000000
1333;-22.0950127630;47.2642115827;0.00000000000
1334;-20.7607457385;47.2626673554;0.00000000000
1335;-19.4259491367;47.2609930904;0.00000000000
1336;-18.0905782661;47.2595917132;0.00000000000
1337;-16.7550993231;47.2514436041;0.00000000000
1338;-15.4191883200;47.2452464874;0.00000000000
1339;-14.0825639819;47.2495931187;0.00000000000
1340;-12.7500770210;47.2644786079;0.00000000000
;;;
NODE;X;Y;Z
1341;-11.4162986631;47.2867459078;0.00000000000
1342;-10.0817313461;47.3099140087;0.00000000000
1343;-8.74646958484;47.3349393240;0.00000000000
1344;-7.40758236871;47.3639459951;0.00000000000
1345;-6.07135591668;47.3881026405;0.00000000000
1346;-4.73231006904;47.4022454843;0.00000000000
1347;-3.35830036525;47.3912457503;0.00000000000
1348;-3.79453092296;23.8645560312;0.00000000000
1349;-3.76057334424;25.2386901725;0.00000000000
1350;-3.64470652734;26.6042627325;0.00000000000
1351;-3.52253572444;27.9826896981;0.00000000000
1352;-3.43745407073;29.3359620565;0.00000000000
1353;-3.38007345002;30.6659712090;0.00000000000
1354;-3.36565171018;31.9921671651;0.00000000000
1355;-3.34994419355;33.2915712057;0.00000000000
1356;-3.34791494597;34.5827623810;0.00000000000
1357;-3.35760147546;35.8762641700;0.00000000000
1358;-3.36442704812;37.1660974032;0.00000000000
1359;-3.35536559666;38.4471298611;0.00000000000
1360;-3.37055909338;39.7348164759;0.00000000000
;;;
NODE;X;Y;Z
1361;-3.38771529862;41.0057026644;0.00000000000
1362;-3.40163491042;42.2763015188;0.00000000000
1363;-3.40821269020;43.5503171836;0.00000000000
1364;-3.39079098273;44.8259228744;0.00000000000
1365;-3.39403508251;46.1113256533;0.00000000000
1366;-23.7881791913;3.91140570219;0.00000000000
1367;-25.1135100740;3.93089726450;0.00000000000
1368;-26.4433449979;3.74997055263;0.00000000000
1369;-27.8143976673;3.55790176904;0.00000000000
1370;-29.1638927970;3.48711036897;0.00000000000
1371;-30.4971534224;3.46113609586;0.00000000000
1372;-31.8219703680;3.46930005575;0.00000000000
1373;-33.1393650658;3.46958077510;0.00000000000
1374;-34.4674983716;3.46112917496;0.00000000000
1375;-35.8010458506;3.45127329498;0.00000000000
1376;-37.1374214127;3.44384553391;0.00000000000
1377;-38.4755099688;3.43822061640;0.00000000000
1378;-39.8088230032;3.43823803541;0.00000000000
1379;-41.1421446593;3.43825297842;0.00000000000
1380;-42.4754687614;3.43826693340;0.00000000000
;;;
NODE;X;Y;Z
1381;-43.8087933376;3.43828040999;0.00000000000
1382;-45.1421177786;3.43829355026;0.00000000000
1383;-46.4754419657;3.43830639419;0.00000000000
1384;-47.8087657970;3.43831909220;0.00000000000
1385;-49.1420892229;3.43833198713;0.00000000000
1386;-50.4754123124;3.43834567701;0.00000000000
1387;-51.8087353438;3.43836104384;0.00000000000
1388;-53.1420589038;3.43837919082;0.00000000000
1389;-54.4753839658;3.43840123004;0.00000000000
1390;-55.8087118921;3.43842784897;0.00000000000
1391;-57.1420442788;3.43845860232;0.00000000000
1392;-58.4753825474;3.43849095070;0.00000000000
1393;-59.8087271994;3.43851916773;0.00000000000
1394;-61.1420766944;3.43853340978;0.00000000000
1395;-62.4754260104;3.43851949687;0.00000000000
1396;-63.8087651575;3.43846017213;0.00000000000
1397;-65.1420781666;3.43833878481;0.00000000000
1398;-66.4753433624;3.43814629962;0.00000000000
1399;-67.8085360302;3.43789206293;0.00000000000
1400;-69.1416346880;3.43761774167;0.00000000000
;;;
NODE;X;Y;Z
1401;-70.4746319129;3.43741208270;0.00000000000
1402;-71.8075498623;3.43742165872;0.00000000000
1403;-73.1404590918;3.43784995172;0.00000000000
1404;-74.4734970318;3.43893476476;0.00000000000
1405;-75.8068798092;3.44089353874;0.00000000000
1406;-77.1408987258;3.44382983759;0.00000000000
1407;-78.4758919066;3.44760433171;0.00000000000
1408;-79.8121842421;3.45169164284;0.00000000000
1409;-81.1499972498;3.45506896683;0.00000000000
1410;-82.4893470137;3.45620635638;0.00000000000
1411;-83.8299716416;3.45323746041;0.00000000000
1412;-85.1707776671;3.44498580814;0.00000000000
1413;-86.5089573018;3.41818874958;0.00000000000
1414;-87.8487766010;3.39564937580;0.00000000000
1415;-89.1849214927;3.35415623054;0.00000000000
1416;-90.5243078807;3.31234128943;0.00000000000
1417;-91.8586566014;3.25739450351;0.00000000000
1418;-93.2088025162;3.23562677983;0.00000000000
1419;-94.5579268144;3.23572992790;0.00000000000
1420;-23.0379537882;4.60109250810;0.00000000000
;;;
NODE;X;Y;Z
1421;-19.5053873558;13.1289343094;0.00000000000
1422;-15.5126781187;17.6682577727;0.00000000000
1423;-10.4031133467;21.1889780798;0.00000000000
1424;-4.50600400644;23.1326874088;0.00000000000
1425;-96.5790387384;3.91408771966;0.00000000000
1426;-96.5852240317;6.46982248468;0.00000000000
1427;-96.5936412961;7.75764855447;0.00000000000
1428;-96.5979372885;9.05007178043;0.00000000000
1429;-96.5961546726;10.3484120563;0.00000000000
1430;-96.6028784920;11.6549240321;0.00000000000
1431;-96.6060248631;12.9694491718;0.00000000000
1432;-96.6098237310;14.2861103888;0.00000000000
1433;-96.6112295347;15.6031910404;0.00000000000
1434;-96.6117680094;16.9195924796;0.00000000000
1435;-96.6119380007;18.2356443251;0.00000000000
1436;-96.6120146186;19.5515055195;0.00000000000
1437;-96.6120882158;20.8672728500;0.00000000000
1438;-96.6121759287;22.1830043522;0.00000000000
1439;-96.6122634081;23.4987037008;0.00000000000
1440;-96.6123128181;24.8143733917;0.00000000000
;;;
NODE;X;Y;Z
1441;-96.6122618857;26.1300274901;0.00000000000
1442;-96.6120230640;27.4457043367;0.00000000000
1443;-96.6114891505;28.7614769757;0.00000000000
1444;-96.6105500903;30.0774637832;0.00000000000
1445;-96.6091250447;31.3938374678;0.00000000000
1446;-96.6072126301;32.7108296533;0.00000000000
1447;-96.6049613097;34.0287280974;0.00000000000
1448;-96.6027584351;35.3478615950;0.00000000000
1449;-96.6013249007;36.6685592963;0.00000000000
1450;-96.6007837361;37.9901080112;0.00000000000
1451;-96.6150348681;39.3137179694;0.00000000000
1452;-96.6265622176;40.6363688243;0.00000000000
1453;-96.6520124692;41.9606882758;0.00000000000
1454;-96.6790877075;43.2992242564;0.00000000000
1455;-96.6786650678;44.6352081889;0.00000000000
1456;-96.6737843455;45.9797140254;0.00000000000
1457;-96.0084840392;46.6426506802;0.00000000000
1458;-94.6971246941;46.6345773393;0.00000000000
1459;-93.3901678427;46.6358568608;0.00000000000
1460;-92.0774899549;46.6354183520;0.00000000000
;;;
NODE;X;Y;Z
1461;-90.7616790945;46.6242836177;0.00000000000
1462;-89.4469661961;46.6034911240;0.00000000000
1463;-88.1269609948;46.5953380973;0.00000000000
1464;-86.8070278994;46.5883036640;0.00000000000
1465;-85.4797764679;46.5891652322;0.00000000000
1466;-84.1486349856;46.5915293007;0.00000000000
1467;-82.8139787991;46.5867202528;0.00000000000
1468;-81.4758589472;46.5816243839;0.00000000000
1469;-80.1424413956;46.5816406372;0.00000000000
1470;-78.8090926468;46.5816523980;0.00000000000
1471;-77.4757520444;46.5816632901;0.00000000000
1472;-76.1424125147;46.5816740001;0.00000000000
1473;-74.8090731428;46.5816845689;0.00000000000
1474;-73.4757338052;46.5816950173;0.00000000000
1475;-72.1423944731;46.5817053648;0.00000000000
1476;-70.8090551140;46.5817156300;0.00000000000
1477;-69.4757156665;46.5817258422;0.00000000000
1478;-68.1423760422;46.5817360551;0.00000000000
1479;-66.8090361825;46.5817463246;0.00000000000
1480;-65.4756961074;46.5817566738;0.00000000000
;;;
NODE;X;Y;Z
1481;-64.1423558736;46.5817671095;0.00000000000
1482;-62.8090155247;46.5817776354;0.00000000000
1483;-61.4756750809;46.5817882598;0.00000000000
1484;-60.1423345501;46.5817989973;0.00000000000
1485;-58.8089939439;46.5818098644;0.00000000000
1486;-57.4756532773;46.5818208814;0.00000000000
1487;-56.1423125659;46.5818320651;0.00000000000
1488;-54.8089718295;46.5818434235;0.00000000000
1489;-53.4756310925;46.5818549353;0.00000000000
1490;-52.1422903733;46.5818665301;0.00000000000
1491;-50.8089496627;46.5818780680;0.00000000000
1492;-49.4756088939;46.5818893168;0.00000000000
1493;-48.1422679149;46.5818999477;0.00000000000
1494;-46.8089264461;46.5819095705;0.00000000000
1495;-45.4755840551;46.5819178331;0.00000000000
1496;-44.1422401718;46.5819246151;0.00000000000
1497;-42.8088941573;46.5819303366;0.00000000000
1498;-41.4755454950;46.5819363958;0.00000000000
1499;-40.1421941403;46.5819456669;0.00000000000
1500;-38.8088410290;46.5819629272;0.00000000000
;;;
NODE;X;Y;Z
1501;-37.4754887473;46.5819949752;0.00000000000
1502;-36.1421422522;46.5820500341;0.00000000000
1503;-34.8088093634;46.5821359617;0.00000000000
1504;-33.4755006315;46.5822567393;0.00000000000
1505;-32.1422280076;46.5824068982;0.00000000000
1506;-30.8090016428;46.5825640244;0.00000000000
1507;-29.4758242275;46.5826803559;0.00000000000
1508;-28.1426826325;46.5826758376;0.00000000000
1509;-26.8095373927;46.5824365787;0.00000000000
1510;-25.4763117535;46.5818240829;0.00000000000
1511;-24.1428834718;46.5807010939;0.00000000000
1512;-22.8090838809;46.5789782671;0.00000000000
1513;-21.4747092214;46.5766809106;0.00000000000
1514;-20.1395479041;46.5740258277;0.00000000000
1515;-18.8034225207;46.5714852771;0.00000000000
1516;-17.4662350488;46.5698015906;0.00000000000
1517;-16.1283960481;46.5622892345;0.00000000000
1518;-14.7890777906;46.5655108109;0.00000000000
1519;-13.4487320962;46.5726366467;0.00000000000
1520;-12.1112523169;46.6001146007;0.00000000000
;;;
NODE;X;Y;Z
1521;-10.7729195030;46.6256012154;0.00000000000
1522;-9.44142317853;46.6578845859;0.00000000000
1523;-8.10040990434;46.6899281646;0.00000000000
1524;-6.76340192731;46.7173568883;0.00000000000
1525;-5.42723115532;46.7375570994;0.00000000000
1526;-4.06431645531;46.7627236992;0.00000000000
1527;-4.44015613541;25.9389231382;0.00000000000
1528;-4.28444847877;27.3259279223;0.00000000000
1529;-4.15850997278;28.7092520927;0.00000000000
1530;-4.07404819608;30.0566920671;0.00000000000
1531;-4.01865829435;31.3734164105;0.00000000000
1532;-3.99318207093;32.6834292228;0.00000000000
1533;-3.98444575042;33.9808989756;0.00000000000
1534;-3.99045613684;35.2718259307;0.00000000000
1535;-3.99952900739;36.5585582156;0.00000000000
1536;-4.01053175904;37.8381820113;0.00000000000
1537;-4.02943111818;39.1177086035;0.00000000000
1538;-4.05159521187;40.3903321939;0.00000000000
1539;-4.07212652954;41.6508259304;0.00000000000
1540;-4.08733702871;42.9132949732;0.00000000000
;;;
NODE;X;Y;Z
1541;-4.08110064450;44.1891545107;0.00000000000
1542;-4.06786948235;45.4736494518;0.00000000000
1543;-24.4092664932;4.74801989164;0.00000000000
1544;-25.7455635343;4.63362690018;0.00000000000
1545;-27.1115242220;4.37818522411;0.00000000000
1546;-28.4849153060;4.21282733910;0.00000000000
1547;-29.8185433114;4.16502825991;0.00000000000
1548;-31.1321195691;4.16708801548;0.00000000000
1549;-32.4466481779;4.17439573216;0.00000000000
1550;-33.7666829345;4.16243664380;0.00000000000
1551;-35.0954374346;4.14399512538;0.00000000000
1552;-36.4321616751;4.12666727736;0.00000000000
1553;-37.7733356119;4.11359170174;0.00000000000
1554;-39.1114278106;4.10796836224;0.00000000000
1555;-40.4447414253;4.10799112604;0.00000000000
1556;-41.7780625989;4.10801184889;0.00000000000
1557;-43.1113857141;4.10803167509;0.00000000000
1558;-44.4447089458;4.10805099054;0.00000000000
1559;-45.7780318310;4.10806990043;0.00000000000
1560;-47.1113542603;4.10808854705;0.00000000000
;;;
NODE;X;Y;Z
1561;-48.4446761384;4.10810729962;0.00000000000
1562;-49.7779974984;4.10812683227;0.00000000000
1563;-51.1113186175;4.10814817558;0.00000000000
1564;-52.4446401515;4.10817267403;0.00000000000
1565;-53.7779632537;4.10820177260;0.00000000000
1566;-55.1112896184;4.10823654675;0.00000000000
1567;-56.4446213496;4.10827690161;0.00000000000
1568;-57.7779605337;4.10832043384;0.00000000000
1569;-59.1113083922;4.10836107370;0.00000000000
1570;-60.4446639406;4.10838782152;0.00000000000
1571;-61.7780221837;4.10838417567;0.00000000000
1572;-63.1113720995;4.10832915100;0.00000000000
1573;-64.4446949880;4.10820102051;0.00000000000
1574;-65.7779641372;4.10798493656;0.00000000000
1575;-67.1111471324;4.10768515788;0.00000000000
1576;-68.4442123657;4.10734151011;0.00000000000
1577;-69.7771411217;4.10704775009;0.00000000000
1578;-71.1099457794;4.10696664996;0.00000000000
1579;-72.4426929854;4.10733321953;0.00000000000
1580;-73.7755280393;4.10843442445;0.00000000000
;;;
NODE;X;Y;Z
1581;-75.1086934919;4.11055266015;0.00000000000
1582;-76.4425318781;4.11386357684;0.00000000000
1583;-77.7774610853;4.11828948631;0.00000000000
1584;-79.1139134359;4.12332965267;0.00000000000
1585;-80.4522390955;4.12791727966;0.00000000000
1586;-81.7925934323;4.13038245831;0.00000000000
1587;-83.1348548506;4.12861425282;0.00000000000
1588;-84.4786421475;4.12048709143;0.00000000000
1589;-85.8185974599;4.09948826610;0.00000000000
1590;-87.1576847092;4.07075713169;0.00000000000
1591;-88.4964443979;4.03258865668;0.00000000000
1592;-89.8359624125;3.98362410736;0.00000000000
1593;-91.1771577234;3.92898665834;0.00000000000
1594;-92.5225350043;3.88915891164;0.00000000000
1595;-95.9034631477;7.09466041553;0.00000000000
1596;-95.9146027422;8.37598416776;0.00000000000
1597;-95.9154715516;9.66489823768;0.00000000000
1598;-95.9192809492;10.9646037028;0.00000000000
1599;-95.9272597831;12.2774987628;0.00000000000
1600;-95.9317552342;13.5926225915;0.00000000000
;;;
NODE;X;Y;Z
1601;-95.9349044757;14.9089581570;0.00000000000
1602;-95.9360435868;16.2258317639;0.00000000000
1603;-95.9364310978;17.5420651425;0.00000000000
1604;-95.9365613033;18.8579973181;0.00000000000
1605;-95.9366462197;20.1737780234;0.00000000000
1606;-95.9367469230;21.4894944366;0.00000000000
1607;-95.9368586542;22.8051760083;0.00000000000
1608;-95.9369449961;24.1208146886;0.00000000000
1609;-95.9369411645;25.4364171135;0.00000000000
1610;-95.9367505136;26.7520167783;0.00000000000
1611;-95.9362482177;28.0676897188;0.00000000000
1612;-95.9352969337;29.3835695188;0.00000000000
1613;-95.9337807210;30.6998625163;0.00000000000
1614;-95.9316615234;32.0168589520;0.00000000000
1615;-95.9290610354;33.3349347301;0.00000000000
1616;-95.9263675188;34.6545354759;0.00000000000
1617;-95.9243566422;35.9761255329;0.00000000000
1618;-95.9242967110;37.3000643968;0.00000000000
1619;-95.9387678743;38.6251891729;0.00000000000
1620;-95.9599484103;39.9503178458;0.00000000000
;;;
NODE;X;Y;Z
1621;-95.9837637027;41.2770142248;0.00000000000
1622;-96.0122826733;42.6137536426;0.00000000000
1623;-96.0245456448;43.9555789607;0.00000000000
1624;-95.3611393015;45.9656160613;0.00000000000
1625;-94.0566542192;45.9657738513;0.00000000000
1626;-92.7521569505;45.9651399197;0.00000000000
1627;-91.4442417299;45.9505836236;0.00000000000
1628;-90.1362371432;45.9283881347;0.00000000000
1629;-88.8250125897;45.9113354749;0.00000000000
1630;-87.5123035214;45.9002124002;0.00000000000
1631;-86.1943991034;45.8965897795;0.00000000000
1632;-84.8654869134;45.9025114537;0.00000000000
1633;-83.5322392000;45.9064284975;0.00000000000
1634;-82.1935528678;45.9024255196;0.00000000000
1635;-80.8559044657;45.8968279599;0.00000000000
1636;-79.5225460466;45.8968471122;0.00000000000
1637;-78.1892037773;45.8968642143;0.00000000000
1638;-76.8558620515;45.8968809602;0.00000000000
1639;-75.5225204196;45.8968974683;0.00000000000
1640;-74.1891788091;45.8969137739;0.00000000000
;;;
NODE;X;Y;Z
1641;-72.8558371922;45.8969299074;0.00000000000
1642;-71.5224955303;45.8969459011;0.00000000000
1643;-70.1891537591;45.8969618004;0.00000000000
1644;-68.8558117904;45.8969776774;0.00000000000
1645;-67.5224695455;45.8969936127;0.00000000000
1646;-66.1891270082;45.8970096586;0.00000000000
1647;-64.8557842256;45.8970258354;0.00000000000
1648;-63.5224412556;45.8970421510;0.00000000000
1649;-62.1890981367;45.8970586153;0.00000000000
1650;-60.8557548898;45.8970752464;0.00000000000
1651;-59.5224115313;45.8970920678;0.00000000000
1652;-58.1890680826;45.8971091069;0.00000000000
1653;-56.8557245693;45.8971263900;0.00000000000
1654;-55.5223810207;45.8971439323;0.00000000000
1655;-54.1890374721;45.8971617174;0.00000000000
1656;-52.8556939525;45.8971796688;0.00000000000
1657;-51.5223504604;45.8971976219;0.00000000000
1658;-50.1890069235;45.8972152927;0.00000000000
1659;-48.8556631520;45.8972322641;0.00000000000
1660;-47.5223187871;45.8972480179;0.00000000000
;;;
NODE;X;Y;Z
1661;-46.1889732519;45.8972620426;0.00000000000
1662;-44.8556257516;45.8972740615;0.00000000000
1663;-43.5222753559;45.8972844101;0.00000000000
1664;-42.1889212149;45.8972945829;0.00000000000
1665;-40.8555629936;45.8973078983;0.00000000000
1666;-39.5222015469;45.8973301245;0.00000000000
1667;-38.1888398196;45.8973697843;0.00000000000
1668;-36.8554838765;45.8974376683;0.00000000000
1669;-35.5221437602;45.8975449302;0.00000000000
1670;-34.1888336666;45.8976990814;0.00000000000
1671;-32.8555707347;45.8978973425;0.00000000000
1672;-31.5223715779;45.8981173574;0.00000000000
1673;-30.1892457391;45.8983062813;0.00000000000
1674;-28.8561856381;45.8983708563;0.00000000000
1675;-27.5231534391;45.8981730751;0.00000000000
1676;-26.1900666257;45.8975379046;0.00000000000
1677;-24.8567857294;45.8962803843;0.00000000000
1678;-23.5231091351;45.8942578630;0.00000000000
1679;-22.1887803393;45.8914475950;0.00000000000
1680;-20.8535113870;45.8880393828;0.00000000000
;;;
NODE;X;Y;Z
1681;-19.5170212881;45.8845180143;0.00000000000
1682;-18.1790793033;45.8816951545;0.00000000000
1683;-16.8395317738;45.8806472210;0.00000000000
1684;-15.4982855188;45.8825535580;0.00000000000
1685;-14.1552459049;45.8885543389;0.00000000000
1686;-12.8099073921;45.9082726395;0.00000000000
1687;-11.4678731569;45.9389699083;0.00000000000
1688;-10.1326113355;45.9735717926;0.00000000000
1689;-8.79536349803;46.0128734264;0.00000000000
1690;-7.45622946295;46.0433390577;0.00000000000
1691;-6.11927716595;46.0668113472;0.00000000000
1692;-4.86238626782;28.0877601931;0.00000000000
1693;-4.76264371016;29.4606263391;0.00000000000
1694;-4.69056672831;30.7869065113;0.00000000000
1695;-4.61716810293;32.0849232851;0.00000000000
1696;-4.60329346725;33.3816249027;0.00000000000
1697;-4.60612171898;34.6682864047;0.00000000000
1698;-4.62403906974;35.9529859053;0.00000000000
1699;-4.64018628888;37.2254221996;0.00000000000
1700;-4.67020123734;38.4885558644;0.00000000000
;;;
NODE;X;Y;Z
1701;-4.70499249206;39.7532495203;0.00000000000
1702;-4.73660178688;41.0106034671;0.00000000000
1703;-4.76585448020;42.2689794502;0.00000000000
1704;-4.77991770058;43.5302301249;0.00000000000
1705;-4.76996402774;44.8053829279;0.00000000000
1706;-26.4803395500;5.15388214451;0.00000000000
1707;-27.8618906404;4.91077662889;0.00000000000
1708;-29.1693870680;4.88171696802;0.00000000000
1709;-30.4568954403;4.88262360602;0.00000000000
1710;-31.7498971342;4.91468411931;0.00000000000
1711;-33.0567411584;4.90191715949;0.00000000000
1712;-34.3774139433;4.86699599735;0.00000000000
1713;-35.7144478298;4.82747319435;0.00000000000
1714;-37.0609511297;4.79791758921;0.00000000000
1715;-38.4081482396;4.78052604235;0.00000000000
1716;-39.7546033125;4.77684763953;0.00000000000
1717;-41.0904667083;4.77945814933;0.00000000000
1718;-42.4180189920;4.78455406797;0.00000000000
1719;-43.7513353326;4.78459134133;0.00000000000
1720;-45.0846517900;4.78462787925;0.00000000000
;;;
NODE;X;Y;Z
1721;-46.4179677545;4.78466388418;0.00000000000
1722;-47.7512830348;4.78469986399;0.00000000000
1723;-49.0845977068;4.78473674321;0.00000000000
1724;-50.4179121648;4.78477593329;0.00000000000
1725;-51.7512272790;4.78481928033;0.00000000000
1726;-53.0845445225;4.78486879174;0.00000000000
1727;-54.4178659953;4.78492602935;0.00000000000
1728;-55.7511942221;4.78499108322;0.00000000000
1729;-57.0845316038;4.78506111340;0.00000000000
1730;-58.4178793798;4.78512860421;0.00000000000
1731;-59.7512360339;4.78517974126;0.00000000000
1732;-61.0845952416;4.78519363934;0.00000000000
1733;-62.4179436675;4.78514349551;0.00000000000
1734;-63.7512592597;4.78500101018;0.00000000000
1735;-65.0845111277;4.78474537601;0.00000000000
1736;-66.4176623833;4.78437757060;0.00000000000
1737;-67.7506774459;4.78393929680;0.00000000000
1738;-69.0835349294;4.78353361348;0.00000000000
1739;-70.4162461661;4.78334112575;0.00000000000
1740;-71.7488775669;4.78362210381;0.00000000000
;;;
NODE;X;Y;Z
1741;-73.0815724648;4.78469233346;0.00000000000
1742;-74.4145654075;4.78686082358;0.00000000000
1743;-75.7481801155;4.79032349996;0.00000000000
1744;-77.0828029565;4.79502137638;0.00000000000
1745;-78.4188285189;4.80049471554;0.00000000000
1746;-79.7565838050;4.80578927384;0.00000000000
1747;-81.0962510684;4.80947446636;0.00000000000
1748;-82.4378182035;4.80977717054;0.00000000000
1749;-83.7810709221;4.80471337798;0.00000000000
1750;-85.1273237596;4.78531267910;0.00000000000
1751;-86.4686223305;4.75019215293;0.00000000000
1752;-87.8099286190;4.71304889837;0.00000000000
1753;-89.1481004452;4.66290640446;0.00000000000
1754;-90.4899881563;4.59953928282;0.00000000000
1755;-91.8351283254;4.54082765950;0.00000000000
1756;-93.1896809065;4.52292847409;0.00000000000
1757;-94.5431812364;4.51899518204;0.00000000000
1758;-95.2204063353;3.89066195364;0.00000000000
1759;-20.5752244803;12.9836000157;0.00000000000
1760;-20.4121739062;13.9279707775;0.00000000000
;;;
NODE;X;Y;Z
1761;-16.5722432836;17.6318727100;0.00000000000
1762;-16.5091639687;18.6758046547;0.00000000000
1763;-11.4842358207;21.3473101057;0.00000000000
1764;-11.2292386360;22.2841279727;0.00000000000
1765;-95.2155783120;6.44300088042;0.00000000000
1766;-95.2264365347;7.71643253970;0.00000000000
1767;-95.2383760685;8.99458847152;0.00000000000
1768;-95.2433916594;10.2816733325;0.00000000000
1769;-95.2485832079;11.5948422591;0.00000000000
1770;-95.2522857119;12.9008887931;0.00000000000
1771;-95.2589345127;14.2146124537;0.00000000000
1772;-95.2593059937;15.5256883388;0.00000000000
1773;-95.2623089870;16.8431052897;0.00000000000
1774;-95.2629944392;18.1595095834;0.00000000000
1775;-95.2633276983;19.4753207062;0.00000000000
1776;-95.2634907767;20.7910943138;0.00000000000
1777;-95.2635290741;22.1066191087;0.00000000000
1778;-95.2633086590;23.4223407164;0.00000000000
1779;-95.2626941785;24.7379589367;0.00000000000
1780;-95.2615155778;26.0539760787;0.00000000000
;;;
NODE;X;Y;Z
1781;-95.2596774091;27.3701585015;0.00000000000
1782;-95.2571533102;28.6871054005;0.00000000000
1783;-95.2541160003;30.0046465638;0.00000000000
1784;-95.2508334852;31.3319364900;0.00000000000
1785;-95.2464072888;32.6502269320;0.00000000000
1786;-95.2462456387;33.9652594401;0.00000000000
1787;-95.2384744324;35.2921218130;0.00000000000
1788;-95.2408282600;36.6169742731;0.00000000000
1789;-95.2469884139;37.9446023487;0.00000000000
1790;-95.2892967735;39.2686049101;0.00000000000
1791;-95.3175674475;40.5992697998;0.00000000000
1792;-95.3532556707;41.9356701927;0.00000000000
1793;-95.3735093643;43.2825229836;0.00000000000
1794;-95.3736511889;44.6237795428;0.00000000000
1795;-94.7153835246;45.2918382178;0.00000000000
1796;-93.4191110194;45.2983815888;0.00000000000
1797;-92.1210213595;45.2951206901;0.00000000000
1798;-90.8233713639;45.2565975121;0.00000000000
1799;-89.5140624984;45.2412473564;0.00000000000
1800;-88.2098170173;45.2131822931;0.00000000000
;;;
NODE;X;Y;Z
1801;-86.9067837302;45.1970177933;0.00000000000
1802;-85.5910765712;45.2089834468;0.00000000000
1803;-84.2524775597;45.2227102817;0.00000000000
1804;-82.9138720493;45.2288110062;0.00000000000
1805;-81.5764232512;45.2241707754;0.00000000000
1806;-80.2414528271;45.2243299624;0.00000000000
1807;-78.9092745535;45.2244112223;0.00000000000
1808;-77.5745733072;45.2244489634;0.00000000000
1809;-76.2425232050;45.2244686800;0.00000000000
1810;-74.9078391413;45.2245001072;0.00000000000
1811;-73.5758216063;45.2245195825;0.00000000000
1812;-72.2411749470;45.2246537471;0.00000000000
1813;-70.9091293705;45.2247632171;0.00000000000
1814;-69.5744761504;45.2249737528;0.00000000000
1815;-68.2424097935;45.2251936919;0.00000000000
1816;-66.9075808807;45.2251593745;0.00000000000
1817;-65.5756324672;45.2250794212;0.00000000000
1818;-64.2407569188;45.2249689871;0.00000000000
1819;-62.9087648269;45.2247848580;0.00000000000
1820;-61.5738618708;45.2246764981;0.00000000000
;;;
NODE;X;Y;Z
1821;-60.2421554868;45.2254015974;0.00000000000
1822;-58.9070047336;45.2264151371;0.00000000000
1823;-57.5750894050;45.2269979697;0.00000000000
1824;-56.2406484442;45.2280894969;0.00000000000
1825;-54.9087769131;45.2290152447;0.00000000000
1826;-53.5751311200;45.2306400958;0.00000000000
1827;-52.2440213641;45.2337885397;0.00000000000
1828;-50.9129053992;45.2293620373;0.00000000000
1829;-49.5738518390;45.2234010541;0.00000000000
1830;-48.2485858445;45.2208131026;0.00000000000
1831;-46.9080670748;45.2257717458;0.00000000000
1832;-45.5785598291;45.2256514832;0.00000000000
1833;-44.2424591817;45.2278903344;0.00000000000
1834;-42.9125502097;45.2294689993;0.00000000000
1835;-41.5736834745;45.2235381431;0.00000000000
1836;-40.2483937225;45.2209747725;0.00000000000
1837;-38.9078878538;45.2259800491;0.00000000000
1838;-37.5783830093;45.2259177570;0.00000000000
1839;-36.2423330748;45.2283158123;0.00000000000
1840;-34.9123944924;45.2300750446;0.00000000000
;;;
NODE;X;Y;Z
1841;-33.5735531436;45.2242769084;0.00000000000
1842;-32.2482586878;45.2217498003;0.00000000000
1843;-30.9076285876;45.2265558791;0.00000000000
1844;-29.5779829612;45.2262193662;0.00000000000
1845;-28.2416767514;45.2281702431;0.00000000000
1846;-26.9082506985;45.2370392082;0.00000000000
1847;-25.5749857164;45.2375508419;0.00000000000
1848;-24.2395725063;45.2349270055;0.00000000000
1849;-22.9045856425;45.2311038380;0.00000000000
1850;-21.5686616734;45.2265567489;0.00000000000
1851;-20.2322877595;45.2161754492;0.00000000000
1852;-18.8974986249;45.2144430755;0.00000000000
1853;-17.5544613567;45.2185048902;0.00000000000
1854;-16.2098946139;45.2178547968;0.00000000000
1855;-14.8659582782;45.2207199789;0.00000000000
1856;-13.5206837141;45.2318361868;0.00000000000
1857;-12.1738532939;45.2632685399;0.00000000000
1858;-10.8318153589;45.2933065029;0.00000000000
1859;-9.48763399122;45.3279179158;0.00000000000
1860;-8.15421470225;45.3669620810;0.00000000000
;;;
NODE;X;Y;Z
1861;-6.80783187689;45.3935327933;0.00000000000
1862;-5.46133208699;45.4297687904;0.00000000000
1863;-5.46652000519;28.8391344395;0.00000000000
1864;-5.37916224239;30.1908407833;0.00000000000
1865;-5.28907653689;31.4984133859;0.00000000000
1866;-5.22727949925;32.7831189650;0.00000000000
1867;-5.22496943580;34.0690123317;0.00000000000
1868;-5.23970465188;35.3494463793;0.00000000000
1869;-5.26469635123;36.6198498892;0.00000000000
1870;-5.29985576717;37.8757960526;0.00000000000
1871;-5.34576261122;39.1240967812;0.00000000000
1872;-5.38999906707;40.3735207935;0.00000000000
1873;-5.43032973753;41.6287569869;0.00000000000
1874;-5.45843515207;42.8859146019;0.00000000000
1875;-5.46878108382;44.1464585420;0.00000000000
1876;-27.2307059684;5.68647354928;0.00000000000
1877;-28.5463624024;5.57966625781;0.00000000000
1878;-29.8077391969;5.59931231413;0.00000000000
1879;-31.0746730055;5.63021970985;0.00000000000
1880;-32.3599901147;5.64220554664;0.00000000000
;;;
NODE;X;Y;Z
1881;-33.6674721671;5.60647651305;0.00000000000
1882;-34.9964243384;5.55047406633;0.00000000000
1883;-36.3432372844;5.49872350620;0.00000000000
1884;-37.6957637574;5.46485192983;0.00000000000
1885;-39.0513237415;5.44940531965;0.00000000000
1886;-40.4003285956;5.44831466281;0.00000000000
1887;-41.7304231014;5.45600036841;0.00000000000
1888;-43.0579686105;5.46111373420;0.00000000000
1889;-44.3912781768;5.46116823003;0.00000000000
1890;-45.7245877135;5.46122186300;0.00000000000
1891;-47.0578965290;5.46127520112;0.00000000000
1892;-48.3912046032;5.46132930757;0.00000000000
1893;-49.7245123732;5.46138584423;0.00000000000
1894;-51.0578208264;5.46144703804;0.00000000000
1895;-52.3911316502;5.46151539804;0.00000000000
1896;-53.7244472641;5.46159304849;0.00000000000
1897;-55.0577705990;5.46168056583;0.00000000000
1898;-56.3911044763;5.46177529502;0.00000000000
1899;-57.7244504499;5.46186928377;0.00000000000
1900;-59.0578070215;5.46194727177;0.00000000000
;;;
NODE;X;Y;Z
1901;-60.3911673349;5.46198555908;0.00000000000
1902;-61.7245167254;5.46195295919;0.00000000000
1903;-63.0578308277;5.46181535469;0.00000000000
1904;-64.3910753994;5.46154536567;0.00000000000
1905;-65.7242093737;5.46113801006;0.00000000000
1906;-67.0571926968;5.46063170953;0.00000000000
1907;-68.3900000096;5.46013140018;0.00000000000
1908;-69.7226399738;5.45982698915;0.00000000000
1909;-71.0551779536;5.45999657960;0.00000000000
1910;-72.3877570462;5.46098121774;0.00000000000
1911;-73.7206098330;5.46311873260;0.00000000000
1912;-75.0540520311;5.46663166340;0.00000000000
1913;-76.3884511940;5.47148129950;0.00000000000
1914;-77.7241703901;5.47722660560;0.00000000000
1915;-79.0614988879;5.48295433671;0.00000000000
1916;-80.4005957779;5.48734646055;0.00000000000
1917;-81.7414758396;5.48886917859;0.00000000000
1918;-83.0840342750;5.48587629571;0.00000000000
1919;-84.4297525342;5.46953896564;0.00000000000
1920;-85.7773486302;5.43601656593;0.00000000000
;;;
NODE;X;Y;Z
1921;-87.1208662403;5.39248391962;0.00000000000
1922;-88.4615846662;5.34336664616;0.00000000000
1923;-89.8021261890;5.27882157992;0.00000000000
1924;-91.1479587583;5.21138028398;0.00000000000
1925;-92.5022742276;5.17459722195;0.00000000000
1926;-93.8601274538;5.16266841197;0.00000000000
1927;-23.3793899195;7.18288739578;0.00000000000
1928;-22.9011858146;8.81349483495;0.00000000000
1929;-22.2918274980;10.3941028283;0.00000000000
1930;-21.5326227745;11.8013670548;0.00000000000
1931;-18.6064322845;15.3375142896;0.00000000000
1932;-17.6463716072;16.5083479371;0.00000000000
1933;-14.1517943276;19.6395693715;0.00000000000
1934;-12.8466399700;20.5097689988;0.00000000000
1935;-94.5378484024;5.79351226138;0.00000000000
1936;-94.5385516989;7.06477300458;0.00000000000
1937;-94.5502098609;8.33503684346;0.00000000000
1938;-94.5662961762;9.61136356631;0.00000000000
1939;-94.5726939181;10.9119118888;0.00000000000
1940;-94.5736091367;12.2182322895;0.00000000000
;;;
NODE;X;Y;Z
1941;-94.5794649905;13.5228786553;0.00000000000
1942;-94.5833360307;14.8313426355;0.00000000000
1943;-94.5855713939;16.1429618647;0.00000000000
1944;-94.5888723284;17.4605497307;0.00000000000
1945;-94.5897608341;18.7768329716;0.00000000000
1946;-94.5901722553;20.0926369966;0.00000000000
1947;-94.5902729278;21.4082189858;0.00000000000
1948;-94.5899790789;22.7237838168;0.00000000000
1949;-94.5890578414;24.0394849645;0.00000000000
1950;-94.5872685918;25.3555179020;0.00000000000
1951;-94.5844424734;26.6721178019;0.00000000000
1952;-94.5805825017;27.9895741832;0.00000000000
1953;-94.5759723769;29.3081824455;0.00000000000
1954;-94.5711687646;30.6367205374;0.00000000000
1955;-94.5655792507;31.9653044700;0.00000000000
1956;-94.5635918920;33.2805516420;0.00000000000
1957;-94.5583525522;34.6028457772;0.00000000000
1958;-94.5549460502;35.9329705533;0.00000000000
1959;-94.5635199628;37.2615122251;0.00000000000
1960;-94.5975173131;38.5880180860;0.00000000000
;;;
NODE;X;Y;Z
1961;-94.6469158107;39.9175568641;0.00000000000
1962;-94.6870594155;41.2579257676;0.00000000000
1963;-94.7144823616;42.6044395337;0.00000000000
1964;-94.7226149083;43.9507235657;0.00000000000
1965;-94.0778403249;44.6244459553;0.00000000000
1966;-92.7879754285;44.6283623592;0.00000000000
1967;-91.5001509935;44.6011345786;0.00000000000
1968;-90.2011967191;44.5694567337;0.00000000000
1969;-88.8988669260;44.5430941746;0.00000000000
1970;-87.6042972261;44.5099876862;0.00000000000
1971;-86.3034611981;44.5094114606;0.00000000000
1972;-84.9780672175;44.5291822749;0.00000000000
1973;-83.6341104090;44.5450927904;0.00000000000
1974;-82.2967424328;44.5505562621;0.00000000000
1975;-80.9619716126;44.5516727779;0.00000000000
1976;-79.6281813340;44.5518940726;0.00000000000
1977;-78.2946440833;44.5519959715;0.00000000000
1978;-76.9612344606;44.5520366833;0.00000000000
1979;-75.6278419267;44.5520713189;0.00000000000
1980;-74.2944819385;44.5521059158;0.00000000000
;;;
NODE;X;Y;Z
1981;-72.9611593611;44.5522434222;0.00000000000
1982;-71.6278087872;44.5524710631;0.00000000000
1983;-70.2944517617;44.5527751695;0.00000000000
1984;-68.9610741535;44.5531897673;0.00000000000
1985;-67.6275211287;44.5533594537;0.00000000000
1986;-66.2940863396;44.5532291371;0.00000000000
1987;-64.9606051604;44.5530225730;0.00000000000
1988;-63.6270804901;44.5527116942;0.00000000000
1989;-62.2935285610;44.5524027408;0.00000000000
1990;-60.9602624678;44.5530028490;0.00000000000
1991;-59.6267486891;44.5547246667;0.00000000000
1992;-58.2930260560;44.5563039999;0.00000000000
1993;-56.9600132799;44.5579610766;0.00000000000
1994;-55.6270443366;44.5599608093;0.00000000000
1995;-54.2948705610;44.5624936230;0.00000000000
1996;-52.9634585316;44.5672489667;0.00000000000
1997;-51.6345763030;44.5659529551;0.00000000000
1998;-50.2977503147;44.5555477988;0.00000000000
1999;-48.9667745314;44.5469818927;0.00000000000
2000;-47.6343341321;44.5493368306;0.00000000000
;;;
NODE;X;Y;Z
2001;-46.2976536520;44.5541611864;0.00000000000
2002;-44.9653932592;44.5562677560;0.00000000000
2003;-43.6327340355;44.5600749236;0.00000000000
2004;-42.2973124693;44.5557125595;0.00000000000
2005;-40.9665142034;44.5472050173;0.00000000000
2006;-39.6340800294;44.5496246972;0.00000000000
2007;-38.2974310435;44.5545280217;0.00000000000
2008;-36.9652322077;44.5567959010;0.00000000000
2009;-35.6325838070;44.5608459267;0.00000000000
2010;-34.2971139694;44.5566528717;0.00000000000
2011;-32.9662410967;44.5481293662;0.00000000000
2012;-31.6335156975;44.5501883221;0.00000000000
2013;-30.2963658098;44.5544689640;0.00000000000
2014;-28.9634740745;44.5560187530;0.00000000000
2015;-27.6267740108;44.5670363761;0.00000000000
2016;-26.2931697892;44.5770521454;0.00000000000
2017;-24.9577724933;44.5761974630;0.00000000000
2018;-23.6210490137;44.5717729805;0.00000000000
2019;-22.2844669766;44.5662129919;0.00000000000
2020;-20.9474380459;44.5546928153;0.00000000000
;;;
NODE;X;Y;Z
2021;-19.6127650963;44.5461005104;0.00000000000
2022;-18.2728806783;44.5512528112;0.00000000000
2023;-16.9248241969;44.5557124660;0.00000000000
2024;-15.5775673734;44.5560212177;0.00000000000
2025;-14.2313960874;44.5640018269;0.00000000000
2026;-12.8846296159;44.5868320872;0.00000000000
2027;-11.5377954959;44.6176051345;0.00000000000
2028;-10.1868380146;44.6476526261;0.00000000000
2029;-8.84648519544;44.6820065703;0.00000000000
2030;-7.50581711620;44.7171558166;0.00000000000
2031;-6.14988679793;44.7564902365;0.00000000000
2032;-5.63232169002;27.4536502557;0.00000000000
2033;-6.14758961097;28.2559695117;0.00000000000
2034;-6.01325965025;29.6060240583;0.00000000000
2035;-5.92743957928;30.9269289238;0.00000000000
2036;-5.84455964929;32.2062696017;0.00000000000
2037;-5.83782153494;33.4901630526;0.00000000000
2038;-5.86052241902;34.7614905020;0.00000000000
2039;-5.89394844450;36.0172215007;0.00000000000
2040;-5.93317199615;37.2614081204;0.00000000000
;;;
NODE;X;Y;Z
2041;-5.97929432014;38.4938662279;0.00000000000
2042;-6.04003459923;39.7263956495;0.00000000000
2043;-6.08957439381;40.9775286873;0.00000000000
2044;-6.13252694992;42.2288338738;0.00000000000
2045;-6.14832523734;43.4898959133;0.00000000000
2046;-26.7866411371;6.31504238269;0.00000000000
2047;-27.9386313951;6.24166998071;0.00000000000
2048;-29.1389647053;6.32679402225;0.00000000000
2049;-30.3842370545;6.38503961422;0.00000000000
2050;-31.6562344014;6.41091291287;0.00000000000
2051;-32.9430689423;6.37653082033;0.00000000000
2052;-34.2699307996;6.29167961073;0.00000000000
2053;-35.6076778879;6.22511200868;0.00000000000
2054;-36.9688280318;6.15812586333;0.00000000000
2055;-38.3304535865;6.12490731933;0.00000000000
2056;-39.6958511675;6.11213765218;0.00000000000
2057;-41.0349385965;6.11834477077;0.00000000000
2058;-42.3611319250;6.12863506280;0.00000000000
2059;-43.6938239426;6.12743456025;0.00000000000
2060;-45.0332775652;6.12184282079;0.00000000000
;;;
NODE;X;Y;Z
2061;-46.3671946045;6.12015641799;0.00000000000
2062;-47.7009653119;6.11961877156;0.00000000000
2063;-49.0345963491;6.12063355885;0.00000000000
2064;-50.3711443706;6.11996388046;0.00000000000
2065;-51.7046345796;6.11775124503;0.00000000000
2066;-53.0330457734;6.12077480953;0.00000000000
2067;-54.3674771497;6.12007727700;0.00000000000
2068;-55.7048478804;6.12069331349;0.00000000000
2069;-57.0362330125;6.12357130141;0.00000000000
2070;-58.3681091769;6.12436550288;0.00000000000
2071;-59.7050025431;6.12490143418;0.00000000000
2072;-61.0391914741;6.12378404646;0.00000000000
2073;-62.3720301182;6.12650992494;0.00000000000
2074;-63.7053242610;6.12748796779;0.00000000000
2075;-65.0383067421;6.12678235295;0.00000000000
2076;-66.3725603019;6.12685944016;0.00000000000
2077;-67.7040291026;6.12702849584;0.00000000000
2078;-69.0341270049;6.12901388010;0.00000000000
2079;-70.3691687301;6.12624520754;0.00000000000
2080;-71.7034182515;6.12592411198;0.00000000000
;;;
NODE;X;Y;Z
2081;-73.0339062433;6.12565433064;0.00000000000
2082;-74.3650663276;6.12590630641;0.00000000000
2083;-75.6967446948;6.12635982425;0.00000000000
2084;-77.0346693853;6.12979997717;0.00000000000
2085;-78.3706056140;6.13169239411;0.00000000000
2086;-79.7106293259;6.13621657346;0.00000000000
2087;-81.0511336321;6.13756243995;0.00000000000
2088;-82.3918139642;6.13311793031;0.00000000000
2089;-83.7397349262;6.12269045589;0.00000000000
2090;-85.0861863951;6.09864482914;0.00000000000
2091;-86.4344402005;6.06352108499;0.00000000000
2092;-87.7737919408;6.01737520773;0.00000000000
2093;-89.1152000249;5.96435426337;0.00000000000
2094;-90.4602481502;5.89251610714;0.00000000000
2095;-91.8116989465;5.82652912540;0.00000000000
2096;-93.1751015068;5.80275929016;0.00000000000
2097;-24.3485713566;6.55724200699;0.00000000000
2098;-19.6582438160;15.1137464661;0.00000000000
2099;-20.5224909371;14.9004722070;0.00000000000
2100;-18.7486934271;16.3430786256;0.00000000000
;;;
NODE;X;Y;Z
2101;-17.6854999958;17.5445763766;0.00000000000
2102;-15.2578688141;19.7303970275;0.00000000000
2103;-16.3713181919;19.7239509448;0.00000000000
2104;-13.9522807228;20.6622294222;0.00000000000
2105;-12.6109980501;21.4865740178;0.00000000000
2106;-12.1016491622;23.2982324805;0.00000000000
2107;-9.86480900913;23.1930925034;0.00000000000
2108;-10.9979499931;23.2449729828;0.00000000000
2109;-7.69846052367;24.6638597583;0.00000000000
2110;-8.67697726434;23.2526257686;0.00000000000
2111;-8.06624552257;25.8064133754;0.00000000000
2112;-93.8528224554;6.43360313956;0.00000000000
2113;-93.8532451936;7.70631022460;0.00000000000
2114;-93.8650932766;8.97568897263;0.00000000000
2115;-93.8856849634;10.2555772104;0.00000000000
2116;-93.8933491592;11.5539237103;0.00000000000
2117;-93.9027665567;12.8488612216;0.00000000000
2118;-93.9142850911;14.1497232536;0.00000000000
2119;-93.9140614460;15.4544432302;0.00000000000
2120;-93.9272153064;16.7672133663;0.00000000000
;;;
NODE;X;Y;Z
2121;-93.9278694104;18.0841591411;0.00000000000
2122;-93.9312761762;19.3945441015;0.00000000000
2123;-93.9298456150;20.7068655430;0.00000000000
2124;-93.9263076573;22.0196393894;0.00000000000
2125;-93.9232927698;23.3323621353;0.00000000000
2126;-93.9231170013;24.6459337356;0.00000000000
2127;-93.9248569072;25.9630649066;0.00000000000
2128;-93.9253699896;27.2848247476;0.00000000000
2129;-93.9221070671;28.6085438631;0.00000000000
2130;-93.9055418986;29.9411005202;0.00000000000
2131;-93.8812774370;31.2825101597;0.00000000000
2132;-93.8614500467;32.6084648344;0.00000000000
2133;-93.8562750684;33.9274367192;0.00000000000
2134;-93.8529701230;35.2653046642;0.00000000000
2135;-93.8388592356;36.5943603270;0.00000000000
2136;-93.8692070840;37.9210903330;0.00000000000
2137;-93.9551726176;39.2479501121;0.00000000000
2138;-94.0241149345;40.5768299664;0.00000000000
2139;-94.0806546482;41.9383851496;0.00000000000
2140;-94.0860775783;43.2837088210;0.00000000000
;;;
NODE;X;Y;Z
2141;-93.4413029948;43.9574312106;0.00000000000
2142;-92.1696589255;43.9756869888;0.00000000000
2143;-89.5652127699;43.8964819221;0.00000000000
2144;-87.0294924928;43.7898556536;0.00000000000
2145;-84.3517849021;43.8689401227;0.00000000000
2146;-81.6786393363;43.8949928246;0.00000000000
2147;-79.0123275701;43.8964576201;0.00000000000
2148;-76.3468237115;43.8920408403;0.00000000000
2149;-73.6808408022;43.8906939652;0.00000000000
2150;-71.0140968647;43.8811843560;0.00000000000
2151;-68.3469183951;43.8832034933;0.00000000000
2152;-65.6794197227;43.8902270765;0.00000000000
2153;-63.0127481676;43.8817164474;0.00000000000
2154;-60.3455068855;43.8819992580;0.00000000000
2155;-57.6778786634;43.8849035359;0.00000000000
2156;-55.0120573347;43.8992081852;0.00000000000
2157;-52.3505004915;43.9181911001;0.00000000000
2158;-49.6812710416;43.8986481680;0.00000000000
2159;-47.0152024604;43.9068039821;0.00000000000
2160;-44.3492411449;43.9127991218;0.00000000000
;;;
NODE;X;Y;Z
2161;-41.6809529778;43.8989302222;0.00000000000
2162;-39.0148882031;43.9045289016;0.00000000000
2163;-36.3505909278;43.9110454388;0.00000000000
2164;-33.6807018756;43.9000741602;0.00000000000
2165;-31.0132759384;43.9057272769;0.00000000000
2166;-28.3473888188;43.9104328813;0.00000000000
2167;-25.6797139020;43.9287731767;0.00000000000
2168;-23.0038610038;43.9203549399;0.00000000000
2169;-20.3278309728;43.8862253223;0.00000000000
2170;-17.6392901511;43.8744455730;0.00000000000
2171;-14.9467554747;43.8808181343;0.00000000000
2172;-12.2437119868;43.9353470074;0.00000000000
2173;-9.53744214880;44.0056621814;0.00000000000
2174;-6.82943095145;44.0999276078;0.00000000000
2175;-5.88601688659;26.0098364367;0.00000000000
2176;-6.69432925604;29.0228591305;0.00000000000
2177;-6.56153698714;30.3421121988;0.00000000000
2178;-6.48292269167;31.6347851396;0.00000000000
2179;-6.45510168498;32.9133136893;0.00000000000
2180;-6.47337451816;34.1826412229;0.00000000000
;;;
NODE;X;Y;Z
2181;-6.51476621163;35.4292656235;0.00000000000
2182;-6.56242408942;36.6587797319;0.00000000000
2183;-6.61261054911;37.8794782957;0.00000000000
2184;-6.67356630815;39.0961650962;0.00000000000
2185;-6.73960992598;40.3304035433;0.00000000000
2186;-6.79177160619;41.5776055742;0.00000000000
2187;-6.82241703518;42.8328151852;0.00000000000
2188;-27.4945665638;6.87023881411;0.00000000000
2189;-28.5312336980;6.98879774515;0.00000000000
2190;-29.7154625628;7.11252132234;0.00000000000
2191;-30.9657984503;7.16573281723;0.00000000000
2192;-32.2393132289;7.14523818655;0.00000000000
2193;-33.5455275747;7.06173391802;0.00000000000
2194;-34.8811843491;6.96631755309;0.00000000000
2195;-36.2332686354;6.88451436581;0.00000000000
2196;-37.6035178610;6.81818125283;0.00000000000
2197;-38.9749810125;6.78763965186;0.00000000000
2198;-40.3304611684;6.78216776013;0.00000000000
2199;-41.6656474201;6.79097946516;0.00000000000
2200;-42.9969872571;6.79495588884;0.00000000000
;;;
NODE;X;Y;Z
2201;-44.3358233309;6.78810915100;0.00000000000
2202;-45.6758844562;6.78077737578;0.00000000000
2203;-47.0102633875;6.77849998844;0.00000000000
2204;-48.3443570578;6.77892302284;0.00000000000
2205;-49.6812283465;6.77921159509;0.00000000000
2206;-51.0179581238;6.77626808745;0.00000000000
2207;-52.3465487029;6.77701065653;0.00000000000
2208;-53.6760756590;6.77925903804;0.00000000000
2209;-55.0145544311;6.77909002465;0.00000000000
2210;-56.3499764165;6.78248931988;0.00000000000
2211;-57.6798917394;6.78606752052;0.00000000000
2212;-59.0153046985;6.78731966529;0.00000000000
2213;-60.3530266823;6.78669992155;0.00000000000
2214;-61.6867048669;6.78834101221;0.00000000000
2215;-63.0195235514;6.79218253804;0.00000000000
2216;-64.3525556037;6.79272495506;0.00000000000
2217;-65.6866576702;6.79250378305;0.00000000000
2218;-67.0193967077;6.79325622647;0.00000000000
2219;-68.3481560979;6.79591097576;0.00000000000
2220;-69.6806557612;6.79543209848;0.00000000000
;;;
NODE;X;Y;Z
2221;-71.0174090281;6.79217273991;0.00000000000
2222;-72.3495674486;6.79059722488;0.00000000000
2223;-73.6783627379;6.78844190445;0.00000000000
2224;-75.0077589913;6.78563446726;0.00000000000
2225;-76.3429628862;6.78467850192;0.00000000000
2226;-77.6811046091;6.78426576568;0.00000000000
2227;-79.0197360519;6.78495463086;0.00000000000
2228;-80.3611671801;6.78643255286;0.00000000000
2229;-81.7014717567;6.78181119167;0.00000000000
2230;-83.0475146154;6.76993209050;0.00000000000
2231;-84.3961687872;6.75179631939;0.00000000000
2232;-85.7432779654;6.72614934820;0.00000000000
2233;-87.0873659010;6.68841237309;0.00000000000
2234;-88.4274072994;6.63836282494;0.00000000000
2235;-89.7733219861;6.57804879059;0.00000000000
2236;-91.1239883384;6.50766494855;0.00000000000
2237;-19.8005049586;16.1193108020;0.00000000000
2238;-18.7878218156;17.3793070650;0.00000000000
2239;-15.0583552092;20.7530570782;0.00000000000
2240;-13.7166388029;21.6390344412;0.00000000000
;;;
NODE;X;Y;Z
2241;-93.1675159502;7.07514035958;0.00000000000
2242;-93.1681286093;8.34696235377;0.00000000000
2243;-93.1844820638;9.61990261670;0.00000000000
2244;-93.2063402046;10.8975890318;0.00000000000
2245;-93.2225065793;12.1845526424;0.00000000000
2246;-93.2375866573;13.4757058198;0.00000000000
2247;-93.2450105064;14.7728238483;0.00000000000
2248;-93.2557053586;16.0786947319;0.00000000000
2249;-93.2662123885;17.3908227767;0.00000000000
2250;-93.2693847525;18.7018702711;0.00000000000
2251;-93.2709495359;20.0087726479;0.00000000000
2252;-93.2658803445;21.3182859465;0.00000000000
2253;-93.2596213482;22.6282177079;0.00000000000
2254;-93.2573519298;23.9388109064;0.00000000000
2255;-93.2607053168;25.2534807402;0.00000000000
2256;-93.2657844234;26.5757718522;0.00000000000
2257;-93.2668945550;27.9037944275;0.00000000000
2258;-93.2516765888;29.2414619378;0.00000000000
2259;-93.2156505710;30.5868901425;0.00000000000
2260;-93.1771482331;31.9256705241;0.00000000000
;;;
NODE;X;Y;Z
2261;-93.1541332231;33.2553499115;0.00000000000
2262;-93.1508926392;34.5898956062;0.00000000000
2263;-93.1368833085;35.9266944380;0.00000000000
2264;-93.1445463568;37.2539384349;0.00000000000
2265;-93.2268623885;38.5810223591;0.00000000000
2266;-93.3323717414;39.9072232143;0.00000000000
2267;-93.4177101673;41.2572893483;0.00000000000
2268;-92.2147470693;42.6660024437;0.00000000000
2269;-6.91415664720;27.6648478048;0.00000000000
2270;-6.39888872624;26.8625285487;0.00000000000
2271;-7.20959627116;29.8116318370;0.00000000000
2272;-7.09557944794;31.0937688907;0.00000000000
2273;-7.05535090272;32.3650333572;0.00000000000
2274;-7.06941253322;33.6254314020;0.00000000000
2275;-7.13095918401;34.8666354805;0.00000000000
2276;-7.20157316341;36.0797959760;0.00000000000
2277;-7.25755744726;37.2756540933;0.00000000000
2278;-7.31998377197;38.4812479528;0.00000000000
2279;-7.39188096448;39.6870621277;0.00000000000
2280;-7.45349755968;40.9318807818;0.00000000000
;;;
NODE;X;Y;Z
2281;-26.6649207542;7.36884357213;0.00000000000
2282;-27.7729243876;7.69470579697;0.00000000000
2283;-28.9879932273;7.84148376503;0.00000000000
2284;-30.2370389399;7.96573606246;0.00000000000
2285;-31.4910426911;8.04552462876;0.00000000000
2286;-32.7782936132;7.95117470492;0.00000000000
2287;-34.1209120519;7.76660784691;0.00000000000
2288;-35.4861859065;7.61356742330;0.00000000000
2289;-36.8649372366;7.51619415061;0.00000000000
2290;-38.2438767933;7.46646833500;0.00000000000
2291;-39.6161173127;7.45142167432;0.00000000000
2292;-40.9579107092;7.45937031388;0.00000000000
2293;-42.2921255634;7.46439534646;0.00000000000
2294;-43.6288723410;7.45960465431;0.00000000000
2295;-44.9701991562;7.44940734825;0.00000000000
2296;-46.3071507884;7.44388725268;0.00000000000
2297;-47.6419526538;7.44228566584;0.00000000000
2298;-48.9808646828;7.44065011913;0.00000000000
2299;-50.3201076577;7.44003411639;0.00000000000
2300;-51.6465209208;7.44108344669;0.00000000000
;;;
NODE;X;Y;Z
2301;-52.9741054431;7.44149410384;0.00000000000
2302;-54.3085443870;7.43752946001;0.00000000000
2303;-55.6456729845;7.44350893348;0.00000000000
2304;-56.9832390464;7.44810248478;0.00000000000
2305;-58.3156242941;7.45122527849;0.00000000000
2306;-59.6500181768;7.45132380830;0.00000000000
2307;-60.9838686497;7.45518576086;0.00000000000
2308;-62.3166557870;7.45906538328;0.00000000000
2309;-63.6504625405;7.46189016625;0.00000000000
2310;-64.9879084339;7.46084123256;0.00000000000
2311;-66.3212305754;7.46635679067;0.00000000000
2312;-67.6537044255;7.46625074903;0.00000000000
2313;-68.9829973203;7.46758788985;0.00000000000
2314;-70.3238405958;7.46008827117;0.00000000000
2315;-71.6572311468;7.45759346461;0.00000000000
2316;-72.9884728939;7.45311189525;0.00000000000
2317;-74.3174696271;7.45023337719;0.00000000000
2318;-75.6456217862;7.44298405140;0.00000000000
2319;-76.9827576046;7.43439400472;0.00000000000
2320;-78.3229330889;7.43150905294;0.00000000000
;;;
NODE;X;Y;Z
2321;-79.6629327718;7.42507936128;0.00000000000
2322;-81.0054262385;7.42202544964;0.00000000000
2323;-82.3486268244;7.40524997369;0.00000000000
2324;-83.6999804321;7.38559369407;0.00000000000
2325;-85.0459856949;7.36484166768;0.00000000000
2326;-86.3963524445;7.33825119128;0.00000000000
2327;-87.7372251210;7.29741277638;0.00000000000
2328;-89.0824633474;7.24443035706;0.00000000000
2329;-90.4381397020;7.17985707205;0.00000000000
2330;-91.7955881595;7.10774573718;0.00000000000
2331;-20.9182082328;15.7126284757;0.00000000000
2332;-19.9429853027;17.1331381146;0.00000000000
2333;-18.7942143652;18.4422007385;0.00000000000
2334;-12.7676484781;24.3297011101;0.00000000000
2335;-10.7917754538;24.1230265157;0.00000000000
2336;-11.8954746229;24.1762860133;0.00000000000
2337;-8.64288402957;24.3211770227;0.00000000000
2338;-9.83071577435;24.2616437576;0.00000000000
2339;-92.4834222896;8.99844154178;0.00000000000
2340;-92.5077270673;10.2653277446;0.00000000000
;;;
NODE;X;Y;Z
2341;-92.5306856879;11.5353711446;0.00000000000
2342;-92.5523568358;12.8095594545;0.00000000000
2343;-92.5741505172;14.0952583074;0.00000000000
2344;-92.5862343483;15.3925635339;0.00000000000
2345;-92.6037415103;16.6910262230;0.00000000000
2346;-92.6065502655;17.9995690850;0.00000000000
2347;-92.6135288352;19.3012644749;0.00000000000
2348;-92.6054981716;20.6040916944;0.00000000000
2349;-92.5884946600;21.9092376312;0.00000000000
2350;-92.5754813719;23.2161737008;0.00000000000
2351;-92.5794638712;24.5223344876;0.00000000000
2352;-92.5968817805;25.8409970484;0.00000000000
2353;-92.6127338907;27.1742175328;0.00000000000
2354;-92.6147148011;28.5216556126;0.00000000000
2355;-92.5693912569;29.8745980754;0.00000000000
2356;-92.4937249882;31.2310089746;0.00000000000
2357;-92.4132848937;32.5706935135;0.00000000000
2358;-92.3705294896;33.8969681030;0.00000000000
2359;-92.3711374985;35.2396126542;0.00000000000
2360;-92.3665673660;36.5956077704;0.00000000000
;;;
NODE;X;Y;Z
2361;-92.4489257002;37.9374722577;0.00000000000
2362;-92.6155884675;39.2733722393;0.00000000000
2363;-92.7755027389;40.6165184452;0.00000000000
2364;-91.5526906586;43.3251523417;0.00000000000
2365;-89.6735576522;42.6326323952;0.00000000000
2366;-88.9603681062;43.1709671194;0.00000000000
2367;-87.0928693459;42.4254717196;0.00000000000
2368;-86.4190849034;43.1273570954;0.00000000000
2369;-84.4213903749;42.5444324350;0.00000000000
2370;-83.7293039651;43.2088619893;0.00000000000
2371;-81.7672738037;42.5866609258;0.00000000000
2372;-81.0614516824;43.2410173992;0.00000000000
2373;-79.1119594561;42.5888653639;0.00000000000
2374;-78.3964131070;43.2384358144;0.00000000000
2375;-76.4520560104;42.5708417092;0.00000000000
2376;-75.7318526387;43.2308459105;0.00000000000
2377;-73.7865978481;42.5671344432;0.00000000000
2378;-73.0662347862;43.2298273560;0.00000000000
2379;-71.1188901253;42.5597388579;0.00000000000
2380;-70.3976601404;43.2154728973;0.00000000000
;;;
NODE;X;Y;Z
2381;-68.4508157988;42.5681140840;0.00000000000
2382;-67.7301974861;43.2187434853;0.00000000000
2383;-65.7820858251;42.5803043733;0.00000000000
2384;-65.0621185928;43.2247714312;0.00000000000
2385;-63.1154756754;42.5618680554;0.00000000000
2386;-62.3955110765;43.2144670465;0.00000000000
2387;-60.4481915611;42.5590928072;0.00000000000
2388;-59.7257772474;43.2137635171;0.00000000000
2389;-57.7804022144;42.5649810641;0.00000000000
2390;-57.0586757771;43.2180437150;0.00000000000
2391;-55.1148909230;42.5887222041;0.00000000000
2392;-54.3973906494;43.2490024559;0.00000000000
2393;-52.4521260603;42.6165562630;0.00000000000
2394;-51.7349355150;43.2617646020;0.00000000000
2395;-49.7889729296;42.6057774340;0.00000000000
2396;-49.0679187568;43.2524153486;0.00000000000
2397;-47.1248122431;42.6106331153;0.00000000000
2398;-46.4029635458;43.2622125257;0.00000000000
2399;-44.4558685328;42.6206339099;0.00000000000
2400;-43.7350302614;43.2623562092;0.00000000000
;;;
NODE;X;Y;Z
2401;-41.7893220421;42.6052222876;0.00000000000
2402;-41.0675042672;43.2527209297;0.00000000000
2403;-39.1247389565;42.6038014082;0.00000000000
2404;-38.4029400719;43.2559068777;0.00000000000
2405;-36.4579275803;42.6140386969;0.00000000000
2406;-35.7363172472;43.2610225621;0.00000000000
2407;-33.7904814427;42.6059845653;0.00000000000
2408;-33.0671924239;43.2539748522;0.00000000000
2409;-31.1223792586;42.6061839456;0.00000000000
2410;-30.4004413719;43.2564288717;0.00000000000
2411;-28.4553853281;42.6118938564;0.00000000000
2412;-27.7339162694;43.2678220088;0.00000000000
2413;-25.7858575848;42.6307749517;0.00000000000
2414;-25.0634543640;43.2792539297;0.00000000000
2415;-23.1107430552;42.6238781023;0.00000000000
2416;-22.3852507923;43.2642480865;0.00000000000
2417;-20.4291396733;42.5766337881;0.00000000000
2418;-19.6991087063;43.2185307189;0.00000000000
2419;-17.7184111854;42.5077649273;0.00000000000
2420;-17.0078848589;43.1897768639;0.00000000000
;;;
NODE;X;Y;Z
2421;-14.3066870783;43.2209096128;0.00000000000
2422;-12.3076431386;42.6069859675;0.00000000000
2423;-11.5975779483;43.2866149573;0.00000000000
2424;-9.56826857082;42.7173877471;0.00000000000
2425;-8.88260563077;43.3794596287;0.00000000000
2426;-7.74363873196;30.5632885289;0.00000000000
2427;-7.66800765899;31.8240171084;0.00000000000
2428;-7.66966175097;33.0771510700;0.00000000000
2429;-7.72699719908;34.3094256597;0.00000000000
2430;-7.81776613578;35.5171658331;0.00000000000
2431;-7.89670652125;36.6966703374;0.00000000000
2432;-7.96493067012;37.8774237504;0.00000000000
2433;-8.03829842830;39.0721449843;0.00000000000
2434;-8.10576859818;40.2885393662;0.00000000000
2435;-26.9432785781;8.19331055499;0.00000000000
2436;-28.2296839169;8.54739181685;0.00000000000
2437;-29.5095696043;8.69469850516;0.00000000000
2438;-30.7622831806;8.84552787399;0.00000000000
2439;-32.0300230754;8.85146114712;0.00000000000
2440;-33.3536780905;8.65604863380;0.00000000000
;;;
NODE;X;Y;Z
2441;-34.7259136094;8.41385771712;0.00000000000
2442;-36.1178545078;8.24524720810;0.00000000000
2443;-37.5052961689;8.16448123279;0.00000000000
2444;-38.8850130935;8.13025035746;0.00000000000
2445;-40.2435668535;8.12862422806;0.00000000000
2446;-41.5843888525;8.13278619517;0.00000000000
2447;-42.9240106474;8.12904411192;0.00000000000
2448;-44.2632481664;8.12090285156;0.00000000000
2449;-45.6014654885;8.11251722516;0.00000000000
2450;-46.9388400548;8.10767293009;0.00000000000
2451;-48.2784602788;8.10401276213;0.00000000000
2452;-49.6197439940;8.10147264044;0.00000000000
2453;-50.9486704547;8.10484947564;0.00000000000
2454;-52.2740776609;8.10556689400;0.00000000000
2455;-53.6065741710;8.09976452581;0.00000000000
2456;-54.9396629404;8.10194836884;0.00000000000
2457;-56.2789356144;8.10912209838;0.00000000000
2458;-57.6189716011;8.11326024276;0.00000000000
2459;-58.9503377724;8.11522942150;0.00000000000
2460;-60.2808601442;8.11980964761;0.00000000000
;;;
NODE;X;Y;Z
2461;-61.6138195698;8.12591013193;0.00000000000
2462;-62.9475947760;8.12877301149;0.00000000000
2463;-64.2858153706;8.13000644375;0.00000000000
2464;-65.6224813390;8.13469424018;0.00000000000
2465;-66.9555382932;8.13935131323;0.00000000000
2466;-68.2885456478;8.13792766312;0.00000000000
2467;-69.6261821549;8.13224406253;0.00000000000
2468;-70.9636627146;8.12550899587;0.00000000000
2469;-72.2961365921;8.12010813498;0.00000000000
2470;-73.6275797831;8.11490336799;0.00000000000
2471;-74.9553324220;8.10758296133;0.00000000000
2472;-76.2854165046;8.09269955420;0.00000000000
2473;-77.6245860844;8.08163729198;0.00000000000
2474;-78.9661298088;8.07163378336;0.00000000000
2475;-80.3071918302;8.06067225806;0.00000000000
2476;-81.6525813061;8.04546423167;0.00000000000
2477;-83.0010926411;8.02091157727;0.00000000000
2478;-84.3497973399;7.99863904236;0.00000000000
2479;-85.6990601740;7.97694351076;0.00000000000
2480;-87.0462116645;7.94725159457;0.00000000000
;;;
NODE;X;Y;Z
2481;-88.3922811690;7.90348030851;0.00000000000
2482;-89.7472810634;7.84623863853;0.00000000000
2483;-91.1097395231;7.77993786068;0.00000000000
2484;-92.4785778840;7.72819490314;0.00000000000
2485;-24.1904746902;9.57367191590;0.00000000000
2486;-23.5421129426;11.3279043320;0.00000000000
2487;-22.7237506102;13.0758425890;0.00000000000
2488;-21.0606885769;16.7264557883;0.00000000000
2489;-19.9493778523;18.1960317882;0.00000000000
2490;-18.7019295604;19.5263327154;0.00000000000
2491;-91.8066672931;9.64386666968;0.00000000000
2492;-91.8320725506;10.9031098574;0.00000000000
2493;-91.8605359444;12.1603779568;0.00000000000
2494;-91.8889206956;13.4291119421;0.00000000000
2495;-91.9153743591;14.7149979930;0.00000000000
2496;-91.9342705001;16.0048950251;0.00000000000
2497;-91.9440793873;17.2997725313;0.00000000000
2498;-91.9506943482;18.5989632888;0.00000000000
2499;-91.9480774709;19.8965835214;0.00000000000
2500;-91.9281124871;21.1950433791;0.00000000000
;;;
NODE;X;Y;Z
2501;-91.9043546837;22.4971936242;0.00000000000
2502;-91.8975933133;23.7996972820;0.00000000000
2503;-91.9156403349;25.1098507958;0.00000000000
2504;-91.9438312478;26.4394427289;0.00000000000
2505;-91.9605541368;27.7920787179;0.00000000000
2506;-91.9324294693;29.1547917502;0.00000000000
2507;-91.8474656742;30.5187169075;0.00000000000
2508;-91.7298616488;31.8760319640;0.00000000000
2509;-91.6296811602;33.2123117050;0.00000000000
2510;-91.5907743489;34.5466851510;0.00000000000
2511;-91.6008215560;35.9085259867;0.00000000000
2512;-91.6709467094;37.2791415932;0.00000000000
2513;-91.8376517792;38.6298221379;0.00000000000
2514;-92.0587194650;39.9826674701;0.00000000000
2515;-7.67610990335;27.1858534610;0.00000000000
2516;-7.90384627387;29.3021554948;0.00000000000
2517;-8.39730782458;30.0898456584;0.00000000000
2518;-8.26636174568;31.3116891570;0.00000000000
2519;-8.24071328151;32.5478531294;0.00000000000
2520;-8.30643557083;33.7794436606;0.00000000000
;;;
NODE;X;Y;Z
2521;-8.43764103827;34.9912134799;0.00000000000
2522;-8.57117230506;36.1595182599;0.00000000000
2523;-8.63350648782;37.2910234090;0.00000000000
2524;-8.68391468296;38.4261930244;0.00000000000
2525;-8.75222128049;39.6495281036;0.00000000000
2526;-8.15880586352;41.5317916749;0.00000000000
2527;-26.0263809234;8.68317637551;0.00000000000
2528;-28.6860051270;9.51140854048;0.00000000000
2529;-31.2550964380;9.84707921740;0.00000000000
2530;-33.9532892227;9.30217681220;0.00000000000
2531;-36.7691781667;8.83524079425;0.00000000000
2532;-39.5086526136;8.81507801820;0.00000000000
2533;-42.2016095494;8.80680489376;0.00000000000
2534;-44.8927793093;8.78259813996;0.00000000000
2535;-47.5651232051;8.77143383740;0.00000000000
2536;-50.2420846024;8.77085904008;0.00000000000
2537;-52.8990912792;8.76889056798;0.00000000000
2538;-55.5608304519;8.77205909349;0.00000000000
2539;-58.2387097191;8.78160736632;0.00000000000
2540;-60.9033303072;8.79322823910;0.00000000000
;;;
NODE;X;Y;Z
2541;-63.5716549874;8.80400924087;0.00000000000
2542;-66.2488954282;8.81337274658;0.00000000000
2543;-68.9175719073;8.81132635398;0.00000000000
2544;-71.5895603007;8.79229965204;0.00000000000
2545;-74.2515621941;8.77078181146;0.00000000000
2546;-76.9153731676;8.72542573045;0.00000000000
2547;-79.6089092773;8.70244268207;0.00000000000
2548;-82.3065469762;8.66927733951;0.00000000000
2549;-85.0046731904;8.62860969754;0.00000000000
2550;-87.6994283124;8.55664272676;0.00000000000
2551;-90.4265074799;8.44113110934;0.00000000000
2552;-25.1201464067;9.06895018255;0.00000000000
2553;-22.9608503713;14.3670374131;0.00000000000
2554;-22.2184781661;16.2572531196;0.00000000000
2555;-18.5754277306;20.6539313781;0.00000000000
2556;-17.3623691021;20.7704559945;0.00000000000
2557;-91.1106395210;9.04086733982;0.00000000000
2558;-91.1267728664;10.2944680113;0.00000000000
2559;-91.2027942315;12.7845251320;0.00000000000
2560;-91.2776952445;15.3247602008;0.00000000000
;;;
NODE;X;Y;Z
2561;-91.2820664767;17.8737603046;0.00000000000
2562;-91.2859784079;20.4700274403;0.00000000000
2563;-91.1995234180;23.0636121814;0.00000000000
2564;-91.2577879980;25.6782884949;0.00000000000
2565;-91.3226985052;28.4048436014;0.00000000000
2566;-91.0999873880;31.1453856488;0.00000000000
2567;-90.7781165957;33.8282184255;0.00000000000
2568;-90.8718045872;36.5950260594;0.00000000000
2569;-91.3496476998;39.4359127830;0.00000000000
2570;-90.9683395141;42.7200244610;0.00000000000
2571;-89.9247107865;41.5607954928;0.00000000000
2572;-89.1352549175;41.7952023072;0.00000000000
2573;-88.4220653715;42.3335370313;0.00000000000
2574;-87.0429139221;41.0996736951;0.00000000000
2575;-86.4217122299;41.8120255461;0.00000000000
2576;-85.7479277873;42.5139109219;0.00000000000
2577;-84.4516026463;41.2323272595;0.00000000000
2578;-83.7884630492;41.9056574132;0.00000000000
2579;-83.0963766394;42.5700869675;0.00000000000
2580;-81.8377213098;41.2856049113;0.00000000000
;;;
NODE;X;Y;Z
2581;-81.1463506402;41.9389356997;0.00000000000
2582;-80.4405285189;42.5932921731;0.00000000000
2583;-79.2095324683;41.2808580929;0.00000000000
2584;-78.5030991266;41.9288795007;0.00000000000
2585;-77.7875527776;42.5784499512;0.00000000000
2586;-76.5686744413;41.2435902263;0.00000000000
2587;-75.8433302393;41.9083461082;0.00000000000
2588;-75.1231268676;42.5683503095;0.00000000000
2589;-73.9029882123;41.2525105067;0.00000000000
2590;-73.1756303475;41.9074582233;0.00000000000
2591;-72.4552672857;42.5701511361;0.00000000000
2592;-71.2278989882;41.2624588331;0.00000000000
2593;-70.5062932482;41.9150224607;0.00000000000
2594;-69.7850632633;42.5707565000;0.00000000000
2595;-68.5564268764;41.2679426458;0.00000000000
2596;-67.8377547765;41.9290551615;0.00000000000
2597;-67.1171364637;42.5796845628;0.00000000000
2598;-65.8900895076;41.2840327962;0.00000000000
2599;-65.1698773353;41.9291998281;0.00000000000
2600;-64.4499101030;42.5736668860;0.00000000000
;;;
NODE;X;Y;Z
2601;-63.2346240074;41.2560257865;0.00000000000
2602;-62.5039496314;41.9113845928;0.00000000000
2603;-61.7839850325;42.5639835839;0.00000000000
2604;-60.5607016780;41.2577048289;0.00000000000
2605;-59.8355225823;41.9125734901;0.00000000000
2606;-59.1131082686;42.5672441999;0.00000000000
2607;-57.8871327865;41.2715994228;0.00000000000
2608;-57.1676138042;41.9248186842;0.00000000000
2609;-56.4458873669;42.5778813352;0.00000000000
2610;-55.2187238619;41.2838419342;0.00000000000
2611;-54.5024378500;41.9493955373;0.00000000000
2612;-53.7849375764;42.6096757891;0.00000000000
2613;-52.5478418492;41.3064913614;0.00000000000
2614;-51.8390137549;41.9684505242;0.00000000000
2615;-51.1218232095;42.6136588632;0.00000000000
2616;-49.8980279490;41.2893428887;0.00000000000
2617;-49.1789613419;41.9626120594;0.00000000000
2618;-48.4579071690;42.6092499739;0.00000000000
2619;-47.2372931601;41.3034203159;0.00000000000
2620;-46.5135564104;41.9628057104;0.00000000000
;;;
NODE;X;Y;Z
2621;-45.7917077130;42.6143851207;0.00000000000
2622;-44.5663693621;41.3231639221;0.00000000000
2623;-43.8444808060;41.9726820008;0.00000000000
2624;-43.1236425347;42.6144043001;0.00000000000
2625;-41.9086508329;41.3068376585;0.00000000000
2626;-41.1790789453;41.9604485221;0.00000000000
2627;-40.4572611704;42.6079471642;0.00000000000
2628;-39.2397570535;41.3052962995;0.00000000000
2629;-38.5141968140;41.9566349902;0.00000000000
2630;-37.7923979294;42.6087404596;0.00000000000
2631;-36.5664699275;41.3093062495;0.00000000000
2632;-35.8452530410;41.9639445828;0.00000000000
2633;-35.1236427079;42.6109284480;0.00000000000
2634;-33.8946239153;41.3116267258;0.00000000000
2635;-33.1774333165;41.9602633729;0.00000000000
2636;-32.4541442977;42.6082536597;0.00000000000
2637;-31.2370170323;41.2961817722;0.00000000000
2638;-30.5129492164;41.9563234462;0.00000000000
2639;-29.7910113297;42.6065683723;0.00000000000
2640;-28.5688079456;41.2999951043;0.00000000000
;;;
NODE;X;Y;Z
2641;-27.8442873877;41.9686320642;0.00000000000
2642;-27.1228183290;42.6245602166;0.00000000000
2643;-25.8995052664;41.3210815230;0.00000000000
2644;-25.1745471286;41.9779463335;0.00000000000
2645;-24.4521439078;42.6264253115;0.00000000000
2646;-23.2408186079;41.3170615679;0.00000000000
2647;-22.4988616128;41.9675681638;0.00000000000
2648;-21.7733693499;42.6079381479;0.00000000000
2649;-20.5457062039;41.2868691797;0.00000000000
2650;-19.7966977149;41.8977738425;0.00000000000
2651;-19.0666667478;42.5396707733;0.00000000000
2652;-17.7963221731;41.1298190172;0.00000000000
2653;-17.0847517333;41.8136917447;0.00000000000
2654;-16.3742254068;42.4957036814;0.00000000000
2655;-13.6676549522;42.5607066505;0.00000000000
2656;-12.3606927123;41.2804031025;0.00000000000
2657;-11.6493558412;41.9799564476;0.00000000000
2658;-10.9392906509;42.6595854374;0.00000000000
2659;-8.87558832758;42.1212052093;0.00000000000
2660;-8.18992538753;42.7832770909;0.00000000000
;;;
NODE;X;Y;Z
2661;-8.15053251490;28.0343884445;0.00000000000
2662;-8.92003083830;30.8382462865;0.00000000000
2663;-8.83906736820;32.0355251780;0.00000000000
2664;-8.87748710138;33.2501457200;0.00000000000
2665;-9.01707941003;34.4612314808;0.00000000000
2666;-9.19104720754;35.6335659066;0.00000000000
2667;-9.30797227162;36.7538713315;0.00000000000
2668;-9.35249050065;37.8397926830;0.00000000000
2669;-9.39783753515;39.0035761437;0.00000000000
2670;-23.2635117463;15.6711189976;0.00000000000
2671;-15.9631859470;21.9128116052;0.00000000000
2672;-14.5925144199;22.8446419848;0.00000000000
2673;-15.7373861628;41.8227417691;0.00000000000
2674;-14.3867356359;41.8626757990;0.00000000000
2675;-8.90664324768;27.6927967234;0.00000000000
2676;-9.09799653131;29.6682594852;0.00000000000
2677;-8.60453498060;28.8805693216;0.00000000000
2678;-9.58969168484;30.4034336797;0.00000000000
2679;-9.42676213808;31.5645827908;0.00000000000
2680;-9.41294844722;32.7393633394;0.00000000000
;;;
NODE;X;Y;Z
2681;-9.54650818434;33.9386541129;0.00000000000
2682;-9.77090536121;35.1238334156;0.00000000000
2683;-10.0312237936;36.2776704455;0.00000000000
2684;-10.0274644599;38.3897685232;0.00000000000
2685;-9.47039112041;40.2434676956;0.00000000000
2686;-26.4674546694;9.68093201383;0.00000000000
2687;-30.9751488912;11.9176780235;0.00000000000
2688;-31.8007463246;10.6357421160;0.00000000000
2689;-34.5876174604;9.87871742227;0.00000000000
2690;-36.6944832248;10.0518656595;0.00000000000
2691;-37.4150418323;9.47436745826;0.00000000000
2692;-39.3497687848;10.2117121708;0.00000000000
2693;-40.1135598353;9.50555030434;0.00000000000
2694;-42.8284346875;9.47179493924;0.00000000000
2695;-44.8070868089;10.1202748345;0.00000000000
2696;-45.5233145660;9.44088909964;0.00000000000
2697;-47.4737666863;10.1102769317;0.00000000000
2698;-48.1935070483;9.43403312731;0.00000000000
2699;-50.8598751928;9.44028911290;0.00000000000
2700;-52.8059397237;10.1052554787;0.00000000000
;;;
NODE;X;Y;Z
2701;-53.5212761402;9.43107999064;0.00000000000
2702;-55.4652245909;10.1061643377;0.00000000000
2703;-56.1832486643;9.44151852296;0.00000000000
2704;-58.8582230918;9.45305881844;0.00000000000
2705;-60.8060993463;10.1385582531;0.00000000000
2706;-61.5264041902;9.46370120509;0.00000000000
2707;-64.1991258662;9.48041513418;0.00000000000
2708;-66.1617185900;10.1648064520;0.00000000000
2709;-66.8775365770;9.48617668234;0.00000000000
2710;-69.5482947171;9.48139369695;0.00000000000
2711;-71.5073504929;10.1277219586;0.00000000000
2712;-72.2132241846;9.45381820206;0.00000000000
2713;-74.8758436223;9.41300632229;0.00000000000
2714;-76.8455303605;10.0005053764;0.00000000000
2715;-77.5549952579;9.35945430014;0.00000000000
2716;-79.5560277095;9.97260479424;0.00000000000
2717;-80.2585083562;9.33118973872;0.00000000000
2718;-82.2796870654;9.94830978276;0.00000000000
2719;-82.9628780279;9.29856977505;0.00000000000
2720;-84.9667139082;9.91526132619;0.00000000000
;;;
NODE;X;Y;Z
2721;-85.6569731641;9.25129259730;0.00000000000
2722;-87.6689694965;9.81276728976;0.00000000000
2723;-88.3684712478;9.15712949151;0.00000000000
2724;-19.7955990927;20.4440022811;0.00000000000
2725;-15.7115560802;23.0870054768;0.00000000000
2726;-14.2737634318;23.9812582434;0.00000000000
2727;-10.1641191452;26.1830304395;0.00000000000
2728;-9.70837368236;27.3801852831;0.00000000000
2729;-89.7453016607;10.3454091306;0.00000000000
2730;-90.4526960833;10.9322924090;0.00000000000
2731;-89.8489999945;12.7916782510;0.00000000000
2732;-90.5527562177;13.4029821989;0.00000000000
2733;-89.9935129281;15.2515239276;0.00000000000
2734;-90.6234097445;15.9143076737;0.00000000000
2735;-89.9296245355;17.6758520743;0.00000000000
2736;-90.6299973337;18.4363675501;0.00000000000
2737;-89.9911728181;20.2867112152;0.00000000000
2738;-90.5952127018;21.0431711356;0.00000000000
2739;-89.7636242815;22.8523073004;0.00000000000
2740;-90.5020159385;23.6167080637;0.00000000000
;;;
NODE;X;Y;Z
2741;-89.9004443225;25.5069123235;0.00000000000
2742;-90.6183876612;26.2676341999;0.00000000000
2743;-90.0651988269;28.2483314911;0.00000000000
2744;-90.6416412256;29.0243864877;0.00000000000
2745;-89.7679510897;30.9993142967;0.00000000000
2746;-90.2821168580;31.7740640877;0.00000000000
2747;-90.0080451032;34.4508819197;0.00000000000
2748;-89.3971495309;36.5761470801;0.00000000000
2749;-90.1542454872;37.3822419763;0.00000000000
2750;-90.8994977221;40.2082180277;0.00000000000
2751;-91.0371623982;41.4777171405;0.00000000000
2752;-90.5671747956;40.9634808968;0.00000000000
2753;-88.3103159785;40.9106530091;0.00000000000
2754;-87.5575127123;40.3487652926;0.00000000000
2755;-85.7557210103;41.1878789766;0.00000000000
2756;-85.1047767876;40.5485336294;0.00000000000
2757;-84.4622953115;39.9185130321;0.00000000000
2758;-83.1506895462;41.2639176929;0.00000000000
2759;-82.5182867885;40.6222259303;0.00000000000
2760;-81.8888008638;39.9853404187;0.00000000000
;;;
NODE;X;Y;Z
2761;-80.5274697285;41.2905080840;0.00000000000
2762;-79.9134444165;40.6314695399;0.00000000000
2763;-79.3020306766;39.9764569846;0.00000000000
2764;-77.8982693506;41.2666025433;0.00000000000
2765;-77.2916538751;40.5948794320;0.00000000000
2766;-76.6955800773;39.8998221521;0.00000000000
2767;-75.2440539030;41.2504769715;0.00000000000
2768;-74.6365471171;40.5969671641;0.00000000000
2769;-74.0223214210;39.9008596755;0.00000000000
2770;-72.5694397805;41.2560510829;0.00000000000
2771;-71.9560227805;40.6087100279;0.00000000000
2772;-71.3258784589;39.9115094170;0.00000000000
2773;-69.8945270723;41.2689680077;0.00000000000
2774;-69.2789341656;40.6151175062;0.00000000000
2775;-68.6541254705;39.9529877346;0.00000000000
2776;-67.2233901936;41.2834233132;0.00000000000
2777;-66.6103910151;40.6333645584;0.00000000000
2778;-65.9898288042;39.9921551210;0.00000000000
2779;-64.5664111857;41.2718670614;0.00000000000
2780;-63.9646211226;40.6089295873;0.00000000000
;;;
NODE;X;Y;Z
2781;-63.3607701930;39.9140175169;0.00000000000
2782;-61.9027290725;41.2552573661;0.00000000000
2783;-61.2927900444;40.6040355528;0.00000000000
2784;-60.6747877176;39.9033853800;0.00000000000
2785;-59.2274401137;41.2645470780;0.00000000000
2786;-58.6129340757;40.6190096986;0.00000000000
2787;-57.9803155357;39.9158759410;0.00000000000
2788;-56.5547919519;41.2827307225;0.00000000000
2789;-55.9385609157;40.6303177491;0.00000000000
2790;-55.3101757262;39.9688970453;0.00000000000
2791;-53.8856711427;41.3064342088;0.00000000000
2792;-53.2636951908;40.6499235452;0.00000000000
2793;-52.6358112345;39.9900635111;0.00000000000
2794;-51.2242508907;41.2989214196;0.00000000000
2795;-50.6140147539;40.6214548373;0.00000000000
2796;-50.0103783999;39.9362217085;0.00000000000
2797;-48.5749790507;41.2919870020;0.00000000000
2798;-47.9638433736;40.6337404535;0.00000000000
2799;-47.3477058114;39.9734648770;0.00000000000
2800;-45.9008674524;41.3160458540;0.00000000000
;;;
NODE;X;Y;Z
2801;-45.2889231918;40.6702918412;0.00000000000
2802;-44.6700389460;40.0168355895;0.00000000000
2803;-43.2414839148;41.3176657218;0.00000000000
2804;-42.6393338315;40.6577264664;0.00000000000
2805;-42.0357177671;39.9564673067;0.00000000000
2806;-40.5790373194;41.3058094392;0.00000000000
2807;-39.9706679125;40.6552570954;0.00000000000
2808;-39.3550334005;39.9589198773;0.00000000000
2809;-37.9052670433;41.3107510692;0.00000000000
2810;-37.2922530936;40.6574336980;0.00000000000
2811;-36.6724885345;39.9873528363;0.00000000000
2812;-35.2306195682;41.3173031277;0.00000000000
2813;-34.6130173654;40.6662611786;0.00000000000
2814;-33.9892204873;40.0078098050;0.00000000000
2815;-32.5638073056;41.2969771295;0.00000000000
2816;-31.9567926675;40.6362903094;0.00000000000
2817;-31.3610254140;39.9613105421;0.00000000000
2818;-29.9077336382;41.2897918659;0.00000000000
2819;-29.2975909136;40.6309094285;0.00000000000
2820;-28.6709293008;39.9468469575;0.00000000000
;;;
NODE;X;Y;Z
2821;-27.2347488700;41.3127684564;0.00000000000
2822;-26.6254237968;40.6546613458;0.00000000000
2823;-26.0058699198;39.9710568843;0.00000000000
2824;-24.5743041219;41.3086046681;0.00000000000
2825;-23.9765607124;40.6506229977;0.00000000000
2826;-23.3897210428;39.9960168146;0.00000000000
2827;-21.9031804563;41.3109266305;0.00000000000
2828;-21.2926273289;40.6548625196;0.00000000000
2829;-20.7067216017;40.0114148500;0.00000000000
2830;-19.1689735295;41.2028785859;0.00000000000
2831;-18.5306700718;40.4868605713;0.00000000000
2832;-17.9007582413;39.7356230811;0.00000000000
2833;-16.4249752128;41.0754483152;0.00000000000
2834;-15.0702635851;41.1143791065;0.00000000000
2835;-13.7157884486;41.1923842381;0.00000000000
2836;-13.0515931319;40.5577029481;0.00000000000
2837;-12.2880763512;40.0532713853;0.00000000000
2838;-10.9416348889;41.4042276586;0.00000000000
2839;-9.36064571338;28.5389776006;0.00000000000
2840;-10.0964229846;31.1297701840;0.00000000000
;;;
NODE;X;Y;Z
2841;-10.0006432171;32.2684209522;0.00000000000
2842;-10.0819695302;33.4278717323;0.00000000000
2843;-10.3003341355;34.6012560476;0.00000000000
2844;-10.6110819472;35.7679379544;0.00000000000
2845;-24.8703957575;12.1262488879;0.00000000000
2846;-21.1268579951;18.9988243117;0.00000000000
2847;-15.3928050921;24.2236217354;0.00000000000
2848;-10.4788915269;27.0625976394;0.00000000000
2849;-15.7578526351;40.3670856525;0.00000000000
2850;-14.3993163977;40.4440875455;0.00000000000
2851;-10.2170621609;40.8260296064;0.00000000000
2852;-10.1267089593;28.2609794386;0.00000000000
2853;-10.3271412050;30.0532755853;0.00000000000
2854;-9.83544605145;29.3181013907;0.00000000000
2855;-10.7596843189;30.6947220945;0.00000000000
2856;-10.5653052306;31.8231721138;0.00000000000
2857;-10.7540957260;34.0503448434;0.00000000000
2858;-11.1026668508;35.2073355895;0.00000000000
2859;-11.5784633733;36.3859396708;0.00000000000
2860;-10.7937526585;37.8945733944;0.00000000000
;;;
NODE;X;Y;Z
2861;-10.8420302212;36.8683966683;0.00000000000
2862;-10.7338786638;39.0133545198;0.00000000000
2863;-26.8676515089;10.8386946433;0.00000000000
2864;-29.5468278245;11.6775701191;0.00000000000
2865;-30.0570113771;12.8557240062;0.00000000000
2866;-31.6304625652;12.6465058670;0.00000000000
2867;-32.4560599986;11.3645699595;0.00000000000
2868;-35.2720792040;10.3362347045;0.00000000000
2869;-36.5964774776;11.1836765426;0.00000000000
2870;-37.3209938743;10.7379337091;0.00000000000
2871;-38.0415524818;10.1604355079;0.00000000000
2872;-39.9483646549;10.8918274258;0.00000000000
2873;-40.7121557054;10.1856655593;0.00000000000
2874;-43.4581637971;10.1337314625;0.00000000000
2875;-45.4244577545;10.7924147228;0.00000000000
2876;-46.1406855115;10.1130289879;0.00000000000
2877;-48.0846999409;10.7834273020;0.00000000000
2878;-48.8044403028;10.1071834977;0.00000000000
2879;-51.4727927906;10.1163418013;0.00000000000
2880;-52.6982651998;11.4473383741;0.00000000000
;;;
NODE;X;Y;Z
2881;-53.4195865932;10.7764590241;0.00000000000
2882;-54.1349230096;10.1022835360;0.00000000000
2883;-56.0823858199;10.7795485492;0.00000000000
2884;-56.8004098933;10.1149027344;0.00000000000
2885;-59.4726941301;10.1322557490;0.00000000000
2886;-61.4210833643;10.8198731064;0.00000000000
2887;-62.1413882081;10.1450160584;0.00000000000
2888;-64.8195848141;10.1612865432;0.00000000000
2889;-66.7871252228;10.8461693360;0.00000000000
2890;-67.5029432098;10.1675395664;0.00000000000
2891;-70.1727161625;10.1494563369;0.00000000000
2892;-72.1335557895;10.7850380711;0.00000000000
2893;-72.8394294812;10.1111343146;0.00000000000
2894;-75.5078029548;10.0398354142;0.00000000000
2895;-76.7916508312;11.2691356705;0.00000000000
2896;-77.4889045381;10.6149435022;0.00000000000
2897;-78.1983694355;9.97389242589;0.00000000000
2898;-80.9071272260;9.95457400861;0.00000000000
2899;-81.5760577123;10.5896513688;0.00000000000
2900;-82.2831981448;11.2417059445;0.00000000000
;;;
NODE;X;Y;Z
2901;-83.6308472953;9.94070957171;0.00000000000
2902;-84.2852616602;10.5757962299;0.00000000000
2903;-86.3132770583;9.87140196298;0.00000000000
2904;-86.9776697592;10.4751517100;0.00000000000
2905;-87.6774517989;11.0627181053;0.00000000000
2906;-89.0551070873;9.75279999323;0.00000000000
2907;-25.8845353378;11.4930772301;0.00000000000
2908;-22.3696880792;18.6497412566;0.00000000000
2909;-13.1644245854;26.0885346095;0.00000000000
2910;-14.1275915130;25.4122199585;0.00000000000
2911;-10.9782588212;25.8939356801;0.00000000000
2912;-12.1089207953;26.1373471930;0.00000000000
2913;-10.8972268038;27.9433917950;0.00000000000
2914;-89.0730581347;10.9871054500;0.00000000000
2915;-89.7804525573;11.5739887285;0.00000000000
2916;-88.4725949597;12.8522542415;0.00000000000
2917;-89.2341716616;13.3874538978;0.00000000000
2918;-89.9379278847;13.9987578456;0.00000000000
2919;-88.8370851410;15.1307121479;0.00000000000
2920;-89.3000304613;15.7949930747;0.00000000000
;;;
NODE;X;Y;Z
2921;-89.9299272777;16.4577768208;0.00000000000
2922;-88.5604238862;17.4354475795;0.00000000000
2923;-89.3031566867;18.2061867070;0.00000000000
2924;-90.0035294849;18.9667021828;0.00000000000
2925;-88.7720471393;20.0445180102;0.00000000000
2926;-89.2394720744;20.8310251456;0.00000000000
2927;-89.8435119581;21.5874850660;0.00000000000
2928;-88.0845833622;22.5577900973;0.00000000000
2929;-89.0300932560;23.3758547071;0.00000000000
2930;-89.7684849129;24.1402554703;0.00000000000
2931;-88.5332130545;25.4283462493;0.00000000000
2932;-89.2940990473;26.1141210817;0.00000000000
2933;-90.0120423860;26.8748429581;0.00000000000
2934;-88.8566567009;28.0976570429;0.00000000000
2935;-89.4064735105;28.8532524823;0.00000000000
2936;-89.9829159091;29.6293074790;0.00000000000
2937;-88.4727854654;30.7276131728;0.00000000000
2938;-88.8639967729;31.5503451040;0.00000000000
2939;-89.3781625412;32.3250948950;0.00000000000
2940;-89.2834114227;35.1401877339;0.00000000000
;;;
NODE;X;Y;Z
2941;-88.6141246644;37.1766449820;0.00000000000
2942;-89.3712206207;37.9827398782;0.00000000000
2943;-88.2319545782;39.5851940596;0.00000000000
2944;-85.7487099193;39.8656469542;0.00000000000
2945;-83.8187318740;39.2835431330;0.00000000000
2946;-83.1702657057;39.9556176400;0.00000000000
2947;-81.2846752671;39.3331291755;0.00000000000
2948;-80.6147148014;39.9849660523;0.00000000000
2949;-79.3839758001;38.6957559237;0.00000000000
2950;-78.6995007596;39.2936627905;0.00000000000
2951;-78.0021727752;39.9357869413;0.00000000000
2952;-76.0934045477;39.2037095074;0.00000000000
2953;-75.3672225753;39.8896084449;0.00000000000
2954;-73.3971824428;39.1988457193;0.00000000000
2955;-72.6716586671;39.8990894101;0.00000000000
2956;-70.6950481504;39.2375689546;0.00000000000
2957;-69.9853025038;39.9424639177;0.00000000000
2958;-68.0289992220;39.3175002405;0.00000000000
2959;-67.3169360451;39.9868233034;0.00000000000
2960;-66.0741052830;38.7199977017;0.00000000000
;;;
NODE;X;Y;Z
2961;-65.3781801200;39.3125296124;0.00000000000
2962;-64.6749746738;39.9470745209;0.00000000000
2963;-62.7525696022;39.2146646567;0.00000000000
2964;-62.0252028577;39.9005456996;0.00000000000
2965;-60.0463839857;39.1969685941;0.00000000000
2966;-59.3242154774;39.9032616310;0.00000000000
2967;-57.3501674286;39.2358306072;0.00000000000
2968;-56.6441628272;39.9494661272;0.00000000000
2969;-54.6824365339;39.3374252981;0.00000000000
2970;-53.9742179623;40.0094088584;0.00000000000
2971;-52.7165431800;38.6948956513;0.00000000000
2972;-52.0202558537;39.3019683197;0.00000000000
2973;-51.3175236043;39.9488670654;0.00000000000
2974;-49.4001867285;39.2581793975;0.00000000000
2975;-48.6838539864;39.9406755203;0.00000000000
2976;-46.7284056580;39.3338633602;0.00000000000
2977;-46.0053040487;40.0170589428;0.00000000000
2978;-44.7609110994;38.7434225115;0.00000000000
2979;-44.0569814543;39.3292872694;0.00000000000
2980;-43.3503149792;39.9805993230;0.00000000000
;;;
NODE;X;Y;Z
2981;-41.4298452535;39.2509262338;0.00000000000
2982;-40.7027366934;39.9466575027;0.00000000000
2983;-38.7348134580;39.2817047476;0.00000000000
2984;-38.0106073403;39.9821972488;0.00000000000
2985;-36.0487238438;39.3490673914;0.00000000000
2986;-35.3280717640;40.0243793495;0.00000000000
2987;-34.0763986688;38.7150659340;0.00000000000
2988;-33.3759189253;39.3238857905;0.00000000000
2989;-32.6676963425;39.9644164679;0.00000000000
2990;-30.7523929701;39.2789613743;0.00000000000
2991;-30.0231690102;39.9473010241;0.00000000000
2992;-28.0424504968;39.2544513401;0.00000000000
2993;-27.3307906240;39.9517358789;0.00000000000
2994;-25.4081384469;39.2728022061;0.00000000000
2995;-24.7015307868;39.9534851794;0.00000000000
2996;-23.5454012380;38.6372846527;0.00000000000
2997;-22.8075644874;39.3560430236;0.00000000000
2998;-22.0629808959;40.0204462435;0.00000000000
2999;-20.9220695053;38.7527234076;0.00000000000
3000;-20.0970102056;39.2884685971;0.00000000000
;;;
NODE;X;Y;Z
3001;-19.3082706225;39.8690276702;0.00000000000
3002;-17.2135277152;38.9647257597;0.00000000000
3003;-16.4493151265;39.6206782663;0.00000000000
3004;-15.0201689591;39.6145639621;0.00000000000
3005;-13.6621124094;39.7973422532;0.00000000000
3006;-12.8985956287;39.2929106904;0.00000000000
3007;-10.6015092974;29.0401032288;0.00000000000
3008;-11.2285665649;31.3881240243;0.00000000000
3009;-11.5564284413;34.6564243852;0.00000000000
3010;-12.0700482769;35.8253373059;0.00000000000
3011;-10.8509227795;40.2097240511;0.00000000000
3012;-33.1548714677;11.9077911067;0.00000000000
3013;-34.5585573070;11.2869906536;0.00000000000
3014;-41.3384084204;10.8488106357;0.00000000000
3015;-42.7216765968;10.8181968125;0.00000000000
3016;-49.4136546915;10.7883800518;0.00000000000
3017;-50.7513167168;10.7932476943;0.00000000000
3018;-57.4179990320;10.7853014860;0.00000000000
3019;-58.7531521217;10.7965243334;0.00000000000
3020;-62.7590791416;10.8300422970;0.00000000000
;;;
NODE;X;Y;Z
3021;-64.0991035456;10.8375169750;0.00000000000
3022;-68.1269412837;10.8462367810;0.00000000000
3023;-69.4616252208;10.8323137944;0.00000000000
3024;-73.4657224404;10.7586534847;0.00000000000
3025;-74.8020351787;10.7118533905;0.00000000000
3026;-24.5596261830;16.4405320274;0.00000000000
3027;-23.5448138708;18.2040670059;0.00000000000
3028;-88.3949045976;11.6413857638;0.00000000000
3029;-87.6965087651;38.9985482649;0.00000000000
3030;-86.3938541159;39.1522393264;0.00000000000
3031;-15.7116314504;38.8681565758;0.00000000000
3032;-11.3716619518;28.5765635912;0.00000000000
3033;-11.5591457317;30.3086290000;0.00000000000
3034;-11.1266026178;29.6671824907;0.00000000000
3035;-11.8505494661;30.9366338370;0.00000000000
3036;-12.3768587281;35.1264458595;0.00000000000
3037;-27.2144342798;12.0003583459;0.00000000000
3038;-32.5915015791;13.0158172577;0.00000000000
3039;-34.0008262280;12.2780789287;0.00000000000
3040;-35.3574840982;11.5971235417;0.00000000000
;;;
NODE;X;Y;Z
3041;-35.9989646530;11.9730916336;0.00000000000
3042;-37.0127580581;12.1111037798;0.00000000000
3043;-37.7372744548;11.6653609463;0.00000000000
3044;-40.5950460637;11.5339849906;0.00000000000
3045;-41.9837745685;11.4976461820;0.00000000000
3046;-43.3569740348;11.4740238916;0.00000000000
3047;-46.0375440448;11.4616813929;0.00000000000
3048;-48.6923603571;11.4559217017;0.00000000000
3049;-50.0204329142;11.4631985539;0.00000000000
3050;-53.3086524259;12.1174162582;0.00000000000
3051;-54.0299738193;11.4465369082;0.00000000000
3052;-56.6979566730;11.4565108661;0.00000000000
3053;-58.0285167163;11.4665271539;0.00000000000
3054;-59.3634616396;11.4779387675;0.00000000000
3055;-62.0358155762;11.5015524792;0.00000000000
3056;-63.3755933169;11.5160213652;0.00000000000
3057;-64.7161347652;11.5237126163;0.00000000000
3058;-67.4090966802;11.5266889588;0.00000000000
3059;-68.7486847677;11.5172406976;0.00000000000
3060;-70.0886147393;11.4886020829;0.00000000000
;;;
NODE;X;Y;Z
3061;-72.7703567081;11.4253548930;0.00000000000
3062;-74.1085447452;11.3843623273;0.00000000000
3063;-75.4503102489;11.3221917925;0.00000000000
3064;-76.0981982780;11.9335203208;0.00000000000
3065;-76.7391540910;12.5461314736;0.00000000000
3066;-78.1427975042;11.2270869617;0.00000000000
3067;-80.8883783574;11.2098771024;0.00000000000
3068;-82.3045004722;12.5286020988;0.00000000000
3069;-82.9774435946;11.9163009256;0.00000000000
3070;-83.6419017827;11.2650445606;0.00000000000
3071;-86.3188127845;11.1581011014;0.00000000000
3072;-20.9018433990;21.3501911248;0.00000000000
3073;-18.1522148037;22.9646135164;0.00000000000
3074;-14.2053091269;26.6066131877;0.00000000000
3075;-87.8737938888;13.5007005291;0.00000000000
3076;-88.6353705906;14.0359001854;0.00000000000
3077;-87.2176731228;17.3217653570;0.00000000000
3078;-88.0087221296;17.9679587480;0.00000000000
3079;-88.7514549301;18.7386978755;0.00000000000
3080;-87.7116260771;19.7642740629;0.00000000000
;;;
NODE;X;Y;Z
3081;-87.9969787153;20.5092479555;0.00000000000
3082;-88.4644036504;21.2957550909;0.00000000000
3083;-87.1871035178;25.5790496263;0.00000000000
3084;-87.9794903679;26.0889734395;0.00000000000
3085;-88.7403763607;26.7747482719;0.00000000000
3086;-87.6721560492;28.1118059358;0.00000000000
3087;-88.2543454124;28.6886499586;0.00000000000
3088;-88.8041622220;29.4442453980;0.00000000000
3089;-87.2472258093;30.2103005068;0.00000000000
3090;-88.2847410792;34.3743715933;0.00000000000
3091;-87.8422792602;37.8143192911;0.00000000000
3092;-87.0806317684;38.4668692816;0.00000000000
3093;-85.7491166427;38.5770554879;0.00000000000
3094;-83.1467362530;38.6491460946;0.00000000000
3095;-80.6691907668;38.7069104860;0.00000000000
3096;-79.5093530641;37.5630999241;0.00000000000
3097;-78.7998034825;37.9523083481;0.00000000000
3098;-78.1153284420;38.5502152149;0.00000000000
3099;-75.4945237460;38.4926918363;0.00000000000
3100;-72.7448483769;38.4931624080;0.00000000000
;;;
NODE;X;Y;Z
3101;-70.0431896000;38.5462108601;0.00000000000
3102;-67.4048823709;38.7073992453;0.00000000000
3103;-66.2175220863;37.6011797960;0.00000000000
3104;-65.4892522777;37.9814026059;0.00000000000
3105;-64.7933271147;38.5739345167;0.00000000000
3106;-62.1543382557;38.4997292736;0.00000000000
3107;-59.3980820701;38.4866792403;0.00000000000
3108;-56.6895771888;38.5518160684;0.00000000000
3109;-54.0482565625;38.7065352809;0.00000000000
3110;-52.8297726987;37.5443755613;0.00000000000
3111;-52.1092425899;37.9507446286;0.00000000000
3112;-51.4129552637;38.5578172969;0.00000000000
3113;-48.7739028893;38.5348794269;0.00000000000
3114;-46.1020910591;38.7193934082;0.00000000000
3115;-44.8960316493;37.5913848029;0.00000000000
3116;-44.1677056739;37.9916027595;0.00000000000
3117;-43.4637760288;38.5774675174;0.00000000000
3118;-40.8144403309;38.5020167209;0.00000000000
3119;-38.0835517944;38.5843813723;0.00000000000
3120;-35.4140110551;38.7296446878;0.00000000000
;;;
NODE;X;Y;Z
3121;-34.2087882545;37.5674904695;0.00000000000
3122;-33.4769746882;37.9742736449;0.00000000000
3123;-32.7764949448;38.5830935014;0.00000000000
3124;-30.1249042610;38.5743817327;0.00000000000
3125;-27.3997628122;38.5369101991;0.00000000000
3126;-24.8228180988;38.5415480223;0.00000000000
3127;-23.6796808415;37.2084872802;0.00000000000
3128;-22.9918137898;38.0062762034;0.00000000000
3129;-22.2539770392;38.7250345743;0.00000000000
3130;-21.2156841513;37.5086065833;0.00000000000
3131;-20.3362143693;38.0011648720;0.00000000000
3132;-19.5111550696;38.5369100615;0.00000000000
3133;-16.5845150456;38.1622865607;0.00000000000
3134;-13.1985686432;38.4157775909;0.00000000000
3135;-11.8967552722;29.2036428531;0.00000000000
3136;-33.4374563394;13.3861050796;0.00000000000
3137;-34.7997530192;12.5882118168;0.00000000000
3138;-38.2924555433;12.3885954366;0.00000000000
3139;-39.8183844091;12.2491041763;0.00000000000
3140;-41.2404122117;12.1828205369;0.00000000000
;;;
NODE;X;Y;Z
3141;-42.6190720065;12.1534732610;0.00000000000
3142;-43.9751090695;12.1374589308;0.00000000000
3143;-45.3161050026;12.1309785606;0.00000000000
3144;-46.6531238207;12.1297536069;0.00000000000
3145;-47.9794084946;12.1293034411;0.00000000000
3146;-49.2991385799;12.1307402037;0.00000000000
3147;-54.6426716082;12.1175073477;0.00000000000
3148;-55.9784896991;12.1243159570;0.00000000000
3149;-57.3084743573;12.1377365340;0.00000000000
3150;-58.6388262342;12.1479415879;0.00000000000
3151;-59.9740208593;12.1656794284;0.00000000000
3152;-61.3117636000;12.1801345706;0.00000000000
3153;-62.6523297514;12.1875315474;0.00000000000
3154;-63.9926245364;12.2022170066;0.00000000000
3155;-65.3372097335;12.2109571417;0.00000000000
3156;-66.6846494912;12.2087662999;0.00000000000
3157;-68.0308401641;12.1976928754;0.00000000000
3158;-69.3756742861;12.1735289861;0.00000000000
3159;-70.7190129114;12.1350937701;0.00000000000
3160;-72.0644631953;12.0948847428;0.00000000000
;;;
NODE;X;Y;Z
3161;-74.7568198154;11.9947007293;0.00000000000
3162;-78.8053528151;11.8477388166;0.00000000000
3163;-80.1936965907;11.8345623529;0.00000000000
3164;-84.3258827782;11.9234190789;0.00000000000
3165;-85.6650376378;11.8569011577;0.00000000000
3166;-17.8731278152;24.1758441609;0.00000000000
3167;-16.4714184633;25.4059802953;0.00000000000
3168;-15.3157445603;26.5248621417;0.00000000000
3169;-87.1399778428;37.2335865997;0.00000000000
3170;-86.4358942952;37.8916854431;0.00000000000
3171;-85.0786232706;37.9630583364;0.00000000000
3172;-83.7637394501;37.9872321669;0.00000000000
3173;-82.4970022743;37.9988070786;0.00000000000
3174;-81.2755613021;38.0421744229;0.00000000000
3175;-77.5579029954;37.7937007976;0.00000000000
3176;-76.2497927292;37.7731975730;0.00000000000
3177;-74.8627929221;37.7991204502;0.00000000000
3178;-73.4689319894;37.7942462590;0.00000000000
3179;-72.0958392823;37.7812703240;0.00000000000
3180;-70.7406467005;37.7986386208;0.00000000000
;;;
NODE;X;Y;Z
3181;-69.3909456524;37.8775521195;0.00000000000
3182;-68.0841330100;38.0015744103;0.00000000000
3183;-64.2365407393;37.8203274334;0.00000000000
3184;-62.9161060223;37.7836199840;0.00000000000
3185;-61.5186248958;37.7957480426;0.00000000000
3186;-60.1231852554;37.7856249420;0.00000000000
3187;-58.7413525646;37.7801509506;0.00000000000
3188;-57.3742771920;37.8095850449;0.00000000000
3189;-56.0206113812;37.9076903200;0.00000000000
3190;-54.7126318588;38.0130296579;0.00000000000
3191;-50.8266018567;37.7932043206;0.00000000000
3192;-49.5012500041;37.7757209898;0.00000000000
3193;-48.1223380604;37.8814583428;0.00000000000
3194;-46.7898369965;38.0125089078;0.00000000000
3195;-42.8916349598;37.7966024895;0.00000000000
3196;-41.5591529232;37.7495656226;0.00000000000
3197;-40.1755933511;37.7792842337;0.00000000000
3198;-38.7969935381;37.8302644222;0.00000000000
3199;-37.4218522240;37.9267073166;0.00000000000
3200;-36.0944304221;38.0350196278;0.00000000000
;;;
NODE;X;Y;Z
3201;-32.2001664021;37.8409203583;0.00000000000
3202;-30.8681118371;37.8426839159;0.00000000000
3203;-29.4691428001;37.8852465657;0.00000000000
3204;-28.0980582518;37.8565622452;0.00000000000
3205;-26.7719705911;37.8273571361;0.00000000000
3206;-25.4981241778;37.8273241706;0.00000000000
3207;-18.9251046624;37.7429778940;0.00000000000
3208;-17.4632957151;37.5214188135;0.00000000000
3209;-13.5030142008;34.7709137765;0.00000000000
3210;-27.5091455634;13.2000858153;0.00000000000
3211;-35.6984738252;12.8358328538;0.00000000000
3212;-36.7122672303;12.9738450000;0.00000000000
3213;-37.5985307566;13.2231797758;0.00000000000
3214;-39.0976948619;12.9624481400;0.00000000000
3215;-40.5191355855;12.8697294812;0.00000000000
3216;-41.8983321965;12.8274856054;0.00000000000
3217;-43.2666612345;12.8045418504;0.00000000000
3218;-44.5966751170;12.8079910586;0.00000000000
3219;-45.9205566177;12.8104190184;0.00000000000
3220;-47.2462105901;12.8077383733;0.00000000000
;;;
NODE;X;Y;Z
3221;-48.5594703778;12.8105365012;0.00000000000
3222;-49.8855691316;12.8033053719;0.00000000000
3223;-53.9055056568;12.7824048704;0.00000000000
3224;-55.2363146616;12.7872406247;0.00000000000
3225;-56.5664930275;12.8013058594;0.00000000000
3226;-57.8973466762;12.8255748706;0.00000000000
3227;-59.2334896931;12.8330253578;0.00000000000
3228;-60.5742102335;12.8639720006;0.00000000000
3229;-61.9173106014;12.8675108732;0.00000000000
3230;-63.2626574279;12.8847025275;0.00000000000
3231;-64.6084942640;12.8939554566;0.00000000000
3232;-65.9592648228;12.8939832075;0.00000000000
3233;-67.3118185715;12.8794139009;0.00000000000
3234;-68.6595110946;12.8527153818;0.00000000000
3235;-70.0089528874;12.8117747744;0.00000000000
3236;-71.3563183591;12.7656814578;0.00000000000
3237;-72.7041375710;12.7171144283;0.00000000000
3238;-74.0560987050;12.6639864648;0.00000000000
3239;-75.3967068559;12.6019158050;0.00000000000
3240;-76.6598550152;13.8452757008;0.00000000000
;;;
NODE;X;Y;Z
3241;-77.3776841785;13.1613921550;0.00000000000
3242;-78.0840738848;12.4965398115;0.00000000000
3243;-79.4525486346;12.4598872662;0.00000000000
3244;-80.8679438400;12.4278018568;0.00000000000
3245;-82.2596695571;13.7766180959;0.00000000000
3246;-83.0320995736;13.2611111707;0.00000000000
3247;-83.7050426959;12.6488099975;0.00000000000
3248;-85.0398075920;12.5997110618;0.00000000000
3249;-86.3975559204;12.4582708760;0.00000000000
3250;-26.4708174478;13.9125735748;0.00000000000
3251;-22.1913290293;21.0813100067;0.00000000000
3252;-17.6518773575;25.3739327913;0.00000000000
3253;-15.2454002691;27.6685857482;0.00000000000
3254;-14.1407057587;27.7963472535;0.00000000000
3255;-87.3669707319;14.2677889600;0.00000000000
3256;-85.9287295451;17.5654117847;0.00000000000
3257;-87.5452935626;18.5874480029;0.00000000000
3258;-87.0915937312;19.0869051248;0.00000000000
3259;-86.9105078597;19.9340546021;0.00000000000
3260;-87.1958604979;20.6790284947;0.00000000000
;;;
NODE;X;Y;Z
3261;-85.9142668328;26.0239762911;0.00000000000
3262;-87.4637440188;26.8971946444;0.00000000000
3263;-86.9495329399;27.6182163971;0.00000000000
3264;-86.2322227269;30.3156876044;0.00000000000
3265;-87.3191723198;33.9566478576;0.00000000000
3266;-87.1213442338;36.0313212253;0.00000000000
3267;-85.7171348993;37.3558298467;0.00000000000
3268;-84.3586423495;37.3749030666;0.00000000000
3269;-83.0676762567;37.3411398764;0.00000000000
3270;-81.8069623103;37.3204562002;0.00000000000
3271;-80.6099697169;37.4037229841;0.00000000000
3272;-80.0694572755;36.8941099955;0.00000000000
3273;-77.0401124464;37.0111732488;0.00000000000
3274;-75.6198024810;37.1179478986;0.00000000000
3275;-74.2037174723;37.1175117871;0.00000000000
3276;-72.8206261961;37.0671935336;0.00000000000
3277;-71.4505965798;37.0422150093;0.00000000000
3278;-70.0910911818;37.0770370884;0.00000000000
3279;-68.7279580387;37.2011623460;0.00000000000
3280;-67.4119366756;37.4112975309;0.00000000000
;;;
NODE;X;Y;Z
3281;-66.8468449421;36.9306942459;0.00000000000
3282;-63.7133035731;37.0454718095;0.00000000000
3283;-62.2767443819;37.1217000142;0.00000000000
3284;-60.8506680104;37.1045256265;0.00000000000
3285;-59.4522664454;37.0592465682;0.00000000000
3286;-58.0675511427;37.0414120009;0.00000000000
3287;-56.6864711411;37.1030939568;0.00000000000
3288;-55.3009903535;37.2262026794;0.00000000000
3289;-54.0222336456;37.3637655288;0.00000000000
3290;-53.4335406080;36.8562589821;0.00000000000
3291;-50.2428779963;36.9944098277;0.00000000000
3292;-48.8072866236;37.0960521536;0.00000000000
3293;-47.4154201333;37.2274292061;0.00000000000
3294;-46.0963333358;37.4114538727;0.00000000000
3295;-45.5157826295;36.9036254469;0.00000000000
3296;-42.3272262804;37.0118461950;0.00000000000
3297;-40.8856264371;37.0254469127;0.00000000000
3298;-39.4825529193;37.0527425458;0.00000000000
3299;-38.0849251733;37.1305028629;0.00000000000
3300;-36.7058210818;37.2608637963;0.00000000000
;;;
NODE;X;Y;Z
3301;-35.3938202195;37.4050375782;0.00000000000
3302;-34.8164736360;36.8937454019;0.00000000000
3303;-31.6448601590;37.0992118823;0.00000000000
3304;-30.2157354999;37.2023422202;0.00000000000
3305;-28.7880326703;37.2044819104;0.00000000000
3306;-27.4624861001;37.0903167381;0.00000000000
3307;-26.1658780176;37.0403694662;0.00000000000
3308;-24.9152508873;37.0462677431;0.00000000000
3309;-24.3414035093;36.3748013446;0.00000000000
3310;-23.1382277835;36.6303540132;0.00000000000
3311;-22.4503607317;37.4281429365;0.00000000000
3312;-21.4514786518;36.4135637953;0.00000000000
3313;-20.6938019725;36.7503830419;0.00000000000
3314;-19.8143321905;37.2429413306;0.00000000000
3315;-17.0318504756;36.6649207783;0.00000000000
3316;-13.8122164922;34.0575294479;0.00000000000
3317;-38.4037700752;13.7970324792;0.00000000000
3318;-39.7984460383;13.5830734448;0.00000000000
3319;-41.1770555703;13.5143945496;0.00000000000
3320;-42.5459214245;13.4785541948;0.00000000000
;;;
NODE;X;Y;Z
3321;-43.8882272819;13.4750739783;0.00000000000
3322;-45.2011267321;13.4874315165;0.00000000000
3323;-46.5136433871;13.4884037847;0.00000000000
3324;-47.8262724733;13.4889714333;0.00000000000
3325;-49.1459009295;13.4831016694;0.00000000000
3326;-53.1703215347;13.4500465997;0.00000000000
3327;-54.4991487102;13.4521381475;0.00000000000
3328;-55.8243179901;13.4642305271;0.00000000000
3329;-57.1553653464;13.4891441960;0.00000000000
3330;-58.4920101351;13.5106586406;0.00000000000
3331;-59.8336790673;13.5313179300;0.00000000000
3332;-61.1797572349;13.5513483032;0.00000000000
3333;-62.5276382778;13.5646818533;0.00000000000
3334;-63.8785271555;13.5764409775;0.00000000000
3335;-65.2305493533;13.5769815224;0.00000000000
3336;-66.5864339031;13.5646308085;0.00000000000
3337;-67.9404895020;13.5344364072;0.00000000000
3338;-69.2927896958;13.4909611700;0.00000000000
3339;-70.6462583350;13.4423624621;0.00000000000
3340;-71.9959927348;13.3879111433;0.00000000000
;;;
NODE;X;Y;Z
3341;-73.3470572631;13.3300371574;0.00000000000
3342;-74.6959857455;13.2712015405;0.00000000000
3343;-78.7312697043;13.1086882611;0.00000000000
3344;-80.1267958838;13.0531267701;0.00000000000
3345;-84.4189675098;13.3251019805;0.00000000000
3346;-27.8303265184;14.3256306221;0.00000000000
3347;-25.8954376760;17.1844999814;0.00000000000
3348;-24.8471118690;19.0303063097;0.00000000000
3349;-23.4973536327;20.7243692970;0.00000000000
3350;-86.6104389995;13.7727462666;0.00000000000
3351;-86.4516713889;31.1815311020;0.00000000000
3352;-86.8328272933;34.8781712950;0.00000000000
3353;-84.9971539782;36.7676745770;0.00000000000
3354;-83.6625791561;36.7288107761;0.00000000000
3355;-82.3776362927;36.6627889981;0.00000000000
3356;-81.1413707251;36.6820047613;0.00000000000
3357;-74.9607270312;36.4363392355;0.00000000000
3358;-73.5554116790;36.3904590618;0.00000000000
3359;-72.1753834936;36.3281382189;0.00000000000
3360;-70.8010410611;36.3206134769;0.00000000000
;;;
NODE;X;Y;Z
3361;-69.4281035681;36.4006473149;0.00000000000
3362;-68.0557617043;36.6108854666;0.00000000000
3363;-61.6087874964;36.4304775981;0.00000000000
3364;-60.1797492004;36.3781472526;0.00000000000
3365;-58.7784650236;36.3205076185;0.00000000000
3366;-57.3797450918;36.3349209128;0.00000000000
3367;-55.9668501134;36.4216063161;0.00000000000
3368;-54.6105921404;36.5769385502;0.00000000000
3369;-49.5489146157;36.3147409916;0.00000000000
3370;-48.1003686965;36.4420230169;0.00000000000
3371;-46.7219164726;36.6263741710;0.00000000000
3372;-40.1925860053;36.2989052249;0.00000000000
3373;-38.7704845545;36.3529809865;0.00000000000
3374;-37.3688940310;36.4646593425;0.00000000000
3375;-36.0052108793;36.6308817467;0.00000000000
3376;-30.9924838217;36.4588701866;0.00000000000
3377;-29.5346253701;36.5215775648;0.00000000000
3378;-28.1524605185;36.4382364033;0.00000000000
3379;-26.8563935266;36.3033290682;0.00000000000
3380;-25.5830047272;36.2593130386;0.00000000000
;;;
NODE;X;Y;Z
3381;-14.5170477045;34.2091843087;0.00000000000
3382;-14.3724929684;34.9825538711;0.00000000000
3383;-36.1378586120;14.0633317209;0.00000000000
3384;-37.0241221382;14.3126664967;0.00000000000
3385;-39.1711609805;14.2767372229;0.00000000000
3386;-41.8796918455;14.1174664499;0.00000000000
3387;-44.4929283481;14.1772870835;0.00000000000
3388;-45.7726025310;14.1859267206;0.00000000000
3389;-48.3881244573;14.1778177511;0.00000000000
3390;-51.2274323910;12.7945323864;0.00000000000
3391;-51.8294166129;13.4558173082;0.00000000000
3392;-52.4194922207;14.1102959976;0.00000000000
3393;-53.7572073877;14.1173602141;0.00000000000
3394;-55.0713328496;14.1238311234;0.00000000000
3395;-57.7386900855;14.1882275504;0.00000000000
3396;-60.4379010061;14.2315044737;0.00000000000
3397;-63.1428680419;14.2657378739;0.00000000000
3398;-65.8577901086;14.2529484393;0.00000000000
3399;-68.5704210957;14.1697025141;0.00000000000
3400;-71.2831411375;14.0510139638;0.00000000000
;;;
NODE;X;Y;Z
3401;-72.6327878456;13.9908166995;0.00000000000
3402;-73.9892314312;13.9377410633;0.00000000000
3403;-75.3267799521;13.8872879569;0.00000000000
3404;-75.9489722983;14.5180366999;0.00000000000
3405;-76.5651415510;15.1587473385;0.00000000000
3406;-77.9892861345;13.7922087663;0.00000000000
3407;-79.3426777437;13.7050877402;0.00000000000
3408;-80.7632507913;13.6260789153;0.00000000000
3409;-81.4459948260;14.3082247337;0.00000000000
3410;-81.9816625133;14.8474141964;0.00000000000
3411;-85.2743846605;14.0053917846;0.00000000000
3412;-26.9721716463;16.3931205203;0.00000000000
3413;-16.3596692003;27.6334992146;0.00000000000
3414;-13.1941249440;29.2541135276;0.00000000000
3415;-86.8317037209;15.9607845036;0.00000000000
3416;-84.7284388942;18.1573753886;0.00000000000
3417;-86.3992606733;18.8084710103;0.00000000000
3418;-86.2181748019;19.6556204877;0.00000000000
3419;-84.7881451801;23.4527369469;0.00000000000
3420;-86.8253767732;24.1933471600;0.00000000000
;;;
NODE;X;Y;Z
3421;-85.4393549471;26.9897166965;0.00000000000
3422;-85.2327180764;31.1904242149;0.00000000000
3423;-86.7093789291;32.0817478309;0.00000000000
3424;-86.2951901951;35.5860519224;0.00000000000
3425;-84.2610707318;36.1580942163;0.00000000000
3426;-80.3763172062;36.0087349279;0.00000000000
3427;-77.8967898203;36.2443967636;0.00000000000
3428;-77.1606161652;35.5588827206;0.00000000000
3429;-75.7011479564;35.8110078716;0.00000000000
3430;-74.3018421622;35.7543025277;0.00000000000
3431;-67.2328038966;36.0887317467;0.00000000000
3432;-64.5992700836;36.3032181712;0.00000000000
3433;-63.8359625380;35.6205070571;0.00000000000
3434;-62.3433543729;35.8008046424;0.00000000000
3435;-60.9212278337;35.7212246377;0.00000000000
3436;-53.7749453126;36.0406408680;0.00000000000
3437;-50.2482768235;35.5126126102;0.00000000000
3438;-45.8372586875;36.0994196715;0.00000000000
3439;-43.2146762085;36.2470355147;0.00000000000
3440;-42.3794755032;35.5745719357;0.00000000000
;;;
NODE;X;Y;Z
3441;-40.9120076932;35.5532644171;0.00000000000
3442;-35.1470262055;36.0924447698;0.00000000000
3443;-31.7284797125;35.7112750230;0.00000000000
3444;-30.2909359887;35.9073692429;0.00000000000
3445;-22.5258272308;36.1448014052;0.00000000000
3446;-22.0102323754;35.7223750887;0.00000000000
3447;-20.4050672338;36.0080230152;0.00000000000
3448;-16.6567238948;35.8675484506;0.00000000000
3449;-15.4019002580;36.5504639681;0.00000000000
3450;-14.2794510790;36.6955697477;0.00000000000
3451;-33.8918485734;14.7851639832;0.00000000000
3452;-45.0644041471;14.8757822877;0.00000000000
3453;-53.0063780737;14.7776096120;0.00000000000
3454;-54.3293915271;14.7890531901;0.00000000000
3455;-71.9199362483;14.6539195199;0.00000000000
3456;-73.2749620137;14.5985206054;0.00000000000
3457;-74.6200256378;14.5538274797;0.00000000000
3458;-78.6006941738;14.3886082453;0.00000000000
3459;-79.9791326512;14.2780398853;0.00000000000
3460;-86.1124977854;14.5770572710;0.00000000000
;;;
NODE;X;Y;Z
3461;-29.1307571021;14.8162416134;0.00000000000
3462;-85.4904256166;32.0906409438;0.00000000000
3463;-85.5950644082;36.2524617005;0.00000000000
3464;-79.4309898815;35.7523408208;0.00000000000
3465;-76.4516419233;35.0139670178;0.00000000000
3466;-66.2367360128;35.8558884859;0.00000000000
3467;-63.1053749781;35.0377598598;0.00000000000
3468;-52.7560041704;35.8118893712;0.00000000000
3469;-44.8288869214;35.8273680771;0.00000000000
3470;-41.6377834021;34.8401088677;0.00000000000
3471;-34.1345175973;35.8348880337;0.00000000000
3472;-14.2183009136;35.7866030646;0.00000000000
3473;-16.2543784718;31.7342353171;0.00000000000
3474;-16.3087018179;30.7737980665;0.00000000000
3475;-15.6344305124;33.5829726273;0.00000000000
3476;-15.9646537899;32.7216881067;0.00000000000
3477;-31.7376389653;15.6478820272;0.00000000000
3478;-32.6147899767;15.8506047239;0.00000000000
3479;-33.5069871821;15.9450418587;0.00000000000
3480;-34.7800617042;14.9438576427;0.00000000000
;;;
NODE;X;Y;Z
3481;-36.5270749733;15.3158346981;0.00000000000
3482;-39.3390902369;15.5194749016;0.00000000000
3483;-39.9043921335;14.8395315660;0.00000000000
3484;-41.9220061571;15.3705078304;0.00000000000
3485;-42.5432794840;14.7750967299;0.00000000000
3486;-44.3796203850;15.6161867785;0.00000000000
3487;-45.5917234943;15.6221111000;0.00000000000
3488;-46.3346388781;14.8889636189;0.00000000000
3489;-48.1966054587;15.5528862506;0.00000000000
3490;-48.9683187167;14.8409893910;0.00000000000
3491;-51.0670519059;14.1232467006;0.00000000000
3492;-52.2425038567;15.4053318109;0.00000000000
3493;-53.5937818392;15.4499012739;0.00000000000
3494;-54.9119590027;15.5081427733;0.00000000000
3495;-55.6480908568;14.8127809905;0.00000000000
3496;-57.5976725433;15.5548467830;0.00000000000
3497;-58.3350134142;14.8803562628;0.00000000000
3498;-60.3177551350;15.6044921026;0.00000000000
3499;-61.0452688620;14.9289086739;0.00000000000
3500;-63.0362714035;15.6445926521;0.00000000000
;;;
NODE;X;Y;Z
3501;-63.7653112694;14.9579424702;0.00000000000
3502;-65.7636964679;15.6058411161;0.00000000000
3503;-66.4863361979;14.9090769777;0.00000000000
3504;-68.4777013479;15.4709341317;0.00000000000
3505;-69.2024593246;14.7889830345;0.00000000000
3506;-71.1927140605;15.3035568563;0.00000000000
3507;-73.9039437486;15.2054175590;0.00000000000
3508;-77.1506667720;15.8326296136;0.00000000000
3509;-77.8569821922;15.1499745871;0.00000000000
3510;-79.1709221151;14.9764841488;0.00000000000
3511;-80.5499019494;14.8026401891;0.00000000000
3512;-28.1309265546;16.5905788484;0.00000000000
3513;-17.5488709656;27.5711780480;0.00000000000
3514;-85.3801642356;16.2381990159;0.00000000000
3515;-85.3440718386;19.4370272936;0.00000000000
3516;-85.2436103364;21.4037837114;0.00000000000
3517;-85.4793521879;24.6761236279;0.00000000000
3518;-85.4036861344;29.2812982671;0.00000000000
3519;-84.0694766380;31.1033540844;0.00000000000
3520;-84.1745221961;32.1036356326;0.00000000000
;;;
NODE;X;Y;Z
3521;-85.8044078818;32.9691048540;0.00000000000
3522;-85.5008304489;35.3371545278;0.00000000000
3523;-83.5765629781;35.4605022490;0.00000000000
3524;-80.1314212231;34.5039472035;0.00000000000
3525;-78.6047667990;35.2469174797;0.00000000000
3526;-77.8685931439;34.5614034367;0.00000000000
3527;-76.8730266617;34.2186221225;0.00000000000
3528;-75.7116305050;34.6666819755;0.00000000000
3529;-73.7122134625;34.9615226614;0.00000000000
3530;-66.9436260037;34.8140181650;0.00000000000
3531;-65.3350338776;35.3968118118;0.00000000000
3532;-64.5717263320;34.7141006977;0.00000000000
3533;-63.6371961881;34.2182834083;0.00000000000
3534;-62.3458240877;34.6639074253;0.00000000000
3535;-60.2891618008;34.9370531311;0.00000000000
3536;-53.4554962061;34.7600041240;0.00000000000
3537;-51.8443319432;35.3786512879;0.00000000000
3538;-50.9822632703;34.6561818385;0.00000000000
3539;-50.0850063340;34.0377550147;0.00000000000
3540;-45.4364794117;34.7747292894;0.00000000000
;;;
NODE;X;Y;Z
3541;-43.9362206501;35.4539156951;0.00000000000
3542;-43.1010199448;34.7814521161;0.00000000000
3543;-34.7896708231;34.8141211129;0.00000000000
3544;-33.2197692359;35.4261775443;0.00000000000
3545;-32.4314037300;34.8361892021;0.00000000000
3546;-31.5186853984;34.3341574737;0.00000000000
3547;-30.3244593191;34.7713175055;0.00000000000
3548;-29.6508956879;35.2151430452;0.00000000000
3549;-23.0742841745;35.2383755162;0.00000000000
3550;-22.1421309657;34.9734265626;0.00000000000
3551;-20.1793479938;35.0846477717;0.00000000000
3552;-19.1351056206;35.4512090726;0.00000000000
3553;-16.1830513261;35.1922542619;0.00000000000
3554;-34.3952003129;16.1037355182;0.00000000000
3555;-37.3262598980;15.6356241191;0.00000000000
3556;-44.9069397322;16.3625155909;0.00000000000
3557;-50.3097385027;14.8020618603;0.00000000000
3558;-52.8299076222;16.0776234728;0.00000000000
3559;-54.1763493147;16.1689908572;0.00000000000
3560;-78.4272101335;15.7378504906;0.00000000000
;;;
NODE;X;Y;Z
3561;-79.7416914133;15.5010844525;0.00000000000
3562;-17.4460643928;28.6852748869;0.00000000000
3563;-84.1552796147;30.1463139653;0.00000000000
3564;-84.4885044613;32.9820995427;0.00000000000
3565;-82.2867444543;35.3160235034;0.00000000000
3566;-79.3051981406;33.9985238623;0.00000000000
3567;-76.1330152434;33.8713370802;0.00000000000
3568;-72.3720606021;34.7999091564;0.00000000000
3569;-70.9450282749;34.7749626959;0.00000000000
3570;-69.4435462588;34.9172002069;0.00000000000
3571;-66.0419238684;34.3549414908;0.00000000000
3572;-62.8776452977;33.8444309737;0.00000000000
3573;-58.8997659182;34.8216058624;0.00000000000
3574;-57.4254803828;34.8413694336;0.00000000000
3575;-55.9149886820;34.9811911540;0.00000000000
3576;-52.5438239790;34.3267660407;0.00000000000
3577;-47.8764307356;35.0424523869;0.00000000000
3578;-44.5438131404;34.4012769074;0.00000000000
3579;-38.7072149326;34.8668719725;0.00000000000
3580;-37.2195482804;35.0258387562;0.00000000000
;;;
NODE;X;Y;Z
3581;-33.8749224617;34.4054106236;0.00000000000
3582;-30.8162128380;33.9457008999;0.00000000000
3583;-28.3167692509;35.0073770552;0.00000000000
3584;-26.9856602307;34.7442133191;0.00000000000
3585;-16.9208431929;32.8969810032;0.00000000000
3586;-17.2105678748;31.9095282136;0.00000000000
3587;-32.2787813262;17.1016909808;0.00000000000
3588;-33.1709785316;17.1961281156;0.00000000000
3589;-34.0709172387;17.2508421282;0.00000000000
3590;-35.2684731236;16.2275625763;0.00000000000
3591;-36.1133515745;16.4205626809;0.00000000000
3592;-36.9360587044;16.6305944241;0.00000000000
3593;-38.1094091348;15.9440508247;0.00000000000
3594;-38.8578014034;16.3513650648;0.00000000000
3595;-39.5706438434;16.6887316386;0.00000000000
3596;-40.6231355257;15.3349846367;0.00000000000
3597;-41.3108282162;15.9565527789;0.00000000000
3598;-41.9553511392;16.6003485088;0.00000000000
3599;-43.1748764610;15.5070939798;0.00000000000
3600;-43.7402867169;16.2848831783;0.00000000000
;;;
NODE;X;Y;Z
3601;-45.3969846455;17.1506169965;0.00000000000
3602;-46.1385392732;16.3400984894;0.00000000000
3603;-46.8814546569;15.6069510083;0.00000000000
3604;-48.7730117881;16.2008512417;0.00000000000
3605;-49.5447250461;15.4889543821;0.00000000000
3606;-50.8848929102;15.4373262909;0.00000000000
3607;-51.4702692533;16.0649327118;0.00000000000
3608;-52.0493152358;16.6582368349;0.00000000000
3609;-55.5059972834;16.2382068928;0.00000000000
3610;-56.2421291375;15.5428451099;0.00000000000
3611;-57.5203236165;16.9181933992;0.00000000000
3612;-58.2279753528;16.2483936356;0.00000000000
3613;-58.9653162237;15.5739031154;0.00000000000
3614;-60.2246202088;16.9767887866;0.00000000000
3615;-60.9491541749;16.3048825137;0.00000000000
3616;-61.6766679019;15.6292990849;0.00000000000
3617;-64.4021039250;15.6436122306;0.00000000000
3618;-65.0375892547;16.3048408560;0.00000000000
3619;-67.1171505792;15.5478552305;0.00000000000
3620;-67.7499403410;16.1627639083;0.00000000000
;;;
NODE;X;Y;Z
3621;-69.8286014189;15.3826513592;0.00000000000
3622;-70.4596047520;15.9673150235;0.00000000000
3623;-71.0848090185;16.5355557222;0.00000000000
3624;-73.7506049606;16.4524219278;0.00000000000
3625;-74.5140532558;15.8308131320;0.00000000000
3626;-80.2937729406;15.9514741853;0.00000000000
3627;-83.3499851585;15.5214532493;0.00000000000
3628;-28.7856970749;17.2642539009;0.00000000000
3629;-27.4925997960;19.7667369211;0.00000000000
3630;-25.8267037242;21.5945246816;0.00000000000
3631;-24.2541348652;23.1884947286;0.00000000000
3632;-19.9205524453;27.4303402313;0.00000000000
3633;-17.3750250470;29.7951715888;0.00000000000
3634;-84.1346578342;16.7868491160;0.00000000000
3635;-84.2959450979;20.2400749062;0.00000000000
3636;-83.9651865078;22.2935310319;0.00000000000
3637;-84.2995255951;25.3549490295;0.00000000000
3638;-84.5901329588;29.0918280556;0.00000000000
3639;-83.2208778549;29.9594726621;0.00000000000
3640;-84.8977648695;33.8798638519;0.00000000000
;;;
NODE;X;Y;Z
3641;-84.9912561120;34.6558004867;0.00000000000
3642;-83.0170190005;34.6007619372;0.00000000000
3643;-81.6176112359;34.3874178655;0.00000000000
3644;-79.9366087459;32.8240865606;0.00000000000
3645;-78.3537882343;33.4585917828;0.00000000000
3646;-77.3582217521;33.1158104685;0.00000000000
3647;-75.2304764344;33.9107847292;0.00000000000
3648;-73.2893331014;34.0902750304;0.00000000000
3649;-71.8601316352;33.9547608996;0.00000000000
3650;-70.2895331885;34.0365772077;0.00000000000
3651;-68.6373396708;34.3112957039;0.00000000000
3652;-66.7378881080;33.3766381409;0.00000000000
3653;-65.1006492842;33.7233067517;0.00000000000
3654;-64.1661191404;33.2274894623;0.00000000000
3655;-61.8292222379;33.8626626209;0.00000000000
3656;-59.7875966435;34.0652733022;0.00000000000
3657;-58.2448629428;34.0437462310;0.00000000000
3658;-56.6703993456;34.1548167133;0.00000000000
3659;-55.0851302990;34.3798889055;0.00000000000
3660;-53.2940266971;33.3954323753;0.00000000000
;;;
NODE;X;Y;Z
3661;-51.6857450909;33.7772509146;0.00000000000
3662;-50.7884881546;33.1588240908;0.00000000000
3663;-49.8539842192;32.5881740925;0.00000000000
3664;-48.4766906075;34.2113212870;0.00000000000
3665;-46.9084936174;34.4164110269;0.00000000000
3666;-44.8773771329;33.2639840722;0.00000000000
3667;-43.6988960274;34.1049453342;0.00000000000
3668;-39.4099096888;34.0815070820;0.00000000000
3669;-37.8816913794;34.2003881403;0.00000000000
3670;-36.3322625404;34.4406957041;0.00000000000
3671;-34.4393148641;33.4663929723;0.00000000000
3672;-32.9346585544;33.9357622302;0.00000000000
3673;-32.0219402228;33.4337305019;0.00000000000
3674;-29.2165699114;34.4711271885;0.00000000000
3675;-26.5691972742;33.7710239917;0.00000000000
3676;-25.6607079956;34.5894473887;0.00000000000
3677;-23.4189572682;34.3282534201;0.00000000000
3678;-22.4868040594;34.0633044666;0.00000000000
3679;-20.1608672479;34.1514102367;0.00000000000
3680;-17.2808412725;34.2863658801;0.00000000000
;;;
NODE;X;Y;Z
3681;-34.9441900495;17.3746691864;0.00000000000
3682;-37.7192079411;16.9390211297;0.00000000000
3683;-82.3388253055;16.5814073933;0.00000000000
3684;-28.5799581288;19.9042792244;0.00000000000
3685;-83.6557311989;28.9049867524;0.00000000000
3686;-83.7898628472;34.1017869868;0.00000000000
3687;-82.3478857820;33.6721562993;0.00000000000
3688;-78.9851988395;32.2841544811;0.00000000000
3689;-74.1382286558;33.5018262865;0.00000000000
3690;-72.7774041345;33.2451267737;0.00000000000
3691;-69.4833266006;33.4306727048;0.00000000000
3692;-60.6376277031;33.4185270487;0.00000000000
3693;-59.1326936682;33.2874136708;0.00000000000
3694;-55.8405409626;33.5535144648;0.00000000000
3695;-52.4359478090;32.8459172492;0.00000000000
3696;-47.5087534893;33.5852799270;0.00000000000
3697;-40.1417470036;33.3322363575;0.00000000000
3698;-38.5843861356;33.4150232498;0.00000000000
3699;-33.4990509568;32.9967445789;0.00000000000
3700;-19.0037079063;33.3039062740;0.00000000000
;;;
NODE;X;Y;Z
3701;-18.2638558703;32.0196462239;0.00000000000
3702;-17.8695074556;33.2762477165;0.00000000000
3703;-30.5027083010;17.0490086453;0.00000000000
3704;-32.9014972582;18.4143605563;0.00000000000
3705;-33.8014359653;18.4690745689;0.00000000000
3706;-34.7134884421;18.5267388057;0.00000000000
3707;-35.8066786661;17.5297117672;0.00000000000
3708;-36.6293857960;17.7397435104;0.00000000000
3709;-37.4473976555;17.9051576143;0.00000000000
3710;-38.4954835089;17.2048047302;0.00000000000
3711;-39.2083259489;17.5421713040;0.00000000000
3712;-39.9550543923;17.8289407100;0.00000000000
3713;-41.8959995500;17.7554492646;0.00000000000
3714;-42.5193394121;17.4457535688;0.00000000000
3715;-43.1175914070;16.9479101403;0.00000000000
3716;-44.7234587569;17.9694787214;0.00000000000
3717;-45.9733173870;17.8523821355;0.00000000000
3718;-46.7148720147;17.0418636285;0.00000000000
3719;-49.3940246117;16.8237052268;0.00000000000
3720;-50.7228206788;16.7292642291;0.00000000000
;;;
NODE;X;Y;Z
3721;-51.8860249173;17.8805720471;0.00000000000
3722;-52.6090134681;17.2721190392;0.00000000000
3723;-56.1472475053;16.9292916037;0.00000000000
3724;-57.4976726123;18.2793640394;0.00000000000
3725;-58.1737541251;17.6093012052;0.00000000000
3726;-58.8814058614;16.9395014416;0.00000000000
3727;-61.5884124119;17.0037186983;0.00000000000
3728;-64.3162905946;17.0005166704;0.00000000000
3729;-67.0303614233;16.8626108497;0.00000000000
3730;-69.7322221137;16.6422379073;0.00000000000
3731;-70.9555264088;17.7333598218;0.00000000000
3732;-71.6863359058;17.1072080636;0.00000000000
3733;-72.4172036130;16.4609242906;0.00000000000
3734;-73.5109631803;17.6750232032;0.00000000000
3735;-74.2967542751;17.0953824810;0.00000000000
3736;-75.0602025702;16.4737736852;0.00000000000
3737;-75.9629085785;17.9339285311;0.00000000000
3738;-76.9655971542;17.3503427905;0.00000000000
3739;-80.4376336838;17.1420824798;0.00000000000
3740;-81.2675136206;17.4083465705;0.00000000000
;;;
NODE;X;Y;Z
3741;-82.1312457746;17.5343899493;0.00000000000
3742;-83.2002992251;16.6086055834;0.00000000000
3743;-28.2050195036;21.3440439095;0.00000000000
3744;-26.6503945201;23.0290140628;0.00000000000
3745;-25.0260650844;24.7641779811;0.00000000000
3746;-20.9732130987;28.5972690154;0.00000000000
3747;-82.9927196942;17.5615881394;0.00000000000
3748;-82.7338929260;18.6766860889;0.00000000000
3749;-82.4633184355;19.7929822000;0.00000000000
3750;-83.1371635350;21.1185452790;0.00000000000
3751;-83.2217473112;25.2702432814;0.00000000000
3752;-81.6851010091;32.5545357589;0.00000000000
3753;-79.3192172331;30.8961028238;0.00000000000
3754;-75.2880891718;33.0242313185;0.00000000000
3755;-73.9726042137;32.5505073297;0.00000000000
3756;-70.4750696174;32.5023255484;0.00000000000
3757;-68.5764229815;32.8681171018;0.00000000000
3758;-67.6176292147;32.3499271827;0.00000000000
3759;-66.5447104722;31.8053540675;0.00000000000
3760;-64.6796728213;32.1958002807;0.00000000000
;;;
NODE;X;Y;Z
3761;-61.8534283052;32.7564814753;0.00000000000
3762;-60.1363163275;32.5359846940;0.00000000000
3763;-56.6780111847;32.7061192277;0.00000000000
3764;-54.9774691301;32.9905938760;0.00000000000
3765;-53.2129865239;31.9638484279;0.00000000000
3766;-48.8687568542;31.9362787154;0.00000000000
3767;-48.1634630172;32.7526067028;0.00000000000
3768;-42.9664760705;33.4292044929;0.00000000000
3769;-41.6429242833;33.3342621224;0.00000000000
3770;-40.9256978811;32.5796437162;0.00000000000
3771;-39.3222318934;32.6196503463;0.00000000000
3772;-37.6980536950;32.7616513546;0.00000000000
3773;-36.0492828843;33.0527823156;0.00000000000
3774;-33.9709282468;32.0747076084;0.00000000000
3775;-30.0192105191;33.2416578939;0.00000000000
3776;-25.0000061133;33.6162194203;0.00000000000
3777;-21.5117608185;33.1427467628;0.00000000000
3778;-19.3980563211;32.0473047813;0.00000000000
3779;-35.5759770587;18.6817813865;0.00000000000
3780;-38.2236732233;18.1709412148;0.00000000000
;;;
NODE;X;Y;Z
3781;-43.6107185337;17.8444042778;0.00000000000
3782;-47.3240329332;17.6867910600;0.00000000000
3783;-48.6707021395;17.5473316748;0.00000000000
3784;-62.2242777275;17.7013778262;0.00000000000
3785;-63.5896763015;17.6919965988;0.00000000000
3786;-64.9579755426;17.6424509023;0.00000000000
3787;-66.3151247767;17.5647665687;0.00000000000
3788;-67.6601966065;17.4516766890;0.00000000000
3789;-69.0081541959;17.3294651986;0.00000000000
3790;-80.1307728258;17.9847929208;0.00000000000
3791;-29.6227013180;19.9140388203;0.00000000000
3792;-29.2477626928;21.3538035054;0.00000000000
3793;-20.8588907885;29.8059265945;0.00000000000
3794;-19.6686701673;29.8355476554;0.00000000000
3795;-82.2052144206;20.9065562419;0.00000000000
3796;-75.1224647297;32.0729123617;0.00000000000
3797;-65.4277697697;31.2561509464;0.00000000000
3798;-61.3521169297;31.8739391206;0.00000000000
3799;-40.1061827709;31.8670577050;0.00000000000
3800;-38.4358994527;31.9662784511;0.00000000000
;;;
NODE;X;Y;Z
3801;-36.7529309400;32.1991885820;0.00000000000
3802;-29.9668504051;32.3021969966;0.00000000000
3803;-22.8803043194;32.2230830230;0.00000000000
3804;-31.0070012442;18.4735534902;0.00000000000
3805;-33.6257887810;19.7061265681;0.00000000000
3806;-34.5378412578;19.7637908048;0.00000000000
3807;-35.4567066778;19.8381974783;0.00000000000
3808;-36.4344745122;18.8310110361;0.00000000000
3809;-37.2524863717;18.9964251400;0.00000000000
3810;-38.0863299478;19.1366166969;0.00000000000
3811;-39.0311141612;18.4073078623;0.00000000000
3812;-39.7778426045;18.6940772684;0.00000000000
3813;-40.6388005100;18.9123317047;0.00000000000
3814;-41.4480329590;18.8688481957;0.00000000000
3815;-42.2708848403;18.6998543822;0.00000000000
3816;-42.8942247023;18.3901586865;0.00000000000
3817;-46.6515437749;18.4575524501;0.00000000000
3818;-48.0150369000;18.2662727617;0.00000000000
3819;-49.3513735493;18.1440961109;0.00000000000
3820;-50.6308111680;18.0188938390;0.00000000000
;;;
NODE;X;Y;Z
3821;-51.8655692535;19.0288359256;0.00000000000
3822;-52.4033395746;18.4368602355;0.00000000000
3823;-53.1263281254;17.8284072275;0.00000000000
3824;-53.9410730314;17.5265237032;0.00000000000
3825;-55.3690667135;17.6950935943;0.00000000000
3826;-56.1859760328;18.2840392110;0.00000000000
3827;-56.8714784678;18.9613463920;0.00000000000
3828;-58.8098875343;18.3058056975;0.00000000000
3829;-61.5105408578;18.3619779794;0.00000000000
3830;-62.8742431414;18.3768256256;0.00000000000
3831;-64.2475650811;18.3383398293;0.00000000000
3832;-66.9621775576;18.1641617083;0.00000000000
3833;-68.3021298139;18.0301342682;0.00000000000
3834;-69.6302018244;17.8788630033;0.00000000000
3835;-70.2283018530;18.4017442191;0.00000000000
3836;-70.8147718994;18.8958869661;0.00000000000
3837;-72.2550570626;17.6542050028;0.00000000000
3838;-72.7700923177;18.2624135542;0.00000000000
3839;-73.2243924250;18.8937083401;0.00000000000
3840;-74.7568160254;17.7798060091;0.00000000000
;;;
NODE;X;Y;Z
3841;-75.1241325857;18.5326022698;0.00000000000
3842;-76.1807304234;18.8045970809;0.00000000000
3843;-77.1834189991;18.2210113403;0.00000000000
3844;-78.0808020646;18.1627681535;0.00000000000
3845;-79.0186627868;18.5380386904;0.00000000000
3846;-79.8634161541;18.9315157541;0.00000000000
3847;-80.9960598384;18.3195691044;0.00000000000
3848;-81.8597919925;18.4456124831;0.00000000000
3849;-27.5658464525;24.3616292839;0.00000000000
3850;-81.5892175020;19.5619085942;0.00000000000
3851;-81.2941730296;20.6789784650;0.00000000000
3852;-81.8482038809;22.0815054035;0.00000000000
3853;-82.2358127691;24.3438307290;0.00000000000
3854;-82.1772270611;26.3231234891;0.00000000000
3855;-80.1811018403;27.7488412604;0.00000000000
3856;-81.4149554901;30.6370790817;0.00000000000
3857;-79.9402396015;29.7716007958;0.00000000000
3858;-68.4790275284;31.4145797083;0.00000000000
3859;-64.2986403456;30.6902845741;0.00000000000
3860;-62.3344683091;31.0877884424;0.00000000000
;;;
NODE;X;Y;Z
3861;-54.9102054802;31.5855821270;0.00000000000
3862;-47.8796077529;31.2737121135;0.00000000000
3863;-42.5054066689;32.6113729901;0.00000000000
3864;-41.7881802667;31.8567545839;0.00000000000
3865;-40.9643596953;31.1224433880;0.00000000000
3866;-35.7252097007;31.6671232998;0.00000000000
3867;-28.5685681719;31.6341575914;0.00000000000
3868;-26.9482512046;31.1007036479;0.00000000000
3869;-21.9202133911;32.0152639433;0.00000000000
3870;-36.3152041313;19.9874271280;0.00000000000
3871;-38.8937708857;19.3729833444;0.00000000000
3872;-47.3425477417;19.0370341518;0.00000000000
3873;-48.6957083097;18.8630371978;0.00000000000
3874;-49.9852188804;18.7342393066;0.00000000000
3875;-59.4398130212;19.0113458854;0.00000000000
3876;-60.7920980130;19.0327621029;0.00000000000
3877;-62.1605062717;19.0374257787;0.00000000000
3878;-63.5321319209;19.0231688560;0.00000000000
3879;-67.6041107650;18.7426192875;0.00000000000
3880;-68.9241774424;18.5795320730;0.00000000000
;;;
NODE;X;Y;Z
3881;-80.7287031667;19.2662919377;0.00000000000
3882;-28.7733471364;24.1534102422;0.00000000000
3883;-20.9070953682;30.8478753500;0.00000000000
3884;-80.9371624898;21.8539276266;0.00000000000
3885;-63.2177036088;30.0715123700;0.00000000000
3886;-48.6454510395;30.4809601454;0.00000000000
3887;-31.6699122256;19.7942442793;0.00000000000
3888;-34.4886627061;21.0085551024;0.00000000000
3889;-35.4075281261;21.0829617759;0.00000000000
3890;-37.1492165704;20.0242447001;0.00000000000
3891;-37.9830601465;20.1644362570;0.00000000000
3892;-38.8507910061;20.3298931762;0.00000000000
3893;-39.7595574567;19.5843570820;0.00000000000
3894;-40.6205153622;19.8026115184;0.00000000000
3895;-41.5097068045;19.9188007434;0.00000000000
3896;-42.3325586857;19.7498069299;0.00000000000
3897;-43.2750537890;19.5370315654;0.00000000000
3898;-48.0957887428;19.5622128137;0.00000000000
3899;-49.4084717240;19.4384215901;0.00000000000
3900;-50.6894940546;19.3715484376;0.00000000000
;;;
NODE;X;Y;Z
3901;-51.3400938841;19.8234868294;0.00000000000
3902;-52.4673390769;19.5001165078;0.00000000000
3903;-53.0051093980;18.9081408177;0.00000000000
3904;-54.8867689166;18.4508465263;0.00000000000
3905;-55.7036782359;19.0397921431;0.00000000000
3906;-58.7435382263;19.6641873974;0.00000000000
3907;-60.0805048670;19.6864592405;0.00000000000
3908;-62.8152121297;19.7136298065;0.00000000000
3909;-66.9325231145;19.4611745965;0.00000000000
3910;-68.2673552514;19.3026835049;0.00000000000
3911;-69.5448275632;19.0935475941;0.00000000000
3912;-70.7053461612;20.0867906984;0.00000000000
3913;-71.3439901175;19.4163560242;0.00000000000
3914;-72.0534657837;18.8008258191;0.00000000000
3915;-72.8095252456;20.1207487397;0.00000000000
3916;-73.5287119854;19.6394544132;0.00000000000
3917;-74.2753444911;19.1051928044;0.00000000000
3918;-78.7844218515;19.5725374314;0.00000000000
3919;-79.6291752188;19.9660144951;0.00000000000
3920;-80.4336586943;20.3833618085;0.00000000000
;;;
NODE;X;Y;Z
3921;-30.1296186094;22.6034605451;0.00000000000
3922;-27.5173217549;27.1038267991;0.00000000000
3923;-80.1038439555;21.4712247611;0.00000000000
3924;-80.4803130232;23.0323750295;0.00000000000
3925;-80.9084423240;25.7167362247;0.00000000000
3926;-76.2889743662;30.7213153846;0.00000000000
3927;-72.8583785338;30.6502611112;0.00000000000
3928;-68.2628044865;29.9716631250;0.00000000000
3929;-58.4999220817;31.0903137794;0.00000000000
3930;-54.8503827830;30.1811476745;0.00000000000
3931;-51.3752425752;30.8917090633;0.00000000000
3932;-50.4140923305;30.2996562912;0.00000000000
3933;-49.4514495853;29.7134502980;0.00000000000
3934;-46.1071904273;31.3347458407;0.00000000000
3935;-45.0896618081;30.4654981014;0.00000000000
3936;-44.0858038266;29.4808648446;0.00000000000
3937;-42.6321291253;31.0993264175;0.00000000000
3938;-40.6925659342;29.3198093457;0.00000000000
3939;-40.1194400739;30.4142542912;0.00000000000
3940;-35.3680244806;30.3108368000;0.00000000000
;;;
NODE;X;Y;Z
3941;-31.4415801278;31.1890998859;0.00000000000
3942;-39.7165775771;20.5412669138;0.00000000000
3943;-44.5377598758;19.7354252357;0.00000000000
3944;-48.8085521571;20.1375972060;0.00000000000
3945;-50.1127468982;20.0757307211;0.00000000000
3946;-58.0909947114;20.3297423173;0.00000000000
3947;-67.5957676009;20.0212388139;0.00000000000
3948;-68.8880053722;19.8166990260;0.00000000000
3949;-79.2993604800;21.0538774477;0.00000000000
3950;-30.0151010576;23.8682727559;0.00000000000
3951;-28.7839689547;26.7251554855;0.00000000000
3952;-24.9229347663;28.2796642798;0.00000000000
3953;-79.6469944888;22.6496721641;0.00000000000
3954;-71.8537629722;30.0202071907;0.00000000000
3955;-67.1334068847;29.4307647761;0.00000000000
3956;-57.6055125195;30.4428876991;0.00000000000
3957;-53.9338393456;29.6826182526;0.00000000000
3958;-38.3099781132;30.5096597500;0.00000000000
3959;-34.2066288067;29.8746803819;0.00000000000
3960;-32.4828072796;21.0423224951;0.00000000000
;;;
NODE;X;Y;Z
3961;-37.8286626994;21.0855057653;0.00000000000
3962;-38.6963935589;21.2509626846;0.00000000000
3963;-39.6702311810;21.5342439125;0.00000000000
3964;-40.6068930385;20.8246978427;0.00000000000
3965;-41.4960844808;20.9408870678;0.00000000000
3966;-42.3902237930;21.0103225066;0.00000000000
3967;-43.3327188964;20.7975471420;0.00000000000
3968;-44.1775849672;20.8129594953;0.00000000000
3969;-45.3979212304;20.1910776154;0.00000000000
3970;-48.2846422402;20.8291264025;0.00000000000
3971;-50.7141447354;20.7296299869;0.00000000000
3972;-53.1071012380;19.9291224612;0.00000000000
3973;-56.8811139079;20.3446605819;0.00000000000
3974;-57.4523683390;20.9747594880;0.00000000000
3975;-58.6982014035;20.9684242460;0.00000000000
3976;-60.0190846077;20.9801533993;0.00000000000
3977;-60.7378257123;20.3506894907;0.00000000000
3978;-62.7551412111;21.0522791716;0.00000000000
3979;-63.4837193384;20.3677963178;0.00000000000
3980;-65.5737918619;19.5882605169;0.00000000000
;;;
NODE;X;Y;Z
3981;-68.3223890218;20.5585632660;0.00000000000
3982;-69.5916276445;20.3051913178;0.00000000000
3983;-70.1656761961;20.8042916751;0.00000000000
3984;-71.9030824912;21.1081652830;0.00000000000
3985;-72.8757378117;20.9461153577;0.00000000000
3986;-73.5949245515;20.4648210312;0.00000000000
3987;-78.9059247384;22.0608514196;0.00000000000
3988;-31.1683732708;23.6831265974;0.00000000000
3989;-31.2828908226;22.4183143866;0.00000000000
3990;-79.0575132887;23.6559191687;0.00000000000
3991;-79.1325623421;25.4154650639;0.00000000000
3992;-77.1611505751;27.9553645651;0.00000000000
3993;-72.5264770700;29.0928249960;0.00000000000
3994;-70.3352197107;29.6024055468;0.00000000000
3995;-66.0275430917;28.8773777512;0.00000000000
3996;-58.4835677712;29.7091616354;0.00000000000
3997;-56.6547896639;29.8529436916;0.00000000000
3998;-52.9642212973;29.2206614287;0.00000000000
3999;-51.2137426736;29.5137194723;0.00000000000
4000;-49.3154456338;28.3488675961;0.00000000000
;;;
NODE;X;Y;Z
4001;-48.4852174819;29.0459708875;0.00000000000
4002;-45.8638017482;29.7253523482;0.00000000000
4003;-43.9225031207;27.7262492356;0.00000000000
4004;-42.3597939233;29.2717108394;0.00000000000
4005;-37.1840570362;29.8726767020;0.00000000000
4006;-33.2025507308;29.4446470245;0.00000000000
4007;-31.1107943777;29.6709589896;0.00000000000
4008;-37.9903662951;22.2213137469;0.00000000000
4009;-40.5605466425;21.8176748414;0.00000000000
4010;-45.0377463218;21.2686118750;0.00000000000
4011;-46.2052787196;20.6702345339;0.00000000000
4012;-51.2449115159;21.5485737313;0.00000000000
4013;-53.6960322926;20.4457941859;0.00000000000
4014;-58.0595750311;21.6134414167;0.00000000000
4015;-59.3330559391;21.6092768927;0.00000000000
4016;-64.8738011005;20.2974763037;0.00000000000
4017;-69.0260112941;21.0470555577;0.00000000000
4018;-73.5765408234;21.3492428153;0.00000000000
4019;-31.1751997974;24.8391181682;0.00000000000
4020;-30.0090459991;26.3157459741;0.00000000000
;;;
NODE;X;Y;Z
4021;-78.3164435383;23.0670984242;0.00000000000
4022;-64.9732162222;28.3118924788;0.00000000000
4023;-63.1023980438;28.5979979150;0.00000000000
4024;-52.0057494542;28.7004117995;0.00000000000
4025;-46.6861372778;28.9947884661;0.00000000000
4026;-33.4398405888;22.1994044849;0.00000000000
4027;-37.7196602392;23.6474148453;0.00000000000
4028;-38.6918402434;22.0940309547;0.00000000000
4029;-39.6656778655;22.3773121826;0.00000000000
4030;-40.4597944162;23.0542521269;0.00000000000
4031;-41.4703352229;22.2395106450;0.00000000000
4032;-42.3644745351;22.3089460838;0.00000000000
4033;-43.2481569811;22.2458040703;0.00000000000
4034;-44.0930230519;22.2612164236;0.00000000000
4035;-44.8974962663;22.2577486630;0.00000000000
4036;-45.8067297688;21.5043956248;0.00000000000
4037;-47.0383397553;21.0365867357;0.00000000000
4038;-48.5523016796;22.0855093393;0.00000000000
4039;-48.9780628523;21.4165718064;0.00000000000
4040;-50.1033706064;21.3789418756;0.00000000000
;;;
NODE;X;Y;Z
4041;-53.1544091262;20.9357231832;0.00000000000
4042;-56.2890291151;21.0298925252;0.00000000000
4043;-56.8602835461;21.6599914314;0.00000000000
4044;-58.6385390681;22.2180162259;0.00000000000
4045;-61.3643709049;21.0290408004;0.00000000000
4046;-62.0153873998;21.7081235912;0.00000000000
4047;-64.1747732627;21.0116479612;0.00000000000
4048;-65.5831484274;20.9040222101;0.00000000000
4049;-68.4904572688;21.7866090177;0.00000000000
4050;-69.8084874088;21.4650406082;0.00000000000
4051;-71.5732514518;21.8682979569;0.00000000000
4052;-76.2139691946;21.4709495531;0.00000000000
4053;-32.3559589697;24.6559850621;0.00000000000
4054;-32.3491324432;23.4999934912;0.00000000000
4055;-30.2009350880;27.5109998656;0.00000000000
4056;-77.5741560151;23.7928894512;0.00000000000
4057;-75.2228381058;27.4098707910;0.00000000000
4058;-72.6117341921;27.9473281779;0.00000000000
4059;-65.7968831057;27.4432214608;0.00000000000
4060;-62.0720717011;28.0544657417;0.00000000000
;;;
NODE;X;Y;Z
4061;-56.5213945878;28.5803867553;0.00000000000
4062;-52.7867546101;27.9250157712;0.00000000000
4063;-51.0540239463;28.1877980097;0.00000000000
4064;-50.1183696516;27.6091521267;0.00000000000
4065;-49.2202813127;27.0379772707;0.00000000000
4066;-47.5642045498;28.3666018869;0.00000000000
4067;-45.7836510088;28.1799637286;0.00000000000
4068;-44.8462103628;27.1654938729;0.00000000000
4069;-41.9474882268;27.1151847477;0.00000000000
4070;-36.7008222016;28.4179750050;0.00000000000
4071;-33.1862599353;28.2869656071;0.00000000000
4072;-31.6557171658;28.0937029175;0.00000000000
4073;-41.3695829967;23.4760879305;0.00000000000
4074;-45.6664797134;22.4935324129;0.00000000000
4075;-46.6397908046;21.8707478266;0.00000000000
4076;-55.7460083105;21.6907543579;0.00000000000
4077;-64.8841205895;21.6181938676;0.00000000000
4078;-66.3027754997;21.4878510420;0.00000000000
4079;-74.6510984562;23.3861376435;0.00000000000
4080;-75.6169498002;22.8691698024;0.00000000000
;;;
NODE;X;Y;Z
4081;-32.4147636520;25.6972769731;0.00000000000
4082;-46.6617182808;27.5517771494;0.00000000000
4083;-32.5908358856;27.5666821219;0.00000000000
4084;-34.6002861450;23.4271863844;0.00000000000
4085;-39.3540680577;23.3155480509;0.00000000000
4086;-40.1481846084;23.9924879953;0.00000000000
4087;-42.4055719191;23.7035178729;0.00000000000
4088;-43.2892543652;23.6403758594;0.00000000000
4089;-44.1939431963;23.4788259866;0.00000000000
4090;-44.9984164107;23.4753582260;0.00000000000
4091;-45.7697493747;23.2942307770;0.00000000000
4092;-46.3388688695;22.5237288202;0.00000000000
4093;-47.4056203033;22.2218941540;0.00000000000
4094;-48.1434358778;22.7648230505;0.00000000000
4095;-48.8237506173;23.3322323069;0.00000000000
4096;-53.0468203311;21.9436035687;0.00000000000
4097;-56.2686813713;22.2593670648;0.00000000000
4098;-58.3206208248;23.5293968093;0.00000000000
4099;-59.1987079287;22.8843130662;0.00000000000
4100;-61.2623548971;22.2808056943;0.00000000000
;;;
NODE;X;Y;Z
4101;-64.1739762451;22.2808415230;0.00000000000
4102;-65.6283199032;22.1973551417;0.00000000000
4103;-67.0672391250;22.0420289957;0.00000000000
4104;-68.7768884988;22.9797772728;0.00000000000
4105;-70.2271848644;22.5424187958;0.00000000000
4106;-71.1949459233;22.6599959971;0.00000000000
4107;-76.0904107085;23.6312820060;0.00000000000
4108;-33.6218844957;25.5897473092;0.00000000000
4109;-33.5630798134;24.5484553982;0.00000000000
4110;-74.9851241401;26.4074835351;0.00000000000
4111;-60.1980546032;28.2773950148;0.00000000000
4112;-50.8952930752;26.9184378640;0.00000000000
4113;-48.3629944998;26.3570551707;0.00000000000
4114;-47.5371458888;26.9885764955;0.00000000000
4115;-45.8474666928;26.7367845974;0.00000000000
4116;-38.3548426987;27.8735919416;0.00000000000
4117;-33.7218921855;27.4255464156;0.00000000000
4118;-46.4421385308;23.3244271844;0.00000000000
4119;-47.1046983682;22.8748751476;0.00000000000
4120;-53.5043044386;22.6790586465;0.00000000000
;;;
NODE;X;Y;Z
4121;-56.8277140872;22.7865873975;0.00000000000
4122;-60.5099498965;22.8978747183;0.00000000000
4123;-61.9570119165;22.8742176748;0.00000000000
4124;-63.4378255289;22.8862462797;0.00000000000
4125;-64.9181755588;22.8600027970;0.00000000000
4126;-66.3927835285;22.7515330954;0.00000000000
4127;-33.6466769911;26.5834248527;0.00000000000
4128;-59.1671534495;27.7120635975;0.00000000000
4129;-45.0685655203;25.7197420242;0.00000000000
4130;-35.9573551177;24.7876996584;0.00000000000
4131;-47.6248680953;23.3853824542;0.00000000000
4132;-49.5762636882;23.9270365039;0.00000000000
4133;-51.1704450350;23.1786489684;0.00000000000
4134;-53.8399082082;23.6088938223;0.00000000000
4135;-57.3392878778;23.2020044521;0.00000000000
4136;-57.8206054733;24.7300043164;0.00000000000
4137;-58.8216494021;24.1601557210;0.00000000000
4138;-59.6997365059;23.5150719779;0.00000000000
4139;-61.1571746852;23.4197050803;0.00000000000
4140;-67.2070656394;23.2855545629;0.00000000000
;;;
NODE;X;Y;Z
4141;-70.9155380779;23.6127009007;0.00000000000
4142;-75.6030805319;25.0169141894;0.00000000000
4143;-71.0932004817;26.3743134074;0.00000000000
4144;-69.5332638300;26.7030006913;0.00000000000
4145;-63.7054488488;26.2972253771;0.00000000000
4146;-58.0958547106;27.1671488196;0.00000000000
4147;-50.8374215485;23.8304845242;0.00000000000
4148;-54.4703799763;24.2958526911;0.00000000000
4149;-60.3469612946;24.0369023399;0.00000000000
4150;-74.0017019861;24.6620658025;0.00000000000
4151;-34.8151677495;25.6779247492;0.00000000000
4152;-71.8393036187;25.5993281529;0.00000000000
4153;-70.2717017103;25.7891215118;0.00000000000
4154;-62.6180362694;25.9082150461;0.00000000000
4155;-57.0528814910;26.6367036281;0.00000000000
4156;-47.6326819784;24.4982563785;0.00000000000
4157;-50.3821142403;24.4985106487;0.00000000000
4158;-51.7741601305;24.3036616597;0.00000000000
4159;-53.8587946564;25.0115075756;0.00000000000
4160;-67.3584429765;24.5208864286;0.00000000000
;;;
NODE;X;Y;Z
4161;-69.3803125675;25.3307194165;0.00000000000
4162;-67.5183033439;25.7718357758;0.00000000000
4163;-66.5134610083;25.2839861397;0.00000000000
4164;-65.6132767909;24.7810744096;0.00000000000
4165;-63.8751422109;24.8829678877;0.00000000000
4166;-55.9543991455;26.1138802405;0.00000000000
4167;-54.2370559081;26.3624406544;0.00000000000
4168;-53.2635746847;25.8724742414;0.00000000000
4169;-52.2653673991;25.4374057640;0.00000000000
4170;-48.3440558560;25.1111628730;0.00000000000
4171;-46.8412088315;24.8760405104;0.00000000000
4172;-51.3188528223;24.9716877843;0.00000000000
4173;-63.3877548225;24.0565486121;0.00000000000
4174;-64.8852720469;24.1449576326;0.00000000000
4175;-26.2876821029;18.5623440938;0.00000000000
4176;-23.2695697696;22.0630298700;0.00000000000
4177;-18.7462409642;27.4809045744;0.00000000000
4178;-97.9825627140;48.6656349692;0.00000000000
4179;-21.3056507650;0.681082084036;0.00000000000
4180;-21.9429492781;1.41055707035;0.00000000000
;;;
NODE;X;Y;Z
4181;-20.6175733304;1.33511338204;0.00000000000
4182;-21.2031063770;2.04727155811;0.00000000000
4183;-2.11612391380;21.2216944545;0.00000000000
4184;-0.672964752535;46.0795864547;0.00000000000
4185;-1.34888643836;45.4382770374;0.00000000000
4186;-1.36527311053;46.7133858891;0.00000000000
4187;-2.03315961133;46.0892276875;0.00000000000
4188;-95.9100904924;3.25750263138;0.00000000000
4189;-93.8727346891;3.87925524416;0.00000000000
4190;-22.8503192641;6.16600760418;0.00000000000
4191;-23.6645341496;5.54501279852;0.00000000000
4192;-22.4664273545;7.72217501784;0.00000000000
4193;-21.9431932468;9.25368262036;0.00000000000
4194;-21.2800110530;10.7178985879;0.00000000000
4195;-20.4804887690;11.9759892403;0.00000000000
4196;-18.5442982368;14.3301733078;0.00000000000
4197;-19.5479267851;14.1412450366;0.00000000000
4198;-17.6202357652;15.4941373017;0.00000000000
4199;-16.6176344362;16.6157157365;0.00000000000
4200;-14.3280044520;18.6504727234;0.00000000000
;;;
NODE;X;Y;Z
4201;-15.3957145909;18.6822507374;0.00000000000
4202;-13.0832626408;19.5378695763;0.00000000000
4203;-11.7693048580;20.3551215576;0.00000000000
4204;-9.03131386894;22.0576808729;0.00000000000
4205;-10.0960976520;22.2322474933;0.00000000000
4206;-6.05003924173;23.0536921526;0.00000000000
4207;-5.36160663366;23.8296172599;0.00000000000
4208;-4.53966850163;24.5460213674;0.00000000000
4209;-4.75923754160;46.0980353143;0.00000000000
4210;-96.0194069658;45.2975573863;0.00000000000
4211;-95.8945600568;5.81960413113;0.00000000000
4212;-95.8940552461;4.54178228368;0.00000000000
4213;-96.5789538196;5.19247137863;0.00000000000
4214;-25.0933037002;5.76024910010;0.00000000000
4215;-23.8309433793;8.34572472972;0.00000000000
4216;-24.8001248164;7.72007934093;0.00000000000
4217;-23.2607171255;10.0414420211;0.00000000000
4218;-22.5732233151;11.6805651391;0.00000000000
4219;-21.6831500695;13.1966445047;0.00000000000
4220;-21.5200994954;14.1410152664;0.00000000000
;;;
NODE;X;Y;Z
4221;-17.6224206809;18.5885083213;0.00000000000
4222;-12.3560008655;22.4233918849;0.00000000000
4223;-5.27178912103;25.2569415901;0.00000000000
4224;-6.09372725307;24.5405374826;0.00000000000
4225;-5.05438390097;26.6918179848;0.00000000000
4226;-95.2168301472;5.17011551209;0.00000000000
4227;-25.8280797160;6.28050434443;0.00000000000
4228;-6.73396353959;25.3948518620;0.00000000000
4229;-7.24683537924;26.2475439741;0.00000000000
4230;-8.19164867742;44.0558040176;0.00000000000
4231;-7.51526251267;43.4385758088;0.00000000000
4232;-10.8916614574;43.9688730844;0.00000000000
4233;-10.2422655915;43.3268826397;0.00000000000
4234;-13.5913276910;43.9040933054;0.00000000000
4235;-12.9504100619;43.2526082256;0.00000000000
4236;-16.2934189047;43.8710437570;0.00000000000
4237;-15.6626070060;43.1958406736;0.00000000000
4238;-18.9840428297;43.8784059070;0.00000000000
4239;-18.3504523025;43.2015986688;0.00000000000
4240;-21.6658567651;43.9101061385;0.00000000000
;;;
NODE;X;Y;Z
4241;-21.0462496920;43.2416386455;0.00000000000
4242;-24.3415129553;43.9266782160;0.00000000000
4243;-23.7243249455;43.2752601754;0.00000000000
4244;-27.0133014614;43.9244255036;0.00000000000
4245;-26.3998455742;43.2761465348;0.00000000000
4246;-29.6835312433;43.9051705588;0.00000000000
4247;-29.0674459876;43.2595846871;0.00000000000
4248;-32.3527316451;43.9020300582;0.00000000000
4249;-31.7324918860;43.2575690130;0.00000000000
4250;-35.0183101263;43.9108230499;0.00000000000
4251;-34.4018980325;43.2542443385;0.00000000000
4252;-37.6854829124;43.9059059979;0.00000000000
4253;-37.0708416325;43.2601555357;0.00000000000
4254;-40.3530654928;43.9009957247;0.00000000000
4255;-39.7338736665;43.2558999291;0.00000000000
4256;-43.0185231521;43.9096320110;0.00000000000
4257;-42.4021636606;43.2528496737;0.00000000000
4258;-45.6854147374;43.9095697299;0.00000000000
4259;-45.0692626231;43.2661010957;0.00000000000
4260;-48.3534222466;43.9007490732;0.00000000000
;;;
NODE;X;Y;Z
4261;-47.7342905749;43.2582162248;0.00000000000
4262;-51.0190113265;43.9095264570;0.00000000000
4263;-50.4025320533;43.2526268262;0.00000000000
4264;-53.6802038757;43.9122878937;0.00000000000
4265;-53.0672458355;43.2632300272;0.00000000000
4266;-56.3408103936;43.8911012557;0.00000000000
4267;-55.7258233918;43.2303486317;0.00000000000
4268;-59.0070190510;43.8864889258;0.00000000000
4269;-58.3918716585;43.2150884618;0.00000000000
4270;-61.6762914699;43.8851533399;0.00000000000
4271;-61.0615358876;43.2141497489;0.00000000000
4272;-64.3433040305;43.8875669276;0.00000000000
4273;-63.7289717080;43.2165716808;0.00000000000
4274;-67.0108002196;43.8888994457;0.00000000000
4275;-66.3961336027;43.2258973852;0.00000000000
4276;-69.6780150374;43.8870637107;0.00000000000
4277;-69.0638592791;43.2170774367;0.00000000000
4278;-72.3465533451;43.8913768130;0.00000000000
4279;-71.7328414227;43.2200901059;0.00000000000
4280;-75.0128708539;43.8908763892;0.00000000000
;;;
NODE;X;Y;Z
4281;-74.3992297175;43.2294644385;0.00000000000
4282;-77.6787296203;43.8939741658;0.00000000000
4283;-77.0643188712;43.2339783228;0.00000000000
4284;-80.3447839587;43.8976973526;0.00000000000
4285;-79.7289301948;43.2422609001;0.00000000000
4286;-83.0116294720;43.8850146569;0.00000000000
4287;-82.3935263755;43.2294512195;0.00000000000
4288;-85.6930536086;43.8469129024;0.00000000000
4289;-85.0667712933;43.1866707502;0.00000000000
4290;-88.2940222624;43.8175793719;0.00000000000
4291;-87.7192175291;43.0974473393;0.00000000000
4292;-90.8831827265;43.9505999315;0.00000000000
4293;-90.2471987773;43.2776251199;0.00000000000
4294;-92.8229864919;43.3047558402;0.00000000000
4295;-93.4522498649;42.6176544369;0.00000000000
4296;-92.4845262257;6.45469119361;0.00000000000
4297;-25.7063593331;7.33430553388;0.00000000000
4298;-24.5546667818;10.8400363340;0.00000000000
4299;-25.4843384983;10.3353146007;0.00000000000
4300;-23.8578419183;12.6141168859;0.00000000000
;;;
NODE;X;Y;Z
4301;-24.0949416794;13.9053117100;0.00000000000
4302;-9.01066902847;25.4637306399;0.00000000000
4303;-13.4911634845;22.6395743837;0.00000000000
4304;-13.2368117812;23.5144149794;0.00000000000
4305;-14.8179897383;21.8441020422;0.00000000000
4306;-16.2035514179;20.8217666412;0.00000000000
4307;-17.5301358761;19.6726402981;0.00000000000
4308;-21.9158167911;14.9531715351;0.00000000000
4309;-7.49707991004;42.1775164673;0.00000000000
4310;-10.2652936302;42.0500905448;0.00000000000
4311;-13.0248880290;41.9150843924;0.00000000000
4312;-15.0257677620;42.5228787613;0.00000000000
4313;-18.4346256307;41.8458370318;0.00000000000
4314;-21.1562593313;41.9429332906;0.00000000000
4315;-23.8385620175;41.9750432384;0.00000000000
4316;-26.5088303396;41.9791886335;0.00000000000
4317;-29.1789506702;41.9588775416;0.00000000000
4318;-31.8440316704;41.9568685923;0.00000000000
4319;-34.5122261181;41.9626686749;0.00000000000
4320;-37.1794838772;41.9626236208;0.00000000000
;;;
NODE;X;Y;Z
4321;-39.8481264604;41.9558486434;0.00000000000
4322;-42.5108009162;41.9667769139;0.00000000000
4323;-45.1783136227;41.9689179349;0.00000000000
4324;-47.8484288372;41.9616668644;0.00000000000
4325;-50.5082640858;41.9668094711;0.00000000000
4326;-53.1698178012;41.9630020249;0.00000000000
4327;-55.8349548981;41.9362549076;0.00000000000
4328;-58.5016388245;41.9171368022;0.00000000000
4329;-61.1706407060;41.9089266422;0.00000000000
4330;-63.8364140705;41.9189632606;0.00000000000
4331;-66.5030886861;41.9340915510;0.00000000000
4332;-69.1720197831;41.9217931473;0.00000000000
4333;-71.8413159883;41.9097998881;0.00000000000
4334;-74.5104949982;41.9060203142;0.00000000000
4335;-77.1752899168;41.9153133375;0.00000000000
4336;-79.8235577803;41.9398966370;0.00000000000
4337;-82.4701240675;41.9272966739;0.00000000000
4338;-85.1025468690;41.8716726066;0.00000000000
4339;-87.7957171883;41.6615614117;0.00000000000
4340;-90.3946983890;42.0750317364;0.00000000000
;;;
NODE;X;Y;Z
4341;-91.6303959248;42.0608745629;0.00000000000
4342;-92.8440104423;41.9789010404;0.00000000000
4343;-92.2018030139;41.3381301373;0.00000000000
4344;-91.7938715643;8.37967409115;0.00000000000
4345;-27.3843523241;9.19106619331;0.00000000000
4346;-25.1619665838;13.3460177631;0.00000000000
4347;-26.1761061642;12.7128461054;0.00000000000
4348;-24.3360876237;15.1480754629;0.00000000000
4349;-25.4031125281;14.5887815160;0.00000000000
4350;-8.49552004668;26.7447228624;0.00000000000
4351;-9.87753769235;25.2146496574;0.00000000000
4352;-10.8385973718;25.0760324155;0.00000000000
4353;-9.29725048136;26.4321114220;0.00000000000
4354;-7.38857925875;28.5133827883;0.00000000000
4355;-21.1541349247;17.8784524814;0.00000000000
4356;-22.3119245139;17.4092498127;0.00000000000
4357;-19.9221009226;19.3164036184;0.00000000000
4358;-17.1569134644;21.9137086021;0.00000000000
4359;-19.6351428059;21.6136081904;0.00000000000
4360;-18.3699720928;21.7971839857;0.00000000000
;;;
NODE;X;Y;Z
4361;-16.9052835976;23.0879024737;0.00000000000
4362;-13.8046001288;24.7965443741;0.00000000000
4363;-12.8414332012;25.4728590251;0.00000000000
4364;-91.6085694873;40.7549727148;0.00000000000
4365;-90.9533876093;38.0663575101;0.00000000000
4366;-90.4653835299;38.8724481552;0.00000000000
4367;-90.8207028564;35.1693486452;0.00000000000
4368;-90.0916858876;35.8558487180;0.00000000000
4369;-90.9119911188;32.5047104029;0.00000000000
4370;-90.0604265543;33.1206171234;0.00000000000
4371;-91.2513721897;29.7743346366;0.00000000000
4372;-90.5038939036;30.4010033779;0.00000000000
4373;-91.3044309110;27.0287884340;0.00000000000
4374;-90.6665752793;27.6415533174;0.00000000000
4375;-91.2000858338;24.3527931643;0.00000000000
4376;-90.5422334968;24.9212308634;0.00000000000
4377;-91.2373467810;21.7681870744;0.00000000000
4378;-90.5325155154;22.3346056316;0.00000000000
4379;-91.2986252052;19.1615705343;0.00000000000
4380;-90.6365261422;19.7350144532;0.00000000000
;;;
NODE;X;Y;Z
4381;-91.2799850001;16.5944424979;0.00000000000
4382;-90.6179720895;17.1684302712;0.00000000000
4383;-91.2388826818;14.0475690090;0.00000000000
4384;-90.6012035672;14.6573312168;0.00000000000
4385;-91.1579957675;11.5409342552;0.00000000000
4386;-90.5002540546;12.1650814304;0.00000000000
4387;-90.4307450944;9.69146868142;0.00000000000
4388;-89.0613241044;8.50396707326;0.00000000000
4389;-89.7405505209;9.09885954407;0.00000000000
4390;-86.3513601477;8.59962641051;0.00000000000
4391;-87.0045767955;9.20901754271;0.00000000000
4392;-83.6574236928;8.65020401281;0.00000000000
4393;-84.3122995433;9.28017466798;0.00000000000
4394;-80.9567909090;8.68941931471;0.00000000000
4395;-81.6107565792;9.31323242255;0.00000000000
4396;-78.2642081746;8.71566586167;0.00000000000
4397;-78.9069876431;9.34647476038;0.00000000000
4398;-75.5796138501;8.74980747217;0.00000000000
4399;-76.2095705131;9.38253364842;0.00000000000
4400;-72.9198004760;8.78162668500;0.00000000000
;;;
NODE;X;Y;Z
4401;-73.5437828871;9.43750512846;0.00000000000
4402;-70.2569049647;8.80231140551;0.00000000000
4403;-70.8828025508;9.46910206169;0.00000000000
4404;-67.5841794420;8.81215524899;0.00000000000
4405;-68.2132057015;9.48555393985;0.00000000000
4406;-64.9132862494;8.80641233706;0.00000000000
4407;-65.5397003386;9.48509084346;0.00000000000
4408;-62.2368934528;8.79638309792;0.00000000000
4409;-62.8609536642;9.47161932730;0.00000000000
4410;-59.5698511451;8.78668087362;0.00000000000
4411;-60.1923213081;9.46009946512;0.00000000000
4412;-56.9013538267;8.77858152785;0.00000000000
4413;-57.5210919447;9.44692865141;0.00000000000
4414;-54.2287590320;8.76195394847;0.00000000000
4415;-54.8499265435;9.43206467312;0.00000000000
4416;-51.5664610450;8.77427954846;0.00000000000
4417;-52.1914746633;9.43760322243;0.00000000000
4418;-48.9068441219;8.76661205204;0.00000000000
4419;-49.5291847303;9.43599845169;0.00000000000
4420;-46.2320007451;8.77080818484;0.00000000000
;;;
NODE;X;Y;Z
4421;-46.8582838954;9.43456909215;0.00000000000
4422;-43.5508357854;8.79403415741;0.00000000000
4423;-44.1803669284;9.45572944581;0.00000000000
4424;-40.8484740752;8.81909651421;0.00000000000
4425;-41.4656947722;9.49311521280;0.00000000000
4426;-38.1511598346;8.80360789680;0.00000000000
4427;-38.7747993547;9.48843555753;0.00000000000
4428;-35.3602418471;8.99039832718;0.00000000000
4429;-36.0115655060;9.58039191333;0.00000000000
4430;-32.5756729620;9.64012404575;0.00000000000
4431;-33.1752840943;10.2862522241;0.00000000000
4432;-29.9721520813;9.73797279303;0.00000000000
4433;-30.4649653387;10.7395241364;0.00000000000
4434;-29.1485876040;10.5546828283;0.00000000000
4435;-27.8406735342;10.1550829169;0.00000000000
4436;-28.1874563051;11.3167466195;0.00000000000
4437;-25.6742924925;15.8652201440;0.00000000000
4438;-26.7419974122;15.1890122027;0.00000000000
4439;-8.82393843810;40.8824789582;0.00000000000
4440;-9.54072090216;41.4718924926;0.00000000000
;;;
NODE;X;Y;Z
4441;-11.6529717600;40.7046743135;0.00000000000
4442;-17.1365456526;40.3915755877;0.00000000000
4443;-19.9179820185;40.5919739232;0.00000000000
4444;-22.6451374514;40.6604200346;0.00000000000
4445;-25.2992622598;40.6517398576;0.00000000000
4446;-27.9592694279;40.6441314964;0.00000000000
4447;-30.6318014541;40.6296501919;0.00000000000
4448;-33.2809979044;40.6483404824;0.00000000000
4449;-35.9518364547;40.6626647944;0.00000000000
4450;-38.6308272828;40.6594123786;0.00000000000
4451;-41.3086092070;40.6521985756;0.00000000000
4452;-43.9633724709;40.6681476431;0.00000000000
4453;-46.6246042021;40.6566604596;0.00000000000
4454;-49.2940456578;40.6187178314;0.00000000000
4455;-51.9330789851;40.6369622568;0.00000000000
4456;-54.6019571547;40.6408806057;0.00000000000
4457;-57.2743109343;40.6295114611;0.00000000000
4458;-59.9526192094;40.6096784169;0.00000000000
4459;-62.6334034484;40.5998985598;0.00000000000
4460;-65.2866233580;40.6267000295;0.00000000000
;;;
NODE;X;Y;Z
4461;-67.9420622935;40.6223107974;0.00000000000
4462;-70.6161328123;40.6164043801;0.00000000000
4463;-73.2967976453;40.6011033663;0.00000000000
4464;-75.9693981050;40.5857210896;0.00000000000
4465;-78.6047026922;40.6185811354;0.00000000000
4466;-81.2188403981;40.6371772955;0.00000000000
4467;-83.8138291432;40.5905875391;0.00000000000
4468;-86.3769227026;40.4755271256;0.00000000000
4469;-23.4870503055;16.9635755620;0.00000000000
4470;-21.0622996858;20.1805852155;0.00000000000
4471;-22.3051297700;19.8315021605;0.00000000000
4472;-19.4173855168;22.7810377211;0.00000000000
4473;-16.6261966091;24.2991331182;0.00000000000
4474;-15.2380269464;25.3304689125;0.00000000000
4475;-89.0445810085;40.9590759839;0.00000000000
4476;-89.8340368775;40.7246691695;0.00000000000
4477;-90.1663598040;39.9694063004;0.00000000000
4478;-88.3556053360;10.4084377915;0.00000000000
4479;-85.6230178024;10.5353706919;0.00000000000
4480;-82.9476563328;10.5904495794;0.00000000000
;;;
NODE;X;Y;Z
4481;-80.2046465794;10.5959890641;0.00000000000
4482;-78.8474095019;10.6000224597;0.00000000000
4483;-76.1437628022;10.6578071422;0.00000000000
4484;-74.1700758462;10.0850242985;0.00000000000
4485;-70.7972641045;10.8080762338;0.00000000000
4486;-68.8372037755;10.1642511545;0.00000000000
4487;-65.4416030655;10.8410021517;0.00000000000
4488;-63.4786445977;10.1566455659;0.00000000000
4489;-60.0864721683;10.8107145369;0.00000000000
4490;-58.1386810834;10.1173274029;0.00000000000
4491;-54.7502210570;10.7763832006;0.00000000000
4492;-52.0872578510;10.7839940577;0.00000000000
4493;-50.1383991189;10.1171950059;0.00000000000
4494;-46.7561683024;10.7887368275;0.00000000000
4495;-44.0848836777;10.7982768512;0.00000000000
4496;-42.0919474872;10.1562602892;0.00000000000
4497;-38.6165219119;10.8837121212;0.00000000000
4498;-35.9549969228;10.8077084507;0.00000000000
4499;-33.8740955634;10.8294733714;0.00000000000
4500;-28.5856965256;12.4396339103;0.00000000000
;;;
NODE;X;Y;Z
4501;-28.9068774806;13.5651787171;0.00000000000
4502;-28.0605007525;15.5297389397;0.00000000000
4503;-10.1042517390;39.6271621403;0.00000000000
4504;-11.4860273707;39.5583211230;0.00000000000
4505;-14.2829649707;38.9678186697;0.00000000000
4506;-18.6783587920;39.1177901799;0.00000000000
4507;-21.4770751687;39.3769985739;0.00000000000
4508;-24.1146911172;39.2988789963;0.00000000000
4509;-26.7112367470;39.2681314174;0.00000000000
4510;-29.3965073973;39.2632385531;0.00000000000
4511;-32.0719290890;39.2894367006;0.00000000000
4512;-34.7042748858;39.3659279759;0.00000000000
4513;-37.3908427812;39.3121163871;0.00000000000
4514;-40.0871021814;39.2503202847;0.00000000000
4515;-42.7466989149;39.2793401633;0.00000000000
4516;-45.3864198029;39.3636026911;0.00000000000
4517;-48.0677164243;39.2803999438;0.00000000000
4518;-50.7138872503;39.2636339367;0.00000000000
4519;-53.3463340061;39.3495488242;0.00000000000
4520;-56.0157776377;39.2880454235;0.00000000000
;;;
NODE;X;Y;Z
4521;-58.6915969374;39.2001278735;0.00000000000
4522;-61.4072005309;39.1998955268;0.00000000000
4523;-64.0711237442;39.2521624504;0.00000000000
4524;-66.6963738342;39.3456138660;0.00000000000
4525;-69.3604938087;39.2803341461;0.00000000000
4526;-72.0415143455;39.2018887992;0.00000000000
4527;-74.7529968792;39.1935009563;0.00000000000
4528;-77.4060989774;39.2407296615;0.00000000000
4529;-80.0033010615;39.3299534969;0.00000000000
4530;-82.5407797810;39.3187321284;0.00000000000
4531;-85.1062284431;39.2356263568;0.00000000000
4532;-87.0220668992;39.7621194979;0.00000000000
4533;-24.7807713665;17.7598118648;0.00000000000
4534;-23.6111543733;19.4745614508;0.00000000000
4535;-20.6960399148;22.5736244658;0.00000000000
4536;-21.9855255451;22.3047433476;0.00000000000
4537;-19.1819245365;23.9915688798;0.00000000000
4538;-18.9606740787;25.1896575103;0.00000000000
4539;-20.4605789345;23.7841556245;0.00000000000
4540;-16.4300134915;26.4897756081;0.00000000000
;;;
NODE;X;Y;Z
4541;-17.6104723856;26.4577281041;0.00000000000
4542;-88.6602465854;39.8407256461;0.00000000000
4543;-88.7804709775;39.1554488720;0.00000000000
4544;-89.3945116154;39.8891486209;0.00000000000
4545;-89.6935353414;38.7921904758;0.00000000000
4546;-13.2724180908;26.7235262762;0.00000000000
4547;-10.1187786992;37.3445975543;0.00000000000
4548;-89.1291984972;12.2005855491;0.00000000000
4549;-89.3302372456;14.5929505564;0.00000000000
4550;-89.2415797237;16.9651986239;0.00000000000
4551;-89.3581761608;19.5183989447;0.00000000000
4552;-89.0746207242;22.1051867348;0.00000000000
4553;-89.1266957386;24.7259369304;0.00000000000
4554;-89.4106659336;27.4816211317;0.00000000000
4555;-89.2469730953;30.2276183978;0.00000000000
4556;-88.5888750659;35.8604860961;0.00000000000
4557;-14.9041432438;38.0537063109;0.00000000000
4558;-13.8197469162;37.5016652321;0.00000000000
4559;-15.7770268389;37.3478362958;0.00000000000
4560;-18.0923083847;38.3238580125;0.00000000000
;;;
NODE;X;Y;Z
4561;-21.6989713759;38.1007594080;0.00000000000
4562;-24.2535282195;37.8799536787;0.00000000000
4563;-26.0834445259;38.5585783544;0.00000000000
4564;-28.7407459364;38.5741033862;0.00000000000
4565;-31.4956005462;38.5472635575;0.00000000000
4566;-34.7861348380;38.0787826458;0.00000000000
4567;-36.7291432108;38.6544423314;0.00000000000
4568;-39.4482552017;38.5275877974;0.00000000000
4569;-42.1745578458;38.4984751354;0.00000000000
4570;-45.4765823556;38.0992132286;0.00000000000
4571;-47.4161515954;38.6269788598;0.00000000000
4572;-50.1275338433;38.4990209604;0.00000000000
4573;-53.4184657364;38.0518821080;0.00000000000
4574;-55.3468118301;38.6439196751;0.00000000000
4575;-58.0348674319;38.4935995837;0.00000000000
4576;-60.7714871710;38.4959142958;0.00000000000
4577;-63.5143373688;38.4985553671;0.00000000000
4578;-66.7826138197;38.0817830810;0.00000000000
4579;-68.7082498611;38.6116754056;0.00000000000
4580;-71.3925052509;38.4899967153;0.00000000000
;;;
NODE;X;Y;Z
4581;-74.1212660554;38.4999295703;0.00000000000
4582;-76.8486735309;38.4842152442;0.00000000000
4583;-80.0498655054;38.0727129127;0.00000000000
4584;-81.8910458024;38.6683931124;0.00000000000
4585;-84.4357350711;38.6216292053;0.00000000000
4586;-88.4581562569;38.3459982744;0.00000000000
4587;-27.3644160731;17.7709646326;0.00000000000
4588;-24.8255946479;20.3979000120;0.00000000000
4589;-26.2661648818;19.9299377961;0.00000000000
4590;-24.5978107849;21.7365605850;0.00000000000
4591;-21.7122957730;23.5860491658;0.00000000000
4592;-22.9963399975;23.3443356881;0.00000000000
4593;-20.2205541353;25.0144300867;0.00000000000
4594;-21.4722709738;24.8163236280;0.00000000000
4595;-18.8078423841;26.3674546305;0.00000000000
4596;-20.0677224407;26.1922272070;0.00000000000
4597;-13.2078147227;27.9132603420;0.00000000000
4598;-12.7583667728;28.5475961586;0.00000000000
4599;-87.0185948242;11.7456674967;0.00000000000
4600;-84.9692426557;11.2341707482;0.00000000000
;;;
NODE;X;Y;Z
4601;-81.5955187899;11.8619316781;0.00000000000
4602;-79.5099648127;11.2206743146;0.00000000000
4603;-77.4455437974;11.8812791301;0.00000000000
4604;-73.4131790128;12.0510637357;0.00000000000
4605;-71.4276622767;11.4545679209;0.00000000000
4606;-66.0626780338;11.5282466771;0.00000000000
4607;-60.6970313881;11.4984551978;0.00000000000
4608;-55.3629188460;11.4473536401;0.00000000000
4609;-51.3604767331;11.4604287492;0.00000000000
4610;-52.5734683038;12.7850579875;0.00000000000
4611;-51.9714840819;12.1237730657;0.00000000000
4612;-50.6295929305;12.1303796088;0.00000000000
4613;-47.3717480784;11.4568090415;0.00000000000
4614;-44.7030187123;11.4617118904;0.00000000000
4615;-39.1717030004;11.6069466115;0.00000000000
4616;-29.2011829042;15.8770815222;0.00000000000
4617;-11.1233684292;32.4699391580;0.00000000000
4618;-11.6516616482;33.0215846025;0.00000000000
4619;-10.5587064157;32.9151879965;0.00000000000
4620;-11.2308326116;33.5376611075;0.00000000000
;;;
NODE;X;Y;Z
4621;-11.8458743799;37.5624068981;0.00000000000
4622;-87.7383010601;12.2930544563;0.00000000000
4623;-88.1422184859;14.5736617768;0.00000000000
4624;-88.4278213385;16.1413417286;0.00000000000
4625;-87.9648760181;15.4770608018;0.00000000000
4626;-87.7466655010;16.6115906841;0.00000000000
4627;-88.1653259086;19.2648169410;0.00000000000
4628;-87.4743662883;21.7483584534;0.00000000000
4629;-88.2851710260;24.0203594654;0.00000000000
4630;-87.3396611322;23.2022948557;0.00000000000
4631;-87.6916883419;24.7227687843;0.00000000000
4632;-88.1863671280;27.3907841831;0.00000000000
4633;-88.0299745921;29.9442401730;0.00000000000
4634;-87.8578857788;31.8988759356;0.00000000000
4635;-87.4666744713;31.0761440044;0.00000000000
4636;-87.1786038970;33.0724154459;0.00000000000
4637;-16.2568626275;28.7475960534;0.00000000000
4638;-12.3325134434;29.9101602221;0.00000000000
4639;-32.9923019250;14.5345353298;0.00000000000
4640;-32.1151509137;14.3318126331;0.00000000000
;;;
NODE;X;Y;Z
4641;-30.0160049010;15.7252784041;0.00000000000
4642;-30.8892258021;15.5809927440;0.00000000000
4643;-29.6005190717;17.1124507828;0.00000000000
4644;-29.1065449262;18.5821819884;0.00000000000
4645;-28.0191865934;18.4446396851;0.00000000000
4646;-87.1172621564;13.0056578356;0.00000000000
4647;-85.7723258747;13.2010807801;0.00000000000
4648;-81.5769255223;13.0944722775;0.00000000000
4649;-76.0376626690;13.2145269578;0.00000000000
4650;-50.4834085921;13.4674581494;0.00000000000
4651;-87.1896282641;15.1711879850;0.00000000000
4652;-86.4212184469;36.6977310033;0.00000000000
4653;-78.4145803693;37.0269243124;0.00000000000
4654;-79.1241299509;36.6377158884;0.00000000000
4655;-76.4101221983;36.3559235744;0.00000000000
4656;-65.1225072498;37.0780737951;0.00000000000
4657;-65.8507770584;36.6978509851;0.00000000000
4658;-63.0739419327;36.3835518397;0.00000000000
4659;-51.6940693569;37.0338765525;0.00000000000
4660;-52.4145994658;36.6275074853;0.00000000000
;;;
NODE;X;Y;Z
4661;-51.1103454965;36.2350820596;0.00000000000
4662;-43.7790848879;37.0317918092;0.00000000000
4663;-44.5074108633;36.6315738525;0.00000000000
4664;-41.6536997943;36.2877274852;0.00000000000
4665;-33.0721514615;37.0429718412;0.00000000000
4666;-33.8039650277;36.6361886658;0.00000000000
4667;-32.5168452184;36.3012633652;0.00000000000
4668;-21.9670735072;36.8359901118;0.00000000000
4669;-18.4715973326;36.8746208795;0.00000000000
4670;-19.3608248606;36.3745843161;0.00000000000
4671;-18.0401520931;36.0181228443;0.00000000000
4672;-27.0531386384;21.4313238066;0.00000000000
4673;-25.4830278046;23.0464588253;0.00000000000
4674;-23.4166940959;25.7101891488;0.00000000000
4675;-22.6527729659;24.6706384041;0.00000000000
4676;-23.9105678336;24.5147974446;0.00000000000
4677;-21.2241407368;26.0797283169;0.00000000000
4678;-22.4046427288;25.9340430930;0.00000000000
4679;-21.0769707414;27.3178413412;0.00000000000
4680;-18.6086809963;28.6774544194;0.00000000000
;;;
NODE;X;Y;Z
4681;-19.7829924775;28.6268900763;0.00000000000
4682;-34.3370029878;13.6367337330;0.00000000000
4683;-35.2357237938;13.8843547701;0.00000000000
4684;-12.2715888495;31.5921677947;0.00000000000
4685;-11.6496059483;32.0436579820;0.00000000000
4686;-12.1778991673;32.5953034265;0.00000000000
4687;-12.3393746807;33.5243371714;0.00000000000
4688;-13.0481782221;33.7970508221;0.00000000000
4689;-11.9185456440;34.0404136764;0.00000000000
4690;-12.7389759307;34.5104351507;0.00000000000
4691;-13.0420116949;36.2738544163;0.00000000000
4692;-13.3488221461;35.5749629700;0.00000000000
4693;-86.3027113427;16.6709591765;0.00000000000
4694;-86.7542445558;17.9412546120;0.00000000000
4695;-86.5179472277;28.5206974191;0.00000000000
4696;-86.6713571686;26.3872708312;0.00000000000
4697;-86.3207919491;25.0496280020;0.00000000000
4698;-86.3173878082;29.3636017757;0.00000000000
4699;-16.2864520461;29.7651914624;0.00000000000
4700;-85.7545732422;15.3666537896;0.00000000000
;;;
NODE;X;Y;Z
4701;-83.8033356234;14.1478617515;0.00000000000
4702;-84.6587527742;14.8281515556;0.00000000000
4703;-83.0309056069;14.6633686767;0.00000000000
4704;-77.2714569712;14.4760923120;0.00000000000
4705;-69.9248279248;14.1102416903;0.00000000000
4706;-70.5617107273;14.7188931920;0.00000000000
4707;-67.2149799923;14.2207593469;0.00000000000
4708;-67.8449115860;14.8560254538;0.00000000000
4709;-64.5009703829;14.2686455738;0.00000000000
4710;-65.1282111382;14.9446124907;0.00000000000
4711;-61.7871250907;14.2487525034;0.00000000000
4712;-62.4023548549;14.9498085239;0.00000000000
4713;-59.0883334638;14.2027873530;0.00000000000
4714;-59.6925554026;14.9029738967;0.00000000000
4715;-56.4010759972;14.1531803942;0.00000000000
4716;-56.9844007363;14.8522637485;0.00000000000
4717;-51.6571275137;14.7777253900;0.00000000000
4718;-49.7260951889;14.1462733092;0.00000000000
4719;-47.0756797341;14.1914406830;0.00000000000
4720;-47.6375317182;14.8802870008;0.00000000000
;;;
NODE;X;Y;Z
4721;-43.2095090629;14.1361844748;0.00000000000
4722;-43.8142101291;14.8383975800;0.00000000000
4723;-40.5316771914;14.1458677879;0.00000000000
4724;-41.2343134666;14.7489396881;0.00000000000
4725;-37.8233070630;14.6324559178;0.00000000000
4726;-38.5906979682;15.1121606615;0.00000000000
4727;-86.0384675471;34.6292739004;0.00000000000
4728;-85.9449763046;33.8533372656;0.00000000000
4729;-81.6863093445;35.9475936926;0.00000000000
4730;-80.9212558257;35.2743238592;0.00000000000
4731;-82.9780714025;36.0312188088;0.00000000000
4732;-84.8589811618;35.6428813398;0.00000000000
4733;-68.7072416073;35.7526395287;0.00000000000
4734;-67.8842837996;35.2304858088;0.00000000000
4735;-70.1644082196;35.5652079930;0.00000000000
4736;-71.5816611164;35.5303681798;0.00000000000
4737;-72.9657829792;35.5976791954;0.00000000000
4738;-75.0422630874;35.1289711638;0.00000000000
4739;-55.2071610951;35.7746448588;0.00000000000
4740;-54.3715142673;35.2383471766;0.00000000000
;;;
NODE;X;Y;Z
4741;-56.6746777003;35.6281526114;0.00000000000
4742;-58.1305477743;35.5481377350;0.00000000000
4743;-59.5476831675;35.5939757460;0.00000000000
4744;-61.6557947102;35.0915516820;0.00000000000
4745;-47.2631550807;35.8377728006;0.00000000000
4746;-46.3784972956;35.3108183010;0.00000000000
4747;-48.7136443515;35.6467026032;0.00000000000
4748;-49.4130065593;34.8445742218;0.00000000000
4749;-36.5715915192;35.8342163872;0.00000000000
4750;-35.7134068455;35.2957794102;0.00000000000
4751;-38.0168507922;35.6562817115;0.00000000000
4752;-39.4608486949;35.5635712475;0.00000000000
4753;-40.1802703828;34.8179304398;0.00000000000
4754;-26.2674090572;35.4312802960;0.00000000000
4755;-27.5746447001;35.6162620913;0.00000000000
4756;-28.8945850693;35.8293513671;0.00000000000
4757;-31.0269318795;35.1597740793;0.00000000000
4758;-15.3407500926;35.6414972849;0.00000000000
4759;-18.5376416505;29.7873511214;0.00000000000
4760;-35.6821965223;15.1228345935;0.00000000000
;;;
NODE;X;Y;Z
4761;-31.3511214642;17.1158979285;0.00000000000
4762;-30.0087341556;18.5187398510;0.00000000000
4763;-86.2015975875;20.6233790056;0.00000000000
4764;-85.8144925188;23.7122962022;0.00000000000
4765;-13.6649511468;32.4499039645;0.00000000000
4766;-12.7037645053;32.9382534771;0.00000000000
4767;-13.4125680467;33.2109671278;0.00000000000
4768;-12.5242706163;32.1620408349;0.00000000000
4769;-13.0501359543;32.5049908855;0.00000000000
4770;-12.8683002190;31.2260182101;0.00000000000
4771;-13.7357971783;31.7408043292;0.00000000000
4772;-13.1209819858;31.7958912503;0.00000000000
4773;-21.1627439131;35.6712037685;0.00000000000
4774;-27.8022753853;22.9417341657;0.00000000000
4775;-26.1934317999;24.7467332186;0.00000000000
4776;-24.5321913467;25.9595696853;0.00000000000
4777;-22.2567030360;27.2073995988;0.00000000000
4778;-23.2687544030;26.9835456546;0.00000000000
4779;-22.1529453932;28.4868272730;0.00000000000
4780;-85.0061824379;17.1326516242;0.00000000000
;;;
NODE;X;Y;Z
4781;-85.5737456626;18.4326281831;0.00000000000
4782;-84.2843437675;15.6996967819;0.00000000000
4783;-85.3185210532;30.2333840959;0.00000000000
4784;-85.0728270716;25.6504719170;0.00000000000
4785;-84.3494068248;34.9615272986;0.00000000000
4786;-80.8277766334;33.6170412098;0.00000000000
4787;-67.6966818749;33.8948280600;0.00000000000
4788;-71.2046365488;33.2163754114;0.00000000000
4789;-74.5611090168;34.3730739175;0.00000000000
4790;-54.1691122378;33.9015458529;0.00000000000
4791;-57.4897819056;33.3571935108;0.00000000000
4792;-61.1391928604;34.2903068776;0.00000000000
4793;-45.9664757335;33.8803220153;0.00000000000
4794;-49.1486903822;33.4045020798;0.00000000000
4795;-35.4085265179;33.9590374068;0.00000000000
4796;-36.9944056394;33.6152450882;0.00000000000
4797;-40.9121076976;34.0686597153;0.00000000000
4798;-17.3972748188;30.8037781929;0.00000000000
4799;-31.9346611062;18.4593465426;0.00000000000
4800;-30.6209684067;19.8688524596;0.00000000000
;;;
NODE;X;Y;Z
4801;-85.3274946242;20.4047858116;0.00000000000
4802;-85.0922838363;22.4323186450;0.00000000000
4803;-84.4987650702;19.1617744992;0.00000000000
4804;-83.5980875221;18.9266708301;0.00000000000
4805;-83.8569142904;17.8115728805;0.00000000000
4806;-82.3007420648;15.7054987690;0.00000000000
4807;-81.0855696366;15.3418296518;0.00000000000
4808;-75.2301351450;15.1792230527;0.00000000000
4809;-76.3816938457;16.5272922765;0.00000000000
4810;-75.8463043977;15.8199336913;0.00000000000
4811;-72.5428989135;15.2396346129;0.00000000000
4812;-73.1718806484;15.8465315666;0.00000000000
4813;-71.8156767256;15.8892719493;0.00000000000
4814;-69.1038434421;16.0646024563;0.00000000000
4815;-66.3945108492;16.2446193689;0.00000000000
4816;-63.6730640591;16.3302624126;0.00000000000
4817;-62.3105844505;16.3240832131;0.00000000000
4818;-59.5905159560;16.2754213214;0.00000000000
4819;-56.8554009445;16.2454281444;0.00000000000
4820;-50.1198794536;16.1242188127;0.00000000000
;;;
NODE;X;Y;Z
4821;-47.4405283975;16.2795502581;0.00000000000
4822;-42.5536031341;16.1025050803;0.00000000000
4823;-40.0578336291;16.0149279723;0.00000000000
4824;-83.3806024390;33.2040226776;0.00000000000
4825;-15.3603205626;30.7110644944;0.00000000000
4826;-14.5233258269;31.6200682414;0.00000000000
4827;-15.3059972166;31.6715017450;0.00000000000
4828;-24.3215848835;34.7666069109;0.00000000000
4829;-21.2946425035;34.9222552424;0.00000000000
4830;-15.9036982614;34.5894515141;0.00000000000
4831;-15.0613970280;35.0386945371;0.00000000000
4832;-23.5482593773;27.8796664683;0.00000000000
4833;-26.0746152548;26.1977460738;0.00000000000
4834;-24.8116963210;26.8556904990;0.00000000000
4835;-22.2430560316;29.4529923972;0.00000000000
4836;-23.6383700157;28.8458315925;0.00000000000
4837;-22.2912606112;30.4949411527;0.00000000000
4838;-18.4505628143;30.9138962033;0.00000000000
4839;-19.5815913311;30.9620927372;0.00000000000
4840;-84.4530048492;24.4165643726;0.00000000000
;;;
NODE;X;Y;Z
4841;-15.2059517641;34.2653249746;0.00000000000
4842;-21.2761617576;33.9890177075;0.00000000000
4843;-27.4470299074;25.8126421390;0.00000000000
4844;-29.0097760692;22.7335151240;0.00000000000
4845;-27.5482048411;33.1291174977;0.00000000000
4846;-28.8121083441;32.6265960612;0.00000000000
4847;-27.9646677976;34.1023068251;0.00000000000
4848;-28.8644684581;33.5660569584;0.00000000000
4849;-29.8901335426;34.0273016488;0.00000000000
4850;-30.3676052330;21.2237489266;0.00000000000
4851;-80.7939331216;31.7615811097;0.00000000000
4852;-82.7178176661;32.0864021372;0.00000000000
4853;-82.6127721079;31.0861205891;0.00000000000
4854;-65.7966135238;32.7450034018;0.00000000000
4855;-69.5681659984;31.9397699455;0.00000000000
4856;-72.3077095796;32.3538057400;0.00000000000
4857;-71.5781426482;31.6397558770;0.00000000000
4858;-73.5029096588;31.6591862960;0.00000000000
4859;-76.1906279807;32.9847836695;0.00000000000
4860;-77.6412510285;31.9121073594;0.00000000000
;;;
NODE;X;Y;Z
4861;-76.4736572571;31.7810805604;0.00000000000
4862;-54.1023835894;32.4844803984;0.00000000000
4863;-55.8149393523;32.1431986388;0.00000000000
4864;-58.3960741983;32.5593745313;0.00000000000
4865;-57.5843034774;31.9083002482;0.00000000000
4866;-59.3996968576;31.8079455545;0.00000000000
4867;-62.9018513650;32.7382498281;0.00000000000
4868;-63.4154050460;31.7065606465;0.00000000000
4869;-44.0324600199;32.9676524991;0.00000000000
4870;-46.4752052458;32.8970865613;0.00000000000
4871;-44.3685780260;31.4115008790;0.00000000000
4872;-45.3861066452;32.2807486183;0.00000000000
4873;-47.1299147737;32.0644133371;0.00000000000
4874;-51.5302543209;32.3062295178;0.00000000000
4875;-49.6346001408;31.1435267474;0.00000000000
4876;-50.5957503855;31.7355795195;0.00000000000
4877;-32.6367483776;19.7492582930;0.00000000000
4878;-31.4165490519;21.1491407462;0.00000000000
4879;-84.2120608101;21.2390728060;0.00000000000
4880;-83.3952675499;20.0049712371;0.00000000000
;;;
NODE;X;Y;Z
4881;-24.0973784980;33.1778659296;0.00000000000
4882;-20.7235603582;31.9330873941;0.00000000000
4883;-16.3321770098;33.9070991667;0.00000000000
4884;-83.6610478517;23.3139493339;0.00000000000
4885;-26.1858537001;27.6217198546;0.00000000000
4886;-23.6804910689;30.0501230994;0.00000000000
4887;-24.9650558195;29.4839557867;0.00000000000
4888;-22.5534131975;31.4894580411;0.00000000000
4889;-23.9426436552;31.0446399877;0.00000000000
4890;-35.0800712305;32.5601378810;0.00000000000
4891;-22.7224031203;33.2170335220;0.00000000000
4892;-83.2234437723;26.1406061820;0.00000000000
4893;-79.6329108314;16.6968183831;0.00000000000
4894;-79.3260499733;17.5395288241;0.00000000000
4895;-79.0808293041;16.2464286502;0.00000000000
4896;-77.7345700805;16.6556801276;0.00000000000
4897;-78.3881892511;17.1642582873;0.00000000000
4898;-75.5955920182;17.1811322704;0.00000000000
4899;-72.9959279252;17.0668146518;0.00000000000
4900;-70.3574263802;17.2104786060;0.00000000000
;;;
NODE;X;Y;Z
4901;-68.3797755242;16.7518297476;0.00000000000
4902;-65.6792742027;16.9467750879;0.00000000000
4903;-62.9464497661;17.0217423410;0.00000000000
4904;-60.8638784459;17.6756249712;0.00000000000
4905;-59.5155101142;17.6408689069;0.00000000000
4906;-56.8121701773;17.6020568584;0.00000000000
4907;-53.3896058545;16.6915056770;0.00000000000
4908;-51.3018666614;17.3225683523;0.00000000000
4909;-49.9969658369;17.4287506433;0.00000000000
4910;-48.0496893159;16.9244776897;0.00000000000
4911;-44.2334138436;17.1813773159;0.00000000000
4912;-28.7136771072;25.4339708254;0.00000000000
4913;-29.9554310284;25.1488333391;0.00000000000
4914;-27.3046646689;32.1366790278;0.00000000000
4915;-30.9452898146;33.1600571450;0.00000000000
4916;-32.3621699878;32.5550538540;0.00000000000
4917;-31.2855195796;32.2813804972;0.00000000000
4918;-74.9377818389;31.0131471859;0.00000000000
4919;-77.9752694220;30.5240557021;0.00000000000
4920;-82.0230612370;29.5104311547;0.00000000000
;;;
NODE;X;Y;Z
4921;-81.0346017015;28.7855483887;0.00000000000
4922;-81.3358020276;26.9907930554;0.00000000000
4923;-82.1755306001;25.4527605885;0.00000000000
4924;-67.4061087859;30.8700065931;0.00000000000
4925;-70.5735270866;31.0097019565;0.00000000000
4926;-69.4843886166;30.4845117193;0.00000000000
4927;-73.9218373946;28.9596259188;0.00000000000
4928;-74.2932507138;30.0042220011;0.00000000000
4929;-52.3072930358;31.4241606965;0.00000000000
4930;-54.0208084148;31.0649501565;0.00000000000
4931;-56.6898939153;31.2608741679;0.00000000000
4932;-55.7851600432;30.7032576560;0.00000000000
4933;-60.3654055516;31.0330298254;0.00000000000
4934;-59.4656307756;30.3153980503;0.00000000000
4935;-61.3477569311;30.2468791472;0.00000000000
4936;-33.4718476831;20.9991907701;0.00000000000
4937;-32.3491490502;22.3114961355;0.00000000000
4938;-82.8902892328;22.1730035050;0.00000000000
4939;-24.2552796971;32.1839154306;0.00000000000
4940;-43.5713906183;32.1498209963;0.00000000000
;;;
NODE;X;Y;Z
4941;-26.3522231786;28.8857796044;0.00000000000
4942;-27.6836912334;28.3678865488;0.00000000000
4943;-25.2394458856;30.6225452005;0.00000000000
4944;-25.5520819275;31.7618206434;0.00000000000
4945;-26.6266132447;30.0243690182;0.00000000000
4946;-30.1229109533;31.2099163854;0.00000000000
4947;-32.8340472779;31.6330168835;0.00000000000
4948;-34.6160667170;31.1816930271;0.00000000000
4949;-37.4846144164;31.3170695929;0.00000000000
4950;-36.4568931771;30.7850043107;0.00000000000
4951;-39.2612631495;31.1588686082;0.00000000000
4952;-27.9999268018;29.5176052668;0.00000000000
4953;-28.3215647617;30.5939398965;0.00000000000
4954;-29.8759075431;30.1696986905;0.00000000000
4955;-46.8568834065;30.5440446171;0.00000000000
4956;-73.9710249306;18.3594467312;0.00000000000
4957;-71.5242475656;18.2803567610;0.00000000000
4958;-65.6110403524;18.2722306536;0.00000000000
4959;-66.2580931333;18.8716257932;0.00000000000
4960;-64.9006298909;18.9681195806;0.00000000000
;;;
NODE;X;Y;Z
4961;-60.1454356010;18.3464090947;0.00000000000
4962;-58.1338060216;18.9758685317;0.00000000000
4963;-51.2149694240;18.5768975338;0.00000000000
4964;-28.9758580436;27.9204093770;0.00000000000
4965;-30.5269804466;28.5713883940;0.00000000000
4966;-29.2920936120;29.0701280949;0.00000000000
4967;-31.2288147680;26.0060308032;0.00000000000
4968;-77.7520069120;29.2755961066;0.00000000000
4969;-79.0867397403;28.7348936676;0.00000000000
4970;-79.7537421367;26.4747844297;0.00000000000
4971;-80.9687244931;24.6078063653;0.00000000000
4972;-82.5216340554;23.3259214384;0.00000000000
4973;-81.4795487035;23.2344233369;0.00000000000
4974;-66.2767111841;30.3291082442;0.00000000000
4975;-65.1475817600;29.7632418719;0.00000000000
4976;-69.1136355806;29.0895569525;0.00000000000
4977;-71.0079338085;28.6750233521;0.00000000000
4978;-76.0657118563;29.4728557890;0.00000000000
4979;-34.4566556118;22.2087688172;0.00000000000
4980;-33.4398239817;23.3879018407;0.00000000000
;;;
NODE;X;Y;Z
4981;-41.8083085538;30.3650152216;0.00000000000
4982;-43.4293165330;30.3610063002;0.00000000000
4983;-33.4546710431;30.7455366090;0.00000000000
4984;-32.0622038930;30.3016196114;0.00000000000
4985;-36.0951883397;29.3985091913;0.00000000000
4986;-39.0291615806;29.5937270377;0.00000000000
4987;-37.9032405036;28.9567439897;0.00000000000
4988;-39.6022874410;28.4992820922;0.00000000000
4989;-53.1042649773;30.5664207346;0.00000000000
4990;-52.1722145167;30.0339691014;0.00000000000
4991;-55.7200124038;29.3308337101;0.00000000000
4992;-57.5328449156;29.1192176279;0.00000000000
4993;-60.3589086937;29.5984863934;0.00000000000
4994;-59.3768456893;28.9922499785;0.00000000000
4995;-62.2268467621;29.4717536855;0.00000000000
4996;-61.2379985247;28.8233609317;0.00000000000
4997;-64.0932548905;29.1977565995;0.00000000000
4998;-77.9853028351;19.2664721970;0.00000000000
4999;-77.0879197695;19.3247153838;0.00000000000
5000;-54.2559983360;18.1579872489;0.00000000000
;;;
NODE;X;Y;Z
5001;-53.4412534299;18.4598707732;0.00000000000
5002;-45.9478974001;19.3187971151;0.00000000000
5003;-36.3091244922;21.1445292219;0.00000000000
5004;-37.1431369313;21.1813467941;0.00000000000
5005;-31.3296718072;27.0333143891;0.00000000000
5006;-32.5156206912;26.7245605590;0.00000000000
5007;-44.8599437667;28.7407190914;0.00000000000
5008;-47.6792189360;29.8134807350;0.00000000000
5009;-50.2510999284;28.9275134791;0.00000000000
5010;-72.5077658910;19.4321206050;0.00000000000
5011;-70.1312976096;19.5876903411;0.00000000000
5012;-66.2482218431;20.1778093202;0.00000000000
5013;-64.2006391296;19.6773353674;0.00000000000
5014;-61.4494188583;19.6969923531;0.00000000000
5015;-62.1041247163;20.3731963808;0.00000000000
5016;-59.3842300721;20.3393007525;0.00000000000
5017;-57.4812625067;19.6414234515;0.00000000000
5018;-56.2713298690;19.6645835224;0.00000000000
5019;-46.7552548893;19.7979540336;0.00000000000
5020;-47.5084958904;20.3231326954;0.00000000000
;;;
NODE;X;Y;Z
5021;-79.9694888128;24.4057580579;0.00000000000
5022;-41.2440513036;28.2265049636;0.00000000000
5023;-43.0162812169;28.3915693838;0.00000000000
5024;-67.9685611280;28.5446504304;0.00000000000
5025;-66.8626973350;27.9912634055;0.00000000000
5026;-69.8411439243;28.1965139292;0.00000000000
5027;-68.6960694717;27.6516074071;0.00000000000
5028;-71.5215524856;27.7667020098;0.00000000000
5029;-70.3547626014;27.2881925869;0.00000000000
5030;-78.5864479302;20.5273857410;0.00000000000
5031;-78.1930121886;21.5343597129;0.00000000000
5032;-77.7873289138;20.2213205066;0.00000000000
5033;-54.6366906616;19.2479470838;0.00000000000
5034;-54.1587071036;19.9200295755;0.00000000000
5035;-54.0059200809;18.9550878064;0.00000000000
5036;-53.5697760490;19.4033578508;0.00000000000
5037;-37.3048405270;22.3171547756;0.00000000000
5038;-35.5384656424;22.3435555694;0.00000000000
5039;-36.4400620085;22.4051230154;0.00000000000
5040;-36.8548817208;23.7353830850;0.00000000000
;;;
NODE;X;Y;Z
5041;-35.6820961757;23.5619731366;0.00000000000
5042;-34.7235419767;24.5877399419;0.00000000000
5043;-32.2511412155;28.8139864027;0.00000000000
5044;-35.0199449808;28.9995774685;0.00000000000
5045;-34.0158669049;28.5695441111;0.00000000000
5046;-35.6255788427;28.0190432822;0.00000000000
5047;-37.1524243967;27.3348229569;0.00000000000
5048;-39.9570495595;27.1269818298;0.00000000000
5049;-38.7096048173;26.5012916792;0.00000000000
5050;-74.0070945167;27.8141291007;0.00000000000
5051;-77.8747036088;26.3553427602;0.00000000000
5052;-54.7244600678;28.8705298429;0.00000000000
5053;-53.7548420194;28.4085730189;0.00000000000
5054;-55.5258422518;28.1200828881;0.00000000000
5055;-58.3459445356;28.4269185612;0.00000000000
5056;-57.3344942077;27.8880876886;0.00000000000
5057;-61.0321277797;27.5084998248;0.00000000000
5058;-63.9175627214;27.7262674955;0.00000000000
5059;-62.8872363788;27.1827353223;0.00000000000
5060;-77.0240343513;20.1942315235;0.00000000000
;;;
NODE;X;Y;Z
5061;-74.4286319450;19.9274737648;0.00000000000
5062;-74.4102482168;20.8118955490;0.00000000000
5063;-55.7730921246;20.3860521171;0.00000000000
5064;-55.2300713200;21.0469139498;0.00000000000
5065;-55.2054404916;19.7612607378;0.00000000000
5066;-54.7274569336;20.4333432296;0.00000000000
5067;-76.6896901439;26.9369756493;0.00000000000
5068;-34.5514991551;27.7081249196;0.00000000000
5069;-48.3944327017;27.6694985954;0.00000000000
5070;-70.9626791802;21.0899718224;0.00000000000
5071;-66.9678489155;20.7616381521;0.00000000000
5072;-67.6944703364;21.2989626041;0.00000000000
5073;-63.4461951354;21.6961308149;0.00000000000
5074;-60.6456298002;21.6585047090;0.00000000000
5075;-52.5440406763;21.1963838186;0.00000000000
5076;-51.9002543758;21.3320971626;0.00000000000
5077;-51.3694875953;20.5131534182;0.00000000000
5078;-49.5019727692;20.7250426099;0.00000000000
5079;-47.8144861051;21.5425804428;0.00000000000
5080;-70.6054903929;21.7507207555;0.00000000000
;;;
NODE;X;Y;Z
5081;-69.2729333835;22.2045940682;0.00000000000
5082;-67.8632260575;22.5296754093;0.00000000000
5083;-62.7100444192;22.3015355717;0.00000000000
5084;-59.8932247997;22.2755737330;0.00000000000
5085;-57.4193162620;22.1872117641;0.00000000000
5086;-57.9982802990;22.7917865733;0.00000000000
5087;-78.2205868180;24.6656261747;0.00000000000
5088;-37.1301406628;24.9611096068;0.00000000000
5089;-36.0489808905;25.8778844657;0.00000000000
5090;-40.6604864827;26.0156616139;0.00000000000
5091;-42.8537101306;26.4498645996;0.00000000000
5092;-71.7417194218;26.9001126607;0.00000000000
5093;-72.4878225589;26.1251274062;0.00000000000
5094;-72.8319011283;27.0807388288;0.00000000000
5095;-64.7412296049;26.8575964776;0.00000000000
5096;-67.7095842760;27.1153473458;0.00000000000
5097;-65.6389277111;26.0794557650;0.00000000000
5098;-66.6437700467;26.5673054011;0.00000000000
5099;-68.5467786343;26.1667406300;0.00000000000
5100;-77.6421547028;20.9730198467;0.00000000000
;;;
NODE;X;Y;Z
5101;-76.8788601403;20.9459308637;0.00000000000
5102;-76.1435473133;20.5757809593;0.00000000000
5103;-75.3041223478;20.2565509688;0.00000000000
5104;-34.8399602449;26.6716022927;0.00000000000
5105;-35.9140399325;26.9825206554;0.00000000000
5106;-37.2873653547;26.2301867673;0.00000000000
5107;-73.7693805510;26.8117418449;0.00000000000
5108;-77.2537712555;25.3358520703;0.00000000000
5109;-76.0687577906;25.9174849594;0.00000000000
5110;-51.8350291022;27.4124019814;0.00000000000
5111;-54.5140502554;27.6304452921;0.00000000000
5112;-52.5724816227;26.6569216315;0.00000000000
5113;-53.5459628461;27.1468880445;0.00000000000
5114;-56.2915209881;27.3576424972;0.00000000000
5115;-55.2797289917;26.8680049012;0.00000000000
5116;-59.9222368985;27.0310756594;0.00000000000
5117;-58.8509381596;26.4861608815;0.00000000000
5118;-61.7998237993;26.7937249912;0.00000000000
5119;-60.6899329181;26.3163008258;0.00000000000
5120;-72.5459067723;21.7062480316;0.00000000000
;;;
NODE;X;Y;Z
5121;-44.0673091903;26.1484512997;0.00000000000
5122;-46.7228943008;26.1735839435;0.00000000000
5123;-49.9972047362;26.3472630081;0.00000000000
5124;-50.7631459909;21.9908480497;0.00000000000
5125;-50.3500369239;22.6268031726;0.00000000000
5126;-50.0170134375;23.2786387283;0.00000000000
5127;-49.6902615394;22.0148969985;0.00000000000
5128;-49.2645003667;22.6838345314;0.00000000000
5129;-73.4253019815;25.8561304223;0.00000000000
5130;-77.6916033472;22.2501992980;0.00000000000
5131;-77.1407458614;21.6888594319;0.00000000000
5132;-76.4758549157;22.2138781213;0.00000000000
5133;-39.4853139955;25.0276305166;0.00000000000
5134;-41.3233570955;24.9805190926;0.00000000000
5135;-42.3593460180;25.2079490350;0.00000000000
5136;-43.5729450778;24.9065357352;0.00000000000
5137;-74.5194468814;25.5069127651;0.00000000000
5138;-76.6073404526;24.4631153468;0.00000000000
5139;-76.9493158240;22.9759903250;0.00000000000
5140;-75.0861507878;24.1850808486;0.00000000000
;;;
NODE;X;Y;Z
5141;-64.6031469550;25.5190846646;0.00000000000
5142;-68.3518372771;24.9358145623;0.00000000000
5143;-71.1899096223;24.9040855557;0.00000000000
5144;-70.2985204795;24.4456834605;0.00000000000
5145;-73.3533992039;22.2062023404;0.00000000000
5146;-73.3518438722;23.0629941953;0.00000000000
5147;-69.7311399797;23.3176020003;0.00000000000
5148;-68.1207280807;23.7356564264;0.00000000000
5149;-65.6439766482;23.4839532309;0.00000000000
5150;-66.4582587591;24.0179746985;0.00000000000
5151;-64.1594709574;23.5210071987;0.00000000000
5152;-62.6661093940;23.4217876931;0.00000000000
5153;-61.8662721627;23.9672750986;0.00000000000
5154;-57.6616284037;23.9396146881;0.00000000000
5155;-56.8823546633;23.8283086880;0.00000000000
5156;-56.3707808727;23.4128916334;0.00000000000
5157;-55.8918261346;24.1430511502;0.00000000000
5158;-55.6902395638;22.9170963771;0.00000000000
5159;-55.2112848257;23.6472558938;0.00000000000
5160;-55.1675665029;22.3484836702;0.00000000000
;;;
NODE;X;Y;Z
5161;-54.5808130576;22.9602970251;0.00000000000
5162;-54.6918029002;21.6689316291;0.00000000000
5163;-54.1050494548;22.2807449840;0.00000000000
5164;-54.1891885137;21.0553609090;0.00000000000
5165;-53.6475653473;21.5452899063;0.00000000000
5166;-51.7875761474;22.1186509106;0.00000000000
5167;-51.3058106225;22.5609252290;0.00000000000
5168;-44.4776339089;24.7449858623;0.00000000000
5169;-45.9904337584;25.3686022338;0.00000000000
5170;-45.3995021471;24.3938460719;0.00000000000
5171;-47.5736693739;25.6810222201;0.00000000000
5172;-49.1333809819;25.7871958237;0.00000000000
5173;-50.6862310189;25.6972395344;0.00000000000
5174;-49.8224072646;25.1371723501;0.00000000000
5175;-51.6327455957;26.1629575142;0.00000000000
5176;-54.9117260618;25.6083159937;0.00000000000
5177;-57.7712993256;25.8911316628;0.00000000000
5178;-56.6728169801;25.3683082752;0.00000000000
5179;-59.5680289341;24.6858601182;0.00000000000
5180;-59.6466238393;25.8507379323;0.00000000000
;;;
NODE;X;Y;Z
5181;-58.5669850053;25.2557087136;0.00000000000
5182;-61.4061070234;25.6621310644;0.00000000000
5183;-61.1417303051;24.5476103925;0.00000000000
5184;-60.3627979446;25.1965681709;0.00000000000
5185;-62.5422116443;24.3932349501;0.00000000000
5186;-63.0295990327;25.2196542258;0.00000000000
5187;-61.8176697867;24.9735702440;0.00000000000
5188;-46.1708351110;24.2127186229;0.00000000000
5189;-48.3051828349;23.9527917107;0.00000000000
5190;-49.0165567124;24.5656982052;0.00000000000
5191;-72.9075570862;25.0112834596;0.00000000000
5192;-72.2581630897;24.3160408624;0.00000000000
5193;-73.5666496545;23.8631225974;0.00000000000
5194;-69.1141223813;24.1505845601;0.00000000000
5195;-52.1173384384;22.9171916319;0.00000000000
5196;-52.7327963216;22.8778576340;0.00000000000
5197;-51.9819728510;23.5349153713;0.00000000000
5198;-52.8605873707;24.5764390982;0.00000000000
5199;-53.0684000911;23.8076928098;0.00000000000
5200;-55.5233113818;24.8926611091;0.00000000000
;;;
NODE;X;Y;Z
5201;-57.0413317329;24.6186983163;0.00000000000
5202;-40.7975311334;16.9945592523;0.00000000000
5203;-40.8968407254;17.8982947957;0.00000000000
5204;-82.8470995397;27.8002783271;0.00000000000
5205;-14.7031456631;29.3078017208;0.00000000000
5206;-12.0695453171;27.3887885269;0.00000000000
5207;-71.7280320020;20.2459868608;0.00000000000
5208;-52.2955533382;20.3160612654;0.00000000000
5209;-81.2917767158;16.3343118192;0.00000000000
5210;-87.3333587418;29.1446900838;0.00000000000
5211;-84.0632793973;27.1251583330;0.00000000000
5212;-11.9126758581;38.6183879213;0.00000000000
5213;-14.6361965546;32.9439836922;0.00000000000
5214;-74.8442633495;21.8826711974;0.00000000000
5215;-13.8103476074;30.5161818044;0.00000000000
5216;-11.9046814254;25.1725841297;0.00000000000
5217;-69.2710307215;24.7301530880;0.00000000000
5218;-67.4326438326;25.1414760366;0.00000000000
5219;-65.6322753979;24.1356525763;0.00000000000
5220;-64.1382686958;24.1542626889;0.00000000000
;;;
NODE;X;Y;Z
5221;-62.6372409492;23.9588345352;0.00000000000
5222;-59.7558090236;26.4278446459;0.00000000000
5223;-55.7491026046;25.4988303420;0.00000000000
5224;-54.0743495191;25.7178016454;0.00000000000
5225;-52.0779349477;24.8476646906;0.00000000000
5226;-50.5597706968;25.0957108780;0.00000000000
5227;-47.6030678796;25.0436919239;0.00000000000
5228;-46.0793497834;24.7083890969;0.00000000000
5229;-35.4298829284;26.2801508048;0.00000000000
5230;-49.0850438323;25.1786338222;0.00000000000
5231;-52.4527998504;26.0271468374;0.00000000000
5232;-54.3997622971;27.0070796634;0.00000000000
5233;-56.1596956864;26.7289301391;0.00000000000
5234;-57.9460672957;26.5444771171;0.00000000000
5235;-61.6240568127;26.2047570057;0.00000000000
5236;-63.6120157260;25.6116730865;0.00000000000
5237;-65.5942781839;25.4264962428;0.00000000000
5238;-67.6039628551;26.4021955149;0.00000000000
5239;-69.4895944134;25.9312857451;0.00000000000
5240;-71.0538090072;25.6469572784;0.00000000000
;;;
NODE;X;Y;Z
5241;-72.6247982303;25.5516990273;0.00000000000
5242;-74.8130880301;24.8532637131;0.00000000000
5243;-73.1903159420;24.4708678920;0.00000000000
5244;-71.3260102374;24.1612138330;0.00000000000
5245;-67.2842421204;23.9002968206;0.00000000000
5246;-61.0953033761;23.9757156620;0.00000000000
5247;-59.5986192131;24.0980890177;0.00000000000
5248;-57.5965313556;25.2377862085;0.00000000000
5249;-57.2785772164;23.6570069519;0.00000000000
5250;-55.2975201590;24.2864918763;0.00000000000
5251;-53.6432397937;24.3052135058;0.00000000000
5252;-51.4703853133;23.7596586289;0.00000000000
5253;-50.2044577838;23.9013104195;0.00000000000
5254;-47.6622960772;23.9528208331;0.00000000000
5255;-36.6680788526;25.4756181266;0.00000000000
5256;-44.2356133072;25.4106686777;0.00000000000
5257;-45.9015177333;26.0288153707;0.00000000000
5258;-47.5442708682;26.3183525162;0.00000000000
5259;-50.8126913410;26.2987681909;0.00000000000
5260;-74.2258057327;26.1605618172;0.00000000000
;;;
NODE;X;Y;Z
5261;-76.3930730337;25.1805646657;0.00000000000
5262;-70.5050659183;23.0641879684;0.00000000000
5263;-68.9572140411;23.5710160322;0.00000000000
5264;-67.1298891584;22.6708123052;0.00000000000
5265;-65.6556778985;22.8322538856;0.00000000000
5266;-64.1806732190;22.8877517084;0.00000000000
5267;-62.6949778387;22.8847408510;0.00000000000
5268;-61.2190459943;22.8636944986;0.00000000000
5269;-59.8008537987;22.9320549381;0.00000000000
5270;-58.0446795910;24.2222224243;0.00000000000
5271;-57.3999985394;22.7470019522;0.00000000000
5272;-56.2554296351;22.8261728428;0.00000000000
5273;-54.0365766227;22.9125741388;0.00000000000
5274;-52.9720322546;22.4455431543;0.00000000000
5275;-50.8705047567;22.5976393080;0.00000000000
5276;-48.9480695925;23.9527625882;0.00000000000
5277;-47.5874401134;22.8179440754;0.00000000000
5278;-46.6219566230;22.9318062198;0.00000000000
5279;-46.2623204387;23.7170481490;0.00000000000
5280;-44.7196545107;24.0793030469;0.00000000000
;;;
NODE;X;Y;Z
5281;-42.9102768484;24.4024027926;0.00000000000
5282;-39.4580702133;24.0374330828;0.00000000000
5283;-33.0433164208;26.1037959247;0.00000000000
5284;-31.9879249616;27.3453251933;0.00000000000
5285;-33.1937468095;27.7880390505;0.00000000000
5286;-38.8030335406;28.7624284752;0.00000000000
5287;-41.8084151876;26.0134952775;0.00000000000
5288;-49.1817181315;26.3957578252;0.00000000000
5289;-52.6921633951;27.2866964255;0.00000000000
5290;-60.3074444331;28.9204833566;0.00000000000
5291;-65.6835772383;26.7324152873;0.00000000000
5292;-76.8216078715;23.7456660279;0.00000000000
5293;-29.7304515231;28.3006961463;0.00000000000
5294;-32.9257070563;24.0212121027;0.00000000000
5295;-75.8746860548;22.2214416206;0.00000000000
5296;-75.3592135455;23.5168979841;0.00000000000
5297;-73.9429833669;23.2553773029;0.00000000000
5298;-71.8848259282;22.2558040258;0.00000000000
5299;-69.9493038105;22.0206496231;0.00000000000
5300;-68.5965629565;22.3885385133;0.00000000000
;;;
NODE;X;Y;Z
5301;-58.5965620586;22.8365711943;0.00000000000
5302;-55.2100835133;21.6889474290;0.00000000000
5303;-53.1216084076;21.4416639832;0.00000000000
5304;-48.6994316422;22.7117020257;0.00000000000
5305;-46.0557811160;22.1156514206;0.00000000000
5306;-45.2771783107;22.8714134051;0.00000000000
5307;-43.6682318819;22.8783489263;0.00000000000
5308;-41.9008669899;23.0046329532;0.00000000000
5309;-40.8382990034;23.9475429078;0.00000000000
5310;-39.2500659020;22.5936630190;0.00000000000
5311;-37.5922024731;24.4466010871;0.00000000000
5312;-33.9539409072;22.7545915787;0.00000000000
5313;-30.6714186529;26.7213035848;0.00000000000
5314;-31.7862108832;25.2907580216;0.00000000000
5315;-31.3235093701;28.8420806417;0.00000000000
5316;-33.1787730610;28.7858921637;0.00000000000
5317;-37.0034474667;29.1510595041;0.00000000000
5318;-45.7738863655;28.9151736331;0.00000000000
5319;-47.5983881901;29.0744032991;0.00000000000
5320;-56.6194428858;29.1744186554;0.00000000000
;;;
NODE;X;Y;Z
5321;-58.4462469455;29.0640166004;0.00000000000
5322;-62.1685526163;28.7262385068;0.00000000000
5323;-70.1053546020;28.9183122209;0.00000000000
5324;-71.9105130150;28.4317344833;0.00000000000
5325;-78.3267041586;23.8401128745;0.00000000000
5326;-31.7725578301;22.9787748798;0.00000000000
5327;-78.3061829179;22.2940839740;0.00000000000
5328;-73.9460940303;21.5417935932;0.00000000000
5329;-65.5653349468;20.2455880225;0.00000000000
5330;-64.1822672542;20.3493645849;0.00000000000
5331;-61.4230780100;20.3601647107;0.00000000000
5332;-54.2048547404;20.4618059886;0.00000000000
5333;-53.1872098448;20.4297823832;0.00000000000
5334;-51.8340358066;21.7130906712;0.00000000000
5335;-40.0812898290;22.1609613461;0.00000000000
5336;-32.9257402704;21.6442173912;0.00000000000
5337;-25.5583284544;28.5759087187;0.00000000000
5338;-29.3466733453;25.9101883633;0.00000000000
5339;-30.5641887116;24.3874783149;0.00000000000
5340;-27.1461179027;29.1956504901;0.00000000000
;;;
NODE;X;Y;Z
5341;-30.8980793853;30.4998373375;0.00000000000
5342;-33.2263284006;30.1034018854;0.00000000000
5343;-35.1869292127;29.6459588785;0.00000000000
5344;-37.3646666057;30.5942938998;0.00000000000
5345;-39.2552896207;30.4250256002;0.00000000000
5346;-42.6330265806;30.3265474609;0.00000000000
5347;-45.9537171309;30.5355310633;0.00000000000
5348;-49.3720467736;29.0175384760;0.00000000000
5349;-51.2973322640;30.1899504624;0.00000000000
5350;-53.0470967694;29.8779877404;0.00000000000
5351;-54.8205819218;29.4872487648;0.00000000000
5352;-56.6901364421;30.5314687279;0.00000000000
5353;-58.5208885970;30.3543066704;0.00000000000
5354;-60.4103729543;30.2764894302;0.00000000000
5355;-66.1448972103;29.6007278680;0.00000000000
5356;-68.1219165592;29.2608016841;0.00000000000
5357;-70.5650848194;30.2864988728;0.00000000000
5358;-73.1424411250;29.7539155087;0.00000000000
5359;-75.4440603026;30.2545284934;0.00000000000
5360;-76.6873634100;28.6911830847;0.00000000000
;;;
NODE;X;Y;Z
5361;-28.2212645641;27.5401226076;0.00000000000
5362;-30.7932238150;21.8578538935;0.00000000000
5363;-72.5444880070;20.7355386779;0.00000000000
5364;-71.9409692977;19.3582824084;0.00000000000
5365;-69.5155842819;19.7009510422;0.00000000000
5366;-68.2604264625;19.9324470099;0.00000000000
5367;-66.9311087393;20.1100306180;0.00000000000
5368;-65.5822487769;18.9309330113;0.00000000000
5369;-62.7851714226;20.3862280508;0.00000000000
5370;-60.0525734147;20.3412142706;0.00000000000
5371;-58.7158867295;20.3373872345;0.00000000000
5372;-57.4661026933;20.3220974000;0.00000000000
5373;-49.4529915507;20.0762582599;0.00000000000
5374;-48.1641127634;20.1989361521;0.00000000000
5375;-45.2381640391;19.4890154018;0.00000000000
5376;-43.8373557125;19.9818350697;0.00000000000
5377;-41.9523655057;20.4073857988;0.00000000000
5378;-37.5237108140;20.5766126404;0.00000000000
5379;-34.9593703164;21.6629460557;0.00000000000
5380;-32.0398742889;20.4404275990;0.00000000000
;;;
NODE;X;Y;Z
5381;-24.3717831846;30.3920028547;0.00000000000
5382;-27.7893938225;31.3483197494;0.00000000000
5383;-31.9850808703;31.8783624344;0.00000000000
5384;-35.5491197485;30.9757147216;0.00000000000
5385;-40.9835905271;30.4034829822;0.00000000000
5386;-42.6312316699;31.8721053741;0.00000000000
5387;-44.2256064853;30.3954651395;0.00000000000
5388;-46.2606637236;32.1339606180;0.00000000000
5389;-47.7600496820;30.5525581708;0.00000000000
5390;-49.5308523970;30.4093621200;0.00000000000
5391;-51.4531528864;31.5934676641;0.00000000000
5392;-54.8801836443;30.8750465841;0.00000000000
5393;-58.4789555664;31.8263208885;0.00000000000
5394;-62.2851409078;30.2172688642;0.00000000000
5395;-64.1502663097;29.9257558758;0.00000000000
5396;-68.4036924139;30.6825245659;0.00000000000
5397;-72.5743159425;31.5466067136;0.00000000000
5398;-77.1338884299;31.1881022758;0.00000000000
5399;-81.0638287890;29.6831924631;0.00000000000
5400;-79.3568290665;27.6097782066;0.00000000000
;;;
NODE;X;Y;Z
5401;-81.6662294412;26.0936817966;0.00000000000
5402;-81.7867937793;23.8758220777;0.00000000000
5403;-81.1723036276;22.5930245962;0.00000000000
5404;-80.7020213520;21.1148306570;0.00000000000
5405;-81.2921102968;18.8806909154;0.00000000000
5406;-80.1652960366;19.6518929600;0.00000000000
5407;-78.4757893020;18.8649388326;0.00000000000
5408;-76.6810231708;18.9814252061;0.00000000000
5409;-74.5678274956;18.4374355839;0.00000000000
5410;-73.0745624842;19.5059588015;0.00000000000
5411;-72.1659622697;18.2433692298;0.00000000000
5412;-70.7470109373;19.4744296400;0.00000000000
5413;-69.5740708445;18.4861441460;0.00000000000
5414;-68.2742840402;18.6729200000;0.00000000000
5415;-66.9339374897;18.8123185751;0.00000000000
5416;-64.2190110049;19.0053061498;0.00000000000
5417;-62.8452528368;19.0410315621;0.00000000000
5418;-61.4757597066;19.0338199954;0.00000000000
5419;-60.1084363193;19.0317042104;0.00000000000
5420;-58.7711897230;18.9909875603;0.00000000000
;;;
NODE;X;Y;Z
5421;-56.2465346155;18.9619432810;0.00000000000
5422;-54.6127159768;17.7840520475;0.00000000000
5423;-52.9832261648;18.3878190961;0.00000000000
5424;-51.9076855225;19.5717704764;0.00000000000
5425;-50.6064858635;18.6678936929;0.00000000000
5426;-49.3639518972;18.8005849203;0.00000000000
5427;-48.0274647222;18.9254894753;0.00000000000
5428;-46.6576307612;19.1485788284;0.00000000000
5429;-42.7127518656;19.0922280611;0.00000000000
5430;-41.0670481032;19.4302156880;0.00000000000
5431;-39.3451322923;18.9937068153;0.00000000000
5432;-38.4424094790;19.7522598735;0.00000000000
5433;-36.7747223268;19.4718767599;0.00000000000
5434;-35.8556859358;20.5029774961;0.00000000000
5435;-34.0179550957;20.3541641491;0.00000000000
5436;-22.2471045129;32.7488889253;0.00000000000
5437;-23.5135041258;31.6972771208;0.00000000000
5438;-24.9970552684;32.6705537405;0.00000000000
5439;-29.3477425213;31.9199954333;0.00000000000
5440;-30.5859582889;32.6843985600;0.00000000000
;;;
NODE;X;Y;Z
5441;-33.6830136855;31.3876713326;0.00000000000
5442;-35.9012996529;32.3585318780;0.00000000000
5443;-37.6045622271;32.0398452860;0.00000000000
5444;-39.2672366784;31.8927116162;0.00000000000
5445;-40.9451288635;31.8414037938;0.00000000000
5446;-42.3795816679;33.3506406061;0.00000000000
5447;-47.9991658238;31.9948660561;0.00000000000
5448;-53.1614331852;31.2548537288;0.00000000000
5449;-54.9402273161;32.2961176698;0.00000000000
5450;-56.6896513884;31.9902796079;0.00000000000
5451;-60.3204381489;31.7895702206;0.00000000000
5452;-62.3837957104;31.9583080206;0.00000000000
5453;-64.4470143815;31.4548132725;0.00000000000
5454;-66.4085251580;31.0574886203;0.00000000000
5455;-68.5543626429;32.1466348507;0.00000000000
5456;-70.5819693538;31.7329050403;0.00000000000
5457;-74.4315033752;31.7717658785;0.00000000000
5458;-75.8134260843;32.3740588450;0.00000000000
5459;-78.8166504141;29.8600091285;0.00000000000
5460;-81.7660821912;31.5909657003;0.00000000000
;;;
NODE;X;Y;Z
5461;-81.0053746141;27.8879043142;0.00000000000
5462;-82.6882246810;26.5525651815;0.00000000000
5463;-82.6848317590;24.8118393803;0.00000000000
5464;-82.5241041341;21.5699862109;0.00000000000
5465;-81.8863247071;20.2431262730;0.00000000000
5466;-19.1164718675;29.2569835721;0.00000000000
5467;-21.4969131100;29.1977414502;0.00000000000
5468;-22.8089776765;27.7759130957;0.00000000000
5469;-27.0510120360;23.7655052802;0.00000000000
5470;-82.4274736881;18.0105340509;0.00000000000
5471;-80.7000093800;17.7584472934;0.00000000000
5472;-79.5615362716;18.2111385482;0.00000000000
5473;-77.6858148273;17.4605974745;0.00000000000
5474;-75.6804376759;18.6277689556;0.00000000000
5475;-74.9458045553;17.1221764342;0.00000000000
5476;-73.3742223657;18.2814578786;0.00000000000
5477;-72.3441518555;17.0650407758;0.00000000000
5478;-70.8825328616;18.3173442922;0.00000000000
5479;-69.6863328043;17.2715818608;0.00000000000
5480;-68.3299755875;17.3873485364;0.00000000000
;;;
NODE;X;Y;Z
5481;-66.9904176255;17.5160048416;0.00000000000
5482;-65.6398319279;17.6135282959;0.00000000000
5483;-64.2761191572;17.6713735087;0.00000000000
5484;-62.9032334459;17.7126196890;0.00000000000
5485;-61.5453220090;17.6901359634;0.00000000000
5486;-58.8485853457;17.6206238347;0.00000000000
5487;-57.4964223201;18.9607495030;0.00000000000
5488;-56.1254174502;17.6061351410;0.00000000000
5489;-53.2694300860;17.2689953590;0.00000000000
5490;-51.8234529845;18.4859013748;0.00000000000
5491;-50.6551364725;17.3698939852;0.00000000000
5492;-49.3387952013;17.4876073014;0.00000000000
5493;-48.0026090777;17.6070560482;0.00000000000
5494;-46.6454567886;17.7665260718;0.00000000000
5495;-44.1457395284;18.0007192437;0.00000000000
5496;-43.0756975390;17.6880893119;0.00000000000
5497;-41.8290178149;18.3074807034;0.00000000000
5498;-40.2105529168;18.3944477214;0.00000000000
5499;-38.7170960300;17.8209089094;0.00000000000
5500;-37.7302504166;18.5209735202;0.00000000000
;;;
NODE;X;Y;Z
5501;-36.0942266975;18.1901453124;0.00000000000
5502;-35.0577274199;19.1734174606;0.00000000000
5503;-33.2336224663;19.0580889871;0.00000000000
5504;-30.7140523261;17.7990460209;0.00000000000
5505;-29.3034159851;19.2384336810;0.00000000000
5506;-19.8537984471;32.5845358268;0.00000000000
5507;-23.1977017276;33.6851781187;0.00000000000
5508;-34.2588428082;32.7617438841;0.00000000000
5509;-44.5115495667;32.4275366185;0.00000000000
5510;-49.7383478846;31.8776913748;0.00000000000
5511;-53.2645398626;32.6728431270;0.00000000000
5512;-66.6808957864;32.5532195147;0.00000000000
5513;-79.8217840521;31.9321965191;0.00000000000
5514;-84.4880739573;34.3773671925;0.00000000000
5515;-82.9822936851;29.3376698464;0.00000000000
5516;-84.3291687127;28.4723036584;0.00000000000
5517;-83.2564743314;22.7760207991;0.00000000000
5518;-83.7502229359;20.6671043472;0.00000000000
5519;-83.0403121639;19.3428381270;0.00000000000
5520;-20.4495130874;27.9967965805;0.00000000000
;;;
NODE;X;Y;Z
5521;-23.7285311296;26.1911782135;0.00000000000
5522;-24.7162786049;23.8003948051;0.00000000000
5523;-26.2497770043;22.2925228454;0.00000000000
5524;-27.8565002725;20.5701247679;0.00000000000
5525;-28.9096738674;17.9259302959;0.00000000000
5526;-81.8350178611;17.0582458477;0.00000000000
5527;-80.1752579877;16.5257176661;0.00000000000
5528;-76.2453794811;17.2400881066;0.00000000000
5529;-73.6477039949;17.0685885278;0.00000000000
5530;-71.0285199561;17.1493753514;0.00000000000
5531;-60.1824348827;17.6611139791;0.00000000000
5532;-57.4989229045;17.5979785758;0.00000000000
5533;-51.9485968503;17.2752427194;0.00000000000
5534;-45.3011779854;17.9382381991;0.00000000000
5535;-41.9629812851;17.2034178258;0.00000000000
5536;-39.6995558678;17.2634336986;0.00000000000
5537;-37.1645448945;17.2893417084;0.00000000000
5538;-30.2913642760;16.2989712697;0.00000000000
5539;-17.5853975456;32.5292187119;0.00000000000
5540;-26.3184590331;34.6170096772;0.00000000000
;;;
NODE;X;Y;Z
5541;-27.6528614283;34.8714169611;0.00000000000
5542;-28.9806770735;35.1433371493;0.00000000000
5543;-36.4672589649;35.1343586550;0.00000000000
5544;-37.9718375960;34.9173188573;0.00000000000
5545;-39.4425922691;34.8164250877;0.00000000000
5546;-47.1272404668;35.1726095493;0.00000000000
5547;-48.6256210045;34.9122952244;0.00000000000
5548;-55.1555496539;35.0747077289;0.00000000000
5549;-56.6744277102;34.8876745792;0.00000000000
5550;-58.1765330555;34.7950642880;0.00000000000
5551;-59.6229987809;34.8481474369;0.00000000000
5552;-68.6761960214;35.0329920548;0.00000000000
5553;-70.2108964961;34.8014083589;0.00000000000
5554;-71.6791600537;34.7485170329;0.00000000000
5555;-73.0649611505;34.8513012798;0.00000000000
5556;-81.6311026447;35.2567299135;0.00000000000
5557;-82.9423862639;35.3753170932;0.00000000000
5558;-85.4944382667;34.9342337808;0.00000000000
5559;-85.3074557816;33.3823605113;0.00000000000
5560;-84.7113499680;16.4610560042;0.00000000000
;;;
NODE;X;Y;Z
5561;-16.7912386605;29.2726245069;0.00000000000
5562;-18.1008901252;28.0979252668;0.00000000000
5563;-19.3915918032;26.8638838821;0.00000000000
5564;-23.7919911256;22.5765946521;0.00000000000
5565;-25.4036304441;20.8965265178;0.00000000000
5566;-27.1286993194;18.9633490743;0.00000000000
5567;-28.6617202824;16.6025775060;0.00000000000
5568;-83.8573375671;14.9383375597;0.00000000000
5569;-69.8790914146;14.7524087645;0.00000000000
5570;-67.1639959374;14.8864936032;0.00000000000
5571;-64.4477458180;14.9575646291;0.00000000000
5572;-61.7218329890;14.9412967366;0.00000000000
5573;-59.0164060703;14.8894271822;0.00000000000
5574;-56.3151807146;14.8332421536;0.00000000000
5575;-50.9792809353;14.7860181088;0.00000000000
5576;-49.6401960701;14.8181056119;0.00000000000
5577;-46.9786220731;14.8967008315;0.00000000000
5578;-43.1902676470;14.8064569910;0.00000000000
5579;-40.5723356124;14.7541429074;0.00000000000
5580;-35.0178156126;15.5858469307;0.00000000000
;;;
NODE;X;Y;Z
5581;-33.7725850132;16.6216241057;0.00000000000
5582;-31.9881906024;16.4327498361;0.00000000000
5583;-29.7406455259;15.1515855384;0.00000000000
5584;-13.7131391148;36.1252650442;0.00000000000
5585;-15.9580374728;35.8350534849;0.00000000000
5586;-18.7248938693;36.1362022722;0.00000000000
5587;-20.8133786157;35.4030796703;0.00000000000
5588;-22.5083555401;35.5054223106;0.00000000000
5589;-30.3211143024;35.2869489412;0.00000000000
5590;-31.7327494566;35.0325992174;0.00000000000
5591;-33.3094804684;36.2125759019;0.00000000000
5592;-34.9595547261;35.4572001655;0.00000000000
5593;-40.9179484964;34.8194357919;0.00000000000
5594;-42.3576183078;34.8607819434;0.00000000000
5595;-44.0280197184;36.2057091014;0.00000000000
5596;-45.6297541243;35.4490270528;0.00000000000
5597;-50.2003921141;34.7768532192;0.00000000000
5598;-51.9245294600;36.2217921181;0.00000000000
5599;-53.5874788808;35.4019866243;0.00000000000
5600;-60.9553248208;35.0259588253;0.00000000000
;;;
NODE;X;Y;Z
5601;-62.3562645996;35.1571445388;0.00000000000
5602;-63.8544853567;34.9183751809;0.00000000000
5603;-65.3811004479;36.2837974091;0.00000000000
5604;-67.0923715777;35.4279795628;0.00000000000
5605;-74.3594657745;35.0717440429;0.00000000000
5606;-75.7250604004;35.1861982846;0.00000000000
5607;-77.1782234463;34.8417357510;0.00000000000
5608;-78.6505707565;36.2127638369;0.00000000000
5609;-80.2114090066;35.2919178048;0.00000000000
5610;-84.2107396924;35.5456874048;0.00000000000
5611;-85.5072226312;35.7400752748;0.00000000000
5612;-86.3013599820;32.5558491967;0.00000000000
5613;-84.6794912512;31.6254326910;0.00000000000
5614;-85.9562750641;28.8512440815;0.00000000000
5615;-86.1183160492;24.3709963793;0.00000000000
5616;-85.8464764173;19.0610091220;0.00000000000
5617;-86.0489785032;16.0153420277;0.00000000000
5618;-22.2006888695;24.1120767242;0.00000000000
5619;-85.4601679812;14.7179655515;0.00000000000
5620;-80.6875160053;14.2280496736;0.00000000000
;;;
NODE;X;Y;Z
5621;-79.2707492970;14.3280300971;0.00000000000
5622;-77.9306390507;14.4491863935;0.00000000000
5623;-75.2856697049;14.5330751692;0.00000000000
5624;-73.9543815708;14.5745797902;0.00000000000
5625;-72.5955424567;14.6224614205;0.00000000000
5626;-71.2443300400;14.6853776194;0.00000000000
5627;-68.5258272347;14.8255573045;0.00000000000
5628;-65.8086764584;14.9316603523;0.00000000000
5629;-63.0828767207;14.9583203112;0.00000000000
5630;-60.3687047350;14.9165206111;0.00000000000
5631;-57.6536207581;14.8712853434;0.00000000000
5632;-54.9810009990;14.7923198274;0.00000000000
5633;-53.6777820553;14.7857865527;0.00000000000
5634;-52.3349740921;14.7694326712;0.00000000000
5635;-51.1548228765;13.4604752924;0.00000000000
5636;-48.2964413632;14.8638731700;0.00000000000
5637;-45.6906556830;14.8812264063;0.00000000000
5638;-44.4381526112;14.8703381691;0.00000000000
5639;-41.8962913209;14.7437364689;0.00000000000
5640;-39.2364486547;14.9249202246;0.00000000000
;;;
NODE;X;Y;Z
5641;-36.3465774321;14.6598222563;0.00000000000
5642;-34.5423077959;14.3018683547;0.00000000000
5643;-33.2413893510;15.2684596117;0.00000000000
5644;-31.4870873282;14.8630142183;0.00000000000
5645;-14.7234627125;35.4479410849;0.00000000000
5646;-15.6730187396;32.1786329190;0.00000000000
5647;-15.7816654316;30.2577584178;0.00000000000
5648;-12.8751523141;30.0301364446;0.00000000000
5649;-14.8457630433;37.2658744513;0.00000000000
5650;-17.3554103167;35.9000434163;0.00000000000
5651;-19.9967558519;36.6129663600;0.00000000000
5652;-21.5121092106;35.9393278668;0.00000000000
5653;-22.5432989214;36.7841804998;0.00000000000
5654;-24.9496503731;36.2730751625;0.00000000000
5655;-26.2163590813;36.2455509147;0.00000000000
5656;-27.4964279720;36.3611072216;0.00000000000
5657;-28.8084930651;36.5153655850;0.00000000000
5658;-30.2607576751;36.5277895447;0.00000000000
5659;-31.7242099684;36.3899508285;0.00000000000
5660;-35.3344976849;36.7276893740;0.00000000000
;;;
NODE;X;Y;Z
5661;-36.6759240736;36.5340741194;0.00000000000
5662;-38.0618639885;36.3952445656;0.00000000000
5663;-39.4791051205;36.3107174073;0.00000000000
5664;-40.9060668900;36.2870930424;0.00000000000
5665;-42.4013326986;36.2883619281;0.00000000000
5666;-46.0447632507;36.7498122902;0.00000000000
5667;-47.3990696945;36.5029360518;0.00000000000
5668;-48.8016676985;36.3811099819;0.00000000000
5669;-50.2961615330;36.2483720012;0.00000000000
5670;-53.9624117445;36.6792951118;0.00000000000
5671;-55.2587725363;36.4745819887;0.00000000000
5672;-56.6749276905;36.3686306436;0.00000000000
5673;-58.0845624931;36.3012111819;0.00000000000
5674;-59.4723675541;36.3398040551;0.00000000000
5675;-60.8871308467;36.4164904502;0.00000000000
5676;-62.3304441462;36.4444647460;0.00000000000
5677;-63.8174397193;36.3226389334;0.00000000000
5678;-67.3732362154;36.7494839306;0.00000000000
5679;-68.7382871932;36.4722870027;0.00000000000
5680;-70.1179199430;36.3290076270;0.00000000000
;;;
NODE;X;Y;Z
5681;-71.4841621792;36.3122193267;0.00000000000
5682;-72.8666048080;36.3440571110;0.00000000000
5683;-74.2442185500;36.4368610125;0.00000000000
5684;-75.6772355124;36.4358174586;0.00000000000
5685;-77.1430088841;36.2760296903;0.00000000000
5686;-80.5412254059;36.7255520510;0.00000000000
5687;-81.7415160443;36.6384574717;0.00000000000
5688;-83.0137565410;36.6871205244;0.00000000000
5689;-84.3114017712;36.7705010277;0.00000000000
5690;-85.6829061852;36.7648481262;0.00000000000
5691;-87.0831577589;35.4320285701;0.00000000000
5692;-86.5824968276;34.3243140199;0.00000000000
5693;-87.1173978762;31.6076464651;0.00000000000
5694;-85.7859449016;30.7554157389;0.00000000000
5695;-86.8194464884;27.0462820375;0.00000000000
5696;-85.3052658166;26.3196929574;0.00000000000
5697;-87.5324374971;24.0156979408;0.00000000000
5698;-85.5106689883;23.0535960252;0.00000000000
5699;-86.5898731864;20.2502318533;0.00000000000
5700;-86.9520449293;18.5559328986;0.00000000000
;;;
NODE;X;Y;Z
5701;-85.3010149079;17.8042472441;0.00000000000
5702;-87.6144289387;15.9062269795;0.00000000000
5703;-86.7648275896;14.4361489905;0.00000000000
5704;-13.5130975739;28.4780906106;0.00000000000
5705;-15.7224865945;28.2225675999;0.00000000000
5706;-86.4560504095;13.1093435426;0.00000000000
5707;-85.0886013398;13.2928180176;0.00000000000
5708;-83.7493336798;13.3573859433;0.00000000000
5709;-82.2044736468;14.3883997938;0.00000000000
5710;-80.8389855773;13.0241081569;0.00000000000
5711;-79.4146061904;13.0821453832;0.00000000000
5712;-78.0479332183;13.1352311390;0.00000000000
5713;-76.6122748918;14.5029982306;0.00000000000
5714;-75.3678901993;13.2415007446;0.00000000000
5715;-74.0240812917;13.3009023364;0.00000000000
5716;-72.6700332345;13.3591719785;0.00000000000
5717;-71.3219522350;13.4166503081;0.00000000000
5718;-69.9705644350;13.4680746161;0.00000000000
5719;-68.6150149566;13.5138477238;0.00000000000
5720;-67.2659640473;13.5550250906;0.00000000000
;;;
NODE;X;Y;Z
5721;-65.9069037589;13.5742365264;0.00000000000
5722;-64.5541949478;13.5797265185;0.00000000000
5723;-63.2028593631;13.5731554365;0.00000000000
5724;-61.8524171924;13.5562082701;0.00000000000
5725;-60.5070972773;13.5464883362;0.00000000000
5726;-59.1602608573;13.5161475239;0.00000000000
5727;-57.8237594128;13.5051697573;0.00000000000
5728;-56.4869712799;13.4731186347;0.00000000000
5729;-55.1616647003;13.4553424194;0.00000000000
5730;-53.8366327201;13.4489338755;0.00000000000
5731;-52.5040103493;13.4511593240;0.00000000000
5732;-51.3000419054;12.1285894804;0.00000000000
5733;-49.8119943076;13.4744410065;0.00000000000
5734;-48.4798075514;13.4917623322;0.00000000000
5735;-47.1727373951;13.4861805345;0.00000000000
5736;-45.8545493791;13.4906270349;0.00000000000
5737;-44.5477040851;13.4842359980;0.00000000000
5738;-43.2287504788;13.4659119586;0.00000000000
5739;-41.8630923702;13.4911964309;0.00000000000
5740;-40.4910187704;13.5375926684;0.00000000000
;;;
NODE;X;Y;Z
5741;-39.1058733062;13.6285542213;0.00000000000
5742;-37.7016668443;13.9655107371;0.00000000000
5743;-35.9291397918;13.4668411854;0.00000000000
5744;-27.1397843585;14.1703635557;0.00000000000
5745;-14.0215232243;34.5171666572;0.00000000000
5746;-13.6029097601;33.5978922385;0.00000000000
5747;-14.1076759602;32.0757659118;0.00000000000
5748;-12.7937307891;37.7374560128;0.00000000000
5749;-16.7082906345;37.4297981402;0.00000000000
5750;-18.2183007958;37.6130394868;0.00000000000
5751;-19.6319085290;37.8729163012;0.00000000000
5752;-21.3908480930;36.8877997237;0.00000000000
5753;-22.3574225421;38.0721053731;0.00000000000
5754;-23.7331566456;36.4765275267;0.00000000000
5755;-24.8808514016;37.8194603237;0.00000000000
5756;-26.1153969540;37.8351880176;0.00000000000
5757;-27.4285442282;37.8195262547;0.00000000000
5758;-28.7675722755;37.8935982357;0.00000000000
5759;-30.1707133246;37.8768948957;0.00000000000
5760;-31.5655103495;37.8084729361;0.00000000000
;;;
NODE;X;Y;Z
5761;-32.8348224546;37.8733677805;0.00000000000
5762;-34.2984495871;37.0598014298;0.00000000000
5763;-35.4531427542;38.0823857824;0.00000000000
5764;-36.7357180899;37.9876534732;0.00000000000
5765;-38.1079863580;37.8657611601;0.00000000000
5766;-39.4860007181;37.7947676843;0.00000000000
5767;-40.8651859842;37.7638007831;0.00000000000
5768;-42.2531198622;37.7353304621;0.00000000000
5769;-43.5301500574;37.8578745170;0.00000000000
5770;-44.9868020082;37.0574386037;0.00000000000
5771;-46.1479034208;38.0730954552;0.00000000000
5772;-47.4317705722;37.9519223604;0.00000000000
5773;-48.8129055486;37.8109943253;0.00000000000
5774;-50.1895944596;37.7404476543;0.00000000000
5775;-51.4636092538;37.8459609870;0.00000000000
5776;-52.9046694715;37.0332228525;0.00000000000
5777;-54.0820555468;38.0482359458;0.00000000000
5778;-55.3432081707;37.9778233700;0.00000000000
5779;-56.6980145917;37.8375572699;0.00000000000
5780;-58.0505397924;37.7816128199;0.00000000000
;;;
NODE;X;Y;Z
5781;-59.4321653368;37.7786890812;0.00000000000
5782;-60.8142051740;37.7925608027;0.00000000000
5783;-62.2230446176;37.7989352825;0.00000000000
5784;-63.6091674270;37.7683046856;0.00000000000
5785;-64.8639140517;37.8723501811;0.00000000000
5786;-66.3204536688;37.1119045613;0.00000000000
5787;-67.4506371357;38.0731111313;0.00000000000
5788;-68.7176288843;37.9300376893;0.00000000000
5789;-70.0642624206;37.8250665497;0.00000000000
5790;-71.4170309803;37.7722106919;0.00000000000
5791;-72.7746475842;37.7903299561;0.00000000000
5792;-74.1632163946;37.7981625618;0.00000000000
5793;-75.5623694496;37.8000783387;0.00000000000
5794;-76.9372160087;37.7463168073;0.00000000000
5795;-78.1785899821;37.8410847879;0.00000000000
5796;-79.5976891452;37.0626679399;0.00000000000
5797;-80.6787140279;38.0818939171;0.00000000000
5798;-81.8724085763;38.0024549288;0.00000000000
5799;-83.1215959723;37.9951592283;0.00000000000
5800;-84.4058829278;37.9793051054;0.00000000000
;;;
NODE;X;Y;Z
5801;-85.7513636135;37.9468115673;0.00000000000
5802;-87.1204249769;37.8365593189;0.00000000000
5803;-87.1595307086;36.6306138804;0.00000000000
5804;-88.0558478120;33.5889816952;0.00000000000
5805;-86.6785005523;29.8759594699;0.00000000000
5806;-88.2439981178;29.3438388023;0.00000000000
5807;-87.0796193914;28.1901507567;0.00000000000
5808;-88.1080415491;26.7481072512;0.00000000000
5809;-86.5232678489;25.7282596248;0.00000000000
5810;-87.8018478094;21.1078251362;0.00000000000
5811;-87.2311425330;19.6178773510;0.00000000000
5812;-88.1385421959;18.6189631072;0.00000000000
5813;-86.5564441823;17.3265763254;0.00000000000
5814;-87.9691138743;14.0994289295;0.00000000000
5815;-17.0796617498;24.8768402037;0.00000000000
5816;-18.6665938805;23.4748481181;0.00000000000
5817;-21.6355096450;20.6131549255;0.00000000000
5818;-25.8018505370;13.6547835938;0.00000000000
5819;-86.3390614314;11.8071982094;0.00000000000
5820;-84.9910138443;11.9066041060;0.00000000000
;;;
NODE;X;Y;Z
5821;-83.6607517121;11.9402340518;0.00000000000
5822;-82.3148654674;13.1648363980;0.00000000000
5823;-80.8969021027;11.8314955566;0.00000000000
5824;-79.4904910788;11.8376291491;0.00000000000
5825;-78.1202145513;11.8578484840;0.00000000000
5826;-76.7074351386;13.1875531710;0.00000000000
5827;-75.4255235125;11.9623308654;0.00000000000
5828;-74.0881161182;12.0270705933;0.00000000000
5829;-72.7382419074;12.0750568781;0.00000000000
5830;-71.3906844832;12.1147126075;0.00000000000
5831;-70.0473413397;12.1554749326;0.00000000000
5832;-68.7040072326;12.1915830397;0.00000000000
5833;-67.3576730957;12.2038027111;0.00000000000
5834;-66.0116258867;12.2137298887;0.00000000000
5835;-64.6627935803;12.2081843946;0.00000000000
5836;-63.3224554926;12.1962496185;0.00000000000
5837;-61.9822040103;12.1788134763;0.00000000000
5838;-60.6413231898;12.1814556649;0.00000000000
5839;-59.3067185289;12.1499031918;0.00000000000
5840;-57.9709339396;12.1459799839;0.00000000000
;;;
NODE;X;Y;Z
5841;-56.6460147751;12.1294930840;0.00000000000
5842;-55.3109646230;12.1191388301;0.00000000000
5843;-53.9743785935;12.1158758654;0.00000000000
5844;-49.9591439556;12.1321697372;0.00000000000
5845;-48.6391332041;12.1293106702;0.00000000000
5846;-47.3196837851;12.1292962120;0.00000000000
5847;-45.9865638564;12.1302110018;0.00000000000
5848;-44.6456461488;12.1317461193;0.00000000000
5849;-43.3045719902;12.1431717423;0.00000000000
5850;-41.9335720228;12.1637747798;0.00000000000
5851;-40.5472524006;12.2018662940;0.00000000000
5852;-39.0895164176;12.2963420587;0.00000000000
5853;-37.4953946689;12.4808488146;0.00000000000
5854;-35.4678078587;12.2048245223;0.00000000000
5855;-34.1316981798;12.9715991113;0.00000000000
5856;-32.7432144991;13.8006110480;0.00000000000
5857;-27.8785067682;12.2298080748;0.00000000000
5858;-12.9845051773;35.0246608957;0.00000000000
5859;-12.1853026772;33.0524649372;0.00000000000
5860;-12.3726820417;31.0461936737;0.00000000000
;;;
NODE;X;Y;Z
5861;-11.7898745727;29.7901839996;0.00000000000
5862;-21.0405202096;38.1294134429;0.00000000000
5863;-23.6262050375;37.9404470337;0.00000000000
5864;-34.1191269219;38.0751795092;0.00000000000
5865;-44.8052612904;38.1253310020;0.00000000000
5866;-52.7548759260;38.0555282701;0.00000000000
5867;-66.1145905038;38.0904550307;0.00000000000
5868;-79.4210169829;38.0635319083;0.00000000000
5869;-87.8159510663;30.5446415437;0.00000000000
5870;-88.2646927070;28.0334611149;0.00000000000
5871;-87.8509391866;25.4298396278;0.00000000000
5872;-87.1468847673;22.3888917706;0.00000000000
5873;-88.1921096212;19.9106707748;0.00000000000
5874;-87.8789020632;17.3169543887;0.00000000000
5875;-88.3153230976;15.0478946241;0.00000000000
5876;-87.7784739033;12.9019721286;0.00000000000
5877;-11.5312967300;26.1962476457;0.00000000000
5878;-13.6423043101;26.0986224789;0.00000000000
5879;-17.6378357268;22.4543789147;0.00000000000
5880;-20.1681771530;22.0872273241;0.00000000000
;;;
NODE;X;Y;Z
5881;-22.9747498949;19.0498493954;0.00000000000
5882;-24.1148778467;17.3582846164;0.00000000000
5883;-25.0043745192;15.5227794383;0.00000000000
5884;-87.6981282170;11.6841367840;0.00000000000
5885;-82.2941354771;11.8923677995;0.00000000000
5886;-76.7708730435;11.9047097762;0.00000000000
5887;-52.6429262584;12.1189566509;0.00000000000
5888;-36.5301214474;11.7413587450;0.00000000000
5889;-26.5503617913;11.7709086170;0.00000000000
5890;-12.3708842750;36.4224437885;0.00000000000
5891;-11.7692122788;35.2282308233;0.00000000000
5892;-11.3436446039;34.0846179472;0.00000000000
5893;-11.1287162392;31.9491740483;0.00000000000
5894;-11.3284168906;30.8270740004;0.00000000000
5895;-10.7396879320;28.5360254758;0.00000000000
5896;-11.0547656757;27.3507581143;0.00000000000
5897;-10.9235755777;40.7945280682;0.00000000000
5898;-13.7208183215;40.5005853373;0.00000000000
5899;-15.0778144739;40.3875897537;0.00000000000
5900;-16.4378907963;40.3465815513;0.00000000000
;;;
NODE;X;Y;Z
5901;-19.2261396348;40.5371515186;0.00000000000
5902;-21.9754302556;40.6629287116;0.00000000000
5903;-24.6382767776;40.6433346378;0.00000000000
5904;-27.2905998517;40.6491776142;0.00000000000
5905;-29.9672428231;40.6227334785;0.00000000000
5906;-32.6172252499;40.6360137134;0.00000000000
5907;-35.2812641720;40.6718551059;0.00000000000
5908;-37.9620974499;40.6613929130;0.00000000000
5909;-40.6417787092;40.6530823466;0.00000000000
5910;-43.3032279582;40.6641381282;0.00000000000
5911;-45.9543294000;40.6684265243;0.00000000000
5912;-48.6328077429;40.6225865122;0.00000000000
5913;-51.2727459351;40.6280605239;0.00000000000
5914;-53.9339783465;40.6539831008;0.00000000000
5915;-56.6071858685;40.6328573876;0.00000000000
5916;-59.2844321514;40.6118538626;0.00000000000
5917;-61.9647738215;40.6005681344;0.00000000000
5918;-64.6272091699;40.6186301896;0.00000000000
5919;-67.2747444841;40.6319592474;0.00000000000
5920;-69.9484882282;40.6175726649;0.00000000000
;;;
NODE;X;Y;Z
5921;-72.6282681646;40.6021839604;0.00000000000
5922;-75.3077671083;40.5939115560;0.00000000000
5923;-77.9522786486;40.6122282407;0.00000000000
5924;-80.5697620970;40.6380050497;0.00000000000
5925;-83.1686548778;40.6081023192;0.00000000000
5926;-85.7505501666;40.5239944999;0.00000000000
5927;-88.1117301860;40.2704708338;0.00000000000
5928;-91.0465360824;40.8449402380;0.00000000000
5929;-90.0531884990;35.1206139764;0.00000000000
5930;-90.1579514011;32.4600843838;0.00000000000
5931;-90.6015054922;29.7139629641;0.00000000000
5932;-90.6513735997;26.9482966235;0.00000000000
5933;-90.4990652710;24.2554899505;0.00000000000
5934;-90.5600644248;21.6912850864;0.00000000000
5935;-90.6426913056;19.0749717217;0.00000000000
5936;-90.6186408171;16.5390971639;0.00000000000
5937;-90.5742284626;14.0251442501;0.00000000000
5938;-90.4692241364;11.5493427132;0.00000000000
5939;-10.4252209124;25.5916237144;0.00000000000
5940;-12.6865448606;26.0784467402;0.00000000000
;;;
NODE;X;Y;Z
5941;-14.6128787158;24.7258174381;0.00000000000
5942;-16.1727314683;23.7214260327;0.00000000000
5943;-20.4890897266;19.7480155055;0.00000000000
5944;-21.7646262635;18.2496331178;0.00000000000
5945;-24.5220826307;13.0372519324;0.00000000000
5946;-25.2187088843;11.2152458433;0.00000000000
5947;-89.0557788834;9.13002383024;0.00000000000
5948;-86.3279899789;9.23379993263;0.00000000000
5949;-83.6386427374;9.29156407400;0.00000000000
5950;-80.9343998399;9.32088936901;0.00000000000
5951;-78.2313584138;9.35145941233;0.00000000000
5952;-75.5405089243;9.39761810889;0.00000000000
5953;-72.8763874537;9.44661572122;0.00000000000
5954;-70.2155441862;9.47718344048;0.00000000000
5955;-67.5453661549;9.48550392627;0.00000000000
5956;-64.8696936781;9.48333224851;0.00000000000
5957;-62.1933492741;9.46574063474;0.00000000000
5958;-59.5251835100;9.45853715480;0.00000000000
5959;-56.8509212158;9.44627682073;0.00000000000
5960;-54.1842769742;9.42736912106;0.00000000000
;;;
NODE;X;Y;Z
5961;-51.5246740205;9.44041558464;0.00000000000
5962;-48.8632930956;9.43183426221;0.00000000000
5963;-46.1928467899;9.43290619190;0.00000000000
5964;-43.5069515148;9.46258688423;0.00000000000
5965;-40.7814716842;9.50522743134;0.00000000000
5966;-38.1039507229;9.47099793772;0.00000000000
5967;-35.2969980702;9.68304684785;0.00000000000
5968;-32.4723313379;10.4981164516;0.00000000000
5969;-30.8211364712;13.0619882666;0.00000000000
5970;-29.8007693660;10.7056804924;0.00000000000
5971;-27.1849412264;9.90648066962;0.00000000000
5972;-9.51054874411;40.8575311447;0.00000000000
5973;-10.6894873463;38.4017890054;0.00000000000
5974;-9.20756144014;29.0920217996;0.00000000000
5975;-9.51372998662;27.9859334015;0.00000000000
5976;-10.9596942001;42.0139272491;0.00000000000
5977;-12.3823679423;40.6148205589;0.00000000000
5978;-13.7107585756;41.8841831388;0.00000000000
5979;-15.0627126963;41.8411684592;0.00000000000
5980;-16.4120596293;41.8043150790;0.00000000000
;;;
NODE;X;Y;Z
5981;-17.8352005089;40.4365696240;0.00000000000
5982;-19.1118074242;41.8686056533;0.00000000000
5983;-20.6098244023;40.6467963277;0.00000000000
5984;-21.8309306570;41.9589245493;0.00000000000
5985;-23.3148446472;40.6579113576;0.00000000000
5986;-24.5103314663;41.9738746985;0.00000000000
5987;-25.9602477419;40.6601450774;0.00000000000
5988;-27.1788978884;41.9763592985;0.00000000000
5989;-28.6279390042;40.6390853785;0.00000000000
5990;-29.8482244533;41.9568502533;0.00000000000
5991;-31.2963600851;40.6365669053;0.00000000000
5992;-32.5103893614;41.9579405455;0.00000000000
5993;-33.9447705589;40.6606672513;0.00000000000
5994;-35.1799749644;41.9627511495;0.00000000000
5995;-36.6224087374;40.6534744829;0.00000000000
5996;-37.8484366368;41.9601092254;0.00000000000
5997;-39.2995571157;40.6574318441;0.00000000000
5998;-40.5162959295;41.9585365318;0.00000000000
5999;-41.9754397048;40.6513148046;0.00000000000
6000;-43.1797398715;41.9711933155;0.00000000000
;;;
NODE;X;Y;Z
6001;-44.6235169836;40.6721571580;0.00000000000
6002;-45.8474055048;41.9636651838;0.00000000000
6003;-47.2948790043;40.6448943949;0.00000000000
6004;-48.5171503585;41.9613874918;0.00000000000
6005;-49.9552835727;40.6148491506;0.00000000000
6006;-51.1757558463;41.9697823153;0.00000000000
6007;-52.5934120350;40.6458639897;0.00000000000
6008;-53.8373639390;41.9588853167;0.00000000000
6009;-55.2699359628;40.6277781105;0.00000000000
6010;-56.5023980353;41.9326040574;0.00000000000
6011;-57.9414360000;40.6261655346;0.00000000000
6012;-59.1704480759;41.9172402934;0.00000000000
6013;-60.6208062673;40.6075029711;0.00000000000
6014;-61.8406843234;41.9099465977;0.00000000000
6015;-63.3020330753;40.5992289851;0.00000000000
6016;-64.5056132014;41.9251039332;0.00000000000
6017;-65.9460375460;40.6347698694;0.00000000000
6018;-67.1720359032;41.9348873789;0.00000000000
6019;-68.6093801030;40.6126623475;0.00000000000
6020;-69.8405659164;41.9203633505;0.00000000000
;;;
NODE;X;Y;Z
6021;-71.2837773963;40.6152360953;0.00000000000
6022;-72.5106113965;41.9099182054;0.00000000000
6023;-73.9653271259;40.6000227722;0.00000000000
6024;-75.1803406977;41.9070423871;0.00000000000
6025;-76.6310291017;40.5775306232;0.00000000000
6026;-77.8442600527;41.9209768458;0.00000000000
6027;-79.2571267359;40.6249340301;0.00000000000
6028;-80.4851773599;41.9430111182;0.00000000000
6029;-81.8679186992;40.6363495414;0.00000000000
6030;-83.1327242146;41.9197330665;0.00000000000
6031;-84.4590034087;40.5730727590;0.00000000000
6032;-85.7608918541;41.8517634533;0.00000000000
6033;-87.0032952386;40.4270597514;0.00000000000
6034;-88.5089017710;41.5508351845;0.00000000000
6035;-90.0878135089;41.0820215557;0.00000000000
6036;-91.0277887140;42.1104940429;0.00000000000
6037;-90.7524593618;39.5714958173;0.00000000000
6038;-90.1301832763;36.5910834595;0.00000000000
6039;-89.9629017074;33.7811498630;0.00000000000
6040;-90.4062823149;31.0880437916;0.00000000000
;;;
NODE;X;Y;Z
6041;-90.6817769590;28.3348100113;0.00000000000
6042;-90.5854017227;25.5869717763;0.00000000000
6043;-90.5049666059;22.9779261768;0.00000000000
6044;-90.6303609788;20.3950571848;0.00000000000
6045;-90.6173033618;17.7977633785;0.00000000000
6046;-90.6281786718;15.2895181835;0.00000000000
6047;-90.5312839728;12.7808201476;0.00000000000
6048;-90.4361680302;10.3152421049;0.00000000000
6049;-9.90301737810;26.7744371646;0.00000000000
6050;-13.9346481478;23.2366990486;0.00000000000
6051;-15.2503806920;22.4525849209;0.00000000000
6052;-16.6759912020;21.3730382896;0.00000000000
6053;-19.1021084588;21.1399890566;0.00000000000
6054;-22.8592227643;16.5688665076;0.00000000000
6055;-23.6678007282;14.7733714875;0.00000000000
6056;-90.4253221585;9.06769525791;0.00000000000
6057;-87.6811636122;9.18423515278;0.00000000000
6058;-84.9859563493;9.26878526197;0.00000000000
6059;-82.2871133184;9.30557547609;0.00000000000
6060;-79.5826168724;9.34149010844;0.00000000000
;;;
NODE;X;Y;Z
6061;-76.8786321020;9.36744918795;0.00000000000
6062;-74.2111783204;9.42839453570;0.00000000000
6063;-71.5500609155;9.46102068289;0.00000000000
6064;-68.8810452481;9.48560395343;0.00000000000
6065;-66.2097069991;9.48684943841;0.00000000000
6066;-63.5285580542;9.47749801986;0.00000000000
6067;-60.8594591062;9.46166177545;0.00000000000
6068;-58.1912626736;9.44758048209;0.00000000000
6069;-55.5155761129;9.43676022518;0.00000000000
6070;-52.8582753062;9.43479086021;0.00000000000
6071;-50.1950763651;9.44016264116;0.00000000000
6072;-47.5237210009;9.43623199240;0.00000000000
6073;-44.8537823420;9.44887200739;0.00000000000
6074;-42.1499178602;9.48100299425;0.00000000000
6075;-39.4456479864;9.50587317735;0.00000000000
6076;-36.7261329418;9.47773697881;0.00000000000
6077;-33.8782368506;10.0743879967;0.00000000000
6078;-31.1291613113;10.7733677805;0.00000000000
6079;-28.4964058420;10.4036851643;0.00000000000
6080;-25.7499681123;9.45538335805;0.00000000000
;;;
NODE;X;Y;Z
6081;-8.18028359495;42.1561565781;0.00000000000
6082;-9.43023349672;39.6294042465;0.00000000000
6083;-9.36544157358;38.3777480409;0.00000000000
6084;-9.33953942773;37.3018373251;0.00000000000
6085;-9.27640511552;36.2059053378;0.00000000000
6086;-9.10568929957;35.0612264755;0.00000000000
6087;-8.92846952048;33.8612364861;0.00000000000
6088;-8.82650468228;32.6390549538;0.00000000000
6089;-8.85163005412;31.4319954022;0.00000000000
6090;-8.98843162249;30.2444971708;0.00000000000
6091;-8.00150852107;28.6691168437;0.00000000000
6092;-8.29955650874;27.3996600453;0.00000000000
6093;-8.19956718010;43.4103976037;0.00000000000
6094;-9.57089306021;42.0862538405;0.00000000000
6095;-10.9188871016;43.3052436257;0.00000000000
6096;-12.3390174823;41.9459856460;0.00000000000
6097;-13.6245513288;43.2372301623;0.00000000000
6098;-16.3363911842;43.1870922837;0.00000000000
6099;-17.7574438373;41.8230684104;0.00000000000
6100;-19.0215260715;43.2107358934;0.00000000000
;;;
NODE;X;Y;Z
6101;-20.4815880056;41.9269420318;0.00000000000
6102;-21.7158080429;43.2569517465;0.00000000000
6103;-23.1667925686;41.9762117783;0.00000000000
6104;-24.3939563493;43.2789759244;0.00000000000
6105;-25.8387627908;41.9820179685;0.00000000000
6106;-27.0667387696;43.2727611348;0.00000000000
6107;-28.5096768870;41.9609048300;0.00000000000
6108;-29.7337982061;43.2562864913;0.00000000000
6109;-31.1776739794;41.9557966392;0.00000000000
6110;-32.3978992341;43.2585667740;0.00000000000
6111;-33.8444772716;41.9625862002;0.00000000000
6112;-35.0673104513;43.2591057465;0.00000000000
6113;-36.5105311176;41.9651380161;0.00000000000
6114;-37.7363592221;43.2573716938;0.00000000000
6115;-39.1799569912;41.9531607549;0.00000000000
6116;-40.3982264113;43.2573577966;0.00000000000
6117;-41.8418619610;41.9623605124;0.00000000000
6118;-43.0675451980;43.2576152848;0.00000000000
6119;-44.5092217406;41.9741706861;0.00000000000
6120;-45.7360099212;43.2651050577;0.00000000000
;;;
NODE;X;Y;Z
6121;-47.1797073160;41.9619462370;0.00000000000
6122;-48.3986639796;43.2571124559;0.00000000000
6123;-49.8407723254;41.9638366269;0.00000000000
6124;-51.0678905727;43.2575354112;0.00000000000
6125;-52.5022716634;41.9671187331;0.00000000000
6126;-53.7325112137;43.2604662614;0.00000000000
6127;-55.1675117610;41.9399057578;0.00000000000
6128;-56.3893766985;43.2231586130;0.00000000000
6129;-57.8328295731;41.9170333111;0.00000000000
6130;-59.0557684613;43.2172481065;0.00000000000
6131;-60.5005970886;41.9079066867;0.00000000000
6132;-61.7272857417;43.2180205700;0.00000000000
6133;-63.1672149395;41.9128225879;0.00000000000
6134;-64.3942070046;43.2222298387;0.00000000000
6135;-65.8341414691;41.9332957231;0.00000000000
6136;-67.0622370243;43.2244817467;0.00000000000
6137;-68.5034736498;41.9232229441;0.00000000000
6138;-69.7295606103;43.2211496495;0.00000000000
6139;-71.1720205801;41.9096815708;0.00000000000
6140;-72.3999231749;43.2303840668;0.00000000000
;;;
NODE;X;Y;Z
6141;-73.8406492986;41.9049982412;0.00000000000
6142;-75.0659130374;43.2296582319;0.00000000000
6143;-76.5063197809;41.9096498293;0.00000000000
6144;-77.7308455025;43.2359230565;0.00000000000
6145;-79.1619382006;41.9367821557;0.00000000000
6146;-80.3958796779;43.2435732280;0.00000000000
6147;-81.8075239205;41.9348602812;0.00000000000
6148;-83.0600290643;43.2204408684;0.00000000000
6149;-84.4442018839;41.8915817599;0.00000000000
6150;-85.7349637206;43.1760583904;0.00000000000
6151;-87.0825326056;41.7722876389;0.00000000000
6152;-88.3352289721;43.1162388782;0.00000000000
6153;-89.7616080640;42.0395694298;0.00000000000
6154;-90.9088903141;43.3295548791;0.00000000000
6155;-92.1706028923;40.6650051917;0.00000000000
6156;-91.9468360377;39.3003297486;0.00000000000
6157;-91.7284675206;37.9593145272;0.00000000000
6158;-91.6134258981;36.5989686593;0.00000000000
6159;-91.5882172139;35.2180833141;0.00000000000
6160;-91.5933314839;33.8752869880;0.00000000000
;;;
NODE;X;Y;Z
6161;-91.6660308364;32.5493364219;0.00000000000
6162;-91.7936924611;31.2027275060;0.00000000000
6163;-91.9012388872;29.8347063090;0.00000000000
6164;-91.9636200514;28.4748771914;0.00000000000
6165;-91.9574882223;27.1092802444;0.00000000000
6166;-91.9301742733;25.7696052135;0.00000000000
6167;-91.9011063966;24.4500963781;0.00000000000
6168;-91.8940802301;23.1492981860;0.00000000000
6169;-91.9146291373;21.8450890624;0.00000000000
6170;-91.9415958369;20.5449976958;0.00000000000
6171;-91.9545591049;19.2481693470;0.00000000000
6172;-91.9468295916;17.9497572307;0.00000000000
6173;-91.9413291831;16.6497878320;0.00000000000
6174;-91.9272118171;15.3600022181;0.00000000000
6175;-91.9035369010;14.0699937678;0.00000000000
6176;-91.8743044902;12.7882301164;0.00000000000
6177;-91.8467673985;11.5325257971;0.00000000000
6178;-91.8173777027;10.2736939176;0.00000000000
6179;-91.7959568836;9.01403942173;0.00000000000
6180;-9.32985447232;24.8376756003;0.00000000000
;;;
NODE;X;Y;Z
6181;-11.2519738313;24.5604411166;0.00000000000
6182;-12.9963215417;24.8672713101;0.00000000000
6183;-18.0487470023;20.1678736995;0.00000000000
6184;-19.3551121186;18.8847917313;0.00000000000
6185;-20.5436435860;17.5072718450;0.00000000000
6186;-21.5777335678;15.9456397315;0.00000000000
6187;-91.7917862450;7.74530876058;0.00000000000
6188;-90.4276928013;7.81456696077;0.00000000000
6189;-89.0668693254;7.87791031628;0.00000000000
6190;-87.7176930126;7.92905030074;0.00000000000
6191;-86.3747303165;7.96545288840;0.00000000000
6192;-85.0233900315;7.98843413311;0.00000000000
6193;-83.6762046482;8.00884395161;0.00000000000
6194;-82.3259806340;8.03297920293;0.00000000000
6195;-80.9791819782;8.05794926041;0.00000000000
6196;-79.6352016821;8.06339525571;0.00000000000
6197;-78.2970579355;8.07987231101;0.00000000000
6198;-76.9521142333;8.08340227294;0.00000000000
6199;-75.6187187760;8.10199683545;0.00000000000
6200;-74.2919460679;8.11316908722;0.00000000000
;;;
NODE;X;Y;Z
6201;-72.9632134983;8.11663764877;0.00000000000
6202;-71.6290596860;8.12357862120;0.00000000000
6203;-70.2982657432;8.12743937054;0.00000000000
6204;-68.9540985666;8.13704875453;0.00000000000
6205;-67.6229927291;8.13880657171;0.00000000000
6206;-66.2880838573;8.13989605474;0.00000000000
6207;-64.9568788207;8.12949242562;0.00000000000
6208;-63.6147519205;8.13052046188;0.00000000000
6209;-62.2804376314;8.12702556110;0.00000000000
6210;-60.9472015082;8.12479470276;0.00000000000
6211;-59.6145187802;8.11482459245;0.00000000000
6212;-58.2861567645;8.11563425054;0.00000000000
6213;-56.9517864377;8.11088623497;0.00000000000
6214;-55.6060847910;8.10735796179;0.00000000000
6215;-54.2732410897;8.09653877588;0.00000000000
6216;-52.9399072523;8.10299027574;0.00000000000
6217;-51.6082480696;8.10814351227;0.00000000000
6218;-50.2890928397;8.10155543900;0.00000000000
6219;-48.9503951482;8.10138984187;0.00000000000
6220;-47.6065254093;8.10663568240;0.00000000000
;;;
NODE;X;Y;Z
6221;-46.2711547003;8.10871017778;0.00000000000
6222;-44.9317762767;8.11632427253;0.00000000000
6223;-43.5947200560;8.12548143059;0.00000000000
6224;-42.2533012387;8.13260679326;0.00000000000
6225;-40.9154764662;8.13296559708;0.00000000000
6226;-39.5716572408;8.12428285905;0.00000000000
6227;-38.1983689462;8.13621785588;0.00000000000
6228;-36.8122233916;8.19274460969;0.00000000000
6229;-35.4234856240;8.29774980651;0.00000000000
6230;-34.0283415948;8.52996562772;0.00000000000
6231;-32.6790145861;8.78213163989;0.00000000000
6232;-31.3810315647;8.92079065435;0.00000000000
6233;-30.1435347966;8.77026509363;0.00000000000
6234;-28.8756044120;8.61913191669;0.00000000000
6235;-27.5837634217;8.47565171701;0.00000000000
6236;-26.3027937344;7.91096939296;0.00000000000
6237;-8.13732813209;40.9074267717;0.00000000000
6238;-8.07420906426;39.6696519607;0.00000000000
6239;-8.00238779234;38.4746380079;0.00000000000
6240;-7.92747354790;37.2802094930;0.00000000000
;;;
NODE;X;Y;Z
6241;-7.86593949460;36.1131311819;0.00000000000
6242;-7.76959277697;34.9212004843;0.00000000000
6243;-7.68440162119;33.6976508351;0.00000000000
6244;-7.65492188074;32.4566513049;0.00000000000
6245;-7.68109343723;31.1913829118;0.00000000000
6246;-7.80618402668;29.9351941460;0.00000000000
6247;-7.05266329796;26.9720468766;0.00000000000
6248;-9.56564408144;43.3485216538;0.00000000000
6249;-12.2762687949;43.2679862890;0.00000000000
6250;-14.9888228277;43.2045890634;0.00000000000
6251;-17.6793785336;43.1924614442;0.00000000000
6252;-20.3766913411;43.2263255444;0.00000000000
6253;-23.0546935417;43.2715444264;0.00000000000
6254;-25.7329523788;43.2795319349;0.00000000000
6255;-28.4010937692;43.2628828828;0.00000000000
6256;-31.0670845378;43.2565712520;0.00000000000
6257;-33.7364856138;43.2493829305;0.00000000000
6258;-36.4053240430;43.2629393777;0.00000000000
6259;-39.0695209218;43.2544420616;0.00000000000
6260;-41.7367821232;43.2480840627;0.00000000000
;;;
NODE;X;Y;Z
6261;-44.4025153249;43.2670971337;0.00000000000
6262;-47.0699171703;43.2593199937;0.00000000000
6263;-49.7371735339;43.2477182412;0.00000000000
6264;-52.4019804573;43.2659937928;0.00000000000
6265;-55.0622700850;43.2375386504;0.00000000000
6266;-57.7279748557;43.2129288171;0.00000000000
6267;-60.3957860335;43.2102789277;0.00000000000
6268;-63.0637364114;43.2109135229;0.00000000000
6269;-65.7300301810;43.2273130236;0.00000000000
6270;-68.3981579478;43.2130052239;0.00000000000
6271;-71.0657596705;43.2097961450;0.00000000000
6272;-73.7325463976;43.2292706452;0.00000000000
6273;-76.3977922399;43.2320335891;0.00000000000
6274;-79.0619807116;43.2409485722;0.00000000000
6275;-81.7270236869;43.2384615705;0.00000000000
6276;-84.3985788659;43.1972831101;0.00000000000
6277;-87.1032060862;43.0786558005;0.00000000000
6278;-89.5855072404;43.2256953606;0.00000000000
6279;-92.1964910030;43.3207498044;0.00000000000
6280;-92.2330031355;42.0112550830;0.00000000000
;;;
NODE;X;Y;Z
6281;-93.4494819808;43.2887618760;0.00000000000
6282;-93.4550177490;41.9465469979;0.00000000000
6283;-93.3804025856;40.5680316987;0.00000000000
6284;-93.2843408973;39.2464147299;0.00000000000
6285;-93.1693838797;37.9156299882;0.00000000000
6286;-93.1197088339;36.5922468816;0.00000000000
6287;-93.1540577831;35.2611419943;0.00000000000
6288;-93.1477274953;33.9186492181;0.00000000000
6289;-93.1605389509;32.5920506050;0.00000000000
6290;-93.1937575152;31.2592904432;0.00000000000
6291;-93.2375436267;29.9144898419;0.00000000000
6292;-93.2658095509;28.5684340337;0.00000000000
6293;-93.2679795591;27.2391548212;0.00000000000
6294;-93.2635892877;25.9123888832;0.00000000000
6295;-93.2578213458;24.5945725971;0.00000000000
6296;-93.2568825137;23.2830492157;0.00000000000
6297;-93.2623601827;21.9733862001;0.00000000000
6298;-93.2694005063;20.6631856930;0.00000000000
6299;-93.2724985656;19.3543596028;0.00000000000
6300;-93.2662709394;18.0493809394;0.00000000000
;;;
NODE;X;Y;Z
6301;-93.2661538376;16.7322646140;0.00000000000
6302;-93.2452568795;15.4251248497;0.00000000000
6303;-93.2447641333;14.1205228470;0.00000000000
6304;-93.2304091813;12.8308887927;0.00000000000
6305;-93.2146039772;11.5382164920;0.00000000000
6306;-93.1980764320;10.2569615716;0.00000000000
6307;-93.1708876956;8.98284366183;0.00000000000
6308;-93.1653695230;7.71108104570;0.00000000000
6309;-8.69148358463;26.0897856794;0.00000000000
6310;-12.5389754145;23.7921309101;0.00000000000
6311;-93.1696623773;6.43919967344;0.00000000000
6312;-91.7993900740;6.47018271378;0.00000000000
6313;-90.4485866028;6.54514718333;0.00000000000
6314;-89.0980573694;6.61095039785;0.00000000000
6315;-87.7567572295;6.66577525203;0.00000000000
6316;-86.4179745725;6.71104949416;0.00000000000
6317;-85.0685813583;6.74124920224;0.00000000000
6318;-83.7237562161;6.76234343654;0.00000000000
6319;-82.3712730148;6.77752074446;0.00000000000
6320;-81.0316704987;6.78610163887;0.00000000000
;;;
NODE;X;Y;Z
6321;-79.6906638615;6.78676346685;0.00000000000
6322;-78.3488082423;6.78314579488;0.00000000000
6323;-77.0134009760;6.78538573649;0.00000000000
6324;-75.6725247963;6.78397126736;0.00000000000
6325;-74.3429931863;6.78729766717;0.00000000000
6326;-73.0137322894;6.78958614173;0.00000000000
6327;-71.6854026077;6.79160830803;0.00000000000
6328;-70.3494154484;6.79273717180;0.00000000000
6329;-69.0118960739;6.79812702517;0.00000000000
6330;-67.6844161219;6.79369492635;0.00000000000
6331;-66.3543772934;6.79281752659;0.00000000000
6332;-65.0189380470;6.79219003950;0.00000000000
6333;-63.6861731604;6.79325987062;0.00000000000
6334;-62.3528739425;6.79110520545;0.00000000000
6335;-61.0205357913;6.78557681896;0.00000000000
6336;-59.6855175733;6.78782302414;0.00000000000
6337;-58.3450918237;6.78681630644;0.00000000000
6338;-57.0146916551;6.78531873459;0.00000000000
6339;-55.6852611779;6.77965990516;0.00000000000
6340;-54.3438476842;6.77852014415;0.00000000000
;;;
NODE;X;Y;Z
6341;-53.0083036339;6.77999793194;0.00000000000
6342;-51.6847937719;6.77402338112;0.00000000000
6343;-50.3511224757;6.77851279378;0.00000000000
6344;-49.0113342173;6.77991039638;0.00000000000
6345;-47.6773798984;6.77793564929;0.00000000000
6346;-46.3431468765;6.77906432759;0.00000000000
6347;-45.0086220358;6.78249042398;0.00000000000
6348;-43.6630246260;6.79372787803;0.00000000000
6349;-42.3309498881;6.79618389965;0.00000000000
6350;-41.0003449522;6.78577503068;0.00000000000
6351;-39.6605773846;6.77856048959;0.00000000000
6352;-38.2893846403;6.79671881413;0.00000000000
6353;-36.9176510817;6.83964369153;0.00000000000
6354;-35.5488861890;6.92938504009;0.00000000000
6355;-34.2134825091;7.00325006609;0.00000000000
6356;-32.8775726404;7.12021776995;0.00000000000
6357;-31.6010538175;7.17025860317;0.00000000000
6358;-30.3305430832;7.16120703130;0.00000000000
6359;-29.1003820425;7.06383561337;0.00000000000
6360;-27.9620853535;6.91375987692;0.00000000000
;;;
NODE;X;Y;Z
6361;-27.0270477740;6.82671775131;0.00000000000
6362;-6.83095784523;43.4667540139;0.00000000000
6363;-6.81387622513;42.1988763566;0.00000000000
6364;-6.76966698726;40.9563347918;0.00000000000
6365;-6.70955286470;39.7044722947;0.00000000000
6366;-6.63757975161;38.4878578977;0.00000000000
6367;-6.58764134662;37.2710986937;0.00000000000
6368;-6.53720683222;36.0464607702;0.00000000000
6369;-6.49232559105;34.8120704768;0.00000000000
6370;-6.45442344526;33.5532119690;0.00000000000
6371;-6.45577992470;32.2734154095;0.00000000000
6372;-6.51006545865;30.9961548696;0.00000000000
6373;-6.61300851563;29.6880695280;0.00000000000
6374;-6.77564999644;28.3576487330;0.00000000000
6375;-6.16053488747;23.8144123126;0.00000000000
6376;-9.39804094187;22.7005730920;0.00000000000
6377;-12.1743172792;20.9306983169;0.00000000000
6378;-13.5189626609;20.0888396808;0.00000000000
6379;-14.7846259943;19.1902990621;0.00000000000
6380;-17.1376833797;17.0895430074;0.00000000000
;;;
NODE;X;Y;Z
6381;-18.1550598347;15.9271528669;0.00000000000
6382;-19.0578047343;14.7478757123;0.00000000000
6383;-21.1124001247;12.4325856707;0.00000000000
6384;-21.9528454243;11.1701484390;0.00000000000
6385;-22.6308095718;9.61805721752;0.00000000000
6386;-23.1715620575;8.00893245239;0.00000000000
6387;-23.5872177814;6.35684233917;0.00000000000
6388;-5.45079463578;46.0796583094;0.00000000000
6389;-6.78775969612;46.0539643850;0.00000000000
6390;-8.12469922977;46.0327137304;0.00000000000
6391;-9.46602776628;45.9930331225;0.00000000000
6392;-10.7991949047;45.9541104626;0.00000000000
6393;-12.1365514091;45.9238293539;0.00000000000
6394;-13.4832633751;45.8927159252;0.00000000000
6395;-14.8272284348;45.8843927526;0.00000000000
6396;-16.1693426028;45.8807143634;0.00000000000
6397;-17.5097209448;45.8805800786;0.00000000000
6398;-18.8484376618;45.8828102304;0.00000000000
6399;-20.1856049144;45.8862257983;0.00000000000
6400;-21.5214178596;45.8898529673;0.00000000000
;;;
NODE;X;Y;Z
6401;-22.8561428190;45.8930422227;0.00000000000
6402;-24.1900754512;45.8954735034;0.00000000000
6403;-25.5234960076;45.8970872653;0.00000000000
6404;-26.8566372439;45.8979885438;0.00000000000
6405;-28.1896696343;45.8983576064;0.00000000000
6406;-29.5227016420;45.8983841061;0.00000000000
6407;-30.8557898363;45.8982284566;0.00000000000
6408;-32.1889533196;45.8980062582;0.00000000000
6409;-33.5221881499;45.8977884268;0.00000000000
6410;-34.8554791833;45.8976097359;0.00000000000
6411;-36.1888083370;45.8974801246;0.00000000000
6412;-37.5221594160;45.8973952119;0.00000000000
6413;-38.8555202232;45.8973443567;0.00000000000
6414;-40.1888828706;45.8973158922;0.00000000000
6415;-41.5222431165;45.8972999045;0.00000000000
6416;-42.8555993133;45.8972892614;0.00000000000
6417;-44.1889513985;45.8972795588;0.00000000000
6418;-45.5223001047;45.8972685642;0.00000000000
6419;-46.8556463990;45.8972555210;0.00000000000
6420;-48.1889911753;45.8972405147;0.00000000000
;;;
NODE;X;Y;Z
6421;-49.5223351288;45.8972240135;0.00000000000
6422;-50.8556787181;45.8972065718;0.00000000000
6423;-52.1890222026;45.8971886719;0.00000000000
6424;-53.5223657024;45.8971706656;0.00000000000
6425;-54.8557092417;45.8971527693;0.00000000000
6426;-56.1890527997;45.8971350953;0.00000000000
6427;-57.5223963388;45.8971176846;0.00000000000
6428;-58.8557398264;45.8971005292;0.00000000000
6429;-60.1890832361;45.8970836064;0.00000000000
6430;-61.5224265434;45.8970668864;0.00000000000
6431;-62.8557697300;45.8970503442;0.00000000000
6432;-64.1891127813;45.8970339577;0.00000000000
6433;-65.5224556699;45.8970177130;0.00000000000
6434;-66.8557983465;45.8970016042;0.00000000000
6435;-68.1891407446;45.8969856211;0.00000000000
6436;-69.5224828363;45.8969697337;0.00000000000
6437;-70.8558246820;45.8969538671;0.00000000000
6438;-72.1891663786;45.8969379351;0.00000000000
6439;-73.5225080058;45.8969218797;0.00000000000
6440;-74.8558496124;45.8969056680;0.00000000000
;;;
NODE;X;Y;Z
6441;-76.1891912268;45.8968892685;0.00000000000
6442;-77.5225328763;45.8968726518;0.00000000000
6443;-78.8558746783;45.8968557767;0.00000000000
6444;-80.1892174148;45.8968384477;0.00000000000
6445;-81.5225915166;45.8968174721;0.00000000000
6446;-82.8645142190;45.9080335670;0.00000000000
6447;-84.1999641811;45.9048234280;0.00000000000
6448;-85.5310096458;45.9001994793;0.00000000000
6449;-86.8577885610;45.8929800797;0.00000000000
6450;-88.1668184819;45.9074447206;0.00000000000
6451;-89.4832066976;45.9152262292;0.00000000000
6452;-90.7892675888;45.9415500402;0.00000000000
6453;-92.0992158710;45.9596172070;0.00000000000
6454;-93.4050980300;45.9706626324;0.00000000000
6455;-94.7082104084;45.9608850703;0.00000000000
6456;-96.0140681947;45.9703470523;0.00000000000
6457;-96.0247457368;44.6247677202;0.00000000000
6458;-96.0243455527;43.2863902012;0.00000000000
6459;-96.0002197938;41.9411170840;0.00000000000
6460;-95.9673076115;40.6129113656;0.00000000000
;;;
NODE;X;Y;Z
6461;-95.9525892091;39.2877243259;0.00000000000
6462;-95.9249465395;37.9626540198;0.00000000000
6463;-95.9236468826;36.6374747738;0.00000000000
6464;-95.9250664018;35.3147762920;0.00000000000
6465;-95.9276686359;33.9942946599;0.00000000000
6466;-95.9304534350;32.6755748003;0.00000000000
6467;-95.9328696117;31.3581431037;0.00000000000
6468;-95.9346918303;30.0415819290;0.00000000000
6469;-95.9359020371;28.7255571086;0.00000000000
6470;-95.9365943982;27.4098223289;0.00000000000
6471;-95.9369066289;26.0942112276;0.00000000000
6472;-95.9369757002;24.7786229994;0.00000000000
6473;-95.9369142920;23.4630063779;0.00000000000
6474;-95.9368030164;22.1473456386;0.00000000000
6475;-95.9366908296;20.8316432346;0.00000000000
6476;-95.9366016098;19.5159128123;0.00000000000
6477;-95.9365209968;18.2000818240;0.00000000000
6478;-95.9363411988;16.8840484609;0.00000000000
6479;-95.9357459748;15.5676150668;0.00000000000
6480;-95.9340629766;14.2503012472;0.00000000000
;;;
NODE;X;Y;Z
6481;-95.9294474917;12.9349439358;0.00000000000
6482;-95.9250720745;11.6200535898;0.00000000000
6483;-95.9134898238;10.3091538157;0.00000000000
6484;-95.9174532794;9.02064265961;0.00000000000
6485;-95.9117522050;7.73132567591;0.00000000000
6486;-95.8951740904;6.45799515515;0.00000000000
6487;-95.8941644691;3.90235146026;0.00000000000
6488;-10.7941543621;21.7639218945;0.00000000000
6489;-16.0068031875;18.1742024126;0.00000000000
6490;-20.0380488359;13.5346143608;0.00000000000
6491;-94.5466482015;3.87897244702;0.00000000000
6492;-93.1988211767;3.87953804130;0.00000000000
6493;-91.8462488318;3.89877978198;0.00000000000
6494;-90.5080666149;3.95919353470;0.00000000000
6495;-89.1638582100;4.00805468003;0.00000000000
6496;-87.8290305859;4.05712263333;0.00000000000
6497;-86.4863388326;4.08439163005;0.00000000000
6498;-85.1508560872;4.11458490215;0.00000000000
6499;-83.8064282079;4.12638928072;0.00000000000
6500;-82.4632814933;4.13083922492;0.00000000000
;;;
NODE;X;Y;Z
6501;-81.1219053713;4.12992569171;0.00000000000
6502;-79.7825728197;4.12590886761;0.00000000000
6503;-78.4452540521;4.12075043773;0.00000000000
6504;-77.1096681184;4.11582853490;0.00000000000
6505;-75.7753956377;4.11189861878;0.00000000000
6506;-74.4419913461;4.10920670152;0.00000000000
6507;-73.1090647325;4.10766214738;0.00000000000
6508;-71.7763212384;4.10700429168;0.00000000000
6509;-70.4435703203;4.10692900823;0.00000000000
6510;-69.1107119230;4.10716649194;0.00000000000
6511;-67.7777128084;4.10751652828;0.00000000000
6512;-66.4445814564;4.10785378749;0.00000000000
6513;-65.1113468181;4.10811608562;0.00000000000
6514;-63.7780431578;4.10828595540;0.00000000000
6515;-62.4447010412;4.10837234660;0.00000000000
6516;-61.1113433262;4.10839600474;0.00000000000
6517;-59.7779845549;4.10837963831;0.00000000000
6518;-58.4446322295;4.10834250910;0.00000000000
6519;-57.1112888379;4.10829835859;0.00000000000
6520;-55.7779538614;4.10825544464;0.00000000000
;;;
NODE;X;Y;Z
6521;-54.4446253753;4.10821764886;0.00000000000
6522;-53.1113011321;4.10818589634;0.00000000000
6523;-51.7779791708;4.10815945171;0.00000000000
6524;-50.4446580641;4.10813689944;0.00000000000
6525;-49.1113369326;4.10811676510;0.00000000000
6526;-47.7780153442;4.10809783414;0.00000000000
6527;-46.4446931764;4.10807925996;0.00000000000
6528;-45.1113704855;4.10806054090;0.00000000000
6529;-43.7780474062;4.10804144019;0.00000000000
6530;-42.4447240220;4.10802190999;0.00000000000
6531;-41.1114011758;4.10800178778;0.00000000000
6532;-39.7780816747;4.10798046430;0.00000000000
6533;-38.4447739464;4.10795626017;0.00000000000
6534;-37.1018972774;4.11922714330;0.00000000000
6535;-35.7624260728;4.13410741142;0.00000000000
6536;-34.4284487964;4.15388283934;0.00000000000
6537;-33.1049170726;4.17099044827;0.00000000000
6538;-31.7883792832;4.17780101605;0.00000000000
6539;-30.4758598549;4.15637501491;0.00000000000
6540;-29.1612267678;4.17368150492;0.00000000000
;;;
NODE;X;Y;Z
6541;-27.8086038442;4.25197317328;0.00000000000
6542;-26.4144445999;4.50439727495;0.00000000000
6543;-25.0766824686;4.76285652540;0.00000000000
6544;-23.7418505177;4.73318325787;0.00000000000
6545;-4.06768044741;46.1164123192;0.00000000000
6546;-4.06805851729;44.8308865843;0.00000000000
6547;-4.09414277172;43.5474224370;0.00000000000
6548;-4.08053128570;42.2791675093;0.00000000000
6549;-4.06372177338;41.0224843514;0.00000000000
6550;-4.03946865035;39.7581800364;0.00000000000
6551;-4.01939358602;38.4772371707;0.00000000000
6552;-4.00166993208;37.1991268520;0.00000000000
6553;-3.99738808270;35.9179895792;0.00000000000
6554;-3.98352419097;34.6256622822;0.00000000000
6555;-3.98536730987;33.3361356691;0.00000000000
6556;-4.00099683198;32.0307227764;0.00000000000
6557;-4.03631975671;30.7161100446;0.00000000000
6558;-4.11177663544;29.3972740896;0.00000000000
6559;-4.20524331013;28.0212300958;0.00000000000
6560;-4.36365364741;26.6306257488;0.00000000000
;;;
NODE;X;Y;Z
6561;-4.51665862341;25.2472205277;0.00000000000
6562;-4.56267837985;23.8448222072;0.00000000000
6563;-4.06095246321;47.4090350792;0.00000000000
6564;-5.40366767486;47.3954558894;0.00000000000
6565;-6.73904415850;47.3807493915;0.00000000000
6566;-8.07612057891;47.3471425988;0.00000000000
6567;-9.41681859077;47.3227360492;0.00000000000
6568;-10.7466441014;47.2970919681;0.00000000000
6569;-12.0859532247;47.2763998475;0.00000000000
6570;-13.4142008173;47.2525573682;0.00000000000
6571;-14.7509271464;47.2466288692;0.00000000000
6572;-16.0874494935;47.2438641056;0.00000000000
6573;-17.4227491527;47.2590231027;0.00000000000
6574;-18.7584073795;47.2601603237;0.00000000000
6575;-20.0934908938;47.2618258570;0.00000000000
6576;-21.4280005832;47.2635088538;0.00000000000
6577;-22.7620249428;47.2649143116;0.00000000000
6578;-24.0956914924;47.2659286844;0.00000000000
6579;-25.4291274995;47.2665609005;0.00000000000
6580;-26.7624375416;47.2668846136;0.00000000000
;;;
NODE;X;Y;Z
6581;-28.0956956308;47.2669940687;0.00000000000
6582;-29.4289468129;47.2669766058;0.00000000000
6583;-30.7622134493;47.2668995923;0.00000000000
6584;-32.0955026957;47.2668075383;0.00000000000
6585;-33.4288131131;47.2667250518;0.00000000000
6586;-34.7621395435;47.2666621875;0.00000000000
6587;-36.0954761675;47.2666199436;0.00000000000
6588;-37.4288180786;47.2665947385;0.00000000000
6589;-38.7621618348;47.2665814976;0.00000000000
6590;-40.0955054100;47.2665754417;0.00000000000
6591;-41.4288478735;47.2665728872;0.00000000000
6592;-42.7621890014;47.2665714117;0.00000000000
6593;-44.0955289451;47.2665696714;0.00000000000
6594;-45.4288680056;47.2665671019;0.00000000000
6595;-46.7622064932;47.2665636199;0.00000000000
6596;-48.0955446545;47.2665593808;0.00000000000
6597;-49.4288826590;47.2665546202;0.00000000000
6598;-50.7622206073;47.2665495642;0.00000000000
6599;-52.0955585440;47.2665443882;0.00000000000
6600;-53.4288964825;47.2665392050;0.00000000000
;;;
NODE;X;Y;Z
6601;-54.7622344172;47.2665340778;0.00000000000
6602;-56.0955723320;47.2665290349;0.00000000000
6603;-57.4289102159;47.2665240782;0.00000000000
6604;-58.7622480615;47.2665191997;0.00000000000
6605;-60.0955858642;47.2665143882;0.00000000000
6606;-61.4289236183;47.2665096332;0.00000000000
6607;-62.7622613194;47.2665049266;0.00000000000
6608;-64.0955989660;47.2665002612;0.00000000000
6609;-65.4289365448;47.2664956345;0.00000000000
6610;-66.7622740184;47.2664910450;0.00000000000
6611;-68.0956113399;47.2664864891;0.00000000000
6612;-69.4289484968;47.2664819508;0.00000000000
6613;-70.7622855461;47.2664773930;0.00000000000
6614;-72.0956225676;47.2664727945;0.00000000000
6615;-73.4289596046;47.2664681549;0.00000000000
6616;-74.7622966732;47.2664634698;0.00000000000
6617;-76.0956338025;47.2664587318;0.00000000000
6618;-77.4289712125;47.2664539283;0.00000000000
6619;-78.7623106153;47.2664490193;0.00000000000
6620;-80.0956653763;47.2664428268;0.00000000000
;;;
NODE;X;Y;Z
6621;-81.4291263777;47.2664312956;0.00000000000
6622;-82.7634433793;47.2654069385;0.00000000000
6623;-84.0973057901;47.2782351733;0.00000000000
6624;-85.4285432900;47.2781309852;0.00000000000
6625;-86.7562672378;47.2836272484;0.00000000000
6626;-88.0871035078;47.2832314740;0.00000000000
6627;-89.4107256947;47.2917560189;0.00000000000
6628;-90.7340906001;47.3070171953;0.00000000000
6629;-92.0557640388;47.3112194970;0.00000000000
6630;-93.3752376553;47.3010510892;0.00000000000
6631;-94.6860389799;47.3082696083;0.00000000000
6632;-96.0028998837;47.3149543081;0.00000000000
6633;-97.3160312130;47.3255171330;0.00000000000
6634;-97.3335004962;45.9890809985;0.00000000000
6635;-97.3325843988;44.6456486576;0.00000000000
6636;-97.3338298623;43.3120583115;0.00000000000
6637;-97.3038051445;41.9802594675;0.00000000000
6638;-97.2858168237;40.6598262829;0.00000000000
6639;-97.2774805270;39.3397116129;0.00000000000
6640;-97.2766209327;38.0175620026;0.00000000000
;;;
NODE;X;Y;Z
6641;-97.2790029188;36.6996438188;0.00000000000
6642;-97.2804504684;35.3809468980;0.00000000000
6643;-97.2822539836;34.0631615349;0.00000000000
6644;-97.2839718252;32.7460845062;0.00000000000
6645;-97.2853804776;31.4295318319;0.00000000000
6646;-97.2864083504;30.1133456373;0.00000000000
6647;-97.2870762639;28.7973968428;0.00000000000
6648;-97.2874517298;27.4815863445;0.00000000000
6649;-97.2876171425;26.1658437526;0.00000000000
6650;-97.2876499361;24.8501237839;0.00000000000
6651;-97.2876125242;23.5344010237;0.00000000000
6652;-97.2875488409;22.2186630658;0.00000000000
6653;-97.2874856020;20.9029024655;0.00000000000
6654;-97.2874276275;19.5870982267;0.00000000000
6655;-97.2873550045;18.2712068262;0.00000000000
6656;-97.2871948199;16.9551364982;0.00000000000
6657;-97.2867130946;15.6387670141;0.00000000000
6658;-97.2855844853;14.3219195303;0.00000000000
6659;-97.2826022345;13.0039544077;0.00000000000
6660;-97.2806849094;11.6897944745;0.00000000000
;;;
NODE;X;Y;Z
6661;-97.2788195214;10.3876702970;0.00000000000
6662;-97.2784212977;9.07950090124;0.00000000000
6663;-97.2755303872;7.78397143303;0.00000000000
6664;-97.2752739730;6.48164981421;0.00000000000
6665;-97.2639616161;5.20372965015;0.00000000000
6666;-97.2639130077;3.92582397907;0.00000000000
6667;-4.44932963302;22.4205526105;0.00000000000
6668;-5.93954359599;22.2929719926;0.00000000000
6669;-7.34589121417;22.0084118042;0.00000000000
6670;-8.66458679602;21.4147886537;0.00000000000
6671;-10.0120723312;20.6140342652;0.00000000000
6672;-11.3642924367;19.7795447984;0.00000000000
6673;-12.6475626208;18.9868994718;0.00000000000
6674;-13.8713829097;18.1106463847;0.00000000000
6675;-15.0185530499;17.1623131328;0.00000000000
6676;-16.0975854927;16.1418884656;0.00000000000
6677;-17.0854116956;15.0611217366;0.00000000000
6678;-18.0307917394;13.9124709033;0.00000000000
6679;-18.9727258757;12.7232542581;0.00000000000
6680;-19.8485774134;11.5193928099;0.00000000000
;;;
NODE;X;Y;Z
6681;-20.6071766816;10.2656487367;0.00000000000
6682;-21.2555769218;8.88930802321;0.00000000000
6683;-21.7612926515;7.43541758328;0.00000000000
6684;-22.1134207468;5.97517286918;0.00000000000
6685;-22.3340570587;4.46900175833;0.00000000000
6686;-97.2861323003;2.63043111253;0.00000000000
6687;-95.9260165158;2.61265380251;0.00000000000
6688;-94.5692054273;2.59248740878;0.00000000000
6689;-93.2187838557;2.59171551835;0.00000000000
6690;-91.8710643710;2.61600922504;0.00000000000
6691;-90.5405491464;2.66548904417;0.00000000000
6692;-89.2059847754;2.70025778105;0.00000000000
6693;-87.8685226162;2.73417611826;0.00000000000
6694;-86.5315757710;2.75198586911;0.00000000000
6695;-85.1906992471;2.77538671413;0.00000000000
6696;-83.8535150753;2.78008564009;0.00000000000
6697;-82.5154125340;2.78157348784;0.00000000000
6698;-81.1780891283;2.78021224196;0.00000000000
6699;-79.8417956644;2.77747441807;0.00000000000
6700;-78.5065297611;2.77445822568;0.00000000000
;;;
NODE;X;Y;Z
6701;-77.1721293332;2.77183114028;0.00000000000
6702;-75.8383639807;2.76988845869;0.00000000000
6703;-74.5050027175;2.76866282801;0.00000000000
6704;-73.1718534510;2.76803775605;0.00000000000
6705;-71.8387784861;2.76783902575;0.00000000000
6706;-70.5056935054;2.76789515717;0.00000000000
6707;-69.1725574529;2.76806899141;0.00000000000
6708;-67.8393592521;2.76826759758;0.00000000000
6709;-66.5061052685;2.76843881174;0.00000000000
6710;-65.1728095150;2.76856148399;0.00000000000
6711;-63.8394871571;2.76863438885;0.00000000000
6712;-62.5061509796;2.76866664713;0.00000000000
6713;-61.1728100626;2.76867081483;0.00000000000
6714;-59.8394698440;2.76865869715;0.00000000000
6715;-58.5061328654;2.76863939230;0.00000000000
6716;-57.1727997198;2.76861884605;0.00000000000
6717;-55.8394699227;2.76860025331;0.00000000000
6718;-54.5061425563;2.76858481121;0.00000000000
6719;-53.1728166756;2.76857248529;0.00000000000
6720;-51.8394915167;2.76856263597;0.00000000000
;;;
NODE;X;Y;Z
6721;-50.5061665606;2.76855445459;0.00000000000
6722;-49.1728415133;2.76854720917;0.00000000000
6723;-47.8395162499;2.76854035027;0.00000000000
6724;-46.5061907549;2.76853352841;0.00000000000
6725;-45.1728650716;2.76852655961;0.00000000000
6726;-43.8395392691;2.76851937980;0.00000000000
6727;-42.5062135007;2.76851195682;0.00000000000
6728;-41.1728881428;2.76850416905;0.00000000000
6729;-39.8395643317;2.76849560653;0.00000000000
6730;-38.5062459913;2.76848497264;0.00000000000
6731;-37.1729455480;2.76846392452;0.00000000000
6732;-35.8396656284;2.76843917854;0.00000000000
6733;-34.5065479467;2.76837551059;0.00000000000
6734;-33.1738130590;2.76817110193;0.00000000000
6735;-31.8555614529;2.76079909545;0.00000000000
6736;-30.5184469898;2.76589717681;0.00000000000
6737;-29.1665588262;2.80053923303;0.00000000000
6738;-27.8201914905;2.86383036481;0.00000000000
6739;-26.4722453960;2.99554383032;0.00000000000
6740;-25.1503376793;3.09893800360;0.00000000000
;;;
NODE;X;Y;Z
6741;-23.8345078649;3.08962814651;0.00000000000
6742;-22.5074074208;2.91411766243;0.00000000000
6743;-2.65564826729;47.3734564214;0.00000000000
6744;-2.72038971760;46.1062389873;0.00000000000
6745;-2.71352344818;44.8209591644;0.00000000000
6746;-2.72228260867;43.5532119301;0.00000000000
6747;-2.72273853514;42.2734355282;0.00000000000
6748;-2.71170882386;40.9889209774;0.00000000000
6749;-2.70164953642;39.7114529154;0.00000000000
6750;-2.69133760730;38.4170225514;0.00000000000
6751;-2.72718416416;37.1330679545;0.00000000000
6752;-2.71781486822;35.8345387609;0.00000000000
6753;-2.71230570098;34.5398624799;0.00000000000
6754;-2.71452107722;33.2470067423;0.00000000000
6755;-2.73030658837;31.9536115537;0.00000000000
6756;-2.72382714333;30.6158323735;0.00000000000
6757;-2.76313150602;29.2746500234;0.00000000000
6758;-2.83982813876;27.9441493004;0.00000000000
6759;-2.92575940727;26.5778997162;0.00000000000
6760;-3.00448806507;25.2301598173;0.00000000000
;;;
NODE;X;Y;Z
6761;-3.02638346607;23.8842898553;0.00000000000
6762;-2.96167969081;22.5326660916;0.00000000000
6763;-2.68734263620;48.6882128748;0.00000000000
6764;-4.02455219731;48.6975606223;0.00000000000
6765;-5.36532875422;48.7053269508;0.00000000000
6766;-6.69672878069;48.6912174753;0.00000000000
6767;-8.03950034972;48.6733347061;0.00000000000
6768;-9.37150234469;48.6561745257;0.00000000000
6769;-10.7023997358;48.6408961892;0.00000000000
6770;-12.0321275386;48.6314913857;0.00000000000
6771;-13.3582041628;48.6263668414;0.00000000000
6772;-14.6954034600;48.6231993661;0.00000000000
6773;-16.0290503689;48.6236758384;0.00000000000
6774;-17.3626951843;48.6273097480;0.00000000000
6775;-18.6682647113;48.6699178936;0.00000000000
6776;-20.0014406493;48.6700069659;0.00000000000
6777;-21.3346799551;48.6700390106;0.00000000000
6778;-22.6679608627;48.6700440597;0.00000000000
6779;-24.0012673167;48.6700383747;0.00000000000
6780;-25.3345884239;48.6700299818;0.00000000000
;;;
NODE;X;Y;Z
6781;-26.6679173049;48.6700223217;0.00000000000
6782;-28.0012499034;48.6700164859;0.00000000000
6783;-29.3345839996;48.6700124970;0.00000000000
6784;-30.6679184858;48.6700099870;0.00000000000
6785;-32.0012528811;48.6700085223;0.00000000000
6786;-33.3345870293;48.6700077333;0.00000000000
6787;-34.6679209235;48.6700073493;0.00000000000
6788;-36.0012546123;48.6700071898;0.00000000000
6789;-37.3345881549;48.6700071440;0.00000000000
6790;-38.6679216023;48.6700071487;0.00000000000
6791;-40.0012549922;48.6700071707;0.00000000000
6792;-41.3345883497;48.6700071946;0.00000000000
6793;-42.6679216907;48.6700072142;0.00000000000
6794;-44.0012550242;48.6700072284;0.00000000000
6795;-45.3345883549;48.6700072377;0.00000000000
6796;-46.6679216851;48.6700072434;0.00000000000
6797;-48.0012550158;48.6700072466;0.00000000000
6798;-49.3345883472;48.6700072482;0.00000000000
6799;-50.6679216793;48.6700072490;0.00000000000
6800;-52.0012550118;48.6700072492;0.00000000000
;;;
NODE;X;Y;Z
6801;-53.3345883447;48.6700072493;0.00000000000
6802;-54.6679216778;48.6700072493;0.00000000000
6803;-56.0012550110;48.6700072492;0.00000000000
6804;-57.3345883443;48.6700072491;0.00000000000
6805;-58.6679216777;48.6700072491;0.00000000000
6806;-60.0012550110;48.6700072490;0.00000000000
6807;-61.3345883443;48.6700072490;0.00000000000
6808;-62.6679216777;48.6700072490;0.00000000000
6809;-64.0012550110;48.6700072490;0.00000000000
6810;-65.3345883444;48.6700072490;0.00000000000
6811;-66.6679216777;48.6700072490;0.00000000000
6812;-68.0012550110;48.6700072490;0.00000000000
6813;-69.3345883444;48.6700072490;0.00000000000
6814;-70.6679216777;48.6700072490;0.00000000000
6815;-72.0012550110;48.6700072490;0.00000000000
6816;-73.3345883444;48.6700072490;0.00000000000
6817;-74.6679216777;48.6700072490;0.00000000000
6818;-76.0012550110;48.6700072490;0.00000000000
6819;-77.3345883444;48.6700072490;0.00000000000
6820;-78.6679216777;48.6700072490;0.00000000000
;;;
NODE;X;Y;Z
6821;-80.0012550110;48.6700072490;0.00000000000
6822;-81.3345883444;48.6700072490;0.00000000000
6823;-82.6679216777;48.6700072490;0.00000000000
6824;-84.0012550110;48.6700072490;0.00000000000
6825;-85.3345883444;48.6700072490;0.00000000000
6826;-86.6679216777;48.6700072490;0.00000000000
6827;-88.0012550110;48.6700072490;0.00000000000
6828;-89.3565099794;48.6479333818;0.00000000000
6829;-90.6858900320;48.6534717190;0.00000000000
6830;-92.0136325082;48.6531976622;0.00000000000
6831;-93.3470528567;48.6550265343;0.00000000000
6832;-94.6696488616;48.6500601643;0.00000000000
6833;-95.9905462430;48.6530926659;0.00000000000
6834;-97.3154092881;48.6624864665;0.00000000000
6835;-98.6497161399;48.6687834719;0.00000000000
6836;-98.6519754921;47.3453916364;0.00000000000
6837;-98.6581856689;46.0190279221;0.00000000000
6838;-98.6629798258;44.6886493829;0.00000000000
6839;-98.6581405104;43.3623500293;0.00000000000
6840;-98.6515850231;42.0417284252;0.00000000000
;;;
NODE;X;Y;Z
6841;-98.6436026809;40.7251915432;0.00000000000
6842;-98.6390184732;39.4105910472;0.00000000000
6843;-98.6333049843;38.0955796658;0.00000000000
6844;-98.6355799831;36.7783843598;0.00000000000
6845;-98.6369824999;35.4621023978;0.00000000000
6846;-98.6377729462;34.1462744908;0.00000000000
6847;-98.6381640466;32.8306332112;0.00000000000
6848;-98.6383173672;31.5150378830;0.00000000000
6849;-98.6383441067;30.1994243535;0.00000000000
6850;-98.6383135260;28.8837706848;0.00000000000
6851;-98.6382645379;27.5680756824;0.00000000000
6852;-98.6382164326;26.2523465491;0.00000000000
6853;-98.6381770131;24.9365924631;0.00000000000
6854;-98.6381480196;23.6208216927;0.00000000000
6855;-98.6381284052;22.3050406288;0.00000000000
6856;-98.6381161457;20.9892537486;0.00000000000
6857;-98.6381091407;19.6734639487;0.00000000000
6858;-98.6381056000;18.3576729593;0.00000000000
6859;-98.6381043485;17.0418504014;0.00000000000
6860;-98.6380861973;15.7259037889;0.00000000000
;;;
NODE;X;Y;Z
6861;-98.6379214111;14.4099970757;0.00000000000
6862;-98.6374730059;13.0939666971;0.00000000000
6863;-98.6367075760;11.7778946012;0.00000000000
6864;-98.6357615170;10.4613480904;0.00000000000
6865;-98.6367468994;9.14804489437;0.00000000000
6866;-98.6394430448;7.84842936772;0.00000000000
6867;-98.6204893763;6.52454438408;0.00000000000
6868;-98.6309182663;5.23462024342;0.00000000000
6869;-98.6353755457;3.93778242195;0.00000000000
6870;-98.6414241835;2.63880765658;0.00000000000
6871;-2.80605060881;21.1681344460;0.00000000000
6872;-4.18338117630;20.9759023717;0.00000000000
6873;-5.52274974813;20.6881021972;0.00000000000
6874;-6.80299548259;20.2990085555;0.00000000000
6875;-8.08076748297;19.8370494593;0.00000000000
6876;-9.39385627761;19.2487764491;0.00000000000
6877;-10.6565628807;18.5533211532;0.00000000000
6878;-11.8747429434;17.8016905537;0.00000000000
6879;-13.0132658301;16.9900679582;0.00000000000
6880;-14.0919004380;16.1180902376;0.00000000000
;;;
NODE;X;Y;Z
6881;-15.1081866383;15.1589821056;0.00000000000
6882;-16.0803014200;14.1537013042;0.00000000000
6883;-16.9948367193;13.0720560527;0.00000000000
6884;-17.8173182419;11.9207342412;0.00000000000
6885;-18.5756894537;10.7446715103;0.00000000000
6886;-19.2088480358;9.52781614433;0.00000000000
6887;-19.7843877809;8.25428424879;0.00000000000
6888;-20.2634896414;6.92397966539;0.00000000000
6889;-20.6329074204;5.58083377188;0.00000000000
6890;-20.9285441366;4.17604682171;0.00000000000
6891;-21.1282445573;2.73237894815;0.00000000000
6892;-98.6496647456;1.32754833189;0.00000000000
6893;-97.2966043510;1.33934132186;0.00000000000
6894;-95.9615561629;1.31979899008;0.00000000000
6895;-94.6128800576;1.29711026385;0.00000000000
6896;-93.2587813603;1.31226593508;0.00000000000
6897;-91.9260489128;1.30852402366;0.00000000000
6898;-90.5938106933;1.33068939334;0.00000000000
6899;-89.2613618444;1.35212439217;0.00000000000
6900;-87.9281470716;1.36734638846;0.00000000000
;;;
NODE;X;Y;Z
6901;-86.5971241437;1.37731084826;0.00000000000
6902;-85.2742883473;1.38098023878;0.00000000000
6903;-83.9389344136;1.38167269595;0.00000000000
6904;-82.6040696887;1.38131090196;0.00000000000
6905;-81.2697018085;1.38051938190;0.00000000000
6906;-79.9357580550;1.37968638612;0.00000000000
6907;-78.6021296136;1.37900651316;0.00000000000
6908;-77.2687061806;1.37854112865;0.00000000000
6909;-75.9353961128;1.37827482700;0.00000000000
6910;-74.6021339331;1.37815862102;0.00000000000
6911;-73.2688793798;1.37813774152;0.00000000000
6912;-71.9356121519;1.37816615978;0.00000000000
6913;-70.6023254655;1.37821167330;0.00000000000
6914;-69.2690202691;1.37825541344;0.00000000000
6915;-67.9357009285;1.37828880352;0.00000000000
6916;-66.6023724891;1.37830994975;0.00000000000
6917;-65.2690392492;1.37832052371;0.00000000000
6918;-63.9357042437;1.37832353404;0.00000000000
6919;-62.6023692712;1.37832199087;0.00000000000
6920;-61.2690351676;1.37831827450;0.00000000000
;;;
NODE;X;Y;Z
6921;-59.9357021369;1.37831396822;0.00000000000
6922;-58.6023700418;1.37830994614;0.00000000000
6923;-57.2690386133;1.37830656394;0.00000000000
6924;-55.9357075786;1.37830385710;0.00000000000
6925;-54.6023767201;1.37830169971;0.00000000000
6926;-53.2690458941;1.37829991378;0.00000000000
6927;-51.9357150239;1.37829833372;0.00000000000
6928;-50.6023840826;1.37829683530;0.00000000000
6929;-49.2690530721;1.37829534117;0.00000000000
6930;-47.9357220083;1.37829381391;0.00000000000
6931;-46.6023909101;1.37829224408;0.00000000000
6932;-45.2690597934;1.37829063772;0.00000000000
6933;-43.9357286696;1.37828900720;0.00000000000
6934;-42.6023975448;1.37828736531;0.00000000000
6935;-41.2690664213;1.37828572246;0.00000000000
6936;-39.9357352989;1.37828408634;0.00000000000
6937;-38.6024041773;1.37828246250;0.00000000000
6938;-37.2690730542;1.37828085279;0.00000000000
6939;-35.9357419271;1.37827925390;0.00000000000
6940;-34.6023753432;1.37827746060;0.00000000000
;;;
NODE;X;Y;Z
6941;-33.2688987549;1.37829796264;0.00000000000
6942;-31.9352374083;1.37847291302;0.00000000000
6943;-30.5891862672;1.39831278081;0.00000000000
6944;-29.2426192648;1.40568105971;0.00000000000
6945;-27.9000643149;1.44186493707;0.00000000000
6946;-26.5670958678;1.48134075176;0.00000000000
6947;-25.2419416724;1.52316327815;0.00000000000
6948;-23.9322279233;1.50391302247;0.00000000000
6949;-22.6079303595;1.45894997262;0.00000000000
6950;-1.34378740055;48.6849925933;0.00000000000
6951;-1.38461671599;47.3545553905;0.00000000000
6952;-1.35184337165;44.8043376870;0.00000000000
6953;-1.34981048423;43.5234528401;0.00000000000
6954;-1.36433749197;42.2376018283;0.00000000000
6955;-1.35286159477;40.9363921442;0.00000000000
6956;-1.37354431048;39.6427468737;0.00000000000
6957;-1.36879036538;38.3437329774;0.00000000000
6958;-1.36300066972;37.0396935716;0.00000000000
6959;-1.35831261486;35.7374203768;0.00000000000
6960;-1.35573308670;34.4353921651;0.00000000000
;;;
NODE;X;Y;Z
6961;-1.35764086379;33.1333214421;0.00000000000
6962;-1.36695918431;31.8300850342;0.00000000000
6963;-1.38681972103;30.5246962150;0.00000000000
6964;-1.39372530741;29.1970068559;0.00000000000
6965;-1.42876061671;27.8815103280;0.00000000000
6966;-1.47279898535;26.5603898160;0.00000000000
6967;-1.50428857967;25.2304536535;0.00000000000
6968;-1.51161200318;23.9175375477;0.00000000000
6969;-1.48064804621;22.5998513821;0.00000000000
6970;-1.42619721880;21.2752544630;0.00000000000
6971;-21.2779681967;1.36216416807;0.00000000000
6972;-1.34592950507;46.0722163877;0.00000000000
6973;-95.8939460231;5.18121310711;0.00000000000
6974;-5.51952922550;28.1542902904;0.00000000000
6975;-5.41351078487;29.5239785886;0.00000000000
6976;-5.34481369991;30.8577029780;0.00000000000
6977;-5.23333937387;32.1391237938;0.00000000000
6978;-5.22121962462;33.4271141362;0.00000000000
6979;-5.22871924698;34.7109105273;0.00000000000
6980;-5.25069005677;35.9879822313;0.00000000000
;;;
NODE;X;Y;Z
6981;-5.27870264568;37.2517175471;0.00000000000
6982;-5.32100888867;38.4998745581;0.00000000000
6983;-5.37051633377;39.7483190042;0.00000000000
6984;-5.40948180037;40.9987225828;0.00000000000
6985;-5.45117767470;42.2587913911;0.00000000000
6986;-5.46569262944;43.5130378127;0.00000000000
6987;-5.47186953819;44.7798792714;0.00000000000
6988;-26.5462345002;5.80336701406;0.00000000000
6989;-27.9151774367;5.56958008450;0.00000000000
6990;-29.1775473681;5.58975243112;0.00000000000
6991;-30.4379310257;5.60887219713;0.00000000000
6992;-31.7114149853;5.65156722257;0.00000000000
6993;-33.0085652442;5.63284387072;0.00000000000
6994;-34.3263790901;5.58010915537;0.00000000000
6995;-35.6664695867;5.52083897729;0.00000000000
6996;-37.0200049820;5.47660803512;0.00000000000
6997;-38.3715225327;5.45309582454;0.00000000000
6998;-39.7311249503;5.44571481476;0.00000000000
6999;-41.0695322409;5.45091451087;0.00000000000
7000;-42.3913139619;5.46108622594;0.00000000000
;;;
NODE;X;Y;Z
7001;-43.7246232591;5.46114124246;0.00000000000
7002;-45.0579330945;5.46119521760;0.00000000000
7003;-46.3912423325;5.46124850840;0.00000000000
7004;-47.7245507255;5.46130189383;0.00000000000
7005;-49.0578584809;5.46135672132;0.00000000000
7006;-50.3911662655;5.46141496714;0.00000000000
7007;-51.7244753873;5.46147910895;0.00000000000
7008;-53.0577879130;5.46155168713;0.00000000000
7009;-54.3911066152;5.46163440985;0.00000000000
7010;-55.7244345828;5.46172672181;0.00000000000
7011;-57.0577743698;5.46182386822;0.00000000000
7012;-58.3911265301;5.46191469932;0.00000000000
7013;-59.7244875129;5.46197984421;0.00000000000
7014;-61.0578471570;5.46199127395;0.00000000000
7015;-62.3911862938;5.46191464443;0.00000000000
7016;-63.7244753616;5.46171606495;0.00000000000
7017;-65.0576754372;5.46137466640;0.00000000000
7018;-66.3907433103;5.46090135372;0.00000000000
7019;-67.7236420833;5.46036206533;0.00000000000
7020;-69.0563579359;5.45990073502;0.00000000000
;;;
NODE;X;Y;Z
7021;-70.3889220118;5.45975324328;0.00000000000
7022;-71.7214338953;5.46023991593;0.00000000000
7023;-73.0540801971;5.46172251954;0.00000000000
7024;-74.3871394689;5.46451494565;0.00000000000
7025;-75.7209645933;5.46874838114;0.00000000000
7026;-77.0559377947;5.47421421786;0.00000000000
7027;-78.3924029856;5.48023899335;0.00000000000
7028;-79.7305947903;5.48566968008;0.00000000000
7029;-81.0705967655;5.48902324102;0.00000000000
7030;-82.4123549137;5.48871511617;0.00000000000
7031;-83.7557136364;5.48303747524;0.00000000000
7032;-85.1037914320;5.45604045604;0.00000000000
7033;-86.4509058284;5.41599267581;0.00000000000
7034;-87.7908266521;5.36897516342;0.00000000000
7035;-89.1323426803;5.31775812890;0.00000000000
7036;-90.4719096977;5.23988503094;0.00000000000
7037;-91.8240078190;5.18287553703;0.00000000000
7038;-93.1805406362;5.16631890687;0.00000000000
7039;-94.5397142714;5.15901791708;0.00000000000
7040;-20.7862989764;14.3213271942;0.00000000000
;;;
NODE;X;Y;Z
7041;-17.0115247499;19.1774068968;0.00000000000
7042;-11.6643229099;22.8043340509;0.00000000000
7043;-7.44100746052;25.5230410715;0.00000000000
7044;-94.5359825335;6.42800660568;0.00000000000
7045;-94.5411208643;7.70153940349;0.00000000000
7046;-94.5592988576;8.96853428343;0.00000000000
7047;-94.5732934949;10.2541928492;0.00000000000
7048;-94.5720943412;11.5696309285;0.00000000000
7049;-94.5751239322;12.8668336504;0.00000000000
7050;-94.5838060488;14.1789236602;0.00000000000
7051;-94.5828660125;15.4837616108;0.00000000000
7052;-94.5882767752;16.8021621185;0.00000000000
7053;-94.5894678815;18.1189373428;0.00000000000
7054;-94.5900537868;19.4347286003;0.00000000000
7055;-94.5902907238;20.7505453930;0.00000000000
7056;-94.5902551318;22.0658925787;0.00000000000
7057;-94.5897030259;23.3816750550;0.00000000000
7058;-94.5884126568;24.6972948741;0.00000000000
7059;-94.5861245267;26.0137409299;0.00000000000
7060;-94.5827604201;27.3304946740;0.00000000000
;;;
NODE;X;Y;Z
7061;-94.5784045833;28.6486536924;0.00000000000
7062;-94.5735401704;29.9677111985;0.00000000000
7063;-94.5687973588;31.3057298762;0.00000000000
7064;-94.5623611426;32.6248790637;0.00000000000
7065;-94.5648226415;33.9362242204;0.00000000000
7066;-94.5518824629;35.2694673340;0.00000000000
7067;-94.5580096374;36.5964737725;0.00000000000
7068;-94.5690302883;37.9265506777;0.00000000000
7069;-94.6260043378;39.2494854943;0.00000000000
7070;-94.6678272835;40.5856282340;0.00000000000
7071;-94.7062915475;41.9302233013;0.00000000000
7072;-94.7226731758;43.2786557660;0.00000000000
7073;-94.7225566409;44.6227913654;0.00000000000
7074;-93.4331240089;44.6261005451;0.00000000000
7075;-92.1428268481;44.6306241732;0.00000000000
7076;-90.8574751389;44.5716449839;0.00000000000
7077;-89.5449182993;44.5672684836;0.00000000000
7078;-88.2528155527;44.5189198656;0.00000000000
7079;-86.9557788995;44.5010555068;0.00000000000
7080;-85.6511434966;44.5177674144;0.00000000000
;;;
NODE;X;Y;Z
7081;-84.3049909383;44.5405971354;0.00000000000
7082;-82.9632298797;44.5495884454;0.00000000000
7083;-81.6302549858;44.5515240787;0.00000000000
7084;-80.2936882394;44.5518214772;0.00000000000
7085;-78.9626744286;44.5519666680;0.00000000000
7086;-77.6266137381;44.5520252751;0.00000000000
7087;-76.2958551831;44.5520480915;0.00000000000
7088;-74.9598286703;44.5520945465;0.00000000000
7089;-73.6291352067;44.5521172852;0.00000000000
7090;-72.2931835154;44.5523695592;0.00000000000
7091;-70.9624340589;44.5525725670;0.00000000000
7092;-69.6264694644;44.5529777719;0.00000000000
7093;-68.2956788425;44.5534017627;0.00000000000
7094;-66.9593634149;44.5533171447;0.00000000000
7095;-65.6288092644;44.5531411294;0.00000000000
7096;-64.2924010564;44.5529040166;0.00000000000
7097;-62.9617599239;44.5525193719;0.00000000000
7098;-61.6252971981;44.5522861098;0.00000000000
7099;-60.2952277375;44.5537195883;0.00000000000
7100;-58.9582696408;44.5557297451;0.00000000000
;;;
NODE;X;Y;Z
7101;-57.6277824711;44.5568782548;0.00000000000
7102;-56.2922440886;44.5590438985;0.00000000000
7103;-54.9618445845;44.5608777201;0.00000000000
7104;-53.6278965376;44.5641095260;0.00000000000
7105;-52.2990205256;44.5703884074;0.00000000000
7106;-50.9701320803;44.5615175028;0.00000000000
7107;-49.6253685492;44.5495780947;0.00000000000
7108;-48.3081805137;44.5443856906;0.00000000000
7109;-46.9604877505;44.5542879706;0.00000000000
7110;-45.6348195535;44.5540344022;0.00000000000
7111;-44.2959669649;44.5585011100;0.00000000000
7112;-42.9695011061;44.5616487372;0.00000000000
7113;-41.6251238324;44.5497763817;0.00000000000
7114;-40.3079045744;44.5446336528;0.00000000000
7115;-38.9602554844;44.5546157415;0.00000000000
7116;-37.6346066027;44.5544403020;0.00000000000
7117;-36.2958578127;44.5591515000;0.00000000000
7118;-34.9693098014;44.5625403534;0.00000000000
7119;-33.6249181374;44.5507653900;0.00000000000
7120;-32.3075640561;44.5454933424;0.00000000000
;;;
NODE;X;Y;Z
7121;-30.9594673390;44.5548833017;0.00000000000
7122;-29.6332642805;44.5540546262;0.00000000000
7123;-28.2936838685;44.5579828797;0.00000000000
7124;-26.9598641531;44.5760898725;0.00000000000
7125;-25.6264754252;44.5780144184;0.00000000000
7126;-24.2890695614;44.5743805076;0.00000000000
7127;-22.9530284660;44.5691654534;0.00000000000
7128;-21.6159054873;44.5632605304;0.00000000000
7129;-20.2789706046;44.5461251002;0.00000000000
7130;-18.9465595879;44.5460759206;0.00000000000
7131;-17.5992017686;44.5564297018;0.00000000000
7132;-16.2504466251;44.5549952303;0.00000000000
7133;-14.9046881217;44.5570472052;0.00000000000
7134;-13.5581040532;44.5709564485;0.00000000000
7135;-12.2111551786;44.6027077259;0.00000000000
7136;-10.8644358131;44.6325025431;0.00000000000
7137;-9.50924021616;44.6628027091;0.00000000000
7138;-8.18373017473;44.7012104316;0.00000000000
7139;-6.82790405766;44.7331012016;0.00000000000
7140;-6.02691961866;25.2666626525;0.00000000000
;;;
NODE;X;Y;Z
7141;-5.74511415453;26.7530102209;0.00000000000
7142;-25.1099249318;6.75764167480;0.00000000000
7143;-20.2586828978;15.4796172198;0.00000000000
7144;-19.3423270194;16.7590043843;0.00000000000
7145;-18.2333166119;17.9996097457;0.00000000000
7146;-15.7311116338;20.2704949929;0.00000000000
7147;-14.3855987846;21.2356191635;0.00000000000
7148;-13.0476788211;22.0424497188;0.00000000000
7149;-10.3315770764;23.6856119148;0.00000000000
7150;-7.95591358682;23.8046784451;0.00000000000
7151;-24.4903247011;8.68251700705;0.00000000000
7152;-23.8906246793;10.4648268248;0.00000000000
7153;-23.1936012060;12.1909818393;0.00000000000
7154;-22.2539000144;13.9607033386;0.00000000000
7155;-89.5802602461;40.3673167834;0.00000000000
7156;-12.9025318715;27.3484300735;0.00000000000
7157;-89.2087629847;39.4109804585;0.00000000000
7158;-19.6972551924;24.5082896416;0.00000000000
7159;-21.2239026766;23.0600216075;0.00000000000
7160;-10.1909517472;30.5623701887;0.00000000000
;;;
NODE;X;Y;Z
7161;-10.0018942220;31.6971701793;0.00000000000
7162;-9.99939221217;32.8396717251;0.00000000000
7163;-10.1645468482;34.0160717396;0.00000000000
7164;-10.4361214229;35.1864403557;0.00000000000
7165;-10.7860424716;36.3494355531;0.00000000000
7166;-36.6628335079;10.6259943402;0.00000000000
7167;-39.2538895831;10.9175511643;0.00000000000
7168;-44.7603912758;10.7916776616;0.00000000000
7169;-47.4238123717;10.7843218710;0.00000000000
7170;-52.7536041413;10.7757200973;0.00000000000
7171;-55.4148730689;10.7755684502;0.00000000000
7172;-60.7527395864;10.8154547308;0.00000000000
7173;-66.1137301810;10.8427634655;0.00000000000
7174;-71.4646400702;10.7944232342;0.00000000000
7175;-76.8124286190;10.6335615649;0.00000000000
7176;-79.5294385466;10.6037194800;0.00000000000
7177;-82.2722608124;10.5910440894;0.00000000000
7178;-84.9474714670;10.5617373904;0.00000000000
7179;-87.6567753808;10.4412994267;0.00000000000
7180;-89.0544352912;10.3755761562;0.00000000000
;;;
NODE;X;Y;Z
7181;-89.1667160162;12.8025363545;0.00000000000
7182;-89.3588471843;15.2135296717;0.00000000000
7183;-89.2419457091;17.5539407702;0.00000000000
7184;-89.3519846574;20.1783652456;0.00000000000
7185;-89.0222819570;22.7266884241;0.00000000000
7186;-89.2154869223;25.4268528708;0.00000000000
7187;-89.4486206948;28.1618529708;0.00000000000
7188;-89.1296198644;30.9105848018;0.00000000000
7189;-88.6641157854;36.5612107007;0.00000000000
7190;-90.1783076980;38.1734004931;0.00000000000
7191;-84.4655872143;39.2639533051;0.00000000000
7192;-81.9096830284;39.3343312961;0.00000000000
7193;-79.3469346174;39.3279799391;0.00000000000
7194;-76.7601310530;39.2221136810;0.00000000000
7195;-74.0793157161;39.2016965787;0.00000000000
7196;-71.3679795214;39.2077827387;0.00000000000
7197;-68.6988708380;39.2933131218;0.00000000000
7198;-66.0336200623;39.3495403727;0.00000000000
7199;-63.4195073106;39.2288060486;0.00000000000
7200;-60.7287691679;39.1992677889;0.00000000000
;;;
NODE;X;Y;Z
7201;-58.0191950713;39.2055863475;0.00000000000
7202;-55.3504154896;39.3100159801;0.00000000000
7203;-52.6782104340;39.3342630325;0.00000000000
7204;-50.0654732270;39.2575942665;0.00000000000
7205;-47.4005326186;39.3020353591;0.00000000000
7206;-44.7165609083;39.3615140210;0.00000000000
7207;-42.0959958295;39.2616198088;0.00000000000
7208;-39.4105096852;39.2604079106;0.00000000000
7209;-36.7225683316;39.3212311897;0.00000000000
7210;-34.0336704157;39.3549523587;0.00000000000
7211;-31.4256907429;39.2860541789;0.00000000000
7212;-28.7139195974;39.2546085366;0.00000000000
7213;-26.0514920978;39.2819686913;0.00000000000
7214;-23.4645974384;39.3341222717;0.00000000000
7215;-20.8036188010;39.3760333724;0.00000000000
7216;-17.9663159737;39.0346765381;0.00000000000
7217;-12.1937847601;39.4917222118;0.00000000000
7218;-10.4633306627;29.5441809819;0.00000000000
7219;-10.8980179708;37.3873577834;0.00000000000
7220;-10.7782699812;39.6249200342;0.00000000000
;;;
NODE;X;Y;Z
7221;-29.2928862831;12.6494597457;0.00000000000
7222;-32.4397886592;12.2310234674;0.00000000000
7223;-33.8699542763;11.5845587461;0.00000000000
7224;-35.2471603377;10.9894225612;0.00000000000
7225;-37.9791542406;10.8498730780;0.00000000000
7226;-40.6428397267;10.8661036872;0.00000000000
7227;-42.0339771142;10.8315175842;0.00000000000
7228;-43.4093760795;10.8048760409;0.00000000000
7229;-46.0885242332;10.7931517840;0.00000000000
7230;-48.7455875101;10.7825327331;0.00000000000
7231;-50.0817218728;10.7942273706;0.00000000000
7232;-51.4209115608;10.7922680181;0.00000000000
7233;-54.0855690450;10.7771979510;0.00000000000
7234;-56.7498985708;10.7835286481;0.00000000000
7235;-58.0860994931;10.7870743238;0.00000000000
7236;-59.4202047503;10.8059743431;0.00000000000
7237;-62.0894271422;10.8242914820;0.00000000000
7238;-63.4287311411;10.8357931120;0.00000000000
7239;-64.7694759501;10.8392408380;0.00000000000
7240;-67.4605202646;10.8495752064;0.00000000000
;;;
NODE;X;Y;Z
7241;-68.7933623028;10.8428983555;0.00000000000
7242;-70.1298881389;10.8217292333;0.00000000000
7243;-72.8024715087;10.7756529080;0.00000000000
7244;-74.1289733721;10.7416540614;0.00000000000
7245;-75.4750969853;10.6820527195;0.00000000000
7246;-78.1653804572;10.5963254395;0.00000000000
7247;-80.8798546121;10.5882586482;0.00000000000
7248;-83.6230518533;10.5898550694;0.00000000000
7249;-86.2985641377;10.5090039933;0.00000000000
7250;-89.0916809782;11.5986347438;0.00000000000
7251;-89.3016273069;13.9723714412;0.00000000000
7252;-89.2412137382;16.3764564777;0.00000000000
7253;-89.3643676643;18.8584326439;0.00000000000
7254;-89.1269594914;21.4836850456;0.00000000000
7255;-89.0379045549;24.0250209901;0.00000000000
7256;-89.3727111723;26.8013892926;0.00000000000
7257;-89.3643263261;29.5446519938;0.00000000000
7258;-88.5983736814;32.1901054062;0.00000000000
7259;-88.5136343464;35.1597614914;0.00000000000
7260;-88.5641335435;37.7920792633;0.00000000000
;;;
NODE;X;Y;Z
7261;-88.3521789703;38.8999172855;0.00000000000
7262;-87.0408385599;39.0971792443;0.00000000000
7263;-85.7468696720;39.2072994085;0.00000000000
7264;-83.1718765336;39.3031329608;0.00000000000
7265;-80.6596675057;39.3319270548;0.00000000000
7266;-78.0520669018;39.2593456419;0.00000000000
7267;-75.4266780423;39.1853053339;0.00000000000
7268;-72.7150491695;39.1959948598;0.00000000000
7269;-70.0221167793;39.2673551705;0.00000000000
7270;-67.3591276061;39.3416873593;0.00000000000
7271;-64.7227401777;39.2755188522;0.00000000000
7272;-62.0856318938;39.2005232648;0.00000000000
7273;-59.3639988035;39.1946693994;0.00000000000
7274;-56.6811397858;39.2660748668;0.00000000000
7275;-54.0144575782;39.3648346160;0.00000000000
7276;-51.3623012735;39.2696736069;0.00000000000
7277;-48.7349002300;39.2587645285;0.00000000000
7278;-46.0562786974;39.3656913613;0.00000000000
7279;-43.3974020003;39.2970605178;0.00000000000
7280;-40.7636946776;39.2402326588;0.00000000000
;;;
NODE;X;Y;Z
7281;-38.0591172308;39.3030015845;0.00000000000
7282;-35.3748793560;39.3769035931;0.00000000000
7283;-32.7181674350;39.2928192223;0.00000000000
7284;-30.0790951973;39.2718685696;0.00000000000
7285;-27.3709813963;39.2542941436;0.00000000000
7286;-24.7647847960;39.2636357210;0.00000000000
7287;-22.1505315363;39.3779637755;0.00000000000
7288;-19.3904016102;39.2009038217;0.00000000000
7289;-16.4607394566;38.8947749812;0.00000000000
7290;-14.9625234442;38.8415381704;0.00000000000
7291;-13.6034064972;39.0940991690;0.00000000000
7292;-12.0036359717;28.6171017067;0.00000000000
7293;-15.8631751769;25.9351203869;0.00000000000
7294;-14.7683139436;27.1146038965;0.00000000000
7295;-26.3442104658;16.2076608497;0.00000000000
7296;-25.4466648863;18.1613391132;0.00000000000
7297;-24.2475588518;19.8992735061;0.00000000000
7298;-22.7471484136;21.5494650878;0.00000000000
7299;-18.2240929651;25.8710253789;0.00000000000
7300;-28.5208686782;14.4808976884;0.00000000000
;;;
NODE;X;Y;Z
7301;-27.6001328267;16.5785801909;0.00000000000
7302;-16.9968518061;27.0444308292;0.00000000000
7303;-20.7438530782;25.5205705318;0.00000000000
7304;-11.1180206193;32.9907042678;0.00000000000
7305;-23.1048570623;25.2292000841;0.00000000000
7306;-21.7044283954;26.6388861019;0.00000000000
7307;-12.1704956574;32.1381419157;0.00000000000
7308;-12.4934466841;33.9962094057;0.00000000000
7309;-13.2222263333;32.8240420171;0.00000000000
7310;-12.8780455752;32.1859397540;0.00000000000
7311;-13.3639183963;31.4058427465;0.00000000000
7312;-14.9389756935;31.1643705711;0.00000000000
7313;-28.2764741669;33.3331966891;0.00000000000
7314;-15.3993313435;34.6294479892;0.00000000000
7315;-15.0125721847;33.9012019601;0.00000000000
7316;-76.5180082102;15.8144964465;0.00000000000
7317;-81.7588513798;15.3064285990;0.00000000000
7318;-84.1558628804;18.5105035332;0.00000000000
7319;-85.8133219885;20.9965261580;0.00000000000
7320;-84.0656213719;23.8518778687;0.00000000000
;;;
NODE;X;Y;Z
7321;-85.5734440776;27.6597404355;0.00000000000
7322;-16.8357382041;31.2898377152;0.00000000000
7323;-16.2562888401;33.2647432945;0.00000000000
7324;-36.7075725144;15.9718471398;0.00000000000
7325;-37.9449472817;15.2994010984;0.00000000000
7326;-39.4417318190;16.1140295786;0.00000000000
7327;-41.9477209932;15.9972791919;0.00000000000
7328;-44.3210881588;16.3620353880;0.00000000000
7329;-45.4927913056;16.3629957937;0.00000000000
7330;-48.0967695542;16.2418993311;0.00000000000
7331;-52.1500336214;16.0412309505;0.00000000000
7332;-53.5097816231;16.1140159951;0.00000000000
7333;-54.8429170064;16.2239657193;0.00000000000
7334;-57.5417243286;16.2384082226;0.00000000000
7335;-60.2668055350;16.2924635942;0.00000000000
7336;-62.9896660862;16.3308649930;0.00000000000
7337;-65.7187164775;16.2800218800;0.00000000000
7338;-68.4295754610;16.1163109589;0.00000000000
7339;-71.1410980809;15.9217360932;0.00000000000
7340;-73.8535059264;15.8362553278;0.00000000000
;;;
NODE;X;Y;Z
7341;-77.7833253338;15.8507627807;0.00000000000
7342;-79.0710949332;15.6249382004;0.00000000000
7343;-80.4122878934;15.3772307046;0.00000000000
7344;-84.8416672599;19.8130454652;0.00000000000
7345;-84.6738986842;21.8110412648;0.00000000000
7346;-84.8403883266;24.9812508765;0.00000000000
7347;-84.8510972048;29.7113524528;0.00000000000
7348;-83.4594620247;30.5812754778;0.00000000000
7349;-83.6695531409;32.5818385741;0.00000000000
7350;-80.0514334397;33.7159766022;0.00000000000
7351;-78.5589628415;34.2810711225;0.00000000000
7352;-76.5678298771;33.5955084940;0.00000000000
7353;-75.6982006096;34.1471656665;0.00000000000
7354;-66.7948804296;34.2000567671;0.00000000000
7355;-65.2889673072;34.5098262145;0.00000000000
7356;-63.4199070196;33.5181916356;0.00000000000
7357;-62.3353835757;34.1706703118;0.00000000000
7358;-53.3235135315;34.1180216236;0.00000000000
7359;-51.7641344264;34.5355104578;0.00000000000
7360;-49.9696205538;33.2986568101;0.00000000000
;;;
NODE;X;Y;Z
7361;-45.2432046990;34.1004315260;0.00000000000
7362;-43.8444215817;34.7021222888;0.00000000000
7363;-34.6197869200;34.1710420604;0.00000000000
7364;-33.1300580034;34.6397791868;0.00000000000
7365;-31.3046213403;33.6357157300;0.00000000000
7366;-30.3278043358;34.2556860699;0.00000000000
7367;-23.6402128088;34.9713287217;0.00000000000
7368;-21.7759063912;34.4414308146;0.00000000000
7369;-19.5453173719;34.7662158731;0.00000000000
7370;-16.4080651794;34.5494550390;0.00000000000
7371;-17.9588114335;30.3177186707;0.00000000000
7372;-32.5693720500;17.7706321256;0.00000000000
7373;-34.3692494642;17.8800601508;0.00000000000
7374;-35.5191306347;16.8692782220;0.00000000000
7375;-38.2738709878;16.5887005510;0.00000000000
7376;-40.6739354391;15.9158263660;0.00000000000
7377;-43.1594852750;16.2077309687;0.00000000000
7378;-46.7842872408;16.3172011851;0.00000000000
7379;-49.4492540220;16.1598031523;0.00000000000
7380;-50.7905048851;16.0886344730;0.00000000000
;;;
NODE;X;Y;Z
7381;-56.1690775604;16.2524480663;0.00000000000
7382;-58.9142263770;16.2583790486;0.00000000000
7383;-61.6315028148;16.3173014333;0.00000000000
7384;-64.3564620320;16.3296598321;0.00000000000
7385;-67.0703052210;16.2092168578;0.00000000000
7386;-69.7781114232;16.0128939538;0.00000000000
7387;-72.4902553704;15.8568078053;0.00000000000
7388;-75.1746005852;15.8253709361;0.00000000000
7389;-82.8426327499;16.1045689389;0.00000000000
7390;-83.5579657004;17.1126422279;0.00000000000
7391;-83.7586628635;25.7286471825;0.00000000000
7392;-83.0916517371;33.8262067811;0.00000000000
7393;-81.6041198270;33.5181058174;0.00000000000
7394;-78.1486136270;32.6361124431;0.00000000000
7395;-74.7627522592;33.6744037920;0.00000000000
7396;-73.5137050523;33.3292487810;0.00000000000
7397;-72.0411032167;33.1610047663;0.00000000000
7398;-70.3681698810;33.2717460565;0.00000000000
7399;-68.5984833202;33.5895993530;0.00000000000
7400;-64.9123312612;32.9367872889;0.00000000000
;;;
NODE;X;Y;Z
7401;-61.3230609000;33.5546549299;0.00000000000
7402;-59.9521945062;33.2823991674;0.00000000000
7403;-58.3131928302;33.2924281741;0.00000000000
7404;-56.6663709810;33.4219588474;0.00000000000
7405;-55.0147109442;33.6850700822;0.00000000000
7406;-51.6073557554;33.0189913714;0.00000000000
7407;-48.3277602106;33.5103473495;0.00000000000
7408;-46.6897467680;33.6602125045;0.00000000000
7409;-43.5533704731;33.5077683797;0.00000000000
7410;-40.9062668987;33.3178836387;0.00000000000
7411;-39.3772271084;33.3465890763;0.00000000000
7412;-37.7915451629;33.4834574233;0.00000000000
7413;-36.1972661158;33.7470327532;0.00000000000
7414;-32.7392591054;33.2317452737;0.00000000000
7415;-29.4524627493;33.7989172278;0.00000000000
7416;-26.8199355153;32.9250383062;0.00000000000
7417;-25.0029569582;34.5618851001;0.00000000000
7418;-20.7764171240;33.5366046003;0.00000000000
7419;-18.1536173655;34.0232767211;0.00000000000
7420;-18.9423141951;31.5100737358;0.00000000000
;;;
NODE;X;Y;Z
7421;-28.5535387347;22.1179630512;0.00000000000
7422;-25.3358515638;25.7279611570;0.00000000000
7423;-29.9419866510;20.5896439596;0.00000000000
7424;-20.2208684671;30.4141117387;0.00000000000
7425;-31.2999501624;19.1480609595;0.00000000000
7426;-28.0806808691;24.9577532876;0.00000000000
7427;-21.5933222693;31.2816389614;0.00000000000
7428;-29.4660134037;23.3490671968;0.00000000000
7429;-26.8133789457;26.6675309905;0.00000000000
7430;-24.2875410781;27.9834198410;0.00000000000
7431;-22.9891989532;29.7082433441;0.00000000000
7432;-79.0905636750;16.8679191001;0.00000000000
7433;-26.1071085867;30.8530875463;0.00000000000
7434;-28.8537357009;29.8395600436;0.00000000000
7435;-77.4948163682;19.6680055614;0.00000000000
7436;-53.8992806951;18.5319224504;0.00000000000
7437;-36.7625630486;21.7860809477;0.00000000000
7438;-51.9664729449;20.9511036540;0.00000000000
7439;-55.2500591267;20.4048804705;0.00000000000
7440;-74.8744024034;20.0819975048;0.00000000000
;;;
NODE;X;Y;Z
7441;-39.5125577777;26.0178279504;0.00000000000
7442;-34.8529607489;28.3531960585;0.00000000000
7443;-36.1175609685;23.0241650830;0.00000000000
7444;-54.1125594668;19.3782531624;0.00000000000
7445;-78.0798414593;20.7746354518;0.00000000000
7446;-39.2591725330;20.9075264788;0.00000000000
7447;-40.1739826212;20.1750073488;0.00000000000
7448;-50.7725022457;20.0752031824;0.00000000000
7449;-53.0269926312;19.4284625392;0.00000000000
7450;-55.1608218564;19.1176410051;0.00000000000
7451;-70.6636813850;20.6991517568;0.00000000000
7452;-73.9828614866;19.7729500248;0.00000000000
7453;-79.0930544010;20.2801360302;0.00000000000
7454;-79.5056665589;21.8276188653;0.00000000000
7455;-79.7883224187;23.4717254629;0.00000000000
7456;-80.1506552069;25.3397906528;0.00000000000
7457;-43.9460011680;28.5662645496;0.00000000000
7458;-40.4015413413;28.2361357092;0.00000000000
7459;-37.8471180054;22.8482286035;0.00000000000
7460;-38.1336145848;21.5943988903;0.00000000000
;;;
NODE;X;Y;Z
7461;-41.0398034559;21.4743883367;0.00000000000
7462;-42.8280820803;21.6132592144;0.00000000000
7463;-44.5178142219;21.6440839210;0.00000000000
7464;-45.5576784217;20.8931398290;0.00000000000
7465;-46.8528790174;20.4473292388;0.00000000000
7466;-48.4051717171;21.4593166529;0.00000000000
7467;-50.6557872251;21.3840567914;0.00000000000
7468;-56.2961251226;20.3672237637;0.00000000000
7469;-57.4386339847;21.6274215759;0.00000000000
7470;-58.6805160775;21.5994612576;0.00000000000
7471;-59.9855958007;21.6190925279;0.00000000000
7472;-62.7251109998;21.7183302924;0.00000000000
7473;-68.3843515811;21.1846795221;0.00000000000
7474;-69.6676710072;20.9094315933;0.00000000000
7475;-71.2616769754;21.4807918880;0.00000000000
7476;-73.2069876165;21.1566920375;0.00000000000
7477;-76.5532523343;20.7204574857;0.00000000000
7478;-78.1144694774;25.4911394749;0.00000000000
7479;-77.6349377402;27.2195460456;0.00000000000
7480;-74.7012336642;28.1653363289;0.00000000000
;;;
NODE;X;Y;Z
7481;-65.9101889731;28.1540276344;0.00000000000
7482;-64.0362434713;28.4697573232;0.00000000000
7483;-52.8813458251;28.5633351168;0.00000000000
7484;-51.1301530832;28.8374884821;0.00000000000
7485;-49.2588444939;27.6801967161;0.00000000000
7486;-43.8990050735;26.8862339217;0.00000000000
7487;-42.0865612659;28.2168742179;0.00000000000
7488;-47.2238004932;21.6258442326;0.00000000000
7489;-49.5509539876;21.3738269599;0.00000000000
7490;-56.2819331076;21.6925612867;0.00000000000
7491;-61.3056637998;21.6979168901;0.00000000000
7492;-64.1672792711;21.6739313375;0.00000000000
7493;-65.6009619079;21.5624563978;0.00000000000
7494;-67.0045890916;21.4132456862;0.00000000000
7495;-75.7444425475;26.6544052530;0.00000000000
7496;-73.3129553692;27.4629218725;0.00000000000
7497;-67.8152056969;27.8284991767;0.00000000000
7498;-61.9755907859;27.3826929767;0.00000000000
7499;-56.4233462899;27.9863548553;0.00000000000
7500;-54.6283382137;28.2538109209;0.00000000000
;;;
NODE;X;Y;Z
7501;-50.9778948094;27.5381075372;0.00000000000
7502;-47.5300209094;27.6588004747;0.00000000000
7503;-45.7934156522;27.4447538241;0.00000000000
7504;-36.3981969366;27.6848905059;0.00000000000
7505;-35.2466313828;24.0997811902;0.00000000000
7506;-34.2004525706;25.0756986937;0.00000000000
7507;-71.1325919562;27.1016695363;0.00000000000
7508;-69.5769332465;27.4747156375;0.00000000000
7509;-63.7988819716;26.9827776678;0.00000000000
7510;-60.0886647734;27.6343066730;0.00000000000
7511;-58.2456421256;27.7898205220;0.00000000000
7512;-37.9066518569;26.9847554080;0.00000000000
7513;-34.2500375614;27.0630537807;0.00000000000
7514;-72.3508468875;26.6985557851;0.00000000000
7515;-77.2044679463;21.1714042417;0.00000000000
7516;-75.7338422922;20.4311044329;0.00000000000
7517;-49.8295690911;22.6559670371;0.00000000000
7518;-77.0770237765;22.2063146221;0.00000000000
7519;-72.7607043775;22.8706110877;0.00000000000
7520;-56.4861321103;23.9996104241;0.00000000000
;;;
NODE;X;Y;Z
7521;-55.1250494924;23.0080199114;0.00000000000
7522;-54.1735222870;21.6489158293;0.00000000000
7523;-51.7411164882;22.5242111501;0.00000000000
7524;-59.5374386550;25.2736312187;0.00000000000
7525;-61.1881572341;25.1195051230;0.00000000000
7526;-62.4471823393;24.8276353650;0.00000000000
7527;-52.4935603886;23.3101721137;0.00000000000
