NODE;X;Y;Z
1;-100.000000000;0.00000000000;0.00000000000
2;-20.0000000000;0.00000000000;0.00000000000
3;-99.5000000000;0.00000000000;0.00000000000
4;-99.0000000000;0.00000000000;0.00000000000
5;-98.5000000000;0.00000000000;0.00000000000
6;-98.0000000000;0.00000000000;0.00000000000
7;-97.5000000000;0.00000000000;0.00000000000
8;-97.0000000000;0.00000000000;0.00000000000
9;-96.5000000000;0.00000000000;0.00000000000
10;-96.0000000000;0.00000000000;0.00000000000
11;-95.5000000000;0.00000000000;0.00000000000
12;-95.0000000000;0.00000000000;0.00000000000
13;-94.5000000000;0.00000000000;0.00000000000
14;-94.0000000000;0.00000000000;0.00000000000
15;-93.5000000000;0.00000000000;0.00000000000
16;-93.0000000000;0.00000000000;0.00000000000
17;-92.5000000000;0.00000000000;0.00000000000
18;-92.0000000000;0.00000000000;0.00000000000
19;-91.5000000000;0.00000000000;0.00000000000
20;-91.0000000000;0.00000000000;0.00000000000
;;;
NODE;X;Y;Z
21;-90.5000000000;0.00000000000;0.00000000000
22;-90.0000000000;0.00000000000;0.00000000000
23;-89.5000000000;0.00000000000;0.00000000000
24;-89.0000000000;0.00000000000;0.00000000000
25;-88.5000000000;0.00000000000;0.00000000000
26;-88.0000000000;0.00000000000;0.00000000000
27;-87.5000000000;0.00000000000;0.00000000000
28;-87.0000000000;0.00000000000;0.00000000000
29;-86.5000000000;0.00000000000;0.00000000000
30;-86.0000000000;0.00000000000;0.00000000000
31;-85.5000000000;0.00000000000;0.00000000000
32;-85.0000000000;0.00000000000;0.00000000000
33;-84.5000000000;0.00000000000;0.00000000000
34;-84.0000000000;0.00000000000;0.00000000000
35;-83.5000000000;0.00000000000;0.00000000000
36;-83.0000000000;0.00000000000;0.00000000000
37;-82.5000000000;0.00000000000;0.00000000000
38;-82.0000000000;0.00000000000;0.00000000000
39;-81.5000000000;0.00000000000;0.00000000000
40;-81.0000000000;0.00000000000;0.00000000000
;;;
NODE;X;Y;Z
41;-80.5000000000;0.00000000000;0.00000000000
42;-80.0000000000;0.00000000000;0.00000000000
43;-79.5000000000;0.00000000000;0.00000000000
44;-79.0000000000;0.00000000000;0.00000000000
45;-78.5000000000;0.00000000000;0.00000000000
46;-78.0000000000;0.00000000000;0.00000000000
47;-77.5000000000;0.00000000000;0.00000000000
48;-77.0000000000;0.00000000000;0.00000000000
49;-76.5000000000;0.00000000000;0.00000000000
50;-76.0000000000;0.00000000000;0.00000000000
51;-75.5000000000;0.00000000000;0.00000000000
52;-75.0000000000;0.00000000000;0.00000000000
53;-74.5000000000;0.00000000000;0.00000000000
54;-74.0000000000;0.00000000000;0.00000000000
55;-73.5000000000;0.00000000000;0.00000000000
56;-73.0000000000;0.00000000000;0.00000000000
57;-72.5000000000;0.00000000000;0.00000000000
58;-72.0000000000;0.00000000000;0.00000000000
59;-71.5000000000;0.00000000000;0.00000000000
60;-71.0000000000;0.00000000000;0.00000000000
;;;
NODE;X;Y;Z
61;-70.5000000000;0.00000000000;0.00000000000
62;-70.0000000000;0.00000000000;0.00000000000
63;-69.5000000000;0.00000000000;0.00000000000
64;-69.0000000000;0.00000000000;0.00000000000
65;-68.5000000000;0.00000000000;0.00000000000
66;-68.0000000000;0.00000000000;0.00000000000
67;-67.5000000000;0.00000000000;0.00000000000
68;-67.0000000000;0.00000000000;0.00000000000
69;-66.5000000000;0.00000000000;0.00000000000
70;-66.0000000000;0.00000000000;0.00000000000
71;-65.5000000000;0.00000000000;0.00000000000
72;-65.0000000000;0.00000000000;0.00000000000
73;-64.5000000000;0.00000000000;0.00000000000
74;-64.0000000000;0.00000000000;0.00000000000
75;-63.5000000000;0.00000000000;0.00000000000
76;-63.0000000000;0.00000000000;0.00000000000
77;-62.5000000000;0.00000000000;0.00000000000
78;-62.0000000000;0.00000000000;0.00000000000
79;-61.5000000000;0.00000000000;0.00000000000
80;-61.0000000000;0.00000000000;0.00000000000
;;;
NODE;X;Y;Z
81;-60.5000000000;0.00000000000;0.00000000000
82;-60.0000000000;0.00000000000;0.00000000000
83;-59.5000000000;0.00000000000;0.00000000000
84;-59.0000000000;0.00000000000;0.00000000000
85;-58.5000000000;0.00000000000;0.00000000000
86;-58.0000000000;0.00000000000;0.00000000000
87;-57.5000000000;0.00000000000;0.00000000000
88;-57.0000000000;0.00000000000;0.00000000000
89;-56.5000000000;0.00000000000;0.00000000000
90;-56.0000000000;0.00000000000;0.00000000000
91;-55.5000000000;0.00000000000;0.00000000000
92;-55.0000000000;0.00000000000;0.00000000000
93;-54.5000000000;0.00000000000;0.00000000000
94;-54.0000000000;0.00000000000;0.00000000000
95;-53.5000000000;0.00000000000;0.00000000000
96;-53.0000000000;0.00000000000;0.00000000000
97;-52.5000000000;0.00000000000;0.00000000000
98;-52.0000000000;0.00000000000;0.00000000000
99;-51.5000000000;0.00000000000;0.00000000000
100;-51.0000000000;0.00000000000;0.00000000000
;;;
NODE;X;Y;Z
101;-50.5000000000;0.00000000000;0.00000000000
102;-50.0000000000;0.00000000000;0.00000000000
103;-49.5000000000;0.00000000000;0.00000000000
104;-49.0000000000;0.00000000000;0.00000000000
105;-48.5000000000;0.00000000000;0.00000000000
106;-48.0000000000;0.00000000000;0.00000000000
107;-47.5000000000;0.00000000000;0.00000000000
108;-47.0000000000;0.00000000000;0.00000000000
109;-46.5000000000;0.00000000000;0.00000000000
110;-46.0000000000;0.00000000000;0.00000000000
111;-45.5000000000;0.00000000000;0.00000000000
112;-45.0000000000;0.00000000000;0.00000000000
113;-44.5000000000;0.00000000000;0.00000000000
114;-44.0000000000;0.00000000000;0.00000000000
115;-43.5000000000;0.00000000000;0.00000000000
116;-43.0000000000;0.00000000000;0.00000000000
117;-42.5000000000;0.00000000000;0.00000000000
118;-42.0000000000;0.00000000000;0.00000000000
119;-41.5000000000;0.00000000000;0.00000000000
120;-41.0000000000;0.00000000000;0.00000000000
;;;
NODE;X;Y;Z
121;-40.5000000000;0.00000000000;0.00000000000
122;-40.0000000000;0.00000000000;0.00000000000
123;-39.5000000000;0.00000000000;0.00000000000
124;-39.0000000000;0.00000000000;0.00000000000
125;-38.5000000000;0.00000000000;0.00000000000
126;-38.0000000000;0.00000000000;0.00000000000
127;-37.5000000000;0.00000000000;0.00000000000
128;-37.0000000000;0.00000000000;0.00000000000
129;-36.5000000000;0.00000000000;0.00000000000
130;-36.0000000000;0.00000000000;0.00000000000
131;-35.5000000000;0.00000000000;0.00000000000
132;-35.0000000000;0.00000000000;0.00000000000
133;-34.5000000000;0.00000000000;0.00000000000
134;-34.0000000000;0.00000000000;0.00000000000
135;-33.5000000000;0.00000000000;0.00000000000
136;-33.0000000000;0.00000000000;0.00000000000
137;-32.5000000000;0.00000000000;0.00000000000
138;-32.0000000000;0.00000000000;0.00000000000
139;-31.5000000000;0.00000000000;0.00000000000
140;-31.0000000000;0.00000000000;0.00000000000
;;;
NODE;X;Y;Z
141;-30.5000000000;0.00000000000;0.00000000000
142;-30.0000000000;0.00000000000;0.00000000000
143;-29.5000000000;0.00000000000;0.00000000000
144;-29.0000000000;0.00000000000;0.00000000000
145;-28.5000000000;0.00000000000;0.00000000000
146;-28.0000000000;0.00000000000;0.00000000000
147;-27.5000000000;0.00000000000;0.00000000000
148;-27.0000000000;0.00000000000;0.00000000000
149;-26.5000000000;0.00000000000;0.00000000000
150;-26.0000000000;0.00000000000;0.00000000000
151;-25.5000000000;0.00000000000;0.00000000000
152;-25.0000000000;0.00000000000;0.00000000000
153;-24.5000000000;0.00000000000;0.00000000000
154;-24.0000000000;0.00000000000;0.00000000000
155;-23.5000000000;0.00000000000;0.00000000000
156;-23.0000000000;0.00000000000;0.00000000000
157;-22.5000000000;0.00000000000;0.00000000000
158;-22.0000000000;0.00000000000;0.00000000000
159;-21.5000000000;0.00000000000;0.00000000000
160;-21.0000000000;0.00000000000;0.00000000000
;;;
NODE;X;Y;Z
161;-20.5000000000;0.00000000000;0.00000000000
162;0.00000000000;20.0000000000;0.00000000000
163;-0.490824570684;19.9939763739;0.00000000000
164;-0.981353487000;19.9759091241;0.00000000000
165;-1.47129127267;19.9458091335;0.00000000000
166;-1.96034280749;19.9036945334;0.00000000000
167;-2.44821350511;19.8495906918;0.00000000000
168;-2.93460949045;19.7835301991;0.00000000000
169;-3.41923777677;19.7055528475;0.00000000000
170;-3.90180644210;19.6157056077;0.00000000000
171;-4.38202480513;19.5140426003;0.00000000000
172;-4.85960360026;19.4006250633;0.00000000000
173;-5.33425515044;19.2755213156;0.00000000000
174;-5.80569354573;19.1388067144;0.00000000000
175;-6.27363480874;18.9905636116;0.00000000000
176;-6.73779706881;18.8308813033;0.00000000000
177;-7.19790073172;18.6598559763;0.00000000000
178;-7.65366864811;18.4775906499;0.00000000000
179;-8.10482628041;18.2841951139;0.00000000000
180;-8.55110186814;18.0797858627;0.00000000000
;;;
NODE;X;Y;Z
181;-8.99222659163;17.8644860246;0.00000000000
182;-9.42793473393;17.6384252883;0.00000000000
183;-9.85796384083;17.4017398243;0.00000000000
184;-10.2820548789;17.1545722029;0.00000000000
185;-10.6999523918;16.8970713088;0.00000000000
186;-11.1114046536;16.6293922506;0.00000000000
187;-11.5161638208;16.3516962683;0.00000000000
188;-11.9139860819;16.0641506355;0.00000000000
189;-12.3046318034;15.7669285590;0.00000000000
190;-12.6878656750;15.4602090741;0.00000000000
191;-13.0634568509;15.1441769372;0.00000000000
192;-13.4311790890;14.8190225143;0.00000000000
193;-13.7908108871;14.4849416663;0.00000000000
194;-14.1421356164;14.1421356310;0.00000000000
195;-14.4849416520;13.7908109021;0.00000000000
196;-14.8190225004;13.4311791044;0.00000000000
197;-15.1441769236;13.0634568667;0.00000000000
198;-15.4602090607;12.6878656912;0.00000000000
199;-15.7669285459;12.3046318201;0.00000000000
200;-16.0641506228;11.9139860991;0.00000000000
;;;
NODE;X;Y;Z
201;-16.3516962559;11.5161638385;0.00000000000
202;-16.6293922384;11.1114046718;0.00000000000
203;-16.8970712969;10.6999524105;0.00000000000
204;-17.1545721914;10.2820548982;0.00000000000
205;-17.4017398132;9.85796386050;0.00000000000
206;-17.6384252776;9.42793475404;0.00000000000
207;-17.8644860143;8.99222661214;0.00000000000
208;-18.0797858528;8.55110188901;0.00000000000
209;-18.2841951045;8.10482630160;0.00000000000
210;-18.4775906410;7.65366866959;0.00000000000
211;-18.6598559679;7.19790075344;0.00000000000
212;-18.8308812955;6.73779709074;0.00000000000
213;-18.9905636043;6.27363483086;0.00000000000
214;-19.1388067077;5.80569356802;0.00000000000
215;-19.2755213094;5.33425517291;0.00000000000
216;-19.4006250577;4.85960362295;0.00000000000
217;-19.5140425952;4.38202482795;0.00000000000
218;-19.6157056032;3.90180646504;0.00000000000
219;-19.7055528435;3.41923779981;0.00000000000
220;-19.7835301957;2.93460951359;0.00000000000
;;;
NODE;X;Y;Z
221;-19.8495906890;2.44821352832;0.00000000000
222;-19.9036945311;1.96034283077;0.00000000000
223;-19.9458091318;1.47129129600;0.00000000000
224;-19.9759091229;0.981353510364;0.00000000000
225;-19.9939763733;0.490824594069;0.00000000000
226;0.00000000000;50.0000000000;0.00000000000
227;0.00000000000;49.5000000000;0.00000000000
228;0.00000000000;49.0000000000;0.00000000000
229;0.00000000000;48.5000000000;0.00000000000
230;0.00000000000;48.0000000000;0.00000000000
231;0.00000000000;47.5000000000;0.00000000000
232;0.00000000000;47.0000000000;0.00000000000
233;0.00000000000;46.5000000000;0.00000000000
234;0.00000000000;46.0000000000;0.00000000000
235;0.00000000000;45.5000000000;0.00000000000
236;0.00000000000;45.0000000000;0.00000000000
237;0.00000000000;44.5000000000;0.00000000000
238;0.00000000000;44.0000000000;0.00000000000
239;0.00000000000;43.5000000000;0.00000000000
240;0.00000000000;43.0000000000;0.00000000000
;;;
NODE;X;Y;Z
241;0.00000000000;42.5000000000;0.00000000000
242;0.00000000000;42.0000000000;0.00000000000
243;0.00000000000;41.5000000000;0.00000000000
244;0.00000000000;41.0000000000;0.00000000000
245;0.00000000000;40.5000000000;0.00000000000
246;0.00000000000;40.0000000000;0.00000000000
247;0.00000000000;39.5000000000;0.00000000000
248;0.00000000000;39.0000000000;0.00000000000
249;0.00000000000;38.5000000000;0.00000000000
250;0.00000000000;38.0000000000;0.00000000000
251;0.00000000000;37.5000000000;0.00000000000
252;0.00000000000;37.0000000000;0.00000000000
253;0.00000000000;36.5000000000;0.00000000000
254;0.00000000000;36.0000000000;0.00000000000
255;0.00000000000;35.5000000000;0.00000000000
256;0.00000000000;35.0000000000;0.00000000000
257;0.00000000000;34.5000000000;0.00000000000
258;0.00000000000;34.0000000000;0.00000000000
259;0.00000000000;33.5000000000;0.00000000000
260;0.00000000000;33.0000000000;0.00000000000
;;;
NODE;X;Y;Z
261;0.00000000000;32.5000000000;0.00000000000
262;0.00000000000;32.0000000000;0.00000000000
263;0.00000000000;31.5000000000;0.00000000000
264;0.00000000000;31.0000000000;0.00000000000
265;0.00000000000;30.5000000000;0.00000000000
266;0.00000000000;30.0000000000;0.00000000000
267;0.00000000000;29.5000000000;0.00000000000
268;0.00000000000;29.0000000000;0.00000000000
269;0.00000000000;28.5000000000;0.00000000000
270;0.00000000000;28.0000000000;0.00000000000
271;0.00000000000;27.5000000000;0.00000000000
272;0.00000000000;27.0000000000;0.00000000000
273;0.00000000000;26.5000000000;0.00000000000
274;0.00000000000;26.0000000000;0.00000000000
275;0.00000000000;25.5000000000;0.00000000000
276;0.00000000000;25.0000000000;0.00000000000
277;0.00000000000;24.5000000000;0.00000000000
278;0.00000000000;24.0000000000;0.00000000000
279;0.00000000000;23.5000000000;0.00000000000
280;0.00000000000;23.0000000000;0.00000000000
;;;
NODE;X;Y;Z
281;0.00000000000;22.5000000000;0.00000000000
282;0.00000000000;22.0000000000;0.00000000000
283;0.00000000000;21.5000000000;0.00000000000
284;0.00000000000;21.0000000000;0.00000000000
285;0.00000000000;20.5000000000;0.00000000000
286;-100.000000000;50.0000000000;0.00000000000
287;-0.500000000000;50.0000000000;0.00000000000
288;-1.00000000000;50.0000000000;0.00000000000
289;-1.50000000000;50.0000000000;0.00000000000
290;-2.00000000000;50.0000000000;0.00000000000
291;-2.50000000000;50.0000000000;0.00000000000
292;-3.00000000000;50.0000000000;0.00000000000
293;-3.50000000000;50.0000000000;0.00000000000
294;-4.00000000000;50.0000000000;0.00000000000
295;-4.50000000000;50.0000000000;0.00000000000
296;-5.00000000000;50.0000000000;0.00000000000
297;-5.50000000000;50.0000000000;0.00000000000
298;-6.00000000000;50.0000000000;0.00000000000
299;-6.50000000000;50.0000000000;0.00000000000
300;-7.00000000000;50.0000000000;0.00000000000
;;;
NODE;X;Y;Z
301;-7.50000000000;50.0000000000;0.00000000000
302;-8.00000000000;50.0000000000;0.00000000000
303;-8.50000000000;50.0000000000;0.00000000000
304;-9.00000000000;50.0000000000;0.00000000000
305;-9.50000000000;50.0000000000;0.00000000000
306;-10.0000000000;50.0000000000;0.00000000000
307;-10.5000000000;50.0000000000;0.00000000000
308;-11.0000000000;50.0000000000;0.00000000000
309;-11.5000000000;50.0000000000;0.00000000000
310;-12.0000000000;50.0000000000;0.00000000000
311;-12.5000000000;50.0000000000;0.00000000000
312;-13.0000000000;50.0000000000;0.00000000000
313;-13.5000000000;50.0000000000;0.00000000000
314;-14.0000000000;50.0000000000;0.00000000000
315;-14.5000000000;50.0000000000;0.00000000000
316;-15.0000000000;50.0000000000;0.00000000000
317;-15.5000000000;50.0000000000;0.00000000000
318;-16.0000000000;50.0000000000;0.00000000000
319;-16.5000000000;50.0000000000;0.00000000000
320;-17.0000000000;50.0000000000;0.00000000000
;;;
NODE;X;Y;Z
321;-17.5000000000;50.0000000000;0.00000000000
322;-18.0000000000;50.0000000000;0.00000000000
323;-18.5000000000;50.0000000000;0.00000000000
324;-19.0000000000;50.0000000000;0.00000000000
325;-19.5000000000;50.0000000000;0.00000000000
326;-20.0000000000;50.0000000000;0.00000000000
327;-20.5000000000;50.0000000000;0.00000000000
328;-21.0000000000;50.0000000000;0.00000000000
329;-21.5000000000;50.0000000000;0.00000000000
330;-22.0000000000;50.0000000000;0.00000000000
331;-22.5000000000;50.0000000000;0.00000000000
332;-23.0000000000;50.0000000000;0.00000000000
333;-23.5000000000;50.0000000000;0.00000000000
334;-24.0000000000;50.0000000000;0.00000000000
335;-24.5000000000;50.0000000000;0.00000000000
336;-25.0000000000;50.0000000000;0.00000000000
337;-25.5000000000;50.0000000000;0.00000000000
338;-26.0000000000;50.0000000000;0.00000000000
339;-26.5000000000;50.0000000000;0.00000000000
340;-27.0000000000;50.0000000000;0.00000000000
;;;
NODE;X;Y;Z
341;-27.5000000000;50.0000000000;0.00000000000
342;-28.0000000000;50.0000000000;0.00000000000
343;-28.5000000000;50.0000000000;0.00000000000
344;-29.0000000000;50.0000000000;0.00000000000
345;-29.5000000000;50.0000000000;0.00000000000
346;-30.0000000000;50.0000000000;0.00000000000
347;-30.5000000000;50.0000000000;0.00000000000
348;-31.0000000000;50.0000000000;0.00000000000
349;-31.5000000000;50.0000000000;0.00000000000
350;-32.0000000000;50.0000000000;0.00000000000
351;-32.5000000000;50.0000000000;0.00000000000
352;-33.0000000000;50.0000000000;0.00000000000
353;-33.5000000000;50.0000000000;0.00000000000
354;-34.0000000000;50.0000000000;0.00000000000
355;-34.5000000000;50.0000000000;0.00000000000
356;-35.0000000000;50.0000000000;0.00000000000
357;-35.5000000000;50.0000000000;0.00000000000
358;-36.0000000000;50.0000000000;0.00000000000
359;-36.5000000000;50.0000000000;0.00000000000
360;-37.0000000000;50.0000000000;0.00000000000
;;;
NODE;X;Y;Z
361;-37.5000000000;50.0000000000;0.00000000000
362;-38.0000000000;50.0000000000;0.00000000000
363;-38.5000000000;50.0000000000;0.00000000000
364;-39.0000000000;50.0000000000;0.00000000000
365;-39.5000000000;50.0000000000;0.00000000000
366;-40.0000000000;50.0000000000;0.00000000000
367;-40.5000000000;50.0000000000;0.00000000000
368;-41.0000000000;50.0000000000;0.00000000000
369;-41.5000000000;50.0000000000;0.00000000000
370;-42.0000000000;50.0000000000;0.00000000000
371;-42.5000000000;50.0000000000;0.00000000000
372;-43.0000000000;50.0000000000;0.00000000000
373;-43.5000000000;50.0000000000;0.00000000000
374;-44.0000000000;50.0000000000;0.00000000000
375;-44.5000000000;50.0000000000;0.00000000000
376;-45.0000000000;50.0000000000;0.00000000000
377;-45.5000000000;50.0000000000;0.00000000000
378;-46.0000000000;50.0000000000;0.00000000000
379;-46.5000000000;50.0000000000;0.00000000000
380;-47.0000000000;50.0000000000;0.00000000000
;;;
NODE;X;Y;Z
381;-47.5000000000;50.0000000000;0.00000000000
382;-48.0000000000;50.0000000000;0.00000000000
383;-48.5000000000;50.0000000000;0.00000000000
384;-49.0000000000;50.0000000000;0.00000000000
385;-49.5000000000;50.0000000000;0.00000000000
386;-50.0000000000;50.0000000000;0.00000000000
387;-50.5000000000;50.0000000000;0.00000000000
388;-51.0000000000;50.0000000000;0.00000000000
389;-51.5000000000;50.0000000000;0.00000000000
390;-52.0000000000;50.0000000000;0.00000000000
391;-52.5000000000;50.0000000000;0.00000000000
392;-53.0000000000;50.0000000000;0.00000000000
393;-53.5000000000;50.0000000000;0.00000000000
394;-54.0000000000;50.0000000000;0.00000000000
395;-54.5000000000;50.0000000000;0.00000000000
396;-55.0000000000;50.0000000000;0.00000000000
397;-55.5000000000;50.0000000000;0.00000000000
398;-56.0000000000;50.0000000000;0.00000000000
399;-56.5000000000;50.0000000000;0.00000000000
400;-57.0000000000;50.0000000000;0.00000000000
;;;
NODE;X;Y;Z
401;-57.5000000000;50.0000000000;0.00000000000
402;-58.0000000000;50.0000000000;0.00000000000
403;-58.5000000000;50.0000000000;0.00000000000
404;-59.0000000000;50.0000000000;0.00000000000
405;-59.5000000000;50.0000000000;0.00000000000
406;-60.0000000000;50.0000000000;0.00000000000
407;-60.5000000000;50.0000000000;0.00000000000
408;-61.0000000000;50.0000000000;0.00000000000
409;-61.5000000000;50.0000000000;0.00000000000
410;-62.0000000000;50.0000000000;0.00000000000
411;-62.5000000000;50.0000000000;0.00000000000
412;-63.0000000000;50.0000000000;0.00000000000
413;-63.5000000000;50.0000000000;0.00000000000
414;-64.0000000000;50.0000000000;0.00000000000
415;-64.5000000000;50.0000000000;0.00000000000
416;-65.0000000000;50.0000000000;0.00000000000
417;-65.5000000000;50.0000000000;0.00000000000
418;-66.0000000000;50.0000000000;0.00000000000
419;-66.5000000000;50.0000000000;0.00000000000
420;-67.0000000000;50.0000000000;0.00000000000
;;;
NODE;X;Y;Z
421;-67.5000000000;50.0000000000;0.00000000000
422;-68.0000000000;50.0000000000;0.00000000000
423;-68.5000000000;50.0000000000;0.00000000000
424;-69.0000000000;50.0000000000;0.00000000000
425;-69.5000000000;50.0000000000;0.00000000000
426;-70.0000000000;50.0000000000;0.00000000000
427;-70.5000000000;50.0000000000;0.00000000000
428;-71.0000000000;50.0000000000;0.00000000000
429;-71.5000000000;50.0000000000;0.00000000000
430;-72.0000000000;50.0000000000;0.00000000000
431;-72.5000000000;50.0000000000;0.00000000000
432;-73.0000000000;50.0000000000;0.00000000000
433;-73.5000000000;50.0000000000;0.00000000000
434;-74.0000000000;50.0000000000;0.00000000000
435;-74.5000000000;50.0000000000;0.00000000000
436;-75.0000000000;50.0000000000;0.00000000000
437;-75.5000000000;50.0000000000;0.00000000000
438;-76.0000000000;50.0000000000;0.00000000000
439;-76.5000000000;50.0000000000;0.00000000000
440;-77.0000000000;50.0000000000;0.00000000000
;;;
NODE;X;Y;Z
441;-77.5000000000;50.0000000000;0.00000000000
442;-78.0000000000;50.0000000000;0.00000000000
443;-78.5000000000;50.0000000000;0.00000000000
444;-79.0000000000;50.0000000000;0.00000000000
445;-79.5000000000;50.0000000000;0.00000000000
446;-80.0000000000;50.0000000000;0.00000000000
447;-80.5000000000;50.0000000000;0.00000000000
448;-81.0000000000;50.0000000000;0.00000000000
449;-81.5000000000;50.0000000000;0.00000000000
450;-82.0000000000;50.0000000000;0.00000000000
451;-82.5000000000;50.0000000000;0.00000000000
452;-83.0000000000;50.0000000000;0.00000000000
453;-83.5000000000;50.0000000000;0.00000000000
454;-84.0000000000;50.0000000000;0.00000000000
455;-84.5000000000;50.0000000000;0.00000000000
456;-85.0000000000;50.0000000000;0.00000000000
457;-85.5000000000;50.0000000000;0.00000000000
458;-86.0000000000;50.0000000000;0.00000000000
459;-86.5000000000;50.0000000000;0.00000000000
460;-87.0000000000;50.0000000000;0.00000000000
;;;
NODE;X;Y;Z
461;-87.5000000000;50.0000000000;0.00000000000
462;-88.0000000000;50.0000000000;0.00000000000
463;-88.5000000000;50.0000000000;0.00000000000
464;-89.0000000000;50.0000000000;0.00000000000
465;-89.5000000000;50.0000000000;0.00000000000
466;-90.0000000000;50.0000000000;0.00000000000
467;-90.5000000000;50.0000000000;0.00000000000
468;-91.0000000000;50.0000000000;0.00000000000
469;-91.5000000000;50.0000000000;0.00000000000
470;-92.0000000000;50.0000000000;0.00000000000
471;-92.5000000000;50.0000000000;0.00000000000
472;-93.0000000000;50.0000000000;0.00000000000
473;-93.5000000000;50.0000000000;0.00000000000
474;-94.0000000000;50.0000000000;0.00000000000
475;-94.5000000000;50.0000000000;0.00000000000
476;-95.0000000000;50.0000000000;0.00000000000
477;-95.5000000000;50.0000000000;0.00000000000
478;-96.0000000000;50.0000000000;0.00000000000
479;-96.5000000000;50.0000000000;0.00000000000
480;-97.0000000000;50.0000000000;0.00000000000
;;;
NODE;X;Y;Z
481;-97.5000000000;50.0000000000;0.00000000000
482;-98.0000000000;50.0000000000;0.00000000000
483;-98.5000000000;50.0000000000;0.00000000000
484;-99.0000000000;50.0000000000;0.00000000000
485;-99.5000000000;50.0000000000;0.00000000000
486;-100.000000000;49.5000000000;0.00000000000
487;-100.000000000;49.0000000000;0.00000000000
488;-100.000000000;48.5000000000;0.00000000000
489;-100.000000000;48.0000000000;0.00000000000
490;-100.000000000;47.5000000000;0.00000000000
491;-100.000000000;47.0000000000;0.00000000000
492;-100.000000000;46.5000000000;0.00000000000
493;-100.000000000;46.0000000000;0.00000000000
494;-100.000000000;45.5000000000;0.00000000000
495;-100.000000000;45.0000000000;0.00000000000
496;-100.000000000;44.5000000000;0.00000000000
497;-100.000000000;44.0000000000;0.00000000000
498;-100.000000000;43.5000000000;0.00000000000
499;-100.000000000;43.0000000000;0.00000000000
500;-100.000000000;42.5000000000;0.00000000000
;;;
NODE;X;Y;Z
501;-100.000000000;42.0000000000;0.00000000000
502;-100.000000000;41.5000000000;0.00000000000
503;-100.000000000;41.0000000000;0.00000000000
504;-100.000000000;40.5000000000;0.00000000000
505;-100.000000000;40.0000000000;0.00000000000
506;-100.000000000;39.5000000000;0.00000000000
507;-100.000000000;39.0000000000;0.00000000000
508;-100.000000000;38.5000000000;0.00000000000
509;-100.000000000;38.0000000000;0.00000000000
510;-100.000000000;37.5000000000;0.00000000000
511;-100.000000000;37.0000000000;0.00000000000
512;-100.000000000;36.5000000000;0.00000000000
513;-100.000000000;36.0000000000;0.00000000000
514;-100.000000000;35.5000000000;0.00000000000
515;-100.000000000;35.0000000000;0.00000000000
516;-100.000000000;34.5000000000;0.00000000000
517;-100.000000000;34.0000000000;0.00000000000
518;-100.000000000;33.5000000000;0.00000000000
519;-100.000000000;33.0000000000;0.00000000000
520;-100.000000000;32.5000000000;0.00000000000
;;;
NODE;X;Y;Z
521;-100.000000000;32.0000000000;0.00000000000
522;-100.000000000;31.5000000000;0.00000000000
523;-100.000000000;31.0000000000;0.00000000000
524;-100.000000000;30.5000000000;0.00000000000
525;-100.000000000;30.0000000000;0.00000000000
526;-100.000000000;29.5000000000;0.00000000000
527;-100.000000000;29.0000000000;0.00000000000
528;-100.000000000;28.5000000000;0.00000000000
529;-100.000000000;28.0000000000;0.00000000000
530;-100.000000000;27.5000000000;0.00000000000
531;-100.000000000;27.0000000000;0.00000000000
532;-100.000000000;26.5000000000;0.00000000000
533;-100.000000000;26.0000000000;0.00000000000
534;-100.000000000;25.5000000000;0.00000000000
535;-100.000000000;25.0000000000;0.00000000000
536;-100.000000000;24.5000000000;0.00000000000
537;-100.000000000;24.0000000000;0.00000000000
538;-100.000000000;23.5000000000;0.00000000000
539;-100.000000000;23.0000000000;0.00000000000
540;-100.000000000;22.5000000000;0.00000000000
;;;
NODE;X;Y;Z
541;-100.000000000;22.0000000000;0.00000000000
542;-100.000000000;21.5000000000;0.00000000000
543;-100.000000000;21.0000000000;0.00000000000
544;-100.000000000;20.5000000000;0.00000000000
545;-100.000000000;20.0000000000;0.00000000000
546;-100.000000000;19.5000000000;0.00000000000
547;-100.000000000;19.0000000000;0.00000000000
548;-100.000000000;18.5000000000;0.00000000000
549;-100.000000000;18.0000000000;0.00000000000
550;-100.000000000;17.5000000000;0.00000000000
551;-100.000000000;17.0000000000;0.00000000000
552;-100.000000000;16.5000000000;0.00000000000
553;-100.000000000;16.0000000000;0.00000000000
554;-100.000000000;15.5000000000;0.00000000000
555;-100.000000000;15.0000000000;0.00000000000
556;-100.000000000;14.5000000000;0.00000000000
557;-100.000000000;14.0000000000;0.00000000000
558;-100.000000000;13.5000000000;0.00000000000
559;-100.000000000;13.0000000000;0.00000000000
560;-100.000000000;12.5000000000;0.00000000000
;;;
NODE;X;Y;Z
561;-100.000000000;12.0000000000;0.00000000000
562;-100.000000000;11.5000000000;0.00000000000
563;-100.000000000;11.0000000000;0.00000000000
564;-100.000000000;10.5000000000;0.00000000000
565;-100.000000000;10.0000000000;0.00000000000
566;-100.000000000;9.50000000000;0.00000000000
567;-100.000000000;9.00000000000;0.00000000000
568;-100.000000000;8.50000000000;0.00000000000
569;-100.000000000;8.00000000000;0.00000000000
570;-100.000000000;7.50000000000;0.00000000000
571;-100.000000000;7.00000000000;0.00000000000
572;-100.000000000;6.50000000000;0.00000000000
573;-100.000000000;6.00000000000;0.00000000000
574;-100.000000000;5.50000000000;0.00000000000
575;-100.000000000;5.00000000000;0.00000000000
576;-100.000000000;4.50000000000;0.00000000000
577;-100.000000000;4.00000000000;0.00000000000
578;-100.000000000;3.50000000000;0.00000000000
579;-100.000000000;3.00000000000;0.00000000000
580;-100.000000000;2.50000000000;0.00000000000
;;;
NODE;X;Y;Z
581;-100.000000000;2.00000000000;0.00000000000
582;-100.000000000;1.50000000000;0.00000000000
583;-100.000000000;1.00000000000;0.00000000000
584;-100.000000000;0.500000000000;0.00000000000
585;-89.0415192630;19.9847457076;0.00000000000
586;-11.1046577620;31.9078744069;0.00000000000
587;-11.7419234136;31.8502866660;0.00000000000
588;-11.3468687671;32.4186583813;0.00000000000
589;-11.8535142211;32.5499222002;0.00000000000
590;-11.3309944316;33.0256908465;0.00000000000
591;-10.8485746744;32.5974551044;0.00000000000
592;-77.5458825104;11.0648126063;0.00000000000
593;-77.4946600815;11.6280829838;0.00000000000
594;-76.9701576204;11.2276013964;0.00000000000
595;-76.8057434552;11.6250315045;0.00000000000
596;-76.4494511326;11.1646427837;0.00000000000
597;-76.9317615364;10.7758877904;0.00000000000
598;-12.4697651285;32.6256413537;0.00000000000
599;-11.8376398857;33.1569546654;0.00000000000
600;-12.4688078574;33.3531761936;0.00000000000
;;;
NODE;X;Y;Z
601;-11.0484618809;33.3602461271;0.00000000000
602;-11.6745509821;33.8034042263;0.00000000000
603;-53.4278236832;29.3620483986;0.00000000000
604;-54.0855999419;31.1446560371;0.00000000000
605;-54.8456126465;31.4372728123;0.00000000000
606;-54.1094972124;31.8127734617;0.00000000000
607;-54.5303328092;32.0994498167;0.00000000000
608;-53.4672737463;31.6630757412;0.00000000000
609;-53.7058299772;32.2761421169;0.00000000000
610;-39.4407125197;13.0699430334;0.00000000000
611;-40.0611278063;12.5454334079;0.00000000000
612;-39.9934668867;13.3428287669;0.00000000000
613;-40.4818657116;13.0519269908;0.00000000000
614;-39.6468019992;13.8577085157;0.00000000000
615;-40.2772596518;13.8826129134;0.00000000000
616;-88.4858459890;18.5116712006;0.00000000000
617;-87.8097059254;18.4421542619;0.00000000000
618;-88.2638522253;17.9228889686;0.00000000000
619;-87.7792747141;17.7195995692;0.00000000000
620;-88.3446007794;17.3303248033;0.00000000000
;;;
NODE;X;Y;Z
621;-88.7289557712;17.7747537309;0.00000000000
622;-76.6688706841;12.1421379270;0.00000000000
623;-76.2850369673;11.5620728918;0.00000000000
624;-76.0555160468;12.0533852805;0.00000000000
625;-76.1367559199;10.8791991290;0.00000000000
626;-75.7347301938;11.3632696325;0.00000000000
627;-75.8235542628;12.5724040450;0.00000000000
628;-75.5052092733;11.8545820212;0.00000000000
629;-75.2565978053;12.4299221930;0.00000000000
630;-74.9805774961;11.6313045534;0.00000000000
631;-75.3282862968;11.0674059521;0.00000000000
632;-29.0182150217;28.8819317183;0.00000000000
633;-28.3339331887;29.8304577815;0.00000000000
634;-27.7036937636;28.8087956911;0.00000000000
635;-27.3035091972;29.7343836127;0.00000000000
636;-27.9922893918;26.8102137823;0.00000000000
637;-30.3354857049;27.7532752556;0.00000000000
638;-31.0942344642;28.5078510668;0.00000000000
639;-29.2357487538;27.9080968952;0.00000000000
640;-30.0819230871;29.1584530216;0.00000000000
;;;
NODE;X;Y;Z
641;-28.9038877561;25.7390923017;0.00000000000
642;-28.9679429248;26.8250571840;0.00000000000
643;-31.0318551954;29.8330828884;0.00000000000
644;-42.8304785048;28.7355624906;0.00000000000
645;-33.3399474404;27.3017655664;0.00000000000
646;-32.4125093910;26.8284920954;0.00000000000
647;-85.7150807374;28.8485064260;0.00000000000
648;-79.9890718438;25.2992393606;0.00000000000
649;-79.7249166644;25.9031663901;0.00000000000
650;-78.9399181250;25.5677993167;0.00000000000
651;-23.2886560514;13.7004704013;0.00000000000
652;-23.1085444444;12.8730624204;0.00000000000
653;-23.8472259260;13.2937750623;0.00000000000
654;-23.7878788467;12.6345190711;0.00000000000
655;-24.5149874418;13.2831974686;0.00000000000
656;-24.1999998078;13.8743781105;0.00000000000
657;-89.5374500978;39.1228302739;0.00000000000
658;-88.8595557897;38.6962568844;0.00000000000
659;-37.8349911335;37.2103826167;0.00000000000
660;-37.4335113742;37.7831890624;0.00000000000
;;;
NODE;X;Y;Z
661;-37.3515504585;37.0065653916;0.00000000000
662;-36.9255341135;37.3015830475;0.00000000000
663;-36.9692860679;36.5126269410;0.00000000000
664;-37.5801267728;36.4412331864;0.00000000000
665;-52.5866153023;14.8847866634;0.00000000000
666;-53.3028615127;15.3176978907;0.00000000000
667;-53.0442119889;14.2503866608;0.00000000000
668;-32.0441665724;29.1824809335;0.00000000000
669;-85.8736525798;29.5962348579;0.00000000000
670;-26.8120568146;7.86771976584;0.00000000000
671;-24.0642690308;5.94968426635;0.00000000000
672;-61.7147822811;27.8823320966;0.00000000000
673;-77.4486195753;25.8202418435;0.00000000000
674;-46.5195940953;17.6756680093;0.00000000000
675;-87.1386721989;30.4426339387;0.00000000000
676;-87.9534412468;28.8858374236;0.00000000000
677;-76.3095338707;23.8957002660;0.00000000000
678;-55.2375125931;14.2739460483;0.00000000000
679;-56.5636177066;14.3533809723;0.00000000000
680;-34.9760115329;39.9490232394;0.00000000000
;;;
NODE;X;Y;Z
681;-35.4717858537;39.4807352610;0.00000000000
682;-73.9530713052;12.6226370756;0.00000000000
683;-55.8181063953;25.2024514807;0.00000000000
684;-57.4688803514;24.9751256937;0.00000000000
685;-54.5268904272;27.5980833857;0.00000000000
686;-54.9667690508;27.0497747068;0.00000000000
687;-42.0120856351;28.2029192736;0.00000000000
688;-79.7200072567;28.3329291305;0.00000000000
689;-25.0161937645;31.6676219041;0.00000000000
690;-25.0935061419;30.7871612492;0.00000000000
691;-25.8020601177;31.4201371235;0.00000000000
692;-25.9927257335;30.6248091870;0.00000000000
693;-25.7026854103;32.2016275280;0.00000000000
694;-46.9550584828;34.1535011243;0.00000000000
695;-47.3510898633;34.9417080434;0.00000000000
696;-21.5019239990;31.9516708700;0.00000000000
697;-68.8306163798;15.5809515130;0.00000000000
698;-17.4687779929;32.8124939722;0.00000000000
699;-16.3240267597;32.6489874467;0.00000000000
700;-42.3617649000;14.3242786340;0.00000000000
;;;
NODE;X;Y;Z
701;-43.0435538924;14.2576185581;0.00000000000
702;-46.9408527619;14.4756731264;0.00000000000
703;-47.5087239236;14.3510297078;0.00000000000
704;-78.4997142285;37.8875139465;0.00000000000
705;-77.9711459189;38.3887967725;0.00000000000
706;-78.2692568033;37.2041537931;0.00000000000
707;-77.6073315528;37.7428314079;0.00000000000
708;-79.6885769026;36.4499357842;0.00000000000
709;-78.8742602100;36.7563873567;0.00000000000
710;-9.51939590509;35.7153555036;0.00000000000
711;-81.4641790836;20.2119292016;0.00000000000
712;-81.0018424896;19.5633178239;0.00000000000
713;-81.8129374799;19.6056722559;0.00000000000
714;-75.4754302344;23.4543294625;0.00000000000
715;-75.6825848188;24.2580012438;0.00000000000
716;-74.2223161337;23.7930583856;0.00000000000
717;-74.5822159324;24.3624221033;0.00000000000
718;-65.9127191089;24.7514251750;0.00000000000
719;-66.7485766173;23.9323164004;0.00000000000
720;-67.2304135076;24.8263439661;0.00000000000
;;;
NODE;X;Y;Z
721;-67.9353274675;24.1369152789;0.00000000000
722;-36.4903252412;23.6160138833;0.00000000000
723;-36.8503867990;24.3091293366;0.00000000000
724;-37.2035158941;23.7640776317;0.00000000000
725;-55.4963880289;28.1962959370;0.00000000000
726;-55.3239973693;27.5240642513;0.00000000000
727;-55.0083220648;27.9619861843;0.00000000000
728;-76.8696030289;26.1995145687;0.00000000000
729;-77.7569659875;26.3482398050;0.00000000000
730;-77.2442924350;26.6699736153;0.00000000000
731;-80.7423170020;16.9768543274;0.00000000000
732;-81.4523706986;17.1318347015;0.00000000000
733;-81.2654538913;16.5087209635;0.00000000000
734;-48.1230953680;14.5105331462;0.00000000000
735;-48.7438507379;14.1810444457;0.00000000000
736;-48.0932342219;13.8252738650;0.00000000000
737;-19.9649744420;34.6803827354;0.00000000000
738;-19.4203695132;34.3977173549;0.00000000000
739;-19.4335330841;35.1835320921;0.00000000000
740;-55.7411758477;14.8994377757;0.00000000000
;;;
NODE;X;Y;Z
741;-54.8538045716;15.3920652752;0.00000000000
742;-54.2227774816;14.7706708308;0.00000000000
743;-37.7474337463;12.8136227993;0.00000000000
744;-38.4939483411;12.9030061851;0.00000000000
745;-38.1767891760;12.2997895872;0.00000000000
746;-87.9810976007;23.3627193863;0.00000000000
747;-87.5839398198;23.9305713797;0.00000000000
748;-88.2191218175;23.9576339985;0.00000000000
749;-79.3786641355;38.0308485183;0.00000000000
750;-79.1047176351;37.4397475101;0.00000000000
751;-78.8601546413;38.4939396757;0.00000000000
752;-11.3584934121;34.2085487462;0.00000000000
753;-12.0464263619;34.6572506525;0.00000000000
754;-12.3057189538;33.9996257545;0.00000000000
755;-11.1543548457;39.3435351622;0.00000000000
756;-11.8518809628;38.9873887323;0.00000000000
757;-11.2544761352;38.7154111506;0.00000000000
758;-41.6019345951;40.1790590223;0.00000000000
759;-41.1158532199;39.7323149371;0.00000000000
760;-40.9738072803;40.4043692809;0.00000000000
;;;
NODE;X;Y;Z
761;-10.2450070647;31.4553334419;0.00000000000
762;-10.6063636693;32.0866711301;0.00000000000
763;-10.8728874666;31.2825855422;0.00000000000
764;-8.49620134949;41.4810642116;0.00000000000
765;-9.15010708479;41.3496643035;0.00000000000
766;-8.94593717472;41.9284978566;0.00000000000
767;-46.7091158563;31.5103046101;0.00000000000
768;-10.5959192466;35.0726067267;0.00000000000
769;-11.2356663334;35.7044229454;0.00000000000
770;-11.9850003675;36.1144725514;0.00000000000
771;-13.7287807236;36.6632158102;0.00000000000
772;-12.8532444764;36.4495996921;0.00000000000
773;-45.0251653707;32.5703406186;0.00000000000
774;-46.7329607790;33.3542057220;0.00000000000
775;-84.9481749620;20.2322378600;0.00000000000
776;-83.7566600566;21.3417256810;0.00000000000
777;-30.7166798525;19.1632062690;0.00000000000
778;-31.3766037448;17.4700362292;0.00000000000
779;-27.6377657846;8.13963549658;0.00000000000
780;-66.2502591186;12.8082289792;0.00000000000
;;;
NODE;X;Y;Z
781;-33.4531855683;18.5463327927;0.00000000000
782;-61.0249155991;27.5001510003;0.00000000000
783;-77.5593154012;25.0455337112;0.00000000000
784;-53.7441949386;26.0870985144;0.00000000000
785;-43.9488841107;22.5118660124;0.00000000000
786;-40.1432207968;28.4061664025;0.00000000000
787;-45.9023484262;32.9584115097;0.00000000000
788;-45.8609844854;32.0253881501;0.00000000000
789;-83.4988622537;20.3025686678;0.00000000000
790;-82.9233139277;20.8878737145;0.00000000000
791;-30.2378265757;30.5158806628;0.00000000000
792;-29.3976412540;30.1069790848;0.00000000000
793;-45.1503197894;33.5271418773;0.00000000000
794;-31.9527067642;17.9992461244;0.00000000000
795;-76.2326734454;15.3317991016;0.00000000000
796;-70.2984634120;16.1197162794;0.00000000000
797;-46.0847713645;15.7567146762;0.00000000000
798;-45.4346316233;15.7940510453;0.00000000000
799;-45.8348020787;14.8974576071;0.00000000000
800;-45.3789172565;15.1326983700;0.00000000000
;;;
NODE;X;Y;Z
801;-46.4013580895;14.8019696829;0.00000000000
802;-20.7870595887;33.1231101378;0.00000000000
803;-20.2147383878;32.3941218863;0.00000000000
804;-41.5166979677;15.5297419249;0.00000000000
805;-68.1514502235;13.7695667276;0.00000000000
806;-29.0760167848;11.5544272854;0.00000000000
807;-30.1148619562;11.0069281173;0.00000000000
808;-44.1474795043;20.5911608143;0.00000000000
809;-44.3370747061;20.9831653581;0.00000000000
810;-44.6071786028;20.6090775488;0.00000000000
811;-26.6140819253;31.3922454328;0.00000000000
812;-26.3819386986;32.1419419594;0.00000000000
813;-45.7746760094;36.0727297379;0.00000000000
814;-45.3927268982;35.6443366705;0.00000000000
815;-45.0613626847;36.3522189384;0.00000000000
816;-45.5060482977;14.3277169154;0.00000000000
817;-46.0291124942;13.9826570981;0.00000000000
818;-0.508820446840;20.9872228784;0.00000000000
819;-0.530321304281;21.9958996293;0.00000000000
820;-0.541801537697;23.0038874925;0.00000000000
;;;
NODE;X;Y;Z
821;-0.548522479361;24.0090217281;0.00000000000
822;-0.550937184258;25.0120612500;0.00000000000
823;-0.549484008293;26.0139027484;0.00000000000
824;-0.544442192692;27.0151724875;0.00000000000
825;-0.536274389726;28.0168352541;0.00000000000
826;-0.524372860009;29.0245928587;0.00000000000
827;-0.524004301560;30.0310829628;0.00000000000
828;-0.523789665533;31.0308324655;0.00000000000
829;-0.524275410447;32.0305088035;0.00000000000
830;-0.524995616739;33.0302036261;0.00000000000
831;-0.525660271887;34.0299700710;0.00000000000
832;-0.526138503629;35.0298240265;0.00000000000
833;-0.526409835138;36.0297559198;0.00000000000
834;-0.526519915526;37.0297549072;0.00000000000
835;-0.526543246795;38.0298032433;0.00000000000
836;-0.526556823198;39.0299376728;0.00000000000
837;-0.526711041876;40.0301449632;0.00000000000
838;-0.520228320181;41.0282595184;0.00000000000
839;-0.518858413174;42.0271146357;0.00000000000
840;-0.519015404741;43.0265085433;0.00000000000
;;;
NODE;X;Y;Z
841;-0.516776731292;44.0226256726;0.00000000000
842;-0.516287221877;45.0174938805;0.00000000000
843;-0.517035995075;46.0117924918;0.00000000000
844;-0.514300078877;47.0070889087;0.00000000000
845;-0.504030413209;48.9995759490;0.00000000000
846;-21.9847554473;0.530127165442;0.00000000000
847;-22.9822901253;0.547117335328;0.00000000000
848;-23.9740961583;0.566069137887;0.00000000000
849;-24.9676304875;0.558852580626;0.00000000000
850;-25.9644046551;0.547289152584;0.00000000000
851;-26.9642944381;0.532886753983;0.00000000000
852;-27.9691828523;0.519087974742;0.00000000000
853;-28.9687888790;0.518452213520;0.00000000000
854;-29.9694927501;0.517820074171;0.00000000000
855;-30.9719707779;0.520859749714;0.00000000000
856;-31.9719942635;0.520861181984;0.00000000000
857;-32.9719928378;0.520862534924;0.00000000000
858;-33.9719914165;0.520863892717;0.00000000000
859;-34.9719900025;0.520865252430;0.00000000000
860;-35.9719885953;0.520866609981;0.00000000000
;;;
NODE;X;Y;Z
861;-36.9719871939;0.520867962614;0.00000000000
862;-37.9719857982;0.520869309197;0.00000000000
863;-38.9719844077;0.520870649392;0.00000000000
864;-39.9719830218;0.520871983245;0.00000000000
865;-40.9719816395;0.520873311163;0.00000000000
866;-41.9719802601;0.520874633735;0.00000000000
867;-42.9719788825;0.520875951659;0.00000000000
868;-43.9719775060;0.520877265746;0.00000000000
869;-44.9719761293;0.520878576844;0.00000000000
870;-45.9719747515;0.520879885822;0.00000000000
871;-46.9719733714;0.520881193478;0.00000000000
872;-47.9719719880;0.520882500523;0.00000000000
873;-48.9719705999;0.520883807680;0.00000000000
874;-49.9719692056;0.520885115776;0.00000000000
875;-50.9719678037;0.520886425883;0.00000000000
876;-51.9719663925;0.520887739493;0.00000000000
877;-52.9719649703;0.520889058619;0.00000000000
878;-53.9719635359;0.520890385631;0.00000000000
879;-54.9719620881;0.520891722836;0.00000000000
880;-55.9719606261;0.520893072033;0.00000000000
;;;
NODE;X;Y;Z
881;-56.9719591490;0.520894433955;0.00000000000
882;-57.9719576557;0.520895807614;0.00000000000
883;-58.9719561440;0.520897189630;0.00000000000
884;-59.9719546095;0.520898573894;0.00000000000
885;-60.9719530446;0.520899952128;0.00000000000
886;-61.9719514378;0.520901316039;0.00000000000
887;-62.9719497734;0.520902661920;0.00000000000
888;-63.9719480332;0.520903998054;0.00000000000
889;-64.9719462012;0.520905354839;0.00000000000
890;-65.9719442721;0.520906795940;0.00000000000
891;-66.9719422642;0.520908426162;0.00000000000
892;-67.9719402354;0.520910389190;0.00000000000
893;-68.9719382985;0.520912845088;0.00000000000
894;-69.9719366284;0.520915915829;0.00000000000
895;-70.9719354478;0.520919589134;0.00000000000
896;-71.9719349758;0.520923579141;0.00000000000
897;-72.9719353231;0.520927160980;0.00000000000
898;-73.9719363225;0.520929025586;0.00000000000
899;-74.9719373020;0.520927241755;0.00000000000
900;-75.9719368430;0.520919461619;0.00000000000
;;;
NODE;X;Y;Z
901;-76.9719326208;0.520903542819;0.00000000000
902;-77.9719214894;0.520878752853;0.00000000000
903;-78.9719000354;0.520847630384;0.00000000000
904;-79.9718658603;0.520818352826;0.00000000000
905;-80.9718197994;0.520807069427;0.00000000000
906;-81.9717691011;0.520839092847;0.00000000000
907;-82.9717311742;0.520947163582;0.00000000000
908;-83.9717369067;0.521164442192;0.00000000000
909;-84.9718318328;0.521509860562;0.00000000000
910;-85.9720727754;0.521964525803;0.00000000000
911;-86.9725174036;0.522440713413;0.00000000000
912;-87.9732053968;0.522749982517;0.00000000000
913;-88.9711615447;0.528270916672;0.00000000000
914;-89.9710940953;0.525608358158;0.00000000000
915;-90.9711935119;0.521421814524;0.00000000000
916;-91.9711439123;0.516018157962;0.00000000000
917;-92.9709261928;0.509877747313;0.00000000000
918;-93.9701532774;0.497575841625;0.00000000000
919;-94.9744923695;0.490458696866;0.00000000000
920;-95.9768481030;0.489264553639;0.00000000000
;;;
NODE;X;Y;Z
921;-96.9828079740;0.498899350864;0.00000000000
922;-97.9893807522;0.499163792951;0.00000000000
923;-98.9928550832;0.504008345615;0.00000000000
924;-20.3913765303;2.00963836243;0.00000000000
925;-20.2733301495;3.01795556171;0.00000000000
926;-20.1072475950;4.01244340542;0.00000000000
927;-19.8920559191;4.99619921710;0.00000000000
928;-19.6256458225;5.97021649300;0.00000000000
929;-19.3046622734;6.92960544812;0.00000000000
930;-18.9380025890;7.87093852253;0.00000000000
931;-18.5296748491;8.78761000378;0.00000000000
932;-18.0726871107;9.69304977081;0.00000000000
933;-17.5752373097;10.5716912544;0.00000000000
934;-17.0287203435;11.4180839685;0.00000000000
935;-16.4484859913;12.2351682720;0.00000000000
936;-15.8275957985;13.0270688181;0.00000000000
937;-15.1701131539;13.7864078559;0.00000000000
938;-14.4760376684;14.5131924985;0.00000000000
939;-13.7481463472;15.2054822886;0.00000000000
940;-12.9820614429;15.8645620083;0.00000000000
;;;
NODE;X;Y;Z
941;-12.1871978754;16.4819323309;0.00000000000
942;-11.3652417345;17.0637260247;0.00000000000
943;-10.5106043487;17.6060280922;0.00000000000
944;-9.63438090755;18.1008093389;0.00000000000
945;-8.73378852628;18.5533102279;0.00000000000
946;-7.81075951858;18.9605924910;0.00000000000
947;-6.87183151237;19.3196241861;0.00000000000
948;-5.91637871944;19.6313131817;0.00000000000
949;-4.94686394370;19.8911212822;0.00000000000
950;-3.97030472402;20.1038865310;0.00000000000
951;-2.98584606603;20.2715164648;0.00000000000
952;-1.99593738464;20.3898537119;0.00000000000
953;-99.4889087153;2.00174516764;0.00000000000
954;-99.4853767341;2.99508795645;0.00000000000
955;-99.4817085895;3.98724236443;0.00000000000
956;-99.4756265496;4.97660412645;0.00000000000
957;-99.4800989855;5.97835080808;0.00000000000
958;-99.4805011692;6.97299201668;0.00000000000
959;-99.4782059107;7.97145741961;0.00000000000
960;-99.4716234992;8.96738537563;0.00000000000
;;;
NODE;X;Y;Z
961;-99.4725535886;9.96698428949;0.00000000000
962;-99.4730062951;10.9671405551;0.00000000000
963;-99.4732260636;11.9673235811;0.00000000000
964;-99.4733007638;12.9674270045;0.00000000000
965;-99.4790035123;13.9718616261;0.00000000000
966;-99.4790037599;14.9718617130;0.00000000000
967;-99.4790040047;15.9718617572;0.00000000000
968;-99.4790042205;16.9718617540;0.00000000000
969;-99.4790043575;17.9718617094;0.00000000000
970;-99.4790043385;18.9718616499;0.00000000000
971;-99.4790040633;19.9718616344;0.00000000000
972;-99.4790034281;20.9718617650;0.00000000000
973;-99.4790023692;21.9718621905;0.00000000000
974;-99.4790009363;22.9718630936;0.00000000000
975;-99.4789993996;23.9718646489;0.00000000000
976;-99.4789983791;24.9718669377;0.00000000000
977;-99.4789989681;25.9718698058;0.00000000000
978;-99.4790027959;26.9718726626;0.00000000000
979;-99.4790119427;27.9718742358;0.00000000000
980;-99.4790285933;28.9718723271;0.00000000000
;;;
NODE;X;Y;Z
981;-99.4790543057;29.9718636558;0.00000000000
982;-99.4790887963;30.9718439287;0.00000000000
983;-99.4791282186;31.9718083210;0.00000000000
984;-99.4791630515;32.9717525961;0.00000000000
985;-99.4791759122;33.9716751078;0.00000000000
986;-99.4791398337;34.9715799308;0.00000000000
987;-99.4790177425;35.9714813699;0.00000000000
988;-99.4787639861;36.9714101417;0.00000000000
989;-99.4783287015;37.9714216880;0.00000000000
990;-99.4776654518;38.9716073360;0.00000000000
991;-99.4767413256;39.9721091019;0.00000000000
992;-99.4755456978;40.9731376976;0.00000000000
993;-99.4740926495;41.9749871439;0.00000000000
994;-99.4724479962;42.9780184357;0.00000000000
995;-99.4765749465;43.9772047887;0.00000000000
996;-99.4838250245;44.9784133813;0.00000000000
997;-99.4904528799;45.9801997339;0.00000000000
998;-99.4891962203;46.9837744100;0.00000000000
999;-99.4928708220;47.9898818930;0.00000000000
1000;-99.4936876413;48.9918189461;0.00000000000
;;;
NODE;X;Y;Z
1001;-97.9925566293;49.4914497888;0.00000000000
1002;-96.9959092050;49.4887700970;0.00000000000
1003;-95.9980523996;49.4865954773;0.00000000000
1004;-95.0010382698;49.4901442368;0.00000000000
1005;-94.0041040831;49.4928146587;0.00000000000
1006;-93.0063060873;49.4933408181;0.00000000000
1007;-92.0079044463;49.4928539729;0.00000000000
1008;-91.0091054828;49.4924804108;0.00000000000
1009;-90.0097400313;49.4925002115;0.00000000000
1010;-89.0099515163;49.4926327823;0.00000000000
1011;-88.0099975170;49.4927392532;0.00000000000
1012;-87.0099741370;49.4928036337;0.00000000000
1013;-86.0099486560;49.4928313889;0.00000000000
1014;-85.0099300518;49.4928440895;0.00000000000
1015;-84.0099202170;49.4928490886;0.00000000000
1016;-83.0099157540;49.4928512732;0.00000000000
1017;-82.0099140321;49.4928525515;0.00000000000
1018;-81.0099133255;49.4928536659;0.00000000000
1019;-80.0099129588;49.4928547338;0.00000000000
1020;-79.0099127003;49.4928557837;0.00000000000
;;;
NODE;X;Y;Z
1021;-78.0099124759;49.4928568221;0.00000000000
1022;-77.0099122632;49.4928578504;0.00000000000
1023;-76.0099120557;49.4928588687;0.00000000000
1024;-75.0099118516;49.4928598767;0.00000000000
1025;-74.0099116505;49.4928608743;0.00000000000
1026;-73.0099114525;49.4928618615;0.00000000000
1027;-72.0099112577;49.4928628383;0.00000000000
1028;-71.0099110657;49.4928638047;0.00000000000
1029;-70.0099108764;49.4928647607;0.00000000000
1030;-69.0099106890;49.4928657066;0.00000000000
1031;-68.0099105033;49.4928666432;0.00000000000
1032;-67.0099103190;49.4928675709;0.00000000000
1033;-66.0099101363;49.4928684896;0.00000000000
1034;-65.0099099554;49.4928693987;0.00000000000
1035;-64.0099097769;49.4928702972;0.00000000000
1036;-63.0099096011;49.4928711843;0.00000000000
1037;-62.0099094285;49.4928720593;0.00000000000
1038;-61.0099092592;49.4928729213;0.00000000000
1039;-60.0099090936;49.4928737695;0.00000000000
1040;-59.0099089318;49.4928746031;0.00000000000
;;;
NODE;X;Y;Z
1041;-58.0099087741;49.4928754214;0.00000000000
1042;-57.0099086206;49.4928762234;0.00000000000
1043;-56.0099084717;49.4928770083;0.00000000000
1044;-55.0099083273;49.4928777750;0.00000000000
1045;-54.0099081879;49.4928785227;0.00000000000
1046;-53.0099080534;49.4928792503;0.00000000000
1047;-52.0099079243;49.4928799568;0.00000000000
1048;-51.0099078007;49.4928806413;0.00000000000
1049;-50.0099076830;49.4928813031;0.00000000000
1050;-49.0099075715;49.4928819415;0.00000000000
1051;-48.0099074669;49.4928825561;0.00000000000
1052;-47.0099073697;49.4928831470;0.00000000000
1053;-46.0099072807;49.4928837141;0.00000000000
1054;-45.0099072009;49.4928842569;0.00000000000
1055;-44.0099071308;49.4928847737;0.00000000000
1056;-43.0099070706;49.4928852603;0.00000000000
1057;-42.0099070191;49.4928857085;0.00000000000
1058;-41.0099069737;49.4928861042;0.00000000000
1059;-40.0099069290;49.4928864271;0.00000000000
1060;-39.0099068768;49.4928866512;0.00000000000
;;;
NODE;X;Y;Z
1061;-38.0099068072;49.4928867500;0.00000000000
1062;-37.0099067101;49.4928867071;0.00000000000
1063;-36.0099065804;49.4928865342;0.00000000000
1064;-35.0099064262;49.4928862977;0.00000000000
1065;-34.0099062801;49.4928861508;0.00000000000
1066;-33.0099062129;49.4928863641;0.00000000000
1067;-32.0099063460;49.4928873387;0.00000000000
1068;-31.0099068564;49.4928895790;0.00000000000
1069;-30.0099079639;49.4928935917;0.00000000000
1070;-29.0099098866;49.4928996766;0.00000000000
1071;-28.0099127521;49.4929075820;0.00000000000
1072;-27.0099164522;49.4929160261;0.00000000000
1073;-26.0099204407;49.4929221389;0.00000000000
1074;-25.0099234929;49.4929209606;0.00000000000
1075;-24.0099234687;49.4929052262;0.00000000000
1076;-23.0099171509;49.4928657502;0.00000000000
1077;-22.0099002468;49.4927927488;0.00000000000
1078;-21.0098676473;49.4926783429;0.00000000000
1079;-20.0098140059;49.4925202336;0.00000000000
1080;-19.0097346563;49.4923261471;0.00000000000
;;;
NODE;X;Y;Z
1081;-18.0096267920;49.4921182291;0.00000000000
1082;-17.0094906015;49.4919362690;0.00000000000
1083;-16.0093294416;49.4918385749;0.00000000000
1084;-15.0091467662;49.4918995236;0.00000000000
1085;-14.0089302006;49.4922077346;0.00000000000
1086;-13.0085565760;49.4928828093;0.00000000000
1087;-12.0080543755;49.4929968997;0.00000000000
1088;-11.0093548004;49.4919948939;0.00000000000
1089;-10.0110668916;49.4927015550;0.00000000000
1090;-9.00813942485;49.4926615641;0.00000000000
1091;-8.00928882688;49.4967443597;0.00000000000
1092;-7.01076271200;49.5014027167;0.00000000000
1093;-6.01281278837;49.5063367788;0.00000000000
1094;-5.01529260431;49.5107616426;0.00000000000
1095;-4.01707428872;49.5114529603;0.00000000000
1096;-3.01515509274;49.5042784623;0.00000000000
1097;-2.00865451729;49.5030230492;0.00000000000
1098;-0.999497190340;20.4751774405;0.00000000000
1099;-1.03914175112;21.4831225077;0.00000000000
1100;-1.07212284198;22.4997871217;0.00000000000
;;;
NODE;X;Y;Z
1101;-1.09032401706;23.5129092205;0.00000000000
1102;-1.09945966362;24.5210829781;0.00000000000
1103;-1.10042119255;25.5259639985;0.00000000000
1104;-1.09392620098;26.5290752360;0.00000000000
1105;-1.08071658242;27.5320077416;0.00000000000
1106;-1.06064724973;28.5414281128;0.00000000000
1107;-1.04837716157;29.5556758216;0.00000000000
1108;-1.04779396709;30.5619154283;0.00000000000
1109;-1.04806507598;31.5613412690;0.00000000000
1110;-1.04927102719;32.5607124296;0.00000000000
1111;-1.05065588863;33.5601736971;0.00000000000
1112;-1.05179877552;34.5597940975;0.00000000000
1113;-1.05254833877;35.5595799462;0.00000000000
1114;-1.05292975066;36.5595108270;0.00000000000
1115;-1.05306316232;37.5595581505;0.00000000000
1116;-1.05310006999;38.5597409161;0.00000000000
1117;-1.05326786507;39.5600826360;0.00000000000
1118;-1.04693936206;40.5584044815;0.00000000000
1119;-1.03908673336;41.5553741541;0.00000000000
1120;-1.03787381791;42.5536231790;0.00000000000
;;;
NODE;X;Y;Z
1121;-1.03579213603;43.5491342159;0.00000000000
1122;-1.03306395317;44.5401195532;0.00000000000
1123;-1.03332321695;45.5292863723;0.00000000000
1124;-1.03133607395;46.5188814005;0.00000000000
1125;-1.00403041321;49.4995759490;0.00000000000
1126;-22.4670455726;1.07724450077;0.00000000000
1127;-23.4563862836;1.11318647322;0.00000000000
1128;-24.4417266458;1.12492171851;0.00000000000
1129;-25.4320351426;1.10614173321;0.00000000000
1130;-26.4286990932;1.08017590657;0.00000000000
1131;-27.4334772905;1.05197472873;0.00000000000
1132;-28.4379717314;1.03754018826;0.00000000000
1133;-29.4382816291;1.03627228769;0.00000000000
1134;-30.4414635280;1.03867982388;0.00000000000
1135;-31.4439650414;1.04172093170;0.00000000000
1136;-32.4439871013;1.04172371691;0.00000000000
1137;-33.4439842542;1.04172642764;0.00000000000
1138;-34.4439814190;1.04172914515;0.00000000000
1139;-35.4439785978;1.04173186241;0.00000000000
1140;-36.4439757892;1.04173457260;0.00000000000
;;;
NODE;X;Y;Z
1141;-37.4439729920;1.04173727181;0.00000000000
1142;-38.4439702058;1.04173995859;0.00000000000
1143;-39.4439674295;1.04174263264;0.00000000000
1144;-40.4439646613;1.04174529441;0.00000000000
1145;-41.4439618996;1.04174794490;0.00000000000
1146;-42.4439591426;1.04175058539;0.00000000000
1147;-43.4439563885;1.04175321740;0.00000000000
1148;-44.4439536353;1.04175584259;0.00000000000
1149;-45.4439508808;1.04175846267;0.00000000000
1150;-46.4439481229;1.04176107930;0.00000000000
1151;-47.4439453594;1.04176369400;0.00000000000
1152;-48.4439425879;1.04176630820;0.00000000000
1153;-49.4439398055;1.04176892346;0.00000000000
1154;-50.4439370093;1.04177154166;0.00000000000
1155;-51.4439341962;1.04177416538;0.00000000000
1156;-52.4439313629;1.04177679811;0.00000000000
1157;-53.4439285062;1.04177944425;0.00000000000
1158;-54.4439256240;1.04178210847;0.00000000000
1159;-55.4439227142;1.04178479487;0.00000000000
1160;-56.4439197751;1.04178750599;0.00000000000
;;;
NODE;X;Y;Z
1161;-57.4439168047;1.04179024157;0.00000000000
1162;-58.4439137997;1.04179299724;0.00000000000
1163;-59.4439107535;1.04179576352;0.00000000000
1164;-60.4439076541;1.04179852602;0.00000000000
1165;-61.4439044824;1.04180126817;0.00000000000
1166;-62.4439012112;1.04180397796;0.00000000000
1167;-63.4438978066;1.04180665997;0.00000000000
1168;-64.4438942345;1.04180935289;0.00000000000
1169;-65.4438904733;1.04181215078;0.00000000000
1170;-66.4438865363;1.04181522210;0.00000000000
1171;-67.4438824995;1.04181881535;0.00000000000
1172;-68.4438785338;1.04182323428;0.00000000000
1173;-69.4438749269;1.04182876092;0.00000000000
1174;-70.4438720762;1.04183550496;0.00000000000
1175;-71.4438704236;1.04184316828;0.00000000000
1176;-72.4438702990;1.04185074012;0.00000000000
1177;-73.4438716457;1.04185618657;0.00000000000
1178;-74.4438736245;1.04185626734;0.00000000000
1179;-75.4438741449;1.04184670337;0.00000000000
1180;-76.4438694638;1.04182300444;0.00000000000
;;;
NODE;X;Y;Z
1181;-77.4438541103;1.04178229567;0.00000000000
1182;-78.4438215248;1.04172638324;0.00000000000
1183;-79.4437658956;1.04166598321;0.00000000000
1184;-80.4436856597;1.04162542225;0.00000000000
1185;-81.4435889005;1.04164616227;0.00000000000
1186;-82.4435002753;1.04178625643;0.00000000000
1187;-83.4434680809;1.04211160577;0.00000000000
1188;-84.4435687395;1.04267430275;0.00000000000
1189;-85.4439046081;1.04347438637;0.00000000000
1190;-86.4445901789;1.04440523922;0.00000000000
1191;-87.4457228004;1.04519069593;0.00000000000
1192;-88.4443669415;1.05102089919;0.00000000000
1193;-89.4422556400;1.05387927483;0.00000000000
1194;-90.4422876072;1.04703017268;0.00000000000
1195;-91.4423374241;1.03743997249;0.00000000000
1196;-92.4420701051;1.02589590528;0.00000000000
1197;-93.4410794702;1.00745358894;0.00000000000
1198;-94.4446456469;0.988034538491;0.00000000000
1199;-95.4513404724;0.979723250505;0.00000000000
1200;-96.4596560770;0.988163904503;0.00000000000
;;;
NODE;X;Y;Z
1201;-97.4721887262;0.998063143815;0.00000000000
1202;-98.4822358354;1.00317213857;0.00000000000
1203;-99.4928550832;1.00400834561;0.00000000000
1204;-20.8210943164;2.58011775196;0.00000000000
1205;-20.6809598451;3.61219097782;0.00000000000
1206;-20.4911381837;4.62793757852;0.00000000000
1207;-20.2479858590;5.63376711462;0.00000000000
1208;-19.9454640944;6.62807661174;0.00000000000
1209;-19.5884288942;7.60481109049;0.00000000000
1210;-19.1889891912;8.55616324701;0.00000000000
1211;-18.7432563946;9.49114145308;0.00000000000
1212;-18.2514256859;10.4097461991;0.00000000000
1213;-17.7119754383;11.2930454378;0.00000000000
1214;-17.1304349042;12.1405568550;0.00000000000
1215;-16.5139019481;12.9613111949;0.00000000000
1216;-15.8580931719;13.7539542762;0.00000000000
1217;-15.1655717640;14.5129429868;0.00000000000
1218;-14.4375266630;15.2380957145;0.00000000000
1219;-13.6706854082;15.9304285028;0.00000000000
1220;-12.8683334399;16.5843144844;0.00000000000
;;;
NODE;X;Y;Z
1221;-12.0397442422;17.1988869125;0.00000000000
1222;-11.1791163169;17.7777718901;0.00000000000
1223;-10.2899904498;18.3103386854;0.00000000000
1224;-9.37865113279;18.7950139913;0.00000000000
1225;-8.44216278674;19.2352144627;0.00000000000
1226;-7.48685817249;19.6259807005;0.00000000000
1227;-6.51646492454;19.9660933590;0.00000000000
1228;-5.53059409014;20.2527185750;0.00000000000
1229;-4.53646364655;20.4868424776;0.00000000000
1230;-2.53430730170;20.8177578104;0.00000000000
1231;-1.52458642774;20.9252293236;0.00000000000
1232;-98.9817637985;1.50575351325;0.00000000000
1233;-98.9742854494;2.49683312409;0.00000000000
1234;-98.9670853236;3.48233032088;0.00000000000
1235;-98.9573351391;4.46384649087;0.00000000000
1236;-98.9557255352;5.45495493453;0.00000000000
1237;-98.9606001547;6.45134282476;0.00000000000
1238;-98.9587070798;7.44444943629;0.00000000000
1239;-98.9498294099;8.43884279524;0.00000000000
1240;-98.9441770878;9.43436966512;0.00000000000
;;;
NODE;X;Y;Z
1241;-98.9455598837;10.4341248446;0.00000000000
1242;-98.9462323586;11.4344641362;0.00000000000
1243;-98.9465268273;12.4347505856;0.00000000000
1244;-98.9523042761;13.4392886306;0.00000000000
1245;-98.9580072722;14.4437233391;0.00000000000
1246;-98.9580077646;15.4437234702;0.00000000000
1247;-98.9580082252;16.4437235111;0.00000000000
1248;-98.9580085779;17.4437234634;0.00000000000
1249;-98.9580086960;18.4437233593;0.00000000000
1250;-98.9580084018;19.4437232843;0.00000000000
1251;-98.9580074914;20.4437233994;0.00000000000
1252;-98.9580057973;21.4437239555;0.00000000000
1253;-98.9580033055;22.4437252841;0.00000000000
1254;-98.9580003359;23.4437277425;0.00000000000
1255;-98.9579977787;24.4437315867;0.00000000000
1256;-98.9579973472;25.4437367436;0.00000000000
1257;-98.9580017639;26.4437424684;0.00000000000
1258;-98.9580147386;27.4437468985;0.00000000000
1259;-98.9580405361;28.4437465629;0.00000000000
1260;-98.9580828990;29.4437359829;0.00000000000
;;;
NODE;X;Y;Z
1261;-98.9581431020;30.4437075845;0.00000000000
1262;-98.9582170149;31.4436522497;0.00000000000
1263;-98.9582912701;32.4435609171;0.00000000000
1264;-98.9583389637;33.4434277039;0.00000000000
1265;-98.9583157459;34.4432550387;0.00000000000
1266;-98.9581575762;35.4430613008;0.00000000000
1267;-98.9577817287;36.4428915117;0.00000000000
1268;-98.9570926877;37.4428318297;0.00000000000
1269;-98.9559941533;38.4430290240;0.00000000000
1270;-98.9544067774;39.4437164379;0.00000000000
1271;-98.9522870234;40.4452467995;0.00000000000
1272;-98.9496383473;41.4481248415;0.00000000000
1273;-98.9465406457;42.4530055796;0.00000000000
1274;-98.9490229427;43.4552232244;0.00000000000
1275;-98.9603999710;44.4556181700;0.00000000000
1276;-98.9742779044;45.4586131152;0.00000000000
1277;-98.9796491001;46.4639741439;0.00000000000
1278;-98.9820670423;47.4736563030;0.00000000000
1279;-98.9865584633;48.4817008392;0.00000000000
1280;-98.9936876413;49.4918189461;0.00000000000
;;;
NODE;X;Y;Z
1281;-97.4884658342;48.9802198858;0.00000000000
1282;-96.4939616046;48.9753655743;0.00000000000
1283;-95.4990906694;48.9767397141;0.00000000000
1284;-94.5051423529;48.9829588955;0.00000000000
1285;-93.5104101705;48.9861554768;0.00000000000
1286;-92.5142105336;48.9861947911;0.00000000000
1287;-91.5170099291;48.9853343838;0.00000000000
1288;-90.5188455140;48.9849806223;0.00000000000
1289;-89.5196915475;48.9851329938;0.00000000000
1290;-88.5199490333;48.9853720355;0.00000000000
1291;-87.5199716540;48.9855428869;0.00000000000
1292;-86.5199227929;48.9856350226;0.00000000000
1293;-85.5198787078;48.9856754783;0.00000000000
1294;-84.5198502688;48.9856931781;0.00000000000
1295;-83.5198359710;48.9857003619;0.00000000000
1296;-82.5198297861;48.9857038247;0.00000000000
1297;-81.5198273576;48.9857062174;0.00000000000
1298;-80.5198262843;48.9857083997;0.00000000000
1299;-79.5198256591;48.9857105175;0.00000000000
1300;-78.5198251761;48.9857126057;0.00000000000
;;;
NODE;X;Y;Z
1301;-77.5198247390;48.9857146725;0.00000000000
1302;-76.5198243188;48.9857167190;0.00000000000
1303;-75.5198239073;48.9857187453;0.00000000000
1304;-74.5198235022;48.9857207510;0.00000000000
1305;-73.5198231031;48.9857227359;0.00000000000
1306;-72.5198227102;48.9857246998;0.00000000000
1307;-71.5198223234;48.9857266430;0.00000000000
1308;-70.5198219421;48.9857285653;0.00000000000
1309;-69.5198215654;48.9857304673;0.00000000000
1310;-68.5198211924;48.9857323499;0.00000000000
1311;-67.5198208223;48.9857342142;0.00000000000
1312;-66.5198204553;48.9857360606;0.00000000000
1313;-65.5198200917;48.9857378883;0.00000000000
1314;-64.5198197323;48.9857396958;0.00000000000
1315;-63.5198193780;48.9857414815;0.00000000000
1316;-62.5198190296;48.9857432436;0.00000000000
1317;-61.5198186877;48.9857449805;0.00000000000
1318;-60.5198183528;48.9857466907;0.00000000000
1319;-59.5198180253;48.9857483726;0.00000000000
1320;-58.5198177058;48.9857500246;0.00000000000
;;;
NODE;X;Y;Z
1321;-57.5198173947;48.9857516449;0.00000000000
1322;-56.5198170923;48.9857532317;0.00000000000
1323;-55.5198167990;48.9857547833;0.00000000000
1324;-54.5198165152;48.9857562977;0.00000000000
1325;-53.5198162413;48.9857577730;0.00000000000
1326;-52.5198159778;48.9857592071;0.00000000000
1327;-51.5198157250;48.9857605981;0.00000000000
1328;-50.5198154837;48.9857619444;0.00000000000
1329;-49.5198152545;48.9857632445;0.00000000000
1330;-48.5198150384;48.9857644976;0.00000000000
1331;-47.5198148365;48.9857657032;0.00000000000
1332;-46.5198146504;48.9857668611;0.00000000000
1333;-45.5198144816;48.9857679710;0.00000000000
1334;-44.5198143317;48.9857690306;0.00000000000
1335;-43.5198142014;48.9857700341;0.00000000000
1336;-42.5198140897;48.9857709688;0.00000000000
1337;-41.5198139928;48.9857718128;0.00000000000
1338;-40.5198139027;48.9857725314;0.00000000000
1339;-39.5198138058;48.9857730783;0.00000000000
1340;-38.5198136841;48.9857734012;0.00000000000
;;;
NODE;X;Y;Z
1341;-37.5198135173;48.9857734572;0.00000000000
1342;-36.5198132905;48.9857732413;0.00000000000
1343;-35.5198130066;48.9857728319;0.00000000000
1344;-34.5198127064;48.9857724485;0.00000000000
1345;-33.5198124930;48.9857725149;0.00000000000
1346;-32.5198125588;48.9857737028;0.00000000000
1347;-31.5198132024;48.9857769177;0.00000000000
1348;-30.5198148203;48.9857831707;0.00000000000
1349;-29.5198178504;48.9857932683;0.00000000000
1350;-28.5198226386;48.9858072586;0.00000000000
1351;-27.5198292042;48.9858236081;0.00000000000
1352;-26.5198368929;48.9858381650;0.00000000000
1353;-25.5198439336;48.9858430995;0.00000000000
1354;-24.5198469616;48.9858261868;0.00000000000
1355;-23.5198406196;48.9857709764;0.00000000000
1356;-22.5198173977;48.9856584990;0.00000000000
1357;-21.5197678941;48.9854710918;0.00000000000
1358;-20.5196816532;48.9851985765;0.00000000000
1359;-19.5195486622;48.9848463806;0.00000000000
1360;-18.5193614483;48.9844443762;0.00000000000
;;;
NODE;X;Y;Z
1361;-17.5191173935;48.9840544981;0.00000000000
1362;-16.5188200432;48.9837748439;0.00000000000
1363;-15.5184762078;48.9837380985;0.00000000000
1364;-14.5180769668;48.9841072581;0.00000000000
1365;-13.5174867766;48.9850905439;0.00000000000
1366;-12.5166109514;48.9858797091;0.00000000000
1367;-11.5174091759;48.9849917937;0.00000000000
1368;-10.5204216920;48.9846964489;0.00000000000
1369;-9.51920631643;48.9853631191;0.00000000000
1370;-8.51742825174;48.9894059239;0.00000000000
1371;-7.52005153889;48.9981470764;0.00000000000
1372;-6.52357550038;49.0077394955;0.00000000000
1373;-5.52810539268;49.0170984214;0.00000000000
1374;-4.53236689303;49.0222146029;0.00000000000
1375;-3.53222938145;49.0157314226;0.00000000000
1376;-2.52380961002;49.0073015115;0.00000000000
1377;-1.51268493050;49.0025989982;0.00000000000
1378;-1.58701358012;21.9626565168;0.00000000000
1379;-1.62762085395;22.9910082132;0.00000000000
1380;-1.65361089426;24.0096660721;0.00000000000
;;;
NODE;X;Y;Z
1381;-1.66480832790;25.0213730620;0.00000000000
1382;-1.66175001059;26.0296228101;0.00000000000
1383;-1.64545394405;27.0354643414;0.00000000000
1384;-1.61733990772;28.0427312586;0.00000000000
1385;-1.58294164967;29.0576229056;0.00000000000
1386;-1.56529157591;30.0754769229;0.00000000000
1387;-1.57146944736;31.0981764705;0.00000000000
1388;-1.57306967139;32.0964194049;0.00000000000
1389;-1.57524247152;33.0951316537;0.00000000000
1390;-1.57717787269;34.0943667285;0.00000000000
1391;-1.57853140992;35.0940397619;0.00000000000
1392;-1.57927229669;36.0940115244;0.00000000000
1393;-1.57953942881;37.0941496202;0.00000000000
1394;-1.57954784135;38.0944102489;0.00000000000
1395;-1.56819396304;39.0893297557;0.00000000000
1396;-1.56897541265;40.0898196868;0.00000000000
1397;-1.55725163707;41.0825879277;0.00000000000
1398;-1.55354403101;42.0760242459;0.00000000000
1399;-1.55538739623;43.0731569237;0.00000000000
1400;-1.55225270253;44.0647413402;0.00000000000
;;;
NODE;X;Y;Z
1401;-1.54923403920;45.0514766837;0.00000000000
1402;-1.54503526514;46.0358562397;0.00000000000
1403;-1.54012467223;47.0247246296;0.00000000000
1404;-21.9329496869;1.61248252841;0.00000000000
1405;-22.9295589462;1.66731978212;0.00000000000
1406;-23.9155580655;1.70271002901;0.00000000000
1407;-24.9022443923;1.68950533502;0.00000000000
1408;-25.8949024714;1.65084903390;0.00000000000
1409;-26.8971244548;1.60218118281;0.00000000000
1410;-27.9084349973;1.55750181116;0.00000000000
1411;-28.9112004552;1.55011716671;0.00000000000
1412;-29.9107572296;1.54835929594;0.00000000000
1413;-30.9098515772;1.55507146090;0.00000000000
1414;-31.9102318551;1.55444251234;0.00000000000
1415;-32.9103361439;1.55443141076;0.00000000000
1416;-33.9103616297;1.55443818789;0.00000000000
1417;-34.9103633062;1.55444806258;0.00000000000
1418;-35.9103585007;1.55445815219;0.00000000000
1419;-36.9103525244;1.55446792670;0.00000000000
1420;-37.9103464135;1.55447754627;0.00000000000
;;;
NODE;X;Y;Z
1421;-38.9103403534;1.55448711337;0.00000000000
1422;-39.9103343007;1.55449668954;0.00000000000
1423;-40.9103282489;1.55450627266;0.00000000000
1424;-41.9103221933;1.55451586555;0.00000000000
1425;-42.9103161295;1.55452547210;0.00000000000
1426;-43.9103100528;1.55453509710;0.00000000000
1427;-44.9103039585;1.55454474615;0.00000000000
1428;-45.9102978414;1.55455442548;0.00000000000
1429;-46.9102916964;1.55456414178;0.00000000000
1430;-47.9102855182;1.55457390241;0.00000000000
1431;-48.9102793013;1.55458371560;0.00000000000
1432;-49.9102730402;1.55459359051;0.00000000000
1433;-50.9102667293;1.55460353723;0.00000000000
1434;-51.9102603629;1.55461356630;0.00000000000
1435;-52.9102539347;1.55462368761;0.00000000000
1436;-53.9102474387;1.55463390845;0.00000000000
1437;-54.9102408669;1.55464423092;0.00000000000
1438;-55.9102342083;1.55465464946;0.00000000000
1439;-56.9102274470;1.55466514967;0.00000000000
1440;-57.9102205590;1.55467570984;0.00000000000
;;;
NODE;X;Y;Z
1441;-58.9102135110;1.55468630737;0.00000000000
1442;-59.9102062611;1.55469693251;0.00000000000
1443;-60.9101987635;1.55470761103;0.00000000000
1444;-61.9101909808;1.55471843572;0.00000000000
1445;-62.9101829040;1.55472960236;0.00000000000
1446;-63.9101745817;1.55474143929;0.00000000000
1447;-64.9101661553;1.55475441249;0.00000000000
1448;-65.9101578905;1.55476907855;0.00000000000
1449;-66.9101501902;1.55478595183;0.00000000000
1450;-67.9101435644;1.55480525530;0.00000000000
1451;-68.9101385278;1.55482653997;0.00000000000
1452;-69.9101353940;1.55484819711;0.00000000000
1453;-70.9101339432;1.55486695664;0.00000000000
1454;-71.9101329764;1.55487756212;0.00000000000
1455;-72.9101298197;1.55487292464;0.00000000000
1456;-73.9101199274;1.55484515345;0.00000000000
1457;-74.9100968352;1.55478788895;0.00000000000
1458;-75.9100528160;1.55470025148;0.00000000000
1459;-76.9099806316;1.55459237891;0.00000000000
1460;-77.9098767308;1.55449188244;0.00000000000
;;;
NODE;X;Y;Z
1461;-78.9097460225;1.55444958485;0.00000000000
1462;-79.9096079157;1.55454170753;0.00000000000
1463;-80.9095026595;1.55486453720;0.00000000000
1464;-81.9094961869;1.55551705884;0.00000000000
1465;-82.9096808267;1.55656788335;0.00000000000
1466;-83.9101687504;1.55800602351;0.00000000000
1467;-84.9110753200;1.55968138895;0.00000000000
1468;-85.9124913561;1.56124985019;0.00000000000
1469;-86.9144477470;1.56214698030;0.00000000000
1470;-87.9161532057;1.56249700350;0.00000000000
1471;-88.9156277605;1.56670013485;0.00000000000
1472;-89.9172137903;1.55928561204;0.00000000000
1473;-90.9185326282;1.54731605867;0.00000000000
1474;-91.9192065536;1.53191066451;0.00000000000
1475;-92.9188115674;1.51251956539;0.00000000000
1476;-93.9218516421;1.48480593602;0.00000000000
1477;-94.9304986089;1.47136378418;0.00000000000
1478;-95.9399843569;1.47010019564;0.00000000000
1479;-96.9506409980;1.48694328984;0.00000000000
1480;-97.9694282383;1.49566116949;0.00000000000
;;;
NODE;X;Y;Z
1481;-21.3877235044;2.11182231001;0.00000000000
1482;-21.2745378696;3.17778866822;0.00000000000
1483;-21.1129433084;4.22585677862;0.00000000000
1484;-20.8915490650;5.25997137761;0.00000000000
1485;-20.6082568809;6.28862370942;0.00000000000
1486;-20.2797649318;7.32013206663;0.00000000000
1487;-19.9018413588;8.31833856109;0.00000000000
1488;-19.4581155987;9.27424370097;0.00000000000
1489;-18.9555041426;10.2268288060;0.00000000000
1490;-18.4304982572;11.1547474538;0.00000000000
1491;-17.8632740752;12.0511307092;0.00000000000
1492;-17.2522606329;12.9087940481;0.00000000000
1493;-16.6027795004;13.7379227331;0.00000000000
1494;-15.9171293934;14.5349000164;0.00000000000
1495;-15.1798923215;15.2883625768;0.00000000000
1496;-14.4093139188;16.0076678773;0.00000000000
1497;-13.5985892045;16.7039589030;0.00000000000
1498;-12.7543441462;17.3437640643;0.00000000000
1499;-11.8889154681;17.9578593108;0.00000000000
1500;-10.9912315569;18.5350762779;0.00000000000
;;;
NODE;X;Y;Z
1501;-10.0653759706;19.0539113065;0.00000000000
1502;-9.12340170029;19.5429867051;0.00000000000
1503;-8.15217832230;19.9807972513;0.00000000000
1504;-7.15533170455;20.3448883265;0.00000000000
1505;-6.15176303536;20.6674951591;0.00000000000
1506;-5.13787186549;20.9295297829;0.00000000000
1507;-4.12078126662;21.1380055779;0.00000000000
1508;-2.07245825674;21.4047633327;0.00000000000
1509;-98.4689562014;1.99824254418;0.00000000000
1510;-98.4534470425;2.98295943429;0.00000000000
1511;-98.4479383637;3.96041023597;0.00000000000
1512;-98.4397009299;4.93390888058;0.00000000000
1513;-98.4442945755;5.93239181668;0.00000000000
1514;-98.4434772840;6.91797620924;0.00000000000
1515;-98.4391517076;7.91204116658;0.00000000000
1516;-98.4319207160;8.90278382342;0.00000000000
1517;-98.4331723569;9.90171650073;0.00000000000
1518;-98.4349773253;10.9026772864;0.00000000000
1519;-98.4357194676;11.9032860761;0.00000000000
1520;-98.4369890871;12.9045655436;0.00000000000
;;;
NODE;X;Y;Z
1521;-98.4441873625;13.9094309804;0.00000000000
1522;-98.4446617125;14.9097253158;0.00000000000
1523;-98.4446663346;15.9097966557;0.00000000000
1524;-98.4446663084;16.9098141767;0.00000000000
1525;-98.4446649199;17.9098180501;0.00000000000
1526;-98.4446619409;18.9098192487;0.00000000000
1527;-98.4446567064;19.9098208260;0.00000000000
1528;-98.4446489736;20.9098238884;0.00000000000
1529;-98.4446393562;21.9098292176;0.00000000000
1530;-98.4446296481;22.9098373001;0.00000000000
1531;-98.4446232619;23.9098480858;0.00000000000
1532;-98.4446254612;24.9098605992;0.00000000000
1533;-98.4446431373;25.9098725137;0.00000000000
1534;-98.4446838284;26.9098798358;0.00000000000
1535;-98.4447537148;27.9098769182;0.00000000000
1536;-98.4448545058;28.9098570765;0.00000000000
1537;-98.4449795283;29.9098140891;0.00000000000
1538;-98.4451099613;30.9097447719;0.00000000000
1539;-98.4452129695;31.9096525915;0.00000000000
1540;-98.4452442723;32.9095519322;0.00000000000
;;;
NODE;X;Y;Z
1541;-98.4451579349;33.9094722626;0.00000000000
1542;-98.4449251058;34.9094613174;0.00000000000
1543;-98.4445599613;35.9095869470;0.00000000000
1544;-98.4441443785;36.9099390412;0.00000000000
1545;-98.4438333278;37.9106360502;0.00000000000
1546;-98.4438160743;38.9118430092;0.00000000000
1547;-98.4442222168;39.9138013051;0.00000000000
1548;-98.4450351390;40.9168389268;0.00000000000
1549;-98.4462255814;41.9212805309;0.00000000000
1550;-98.4486528578;42.9268770531;0.00000000000
1551;-98.4601076369;43.9291124931;0.00000000000
1552;-98.4717328069;44.9354462706;0.00000000000
1553;-98.4793133062;45.9430372245;0.00000000000
1554;-98.4800952739;46.9572998579;0.00000000000
1555;-98.4854853707;47.9730624145;0.00000000000
1556;-97.9851711779;48.4746303103;0.00000000000
1557;-96.9890627417;48.4641992005;0.00000000000
1558;-95.9963296558;48.4598198286;0.00000000000
1559;-95.0060236605;48.4680277979;0.00000000000
1560;-94.0172357223;48.4732502992;0.00000000000
;;;
NODE;X;Y;Z
1561;-93.0281419815;48.4790927251;0.00000000000
1562;-92.0346157441;48.4773053353;0.00000000000
1563;-91.0381485112;48.4769118214;0.00000000000
1564;-90.0394111387;48.4773795779;0.00000000000
1565;-89.0397876529;48.4778755073;0.00000000000
1566;-88.0397291205;48.4782447220;0.00000000000
1567;-87.0396219870;48.4784076594;0.00000000000
1568;-86.0395307390;48.4784786660;0.00000000000
1569;-85.0394804434;48.4785054682;0.00000000000
1570;-84.0394575058;48.4785155236;0.00000000000
1571;-83.0394491455;48.4785199742;0.00000000000
1572;-82.0394459636;48.4785234076;0.00000000000
1573;-81.0394444326;48.4785266529;0.00000000000
1574;-80.0394434085;48.4785298353;0.00000000000
1575;-79.0394425399;48.4785329827;0.00000000000
1576;-78.0394417229;48.4785361005;0.00000000000
1577;-77.0394409276;48.4785391892;0.00000000000
1578;-76.0394401459;48.4785422478;0.00000000000
1579;-75.0394393757;48.4785452757;0.00000000000
1580;-74.0394386168;48.4785482722;0.00000000000
;;;
NODE;X;Y;Z
1581;-73.0394378698;48.4785512371;0.00000000000
1582;-72.0394371352;48.4785541705;0.00000000000
1583;-71.0394364126;48.4785570729;0.00000000000
1584;-70.0394356998;48.4785599448;0.00000000000
1585;-69.0394349932;48.4785627870;0.00000000000
1586;-68.0394342908;48.4785656012;0.00000000000
1587;-67.0394335930;48.4785683886;0.00000000000
1588;-66.0394329015;48.4785711487;0.00000000000
1589;-65.0394322187;48.4785738796;0.00000000000
1590;-64.0394315463;48.4785765785;0.00000000000
1591;-63.0394308858;48.4785792430;0.00000000000
1592;-62.0394302385;48.4785818706;0.00000000000
1593;-61.0394296054;48.4785844592;0.00000000000
1594;-60.0394289874;48.4785870062;0.00000000000
1595;-59.0394283853;48.4785895094;0.00000000000
1596;-58.0394278000;48.4785919662;0.00000000000
1597;-57.0394272323;48.4785943740;0.00000000000
1598;-56.0394266830;48.4785967301;0.00000000000
1599;-55.0394261529;48.4785990316;0.00000000000
1600;-54.0394256426;48.4786012757;0.00000000000
;;;
NODE;X;Y;Z
1601;-53.0394251529;48.4786034594;0.00000000000
1602;-52.0394246849;48.4786055796;0.00000000000
1603;-51.0394242394;48.4786076334;0.00000000000
1604;-50.0394238175;48.4786096185;0.00000000000
1605;-49.0394234205;48.4786115329;0.00000000000
1606;-48.0394230504;48.4786133756;0.00000000000
1607;-47.0394227097;48.4786151461;0.00000000000
1608;-46.0394224018;48.4786168445;0.00000000000
1609;-45.0394221310;48.4786184696;0.00000000000
1610;-44.0394219016;48.4786200168;0.00000000000
1611;-43.0394217170;48.4786214747;0.00000000000
1612;-42.0394215776;48.4786228202;0.00000000000
1613;-41.0394214773;48.4786240136;0.00000000000
1614;-40.0394213999;48.4786249958;0.00000000000
1615;-39.0394213146;48.4786256902;0.00000000000
1616;-38.0394211750;48.4786260162;0.00000000000
1617;-37.0394209215;48.4786259175;0.00000000000
1618;-36.0394204940;48.4786254151;0.00000000000
1619;-35.0394198588;48.4786246832;0.00000000000
1620;-34.0394190546;48.4786241453;0.00000000000
;;;
NODE;X;Y;Z
1621;-33.0394182580;48.4786245681;0.00000000000
1622;-32.0394178634;48.4786271116;0.00000000000
1623;-31.0394185571;48.4786332658;0.00000000000
1624;-30.0394213490;48.4786445803;0.00000000000
1625;-29.0394275052;48.4786620786;0.00000000000
1626;-28.0394383019;48.4786852710;0.00000000000
1627;-27.0394545167;48.4787107594;0.00000000000
1628;-26.0394755889;48.4787305743;0.00000000000
1629;-25.0394984387;48.4787306241;0.00000000000
1630;-24.0395160405;48.4786899255;0.00000000000
1631;-23.0395160051;48.4785815449;0.00000000000
1632;-22.0394796042;48.4783762732;0.00000000000
1633;-21.0393818157;48.4780498354;0.00000000000
1634;-20.0391930425;48.4775936823;0.00000000000
1635;-19.0388830766;48.4770282153;0.00000000000
1636;-18.0384274719;48.4764160580;0.00000000000
1637;-17.0378154322;48.4758721673;0.00000000000
1638;-16.0370557200;48.4755677966;0.00000000000
1639;-15.0361711389;48.4757268547;0.00000000000
1640;-14.0351561023;48.4766201689;0.00000000000
;;;
NODE;X;Y;Z
1641;-13.0337266583;48.4786521829;0.00000000000
1642;-12.0338004722;48.4764130997;0.00000000000
1643;-11.0350689225;48.4735265895;0.00000000000
1644;-10.0342719370;48.4778090738;0.00000000000
1645;-9.03124251526;48.4837458734;0.00000000000
1646;-8.03372949596;48.4957848104;0.00000000000
1647;-7.03791000488;48.5090913771;0.00000000000
1648;-6.04262371184;48.5273111143;0.00000000000
1649;-5.04397473688;48.5319561227;0.00000000000
1650;-4.04418103878;48.5312207444;0.00000000000
1651;-3.03738530600;48.5194273733;0.00000000000
1652;-2.02728835699;48.5108087077;0.00000000000
1653;-2.14251159209;22.4538776083;0.00000000000
1654;-2.19090773115;23.4877650648;0.00000000000
1655;-2.21895955854;24.5099561560;0.00000000000
1656;-2.22613714593;25.5250318736;0.00000000000
1657;-2.21327775365;26.5360119155;0.00000000000
1658;-2.18207726935;27.5461878583;0.00000000000
1659;-2.13963430766;28.5589260513;0.00000000000
1660;-2.09985606402;29.5774240069;0.00000000000
;;;
NODE;X;Y;Z
1661;-2.08896705618;30.6117379651;0.00000000000
1662;-2.09647404277;31.6332546064;0.00000000000
1663;-2.09904111573;32.6308386290;0.00000000000
1664;-2.10176445559;33.6293246851;0.00000000000
1665;-2.10391050709;34.6286123929;0.00000000000
1666;-2.10525536784;35.6284713401;0.00000000000
1667;-2.10588197484;36.6286503176;0.00000000000
1668;-2.10602410784;37.6290017187;0.00000000000
1669;-2.09464173440;38.6239990885;0.00000000000
1670;-2.08390151062;39.6190668065;0.00000000000
1671;-2.07928768766;40.6140031330;0.00000000000
1672;-2.07170893472;41.6032380196;0.00000000000
1673;-2.07105760932;42.5955579906;0.00000000000
1674;-2.07184796272;43.5887640479;0.00000000000
1675;-2.06842278855;44.5760984707;0.00000000000
1676;-2.06094608739;45.5580465512;0.00000000000
1677;-2.05382386342;46.5416994689;0.00000000000
1678;-2.04445843305;47.5254213794;0.00000000000
1679;-22.3954630605;2.20255780975;0.00000000000
1680;-23.3887307281;2.25684333791;0.00000000000
;;;
NODE;X;Y;Z
1681;-24.3760758120;2.26729364552;0.00000000000
1682;-25.3651117210;2.23421263571;0.00000000000
1683;-26.3633278330;2.17285431014;0.00000000000
1684;-27.3720821617;2.10770826524;0.00000000000
1685;-28.3816637212;2.07007878961;0.00000000000
1686;-29.3836760557;2.06220417496;0.00000000000
1687;-30.3791452788;2.06475093296;0.00000000000
1688;-31.3761183909;2.06779304154;0.00000000000
1689;-32.3765808977;2.06715020620;0.00000000000
1690;-33.3767135194;2.06714317101;0.00000000000
1691;-34.3767435170;2.06715710532;0.00000000000
1692;-35.3767432091;2.06717435236;0.00000000000
1693;-36.3767352360;2.06719150629;0.00000000000
1694;-37.3767259459;2.06720820116;0.00000000000
1695;-38.3767165611;2.06722470105;0.00000000000
1696;-39.3767072247;2.06724117027;0.00000000000
1697;-40.3766978883;2.06725766779;0.00000000000
1698;-41.3766885426;2.06727419332;0.00000000000
1699;-42.3766791802;2.06729075226;0.00000000000
1700;-43.3766697938;2.06730735179;0.00000000000
;;;
NODE;X;Y;Z
1701;-44.3766603760;2.06732400066;0.00000000000
1702;-45.3766509191;2.06734070896;0.00000000000
1703;-46.3766414148;2.06735748795;0.00000000000
1704;-47.3766318551;2.06737435019;0.00000000000
1705;-48.3766222316;2.06739130981;0.00000000000
1706;-49.3766125360;2.06740838266;0.00000000000
1707;-50.3766027602;2.06742558609;0.00000000000
1708;-51.3765928959;2.06744293816;0.00000000000
1709;-52.3765829347;2.06746045580;0.00000000000
1710;-53.3765728672;2.06747815180;0.00000000000
1711;-54.3765626815;2.06749603090;0.00000000000
1712;-55.3765523610;2.06751408551;0.00000000000
1713;-56.3765418802;2.06753229314;0.00000000000
1714;-57.3765312012;2.06755061794;0.00000000000
1715;-58.3765202702;2.06756901996;0.00000000000
1716;-59.3765090186;2.06758747636;0.00000000000
1717;-60.3764973704;2.06760601752;0.00000000000
1718;-61.3764852618;2.06762477858;0.00000000000
1719;-62.3764726735;2.06764406012;0.00000000000
1720;-63.3764596791;2.06766438167;0.00000000000
;;;
NODE;X;Y;Z
1721;-64.3764465026;2.06768649889;0.00000000000
1722;-65.3764335724;2.06771134026;0.00000000000
1723;-66.3764215444;2.06773980828;0.00000000000
1724;-67.3764112551;2.06777239178;0.00000000000
1725;-68.3764035583;2.06780856099;0.00000000000
1726;-69.3763989949;2.06784597616;0.00000000000
1727;-70.3763972610;2.06787964878;0.00000000000
1728;-71.3763964960;2.06790135048;0.00000000000
1729;-72.3763924972;2.06789974664;0.00000000000
1730;-73.3763781014;2.06786189153;0.00000000000
1731;-74.3763431381;2.06777677506;0.00000000000
1732;-75.3762755063;2.06764143705;0.00000000000
1733;-76.3761639838;2.06746962595;0.00000000000
1734;-77.3760032521;2.06730196568;0.00000000000
1735;-78.3758012285;2.06721508406;0.00000000000
1736;-79.3755880426;2.06732530917;0.00000000000
1737;-80.3754249156;2.06778082248;0.00000000000
1738;-81.3754099460;2.06873543377;0.00000000000
1739;-82.3756767383;2.07029868576;0.00000000000
1740;-83.3763814962;2.07246230109;0.00000000000
;;;
NODE;X;Y;Z
1741;-84.3776753309;2.07501310970;0.00000000000
1742;-85.3796620679;2.07745685277;0.00000000000
1743;-86.3823489242;2.07899159128;0.00000000000
1744;-87.3848781523;2.07945328787;0.00000000000
1745;-88.3874140246;2.07817623916;0.00000000000
1746;-89.3905859108;2.07210647206;0.00000000000
1747;-90.3934588113;2.05957149803;0.00000000000
1748;-91.3954017576;2.04178675069;0.00000000000
1749;-92.3959480159;2.01853432462;0.00000000000
1750;-93.3995837393;1.98987191247;0.00000000000
1751;-94.4077046041;1.96813518171;0.00000000000
1752;-95.4191424933;1.96174072932;0.00000000000
1753;-96.4309692779;1.96887958098;0.00000000000
1754;-97.4478805102;1.98454131551;0.00000000000
1755;-21.8411670575;2.70949322627;0.00000000000
1756;-21.7065213329;3.79145446903;0.00000000000
1757;-21.5133541897;4.85789057771;0.00000000000
1758;-21.2518200869;5.91482797241;0.00000000000
1759;-20.9425577183;6.98067916431;0.00000000000
1760;-20.5931773964;8.03365953724;0.00000000000
;;;
NODE;X;Y;Z
1761;-20.1709677663;9.03641901505;0.00000000000
1762;-19.6703633467;10.0099310539;0.00000000000
1763;-19.1345767140;10.9718300607;0.00000000000
1764;-18.5817968941;11.9128327251;0.00000000000
1765;-17.9850998039;12.8193679023;0.00000000000
1766;-17.3411381852;13.6854055863;0.00000000000
1767;-16.6618157219;14.5188684732;0.00000000000
1768;-15.9314499510;15.3103196064;0.00000000000
1769;-15.1516795773;16.0579347395;0.00000000000
1770;-14.3372177151;16.7811982775;0.00000000000
1771;-13.4845999107;17.4634084829;0.00000000000
1772;-12.6035153721;18.1027364626;0.00000000000
1773;-11.7010307081;18.7151636986;0.00000000000
1774;-10.7666170777;19.2786488990;0.00000000000
1775;-9.81012653811;19.8018840203;0.00000000000
1776;-8.83341723586;20.2885694938;0.00000000000
1777;-7.82065185436;20.6997048773;0.00000000000
1778;-6.79062981537;21.0462901266;0.00000000000
1779;-5.75904081071;21.3443063670;0.00000000000
1780;-4.72218948557;21.5806928832;0.00000000000
;;;
NODE;X;Y;Z
1781;-97.9481177946;2.48436885437;0.00000000000
1782;-97.9343000826;3.46103934937;0.00000000000
1783;-97.9303041544;4.43047262568;0.00000000000
1784;-97.9282699703;5.41134576273;0.00000000000
1785;-97.9271717048;6.39902520116;0.00000000000
1786;-97.9239219118;7.38556793953;0.00000000000
1787;-97.9212430137;8.37598219477;0.00000000000
1788;-97.9209159850;9.37013065903;0.00000000000
1789;-97.9225897985;10.3702689425;0.00000000000
1790;-97.9244644342;11.3714992264;0.00000000000
1791;-97.9261817274;12.3731010341;0.00000000000
1792;-97.9288721735;13.3747078933;0.00000000000
1793;-97.9308418028;14.3754329571;0.00000000000
1794;-97.9313202826;15.3757985013;0.00000000000
1795;-97.9313244179;16.3758873212;0.00000000000
1796;-97.9313226504;17.3759087634;0.00000000000
1797;-97.9313181649;18.3759139395;0.00000000000
1798;-97.9313102456;19.3759167904;0.00000000000
1799;-97.9312981886;20.3759213149;0.00000000000
1800;-97.9312825325;21.3759291504;0.00000000000
;;;
NODE;X;Y;Z
1801;-97.9312656989;22.3759412336;0.00000000000
1802;-97.9312525741;23.3759576433;0.00000000000
1803;-97.9312509445;24.3759770983;0.00000000000
1804;-97.9312712513;25.3759963694;0.00000000000
1805;-97.9313252017;26.3760098811;0.00000000000
1806;-97.9314228046;27.3760098555;0.00000000000
1807;-97.9315676846;28.3759874317;0.00000000000
1808;-97.9317511351;29.3759351827;0.00000000000
1809;-97.9319463876;30.3758512764;0.00000000000
1810;-97.9321059159;31.3757451136;0.00000000000
1811;-97.9321659717;32.3756436066;0.00000000000
1812;-97.9320632435;33.3755964909;0.00000000000
1813;-97.9317672948;34.3756785413;0.00000000000
1814;-97.9313274909;35.3759869636;0.00000000000
1815;-97.9309226111;36.3766344765;0.00000000000
1816;-97.9308850186;37.3777432617;0.00000000000
1817;-97.9316552487;38.3794500354;0.00000000000
1818;-97.9336315137;39.3819278763;0.00000000000
1819;-97.9369703325;40.3853934323;0.00000000000
1820;-97.9416223732;41.3899946162;0.00000000000
;;;
NODE;X;Y;Z
1821;-97.9483377934;42.3951520044;0.00000000000
1822;-97.9597375519;43.4007663218;0.00000000000
1823;-97.9714404727;44.4089405938;0.00000000000
1824;-97.9767682087;45.4198703800;0.00000000000
1825;-97.9797594800;46.4363629385;0.00000000000
1826;-97.9835136023;47.4567059695;0.00000000000
1827;-97.4857680853;47.9586096250;0.00000000000
1828;-96.4914307928;47.9486534549;0.00000000000
1829;-95.5032626468;47.9511079124;0.00000000000
1830;-94.5181170299;47.9583192016;0.00000000000
1831;-93.5349675333;47.9661875475;0.00000000000
1832;-92.5485471920;47.9702032693;0.00000000000
1833;-91.5557543262;47.9688827729;0.00000000000
1834;-90.5587141358;47.9693107770;0.00000000000
1835;-89.5595072441;47.9701220914;0.00000000000
1836;-88.5595677401;47.9707481938;0.00000000000
1837;-87.5593794535;47.9711094945;0.00000000000
1838;-86.5592299331;47.9712513029;0.00000000000
1839;-85.5591324746;47.9713086559;0.00000000000
1840;-84.5590876803;47.9713278137;0.00000000000
;;;
NODE;X;Y;Z
1841;-83.5590706803;47.9713351360;0.00000000000
1842;-82.5590653230;47.9713395572;0.00000000000
1843;-81.5590630385;47.9713438432;0.00000000000
1844;-80.5590615567;47.9713480885;0.00000000000
1845;-79.5590602893;47.9713523005;0.00000000000
1846;-78.5590590866;47.9713564775;0.00000000000
1847;-77.5590579115;47.9713606172;0.00000000000
1848;-76.5590567547;47.9713647180;0.00000000000
1849;-75.5590556143;47.9713687782;0.00000000000
1850;-74.5590544903;47.9713727969;0.00000000000
1851;-73.5590533835;47.9713767734;0.00000000000
1852;-72.5590522949;47.9713807078;0.00000000000
1853;-71.5590512245;47.9713846005;0.00000000000
1854;-70.5590501703;47.9713884524;0.00000000000
1855;-69.5590491275;47.9713922644;0.00000000000
1856;-68.5590480916;47.9713960382;0.00000000000
1857;-67.5590470614;47.9713997756;0.00000000000
1858;-66.5590460392;47.9714034767;0.00000000000
1859;-65.5590450286;47.9714071400;0.00000000000
1860;-64.5590440327;47.9714107623;0.00000000000
;;;
NODE;X;Y;Z
1861;-63.5590430541;47.9714143400;0.00000000000
1862;-62.5590420948;47.9714178701;0.00000000000
1863;-61.5590411563;47.9714213493;0.00000000000
1864;-60.5590402401;47.9714247747;0.00000000000
1865;-59.5590393474;47.9714281430;0.00000000000
1866;-58.5590384795;47.9714314510;0.00000000000
1867;-57.5590376377;47.9714346953;0.00000000000
1868;-56.5590368231;47.9714378723;0.00000000000
1869;-55.5590360370;47.9714409783;0.00000000000
1870;-54.5590352803;47.9714440096;0.00000000000
1871;-53.5590345542;47.9714469622;0.00000000000
1872;-52.5590338601;47.9714498319;0.00000000000
1873;-51.5590331992;47.9714526149;0.00000000000
1874;-50.5590325731;47.9714553075;0.00000000000
1875;-49.5590319835;47.9714579069;0.00000000000
1876;-48.5590314325;47.9714604109;0.00000000000
1877;-47.5590309236;47.9714628185;0.00000000000
1878;-46.5590304611;47.9714651295;0.00000000000
1879;-45.5590300512;47.9714673431;0.00000000000
1880;-44.5590297009;47.9714694557;0.00000000000
;;;
NODE;X;Y;Z
1881;-43.5590294172;47.9714714574;0.00000000000
1882;-42.5590292049;47.9714733260;0.00000000000
1883;-41.5590290621;47.9714750210;0.00000000000
1884;-40.5590289746;47.9714764781;0.00000000000
1885;-39.5590289087;47.9714776077;0.00000000000
1886;-38.5590288056;47.9714783052;0.00000000000
1887;-37.5590285793;47.9714784765;0.00000000000
1888;-36.5590281251;47.9714780914;0.00000000000
1889;-35.5590273462;47.9714772665;0.00000000000
1890;-34.5590262070;47.9714763801;0.00000000000
1891;-33.5590248196;47.9714761985;0.00000000000
1892;-32.5590235626;47.9714779769;0.00000000000
1893;-31.5590232181;47.9714834597;0.00000000000
1894;-30.5590250858;47.9714946755;0.00000000000
1895;-29.5590310037;47.9715133906;0.00000000000
1896;-28.5590431684;47.9715400910;0.00000000000
1897;-27.5590636143;47.9715724223;0.00000000000
1898;-26.5590932127;47.9716031687;0.00000000000
1899;-25.5591300941;47.9716180988;0.00000000000
1900;-24.5591675176;47.9715943628;0.00000000000
;;;
NODE;X;Y;Z
1901;-23.5591914260;47.9715004940;0.00000000000
1902;-22.5591782116;47.9712993190;0.00000000000
1903;-21.5590935258;47.9709550168;0.00000000000
1904;-20.5588932049;47.9704449412;0.00000000000
1905;-19.5585274569;47.9697755170;0.00000000000
1906;-18.5579491002;47.9689998972;0.00000000000
1907;-17.5571255106;47.9682337272;0.00000000000
1908;-16.5560511090;47.9676651200;0.00000000000
1909;-15.5547506510;47.9675565528;0.00000000000
1910;-14.5532502743;47.9682397655;0.00000000000
1911;-13.5513959840;47.9701818080;0.00000000000
1912;-12.5509161790;47.9691855736;0.00000000000
1913;-11.5514602188;47.9649478955;0.00000000000
1914;-10.5489191675;47.9666392144;0.00000000000
1915;-9.54630813587;47.9761918281;0.00000000000
1916;-8.54754375949;47.9901247599;0.00000000000
1917;-7.55158796195;48.0067291111;0.00000000000
1918;-6.55695821634;48.0286629960;0.00000000000
1919;-5.55849305604;48.0421688156;0.00000000000
1920;-4.55578888264;48.0409622642;0.00000000000
;;;
NODE;X;Y;Z
1921;-3.54933696334;48.0349166951;0.00000000000
1922;-2.54086405297;48.0229345696;0.00000000000
1923;-2.63790715226;21.8822926466;0.00000000000
1924;-2.71690048335;22.9319984242;0.00000000000
1925;-2.77215644458;23.9694686328;0.00000000000
1926;-2.80121889005;24.9942854991;0.00000000000
1927;-2.80147879543;26.0132942660;0.00000000000
1928;-2.77292221700;27.0290995113;0.00000000000
1929;-2.71956161368;28.0468223374;0.00000000000
1930;-2.65619685417;29.0686912882;0.00000000000
1931;-2.60164445165;30.0987481189;0.00000000000
1932;-2.58006943007;31.1432735174;0.00000000000
1933;-2.57941716132;32.1513558221;0.00000000000
1934;-2.58384914502;33.1559622663;0.00000000000
1935;-2.59339498145;34.1534568137;0.00000000000
1936;-2.59988606758;35.1515773943;0.00000000000
1937;-2.60386947412;36.1507514795;0.00000000000
1938;-2.61104441761;37.1541223731;0.00000000000
1939;-2.61281820831;38.1520275197;0.00000000000
1940;-2.59833105431;39.1466517161;0.00000000000
;;;
NODE;X;Y;Z
1941;-2.59853471609;40.1421129380;0.00000000000
1942;-2.59102591063;41.1303477181;0.00000000000
1943;-2.58698240601;42.1163165576;0.00000000000
1944;-2.58519418460;43.1075561026;0.00000000000
1945;-2.58443867446;44.0940867587;0.00000000000
1946;-2.57954396137;45.0780244279;0.00000000000
1947;-2.56897099166;46.0578529374;0.00000000000
1948;-2.56083568166;47.0430359295;0.00000000000
1949;-22.8484242066;2.80808938123;0.00000000000
1950;-23.8452418689;2.85897455439;0.00000000000
1951;-24.8313919675;2.84816432669;0.00000000000
1952;-25.8281062294;2.77287177160;0.00000000000
1953;-26.8400484068;2.67317071326;0.00000000000
1954;-27.8585929407;2.59597938279;0.00000000000
1955;-28.8656952259;2.57519610318;0.00000000000
1956;-29.8627387388;2.57092318428;0.00000000000
1957;-30.8537921993;2.57643844810;0.00000000000
1958;-31.8532654310;2.57586883294;0.00000000000
1959;-32.8528074819;2.57596928946;0.00000000000
1960;-33.8489271521;2.57991747757;0.00000000000
;;;
NODE;X;Y;Z
1961;-34.8489189350;2.57994199898;0.00000000000
1962;-35.8489069410;2.57996624515;0.00000000000
1963;-36.8488948830;2.57998988993;0.00000000000
1964;-37.8488832584;2.58001324684;0.00000000000
1965;-38.8488716268;2.58003659265;0.00000000000
1966;-39.8488599893;2.58005998342;0.00000000000
1967;-40.8488483364;2.58008341933;0.00000000000
1968;-41.8488366584;2.58010690658;0.00000000000
1969;-42.8488249462;2.58013045406;0.00000000000
1970;-43.8488131906;2.58015407288;0.00000000000
1971;-44.8488013810;2.58017777707;0.00000000000
1972;-45.8487895065;2.58020158154;0.00000000000
1973;-46.8487775560;2.58022550325;0.00000000000
1974;-47.8487655182;2.58024956108;0.00000000000
1975;-48.8487533824;2.58027377690;0.00000000000
1976;-49.8487411378;2.58029817465;0.00000000000
1977;-50.8487287746;2.58032278034;0.00000000000
1978;-51.8487162837;2.58034762011;0.00000000000
1979;-52.8487036561;2.58037271647;0.00000000000
1980;-53.8486908814;2.58039808366;0.00000000000
;;;
NODE;X;Y;Z
1981;-54.8486779442;2.58042372121;0.00000000000
1982;-55.8486648194;2.58044960827;0.00000000000
1983;-56.8486514638;2.58047570186;0.00000000000
1984;-57.8486378096;2.58050194264;0.00000000000
1985;-58.8486237584;2.58052827461;0.00000000000
1986;-59.8486091839;2.58055468580;0.00000000000
1987;-60.8485939491;2.58058126918;0.00000000000
1988;-61.8485779453;2.58060830798;0.00000000000
1989;-62.8485611591;2.58063636447;0.00000000000
1990;-63.8485437664;2.58066634430;0.00000000000
1991;-64.8485262445;2.58069948423;0.00000000000
1992;-65.8485094726;2.58073718921;0.00000000000
1993;-66.8484947671;2.58078063554;0.00000000000
1994;-67.8484837753;2.58083007267;0.00000000000
1995;-68.8484781343;2.58088380917;0.00000000000
1996;-69.8484788009;2.58093698233;0.00000000000
1997;-70.8484850011;2.58098040614;0.00000000000
1998;-71.8484928492;2.58100004229;0.00000000000
1999;-72.8484938726;2.58097790374;0.00000000000
2000;-73.8484739279;2.58089538822;0.00000000000
;;;
NODE;X;Y;Z
2001;-74.8484132964;2.58073999637;0.00000000000
2002;-75.8482889998;2.58051592009;0.00000000000
2003;-76.8480804337;2.58025789630;0.00000000000
2004;-77.8477791065;2.58004590635;0.00000000000
2005;-78.8474024258;2.58001581262;0.00000000000
2006;-79.8470099998;2.58035827674;0.00000000000
2007;-80.8467188552;2.58129627305;0.00000000000
2008;-81.8467117033;2.58303170104;0.00000000000
2009;-82.8472306558;2.58565613146;0.00000000000
2010;-83.8485487640;2.58903175791;0.00000000000
2011;-84.8509150987;2.59266699132;0.00000000000
2012;-85.8556873361;2.58950386982;0.00000000000
2013;-86.8595754196;2.59032355682;0.00000000000
2014;-87.8634669693;2.58569725736;0.00000000000
2015;-88.8679341289;2.57614225993;0.00000000000
2016;-89.8722586604;2.56864612332;0.00000000000
2017;-90.8757569120;2.54656283859;0.00000000000
2018;-91.8773880975;2.52297088564;0.00000000000
2019;-92.8807105108;2.49202851288;0.00000000000
2020;-93.8865203417;2.46101045440;0.00000000000
;;;
NODE;X;Y;Z
2021;-94.8979334185;2.44957153538;0.00000000000
2022;-95.9102863542;2.44638236831;0.00000000000
2023;-22.2941282036;3.31502479775;0.00000000000
2024;-21.9182258559;5.50045816217;0.00000000000
2025;-21.2461486641;7.66569762148;0.00000000000
2026;-20.3596118331;9.75665355984;0.00000000000
2027;-19.2947625526;11.7382377909;0.00000000000
2028;-18.0962831012;13.6115498309;0.00000000000
2029;-16.6947475787;15.3118233403;0.00000000000
2030;-15.0904861265;16.8495808579;0.00000000000
2031;-13.3402428115;18.2329661955;0.00000000000
2032;-11.4806246336;19.4818455461;0.00000000000
2033;-9.51116682621;20.5602670697;0.00000000000
2034;-7.44160700459;21.4162735764;0.00000000000
2035;-5.33629070010;22.0246345247;0.00000000000
2036;-4.27598920478;22.2184188245;0.00000000000
2037;-97.4266225263;2.96294305386;0.00000000000
2038;-97.4129400652;4.90631035136;0.00000000000
2039;-97.4102077580;5.88783176370;0.00000000000
2040;-97.4088126711;6.86997291574;0.00000000000
;;;
NODE;X;Y;Z
2041;-97.4065461871;7.85813867663;0.00000000000
2042;-97.4083698136;8.85094803282;0.00000000000
2043;-97.4085147603;9.84471262449;0.00000000000
2044;-97.4132680864;10.8443581545;0.00000000000
2045;-97.4144479696;11.8454711959;0.00000000000
2046;-97.4158781841;12.8469511128;0.00000000000
2047;-97.4174360230;13.8474706388;0.00000000000
2048;-97.4179209968;14.8478023818;0.00000000000
2049;-97.4179261018;15.8478738653;0.00000000000
2050;-97.4179253435;16.8478870899;0.00000000000
2051;-97.4179215621;17.8478887621;0.00000000000
2052;-97.4179135208;18.8478897232;0.00000000000
2053;-97.4178996320;19.8478928540;0.00000000000
2054;-97.4178796997;20.8479006081;0.00000000000
2055;-97.4178555685;21.8479150801;0.00000000000
2056;-97.4178320827;22.8479377759;0.00000000000
2057;-97.4178180116;23.8479688556;0.00000000000
2058;-97.4178263462;24.8480061434;0.00000000000
2059;-97.4178733358;25.8480441963;0.00000000000
2060;-97.4179755745;26.8480738992;0.00000000000
;;;
NODE;X;Y;Z
2061;-97.4181446327;27.8480832521;0.00000000000
2062;-97.4183793329;28.8480601352;0.00000000000
2063;-97.4186569149;29.8479977357;0.00000000000
2064;-97.4189260728;30.8479028406;0.00000000000
2065;-97.4191069830;31.8478062142;0.00000000000
2066;-97.4191053512;32.8477727713;0.00000000000
2067;-97.4188478821;33.8479075114;0.00000000000
2068;-97.4183432389;34.8483519798;0.00000000000
2069;-97.4177625726;35.8492668541;0.00000000000
2070;-97.4175142314;36.8508012713;0.00000000000
2071;-97.4182584310;37.8530605133;0.00000000000
2072;-97.4207810316;38.8560979279;0.00000000000
2073;-97.4256673958;39.8599579663;0.00000000000
2074;-97.4329081072;40.8647474988;0.00000000000
2075;-97.4420652361;41.8705950374;0.00000000000
2076;-97.4542807040;42.8769790190;0.00000000000
2077;-97.4679698461;43.8859741568;0.00000000000
2078;-97.4784378605;44.9007233061;0.00000000000
2079;-97.4805939381;45.9130760900;0.00000000000
2080;-97.4849895469;46.9345081150;0.00000000000
;;;
NODE;X;Y;Z
2081;-96.9872440299;47.4364117706;0.00000000000
2082;-95.9984660356;47.4368205462;0.00000000000
2083;-95.0122447830;47.4420175214;0.00000000000
2084;-94.0360534407;47.4442915948;0.00000000000
2085;-93.0569000208;47.4564672963;0.00000000000
2086;-92.0732489993;47.4534017298;0.00000000000
2087;-91.0789578058;47.4564389111;0.00000000000
2088;-90.0846598574;47.4545397165;0.00000000000
2089;-89.0843345788;47.4559095716;0.00000000000
2090;-88.0840445171;47.4565920037;0.00000000000
2091;-87.0837043114;47.4568357435;0.00000000000
2092;-86.0835360173;47.4569188036;0.00000000000
2093;-85.0834672564;47.4569414301;0.00000000000
2094;-84.0834517791;47.4569511178;0.00000000000
2095;-83.0834466949;47.4569577279;0.00000000000
2096;-82.0834442248;47.4569641737;0.00000000000
2097;-81.0834424245;47.4569705613;0.00000000000
2098;-80.0834408069;47.4569769004;0.00000000000
2099;-79.0834392503;47.4569831883;0.00000000000
2100;-78.0834377246;47.4569894216;0.00000000000
;;;
NODE;X;Y;Z
2101;-77.0834362225;47.4569955979;0.00000000000
2102;-76.0834347422;47.4570017139;0.00000000000
2103;-75.0834332835;47.4570077681;0.00000000000
2104;-74.0834318466;47.4570137600;0.00000000000
2105;-73.0834304319;47.4570196873;0.00000000000
2106;-72.0834290399;47.4570255519;0.00000000000
2107;-71.0834276702;47.4570313549;0.00000000000
2108;-70.0834263199;47.4570370971;0.00000000000
2109;-69.0834249837;47.4570427813;0.00000000000
2110;-68.0834236568;47.4570484105;0.00000000000
2111;-67.0834223392;47.4570539863;0.00000000000
2112;-66.0834210355;47.4570595068;0.00000000000
2113;-65.0834197512;47.4570649681;0.00000000000
2114;-64.0834184903;47.4570703646;0.00000000000
2115;-63.0834172563;47.4570756910;0.00000000000
2116;-62.0834160517;47.4570809433;0.00000000000
2117;-61.0834148785;47.4570861170;0.00000000000
2118;-60.0834137385;47.4570912073;0.00000000000
2119;-59.0834126335;47.4570962093;0.00000000000
2120;-58.0834115651;47.4571011185;0.00000000000
;;;
NODE;X;Y;Z
2121;-57.0834105350;47.4571059292;0.00000000000
2122;-56.0834095451;47.4571106359;0.00000000000
2123;-55.0834085969;47.4571152334;0.00000000000
2124;-54.0834076918;47.4571197159;0.00000000000
2125;-53.0834068316;47.4571240768;0.00000000000
2126;-52.0834060178;47.4571283103;0.00000000000
2127;-51.0834052525;47.4571324105;0.00000000000
2128;-50.0834045375;47.4571363723;0.00000000000
2129;-49.0834038755;47.4571401916;0.00000000000
2130;-48.0834032702;47.4571438657;0.00000000000
2131;-47.0834027271;47.4571473935;0.00000000000
2132;-46.0834022547;47.4571507751;0.00000000000
2133;-45.0834018640;47.4571540082;0.00000000000
2134;-44.0834015682;47.4571570854;0.00000000000
2135;-43.0834013801;47.4571599869;0.00000000000
2136;-42.0834013078;47.4571626718;0.00000000000
2137;-41.0834013458;47.4571650676;0.00000000000
2138;-40.0834014627;47.4571670641;0.00000000000
2139;-39.0834015875;47.4571685151;0.00000000000
2140;-38.0834015973;47.4571692593;0.00000000000
;;;
NODE;X;Y;Z
2141;-37.0834013135;47.4571691723;0.00000000000
2142;-36.0834005184;47.4571682603;0.00000000000
2143;-35.0833990083;47.4571668042;0.00000000000
2144;-34.0833967017;47.4571655439;0.00000000000
2145;-33.0833938134;47.4571658690;0.00000000000
2146;-32.0833910958;47.4571699388;0.00000000000
2147;-31.0833901179;47.4571806040;0.00000000000
2148;-30.0833935062;47.4572009510;0.00000000000
2149;-29.0834050103;47.4572332526;0.00000000000
2150;-28.0834291838;47.4572771477;0.00000000000
2151;-27.0834704223;47.4573269969;0.00000000000
2152;-26.0835310917;47.4573686457;0.00000000000
2153;-25.0836085710;47.4573762755;0.00000000000
2154;-24.0836912651;47.4573106041;0.00000000000
2155;-23.0837540220;47.4571202570;0.00000000000
2156;-22.0837538891;47.4567484007;0.00000000000
2157;-21.0836276155;47.4561463854;0.00000000000
2158;-20.0832926110;47.4552947741;0.00000000000
2159;-19.0826529500;47.4542295257;0.00000000000
2160;-18.0816112028;47.4530688159;0.00000000000
;;;
NODE;X;Y;Z
2161;-17.0800853331;47.4520337542;0.00000000000
2162;-16.0780270379;47.4514571274;0.00000000000
2163;-15.0754323316;47.4517780457;0.00000000000
2164;-14.0723238545;47.4535277354;0.00000000000
2165;-13.0685901285;47.4573941443;0.00000000000
2166;-12.0661731939;47.4593559550;0.00000000000
2167;-11.0667783966;47.4560311679;0.00000000000
2168;-10.0614359556;47.4674007746;0.00000000000
2169;-9.06097893490;47.4856120157;0.00000000000
2170;-8.06268682140;47.5084727336;0.00000000000
2171;-7.06547234239;47.5271273455;0.00000000000
2172;-6.06802520744;47.5533142482;0.00000000000
2173;-5.06935113037;47.5556085153;0.00000000000
2174;-4.06474870462;47.5513181140;0.00000000000
2175;-3.05724130158;47.5405491197;0.00000000000
2176;-3.21229604352;22.3604134625;0.00000000000
2177;-3.29814919678;23.4137019922;0.00000000000
2178;-3.35441577609;24.4537979760;0.00000000000
2179;-3.37656053955;25.4825478916;0.00000000000
2180;-3.36112325878;26.5063818619;0.00000000000
;;;
NODE;X;Y;Z
2181;-3.31040656134;27.5297339904;0.00000000000
2182;-3.23612416020;28.5565875744;0.00000000000
2183;-3.15798524181;29.5900154002;0.00000000000
2184;-3.09274682554;30.6302836712;0.00000000000
2185;-3.06301254861;31.6613747331;0.00000000000
2186;-3.06422519060;32.6764794594;0.00000000000
2187;-3.07547967088;33.6800943949;0.00000000000
2188;-3.08937054194;34.6764218151;0.00000000000
2189;-3.09850017385;35.6738575337;0.00000000000
2190;-3.10903191688;36.6762235350;0.00000000000
2191;-3.11783851808;37.6771481741;0.00000000000
2192;-3.11650752822;38.6746801473;0.00000000000
2193;-3.11296425978;39.6696978477;0.00000000000
2194;-3.11027293906;40.6584575230;0.00000000000
2195;-3.10629938192;41.6434262561;0.00000000000
2196;-3.10111898128;42.6283146696;0.00000000000
2197;-3.09778489634;43.6128788133;0.00000000000
2198;-3.09555984728;44.5960127158;0.00000000000
2199;-3.08756886564;45.5778308141;0.00000000000
2200;-3.07598280990;46.5591893981;0.00000000000
;;;
NODE;X;Y;Z
2201;-23.3049353474;3.41022059771;0.00000000000
2202;-24.3005580243;3.43984523557;0.00000000000
2203;-25.2943864758;3.38682346258;0.00000000000
2204;-26.3048268032;3.27318817472;0.00000000000
2205;-27.3265591858;3.16144183081;0.00000000000
2206;-28.3426244455;3.10109669637;0.00000000000
2207;-29.3447579091;3.08391511250;0.00000000000
2208;-30.3373856594;3.08261069942;0.00000000000
2209;-31.3309392395;3.08451423949;0.00000000000
2210;-32.3294920152;3.08468791621;0.00000000000
2211;-33.3250211145;3.08874359602;0.00000000000
2212;-34.3211025701;3.09270237123;0.00000000000
2213;-35.3210826669;3.09273389177;0.00000000000
2214;-36.3210665881;3.09276462878;0.00000000000
2215;-37.3210521955;3.09279493562;0.00000000000
2216;-38.3210383241;3.09282513844;0.00000000000
2217;-39.3210243914;3.09285540580;0.00000000000
2218;-40.3210104373;3.09288573496;0.00000000000
2219;-41.3209964521;3.09291613260;0.00000000000
2220;-42.3209824244;3.09294660838;0.00000000000
;;;
NODE;X;Y;Z
2221;-43.3209683430;3.09297717515;0.00000000000
2222;-44.3209541956;3.09300784930;0.00000000000
2223;-45.3209399685;3.09303864964;0.00000000000
2224;-46.3209256477;3.09306959683;0.00000000000
2225;-47.3209112191;3.09310071415;0.00000000000
2226;-48.3208966690;3.09313202817;0.00000000000
2227;-49.3208819841;3.09316356888;0.00000000000
2228;-50.3208671522;3.09319536890;0.00000000000
2229;-51.3208521624;3.09322746229;0.00000000000
2230;-52.3208370052;3.09325988077;0.00000000000
2231;-53.3208216703;3.09329264833;0.00000000000
2232;-54.3208061441;3.09332577398;0.00000000000
2233;-55.3207904026;3.09335924397;0.00000000000
2234;-56.3207744030;3.09339301698;0.00000000000
2235;-57.3207580722;3.09342702655;0.00000000000
2236;-58.3207412978;3.09346119728;0.00000000000
2237;-59.3207239238;3.09349548405;0.00000000000
2238;-60.3207057626;3.09352993747;0.00000000000
2239;-61.3206866326;3.09356479859;0.00000000000
2240;-62.3206664310;3.09360061234;0.00000000000
;;;
NODE;X;Y;Z
2241;-63.3206452465;3.09363832711;0.00000000000
2242;-64.3206235084;3.09367932965;0.00000000000
2243;-65.3206021447;3.09372533317;0.00000000000
2244;-66.3205826952;3.09377801647;0.00000000000
2245;-67.3205672873;3.09383831643;0.00000000000
2246;-68.3205583513;3.09390532085;0.00000000000
2247;-69.3205579403;3.09397481534;0.00000000000
2248;-70.3205665410;3.09403773968;0.00000000000
2249;-71.3205813543;3.09407909794;0.00000000000
2250;-72.3205942246;3.09407819939;0.00000000000
2251;-73.3205896991;3.09401140043;0.00000000000
2252;-74.3205440863;3.09385860952;0.00000000000
2253;-75.3204267899;3.09361447941;0.00000000000
2254;-76.3202054497;3.09330419044;0.00000000000
2255;-77.3198562881;3.09300183697;0.00000000000
2256;-78.3193803038;3.09284663491;0.00000000000
2257;-79.3188243830;3.09304878019;0.00000000000
2258;-80.3183039394;3.09387372732;0.00000000000
2259;-81.3180206125;3.09559254033;0.00000000000
2260;-82.3182656208;3.09838914675;0.00000000000
;;;
NODE;X;Y;Z
2261;-83.3193979236;3.10222558828;0.00000000000
2262;-84.3217885318;3.10668563952;0.00000000000
2263;-85.3269403669;3.10471400837;0.00000000000
2264;-86.3329138314;3.10083583536;0.00000000000
2265;-87.3381642365;3.09656752630;0.00000000000
2266;-88.3439870735;3.08366327812;0.00000000000
2267;-89.3496068785;3.07268191118;0.00000000000
2268;-90.3545567612;3.05563746387;0.00000000000
2269;-91.3577432520;3.02774697354;0.00000000000
2270;-92.3621505924;2.99646507390;0.00000000000
2271;-93.3676471131;2.96316705480;0.00000000000
2272;-94.3767491561;2.94244680807;0.00000000000
2273;-96.8948778529;5.38279635233;0.00000000000
2274;-96.8918487243;6.35877947829;0.00000000000
2275;-96.8914369464;7.34254365284;0.00000000000
2276;-96.8936729869;8.33310451469;0.00000000000
2277;-96.8959685888;9.32552999828;0.00000000000
2278;-96.8991930482;10.3188018365;0.00000000000
2279;-96.9032516218;11.3183301241;0.00000000000
2280;-96.9041444263;12.3193212747;0.00000000000
;;;
NODE;X;Y;Z
2281;-96.9044420336;13.3197138582;0.00000000000
2282;-96.9045152170;14.3198400635;0.00000000000
2283;-96.9045268160;15.3198777458;0.00000000000
2284;-96.9045270275;16.3198736341;0.00000000000
2285;-96.9045242552;17.3198670886;0.00000000000
2286;-96.9045169180;18.3198645458;0.00000000000
2287;-96.9045029071;19.3198657868;0.00000000000
2288;-96.9044811431;20.3198721471;0.00000000000
2289;-96.9044527357;21.3198865378;0.00000000000
2290;-96.9044219524;22.3199116224;0.00000000000
2291;-96.9043975202;23.3199489881;0.00000000000
2292;-96.9043934134;24.3199979007;0.00000000000
2293;-96.9044284306;25.3200539702;0.00000000000
2294;-96.9045237086;26.3201082144;0.00000000000
2295;-96.9046974025;27.3201472958;0.00000000000
2296;-96.9049562810;28.3201559555;0.00000000000
2297;-96.9052851127;29.3201226882;0.00000000000
2298;-96.9056366001;30.3200492999;0.00000000000
2299;-96.9059271399;31.3199639412;0.00000000000
2300;-96.9060463624;32.3199353789;0.00000000000
;;;
NODE;X;Y;Z
2301;-96.9058899898;33.3200837918;0.00000000000
2302;-96.9054238263;34.3205809499;0.00000000000
2303;-96.9047783207;35.3216318703;0.00000000000
2304;-96.9043541929;36.3234336490;0.00000000000
2305;-96.9048876439;37.3261185230;0.00000000000
2306;-96.9073842139;38.3297084058;0.00000000000
2307;-96.9128169138;39.3341280179;0.00000000000
2308;-96.9216051706;40.3393120328;0.00000000000
2309;-96.9333509702;41.3453479200;0.00000000000
2310;-96.9480081467;42.3524220521;0.00000000000
2311;-96.9625129982;43.3621868541;0.00000000000
2312;-96.9749672339;44.3777568692;0.00000000000
2313;-96.9822635898;45.3939290162;0.00000000000
2314;-96.4942792727;46.9245788620;0.00000000000
2315;-95.5074481718;46.9277301553;0.00000000000
2316;-94.5301811938;46.9279899147;0.00000000000
2317;-93.5579859281;46.9345713436;0.00000000000
2318;-92.5816018280;46.9396657567;0.00000000000
2319;-91.5964524788;46.9409578679;0.00000000000
2320;-90.6049035273;46.9416678506;0.00000000000
;;;
NODE;X;Y;Z
2321;-89.6094871921;46.9403271967;0.00000000000
2322;-88.6088113557;46.9417533815;0.00000000000
2323;-87.6083693750;46.9423182527;0.00000000000
2324;-86.6080103957;46.9425032442;0.00000000000
2325;-85.6078707991;46.9425515778;0.00000000000
2326;-84.6078313552;46.9425647342;0.00000000000
2327;-83.6078277938;46.9425737097;0.00000000000
2328;-82.6078255967;46.9425823445;0.00000000000
2329;-81.6078236108;46.9425908919;0.00000000000
2330;-80.6078216747;46.9425993732;0.00000000000
2331;-79.6078197680;46.9426077882;0.00000000000
2332;-78.6078178883;46.9426161324;0.00000000000
2333;-77.6078160356;46.9426244022;0.00000000000
2334;-76.6078142100;46.9426325938;0.00000000000
2335;-75.6078124115;46.9426407038;0.00000000000
2336;-74.6078106398;46.9426487312;0.00000000000
2337;-73.6078088949;46.9426566738;0.00000000000
2338;-72.6078071769;46.9426645314;0.00000000000
2339;-71.6078054856;46.9426723063;0.00000000000
2340;-70.6078038197;46.9426799996;0.00000000000
;;;
NODE;X;Y;Z
2341;-69.6078021760;46.9426876140;0.00000000000
2342;-68.6078005489;46.9426951535;0.00000000000
2343;-67.6077989346;46.9427026212;0.00000000000
2344;-66.6077973355;46.9427100164;0.00000000000
2345;-65.6077957582;46.9427173350;0.00000000000
2346;-64.6077942089;46.9427245704;0.00000000000
2347;-63.6077926925;46.9427317155;0.00000000000
2348;-62.6077912132;46.9427387643;0.00000000000
2349;-61.6077897738;46.9427457110;0.00000000000
2350;-60.6077883769;46.9427525496;0.00000000000
2351;-59.6077870246;46.9427592736;0.00000000000
2352;-58.6077857191;46.9427658768;0.00000000000
2353;-57.6077844625;46.9427723524;0.00000000000
2354;-56.6077832570;46.9427786928;0.00000000000
2355;-55.6077821050;46.9427848910;0.00000000000
2356;-54.6077810085;46.9427909397;0.00000000000
2357;-53.6077799692;46.9427968305;0.00000000000
2358;-52.6077789893;46.9428025552;0.00000000000
2359;-51.6077780712;46.9428081059;0.00000000000
2360;-50.6077772169;46.9428134753;0.00000000000
;;;
NODE;X;Y;Z
2361;-49.6077764296;46.9428186570;0.00000000000
2362;-48.6077757131;46.9428236463;0.00000000000
2363;-47.6077750737;46.9428284406;0.00000000000
2364;-46.6077745207;46.9428330391;0.00000000000
2365;-45.6077740675;46.9428374402;0.00000000000
2366;-44.6077737313;46.9428416378;0.00000000000
2367;-43.6077735311;46.9428456149;0.00000000000
2368;-42.6077734831;46.9428493327;0.00000000000
2369;-41.6077735915;46.9428527184;0.00000000000
2370;-40.6077738338;46.9428556537;0.00000000000
2371;-39.6077741414;46.9428579715;0.00000000000
2372;-38.6077743793;46.9428594692;0.00000000000
2373;-37.6077743316;46.9428599551;0.00000000000
2374;-36.6077737068;46.9428593412;0.00000000000
2375;-35.6077721805;46.9428577979;0.00000000000
2376;-34.6077695031;46.9428559680;0.00000000000
2377;-33.6077656956;46.9428552144;0.00000000000
2378;-32.6077613466;46.9428578309;0.00000000000
2379;-31.6077579955;46.9428670831;0.00000000000
2380;-30.6077585384;46.9428868796;0.00000000000
;;;
NODE;X;Y;Z
2381;-29.6077675128;46.9429208130;0.00000000000
2382;-28.6077910256;46.9429703094;0.00000000000
2383;-27.6078359918;46.9430317223;0.00000000000
2384;-26.6079083013;46.9430924740;0.00000000000
2385;-25.6080095687;46.9431268224;0.00000000000
2386;-24.6081323185;46.9430925168;0.00000000000
2387;-23.6082538611;46.9429303671;0.00000000000
2388;-22.6083296996;46.9425693387;0.00000000000
2389;-21.6082879788;46.9419397694;0.00000000000
2390;-20.6080270216;46.9409962183;0.00000000000
2391;-19.6074181042;46.9397487828;0.00000000000
2392;-18.6063150526;46.9382984444;0.00000000000
2393;-17.6045710254;46.9368688428;0.00000000000
2394;-16.6020612620;46.9358257616;0.00000000000
2395;-15.5987087185;46.9356786203;0.00000000000
2396;-14.5945059118;46.9370660156;0.00000000000
2397;-13.5895179991;46.9407400717;0.00000000000
2398;-12.5838471434;46.9475645257;0.00000000000
2399;-11.5814913717;46.9504392274;0.00000000000
2400;-10.5792951847;46.9567927281;0.00000000000
;;;
NODE;X;Y;Z
2401;-9.57610675468;46.9768209622;0.00000000000
2402;-8.57612199681;47.0039599894;0.00000000000
2403;-7.57657120184;47.0288709680;0.00000000000
2404;-6.57653933349;47.0517785977;0.00000000000
2405;-5.57888328177;47.0667539478;0.00000000000
2406;-4.57831095236;47.0659643652;0.00000000000
2407;-3.89864617877;23.8760746715;0.00000000000
2408;-3.95692247191;24.9190957553;0.00000000000
2409;-3.96939614757;25.9537805982;0.00000000000
2410;-3.93053508436;26.9876128213;0.00000000000
2411;-3.84616232902;28.0224890511;0.00000000000
2412;-3.73827957506;29.0668378418;0.00000000000
2413;-3.63685867207;30.1170217185;0.00000000000
2414;-3.56348161412;31.1614533398;0.00000000000
2415;-3.53950959603;32.1960721924;0.00000000000
2416;-3.54548553668;33.2054373669;0.00000000000
2417;-3.56671848012;34.2007718857;0.00000000000
2418;-3.58317589891;35.2019655887;0.00000000000
2419;-3.60127198529;36.2027050731;0.00000000000
2420;-3.62276390534;37.2054519495;0.00000000000
;;;
NODE;X;Y;Z
2421;-3.63533015471;38.1993461413;0.00000000000
2422;-3.63606916768;39.1914828676;0.00000000000
2423;-3.63110747772;40.1775284786;0.00000000000
2424;-3.62540010720;41.1653071758;0.00000000000
2425;-3.61739909801;42.1450025485;0.00000000000
2426;-3.61041394521;43.1274413845;0.00000000000
2427;-3.60713774294;44.1108262260;0.00000000000
2428;-3.59826830445;45.0930896083;0.00000000000
2429;-3.59007266231;46.0750981181;0.00000000000
2430;-24.7538781662;4.04665308152;0.00000000000
2431;-25.7711691705;3.90475684853;0.00000000000
2432;-26.8204655652;3.71491832912;0.00000000000
2433;-27.8421382816;3.61903799508;0.00000000000
2434;-28.8394983285;3.59156635293;0.00000000000
2435;-29.8309437653;3.58528630300;0.00000000000
2436;-30.8182408393;3.59790259453;0.00000000000
2437;-31.8106868913;3.59992241708;0.00000000000
2438;-32.8053697981;3.59855415446;0.00000000000
2439;-33.8011312541;3.60019766436;0.00000000000
2440;-34.8011046468;3.60025726886;0.00000000000
;;;
NODE;X;Y;Z
2441;-35.8010784406;3.60031450980;0.00000000000
2442;-36.8010540210;3.60037048853;0.00000000000
2443;-37.8010309145;3.60042603342;0.00000000000
2444;-38.8010079898;3.60048164627;0.00000000000
2445;-39.8009850914;3.60053735322;0.00000000000
2446;-40.8009621120;3.60059317017;0.00000000000
2447;-41.8009390386;3.60064911157;0.00000000000
2448;-42.8009158407;3.60070520284;0.00000000000
2449;-43.8008924890;3.60076147682;0.00000000000
2450;-44.8008689573;3.60081797900;0.00000000000
2451;-45.8008452277;3.60087477165;0.00000000000
2452;-46.8008212987;3.60093194488;0.00000000000
2453;-47.8007971983;3.60098962761;0.00000000000
2454;-48.8007730021;3.60104799649;0.00000000000
2455;-49.8007488517;3.60110726994;0.00000000000
2456;-50.8007249655;3.60116767125;0.00000000000
2457;-51.8007016211;3.60122932543;0.00000000000
2458;-52.8006790691;3.60129204320;0.00000000000
2459;-53.8006573164;3.60135493237;0.00000000000
2460;-54.8006356882;3.60141577443;0.00000000000
;;;
NODE;X;Y;Z
2461;-55.8006120526;3.60147014403;0.00000000000
2462;-56.8005816026;3.60151036703;0.00000000000
2463;-57.8005351718;3.60152467162;0.00000000000
2464;-58.8004572852;3.60149740279;0.00000000000
2465;-59.8003246103;3.60141205998;0.00000000000
2466;-60.8001062511;3.60126018702;0.00000000000
2467;-61.7997683150;3.60106014801;0.00000000000
2468;-62.7992857830;3.60088735888;0.00000000000
2469;-63.7986631413;3.60090303869;0.00000000000
2470;-64.7979578891;3.60133028941;0.00000000000
2471;-65.8027837110;3.59819789141;0.00000000000
2472;-66.8012235898;3.60026709299;0.00000000000
2473;-67.7998366664;3.60088979289;0.00000000000
2474;-68.8004728660;3.60104087694;0.00000000000
2475;-69.8003508731;3.59811596644;0.00000000000
2476;-70.8004631077;3.59671602257;0.00000000000
2477;-71.7990722936;3.60163957482;0.00000000000
2478;-72.7998164106;3.60181344094;0.00000000000
2479;-73.7959549559;3.60357977079;0.00000000000
2480;-74.7953114325;3.60501901157;0.00000000000
;;;
NODE;X;Y;Z
2481;-75.7984542822;3.60157548621;0.00000000000
2482;-76.7954462259;3.60303106177;0.00000000000
2483;-77.7984082048;3.59993586286;0.00000000000
2484;-78.7979222770;3.60206558141;0.00000000000
2485;-79.7950268633;3.60447862231;0.00000000000
2486;-80.7947840908;3.60756387341;0.00000000000
2487;-81.7983949105;3.60672087645;0.00000000000
2488;-82.7973981022;3.61038642115;0.00000000000
2489;-83.7990841988;3.61508305343;0.00000000000
2490;-84.8051958491;3.61105587739;0.00000000000
2491;-85.8115356965;3.60587187949;0.00000000000
2492;-86.8162885457;3.60338724737;0.00000000000
2493;-87.8220663876;3.59151123010;0.00000000000
2494;-88.8278798273;3.57481391171;0.00000000000
2495;-89.8343313602;3.56499997728;0.00000000000
2496;-90.8393117230;3.53668337720;0.00000000000
2497;-91.8425126382;3.50762016692;0.00000000000
2498;-92.8468316577;3.46736845472;0.00000000000
2499;-93.8572356434;3.43557118586;0.00000000000
2500;-94.8727826236;3.42311964942;0.00000000000
;;;
NODE;X;Y;Z
2501;-95.8875893997;3.41712739121;0.00000000000
2502;-96.4057023181;2.94061830233;0.00000000000
2503;-22.5483118108;5.05798194078;0.00000000000
2504;-22.9751974956;5.72417231032;0.00000000000
2505;-21.9062672486;7.26196445590;0.00000000000
2506;-22.1581091820;8.00693845939;0.00000000000
2507;-21.0265025348;9.45568978183;0.00000000000
2508;-21.2029304686;10.2269743037;0.00000000000
2509;-19.9913487651;11.5268146488;0.00000000000
2510;-20.1377897166;12.3291045584;0.00000000000
2511;-18.8264583756;13.4911992017;0.00000000000
2512;-18.9283147341;14.3207523501;0.00000000000
2513;-17.4477512268;15.2780587391;0.00000000000
2514;-17.4591231161;16.1046848750;0.00000000000
2515;-15.8502004589;16.8946578922;0.00000000000
2516;-15.7611084377;17.7172572538;0.00000000000
2517;-14.0895349634;18.3417791891;0.00000000000
2518;-13.9134847459;19.1495126010;0.00000000000
2519;-12.2029957743;19.6459767084;0.00000000000
2520;-11.9436665296;20.4359457746;0.00000000000
;;;
NODE;X;Y;Z
2521;-10.2009363622;20.7956731800;0.00000000000
2522;-9.85904268681;21.5705741193;0.00000000000
2523;-8.10710373027;21.7474614389;0.00000000000
2524;-7.70003661014;22.4912578399;0.00000000000
2525;-5.96777773917;22.4302938473;0.00000000000
2526;-5.51105408161;23.1017839986;0.00000000000
2527;-96.3852407189;4.89182484979;0.00000000000
2528;-96.3790547679;5.86268661898;0.00000000000
2529;-96.3766775501;6.83919701124;0.00000000000
2530;-96.3782896379;7.82186736682;0.00000000000
2531;-96.3828056656;8.81263808653;0.00000000000
2532;-96.3845114305;9.80148853129;0.00000000000
2533;-96.3945867564;10.7975931102;0.00000000000
2534;-96.3979707244;11.7973340655;0.00000000000
2535;-96.3997475370;12.7975709504;0.00000000000
2536;-96.3964910770;13.7963479220;0.00000000000
2537;-96.3951678338;14.7957799476;0.00000000000
2538;-96.4001664128;15.7979965267;0.00000000000
2539;-96.4015139077;16.7997538855;0.00000000000
2540;-96.4021904311;17.7984089568;0.00000000000
;;;
NODE;X;Y;Z
2541;-96.4017803124;18.7981500297;0.00000000000
2542;-96.4020871796;19.7974840103;0.00000000000
2543;-96.4030406463;20.7981709838;0.00000000000
2544;-96.4000092649;21.7980658061;0.00000000000
2545;-96.4013503712;22.7998781446;0.00000000000
2546;-96.4019879074;23.7985904871;0.00000000000
2547;-96.4015967886;24.7983374266;0.00000000000
2548;-96.4021090115;25.7976868550;0.00000000000
2549;-96.4033406905;26.7984157360;0.00000000000
2550;-96.4006187737;27.7983285309;0.00000000000
2551;-96.4023233350;28.8000563157;0.00000000000
2552;-96.3979986832;29.7987109200;0.00000000000
2553;-96.3967334621;30.7959481120;0.00000000000
2554;-96.3984206135;31.7968323655;0.00000000000
2555;-96.3968315330;32.7959003278;0.00000000000
2556;-96.4017698390;33.7986868329;0.00000000000
2557;-96.4000664664;34.8003458479;0.00000000000
2558;-96.4006061604;35.8021439742;0.00000000000
2559;-96.4008131461;36.8043660273;0.00000000000
2560;-96.4036234337;37.8069867511;0.00000000000
;;;
NODE;X;Y;Z
2561;-96.4103377748;38.8114440115;0.00000000000
2562;-96.4209669657;39.8165251680;0.00000000000
2563;-96.4320839728;40.8225614715;0.00000000000
2564;-96.4427940728;41.8292677185;0.00000000000
2565;-96.4600514929;42.8350790474;0.00000000000
2566;-96.4794624218;43.8545790190;0.00000000000
2567;-96.4911511809;44.8787912437;0.00000000000
2568;-96.4923461561;45.8958440454;0.00000000000
2569;-96.0008014239;46.4092016408;0.00000000000
2570;-95.0215478449;46.4112419692;0.00000000000
2571;-94.0546525465;46.4105711041;0.00000000000
2572;-93.0829968683;46.4256267252;0.00000000000
2573;-92.1040679029;46.4249647117;0.00000000000
2574;-91.1186398043;46.4293645374;0.00000000000
2575;-90.1317335987;46.4295095308;0.00000000000
2576;-89.1339335895;46.4323116422;0.00000000000
2577;-88.1348223089;46.4326498390;0.00000000000
2578;-87.1386332406;46.4284799803;0.00000000000
2579;-86.1385116703;46.4288101981;0.00000000000
2580;-85.1383160501;46.4289050063;0.00000000000
;;;
NODE;X;Y;Z
2581;-84.1383419508;46.4289374576;0.00000000000
2582;-83.1382479529;46.4289515289;0.00000000000
2583;-82.1383115649;46.4289664454;0.00000000000
2584;-81.1382338002;46.4289753430;0.00000000000
2585;-80.1383022550;46.4289898615;0.00000000000
2586;-79.1382254065;46.4289988881;0.00000000000
2587;-78.1382941514;46.4290132768;0.00000000000
2588;-77.1382174313;46.4290221080;0.00000000000
2589;-76.1382863043;46.4290362782;0.00000000000
2590;-75.1382096812;46.4290448800;0.00000000000
2591;-74.1382786696;46.4290588186;0.00000000000
2592;-73.1382021406;46.4290671822;0.00000000000
2593;-72.1382712421;46.4290808865;0.00000000000
2594;-71.1381948024;46.4290890195;0.00000000000
2595;-70.1382640060;46.4291025044;0.00000000000
2596;-69.1381876377;46.4291104268;0.00000000000
2597;-68.1382569196;46.4291237153;0.00000000000
2598;-67.1381806062;46.4291314444;0.00000000000
2599;-66.1382499699;46.4291445386;0.00000000000
2600;-65.1381737373;46.4291520583;0.00000000000
;;;
NODE;X;Y;Z
2601;-64.1382432194;46.4291649287;0.00000000000
2602;-63.1381671040;46.4291722024;0.00000000000
2603;-62.1382367359;46.4291848117;0.00000000000
2604;-61.1381607638;46.4291918040;0.00000000000
2605;-60.1382305668;46.4292041165;0.00000000000
2606;-59.1381547567;46.4292107906;0.00000000000
2607;-58.1382247475;46.4292227683;0.00000000000
2608;-57.1381491155;46.4292290847;0.00000000000
2609;-56.1382193091;46.4292406857;0.00000000000
2610;-55.1381438707;46.4292466026;0.00000000000
2611;-54.1382142820;46.4292577878;0.00000000000
2612;-53.1381390535;46.4292632697;0.00000000000
2613;-52.1382097015;46.4292740108;0.00000000000
2614;-51.1381347092;46.4292790430;0.00000000000
2615;-50.1382056290;46.4292893414;0.00000000000
2616;-49.1381309223;46.4292939402;0.00000000000
2617;-48.1382021788;46.4293038190;0.00000000000
2618;-47.1381278407;46.4293079943;0.00000000000
2619;-46.1381995257;46.4293174120;0.00000000000
2620;-45.1381256446;46.4293210151;0.00000000000
;;;
NODE;X;Y;Z
2621;-44.1381978084;46.4293296403;0.00000000000
2622;-43.1381243495;46.4293320794;0.00000000000
2623;-42.1381968073;46.4293390036;0.00000000000
2624;-41.1381233615;46.4293390625;0.00000000000
2625;-40.1381954308;46.4293429076;0.00000000000
2626;-39.1381210185;46.4293393925;0.00000000000
2627;-38.1381915411;46.4293397906;0.00000000000
2628;-37.1381150676;46.4293340938;0.00000000000
2629;-36.1370201478;46.4344560232;0.00000000000
2630;-35.1381058466;46.4293360834;0.00000000000
2631;-34.1381754479;46.4293518799;0.00000000000
2632;-33.1381032673;46.4293772542;0.00000000000
2633;-32.1381849882;46.4294282255;0.00000000000
2634;-31.1381339416;46.4294960613;0.00000000000
2635;-30.1382463759;46.4295877347;0.00000000000
2636;-29.1382347524;46.4296785134;0.00000000000
2637;-28.1383889828;46.4297509877;0.00000000000
2638;-27.1384109781;46.4297506816;0.00000000000
2639;-26.1385722791;46.4296295247;0.00000000000
2640;-25.1385504141;46.4293117889;0.00000000000
;;;
NODE;X;Y;Z
2641;-24.1385892557;46.4287502218;0.00000000000
2642;-23.1383345627;46.4279011481;0.00000000000
2643;-22.1380068096;46.4267859213;0.00000000000
2644;-21.1372226737;46.4254423245;0.00000000000
2645;-20.1361771355;46.4239543302;0.00000000000
2646;-19.1344294887;46.4223643601;0.00000000000
2647;-18.1321136618;46.4207467881;0.00000000000
2648;-17.1296986218;46.4247446748;0.00000000000
2649;-16.1241014679;46.4256600755;0.00000000000
2650;-15.1190646303;46.4260776357;0.00000000000
2651;-14.1135576881;46.4277201288;0.00000000000
2652;-13.1076731117;46.4325320368;0.00000000000
2653;-12.1016503529;46.4405817444;0.00000000000
2654;-11.1028254865;46.4411282733;0.00000000000
2655;-10.0978053307;46.4615311725;0.00000000000
2656;-9.09293671923;46.4936295568;0.00000000000
2657;-8.09363044463;46.5211357620;0.00000000000
2658;-7.09179598184;46.5452510029;0.00000000000
2659;-6.08786529339;46.5718936892;0.00000000000
2660;-5.08943726058;46.5756909103;0.00000000000
;;;
NODE;X;Y;Z
2661;-4.08674289528;46.5728592586;0.00000000000
2662;-4.50115287459;24.3413724508;0.00000000000
2663;-4.54975807993;25.3903284619;0.00000000000
2664;-4.53880797315;26.4350115577;0.00000000000
2665;-4.46629085204;27.4803678820;0.00000000000
2666;-4.34831774388;28.5327393185;0.00000000000
2667;-4.21715300533;29.5938441601;0.00000000000
2668;-4.10759346065;30.6481913871;0.00000000000
2669;-4.03997866154;31.6961507990;0.00000000000
2670;-4.02076994211;32.7250300999;0.00000000000
2671;-4.03672434592;33.7261148577;0.00000000000
2672;-4.06052383709;34.7263156594;0.00000000000
2673;-4.08594771035;35.7308131281;0.00000000000
2674;-4.11500397375;36.7319334876;0.00000000000
2675;-4.14025554196;37.7276499168;0.00000000000
2676;-4.15489179416;38.7161488616;0.00000000000
2677;-4.15421238562;39.6993134985;0.00000000000
2678;-4.14623464586;40.6843781313;0.00000000000
2679;-4.13649982330;41.6668834682;0.00000000000
2680;-4.12669406194;42.6441292634;0.00000000000
;;;
NODE;X;Y;Z
2681;-4.11976679181;43.6253887972;0.00000000000
2682;-4.10984620011;44.6079031185;0.00000000000
2683;-4.10077210112;45.5903569123;0.00000000000
2684;-25.2306608609;4.56458646747;0.00000000000
2685;-26.2868079326;4.34648700293;0.00000000000
2686;-27.3360446610;4.17251449339;0.00000000000
2687;-28.3390121645;4.10950765164;0.00000000000
2688;-29.3256841847;4.09293754343;0.00000000000
2689;-30.3117989452;4.10057819810;0.00000000000
2690;-31.2979884911;4.11331077211;0.00000000000
2691;-32.2865646742;4.11378865534;0.00000000000
2692;-33.2814799376;4.11000822281;0.00000000000
2693;-34.2811333308;4.10775256200;0.00000000000
2694;-35.2811004206;4.10783788689;0.00000000000
2695;-36.2810658736;4.10792036954;0.00000000000
2696;-37.2810327400;4.10800158633;0.00000000000
2697;-38.2810005803;4.10808254125;0.00000000000
2698;-39.2809686898;4.10816359368;0.00000000000
2699;-40.2809367661;4.10824478842;0.00000000000
2700;-41.2809046986;4.10832614914;0.00000000000
;;;
NODE;X;Y;Z
2701;-42.2808724550;4.10840770602;0.00000000000
2702;-43.2808399867;4.10848950451;0.00000000000
2703;-44.2808072506;4.10857160652;0.00000000000
2704;-45.2807742165;4.10865410100;0.00000000000
2705;-46.2807408787;4.10873711969;0.00000000000
2706;-47.2807072778;4.10882085834;0.00000000000
2707;-48.2806735314;4.10890559593;0.00000000000
2708;-49.2806398697;4.10899169755;0.00000000000
2709;-50.2806066651;4.10907957229;0.00000000000
2710;-51.2805744242;4.10916953440;0.00000000000
2711;-52.2805436850;4.10926148786;0.00000000000
2712;-53.2805147152;4.10935432724;0.00000000000
2713;-54.2804868606;4.10944493282;0.00000000000
2714;-55.2804573383;4.10952667450;0.00000000000
2715;-56.2804192522;4.10958749408;0.00000000000
2716;-57.2803587021;4.10960801209;0.00000000000
2717;-58.2802511593;4.10956087712;0.00000000000
2718;-59.2800579717;4.10941397871;0.00000000000
2719;-60.2797250987;4.10914230953;0.00000000000
2720;-61.2791879334;4.10875553645;0.00000000000
;;;
NODE;X;Y;Z
2721;-62.2783876670;4.10834689455;0.00000000000
2722;-63.2773036778;4.10815207045;0.00000000000
2723;-64.2759975220;4.10855399845;0.00000000000
2724;-65.2801394554;4.10580284765;0.00000000000
2725;-66.2834246055;4.10468696792;0.00000000000
2726;-67.2804929688;4.10731856944;0.00000000000
2727;-68.2797511811;4.10802534898;0.00000000000
2728;-69.2802657989;4.10518202804;0.00000000000
2729;-70.2802474398;4.10079424932;0.00000000000
2730;-71.2789540470;4.10427649944;0.00000000000
2731;-72.2782944795;4.10937481637;0.00000000000
2732;-73.2751816674;4.11138181130;0.00000000000
2733;-74.2707223022;4.11474017284;0.00000000000
2734;-75.2733389248;4.11298001837;0.00000000000
2735;-76.2736950584;4.11130235754;0.00000000000
2736;-77.2739981425;4.10996508766;0.00000000000
2737;-78.2769501778;4.10915480936;0.00000000000
2738;-79.2741247572;4.11349542354;0.00000000000
2739;-80.2715070147;4.11816876841;0.00000000000
2740;-81.2751583888;4.11869220953;0.00000000000
;;;
NODE;X;Y;Z
2741;-82.2775273919;4.11871815085;0.00000000000
2742;-83.2770843774;4.12324388629;0.00000000000
2743;-84.2824915161;4.11945329129;0.00000000000
2744;-85.2897911787;4.11221374851;0.00000000000
2745;-86.2949104107;4.10842329150;0.00000000000
2746;-87.3001906968;4.09833095117;0.00000000000
2747;-88.3059591414;4.08266186370;0.00000000000
2748;-89.3126043090;4.06713197782;0.00000000000
2749;-90.3190863220;4.04604589061;0.00000000000
2750;-91.3240811092;4.01655657058;0.00000000000
2751;-92.3271937036;3.97852354774;0.00000000000
2752;-93.3364201880;3.93977258578;0.00000000000
2753;-94.3532691109;3.91624402721;0.00000000000
2754;-95.3712947439;3.90603386625;0.00000000000
2755;-95.8768143334;4.39439991747;0.00000000000
2756;-95.8694176339;5.37171511644;0.00000000000
2757;-95.8638835936;6.34310415193;0.00000000000
2758;-95.8635302415;7.31852072522;0.00000000000
2759;-95.8674223165;8.30140093867;0.00000000000
2760;-95.8713485072;9.28859661955;0.00000000000
;;;
NODE;X;Y;Z
2761;-95.8799051387;10.2802798050;0.00000000000
2762;-95.8893058591;11.2765970516;0.00000000000
2763;-95.8935738351;12.2755837412;0.00000000000
2764;-95.8917965804;13.2742050142;0.00000000000
2765;-95.8871436938;14.2722878062;0.00000000000
2766;-95.8908074306;15.2738987285;0.00000000000
2767;-95.8971532931;16.2778767782;0.00000000000
2768;-95.8991800835;17.2782957537;0.00000000000
2769;-95.8994538255;18.2766944408;0.00000000000
2770;-95.8993645849;19.2757682533;0.00000000000
2771;-95.9006466829;20.2757828470;0.00000000000
2772;-95.8985971755;21.2763502521;0.00000000000
2773;-95.8969376838;22.2780323284;0.00000000000
2774;-95.8989407583;23.2785196436;0.00000000000
2775;-95.8991912826;24.2769300131;0.00000000000
2776;-95.8992773695;25.2759703114;0.00000000000
2777;-95.9009259935;26.2759943766;0.00000000000
2778;-95.8992620617;27.2765969711;0.00000000000
2779;-95.8979858277;28.2782288910;0.00000000000
2780;-95.8950369054;29.2786445475;0.00000000000
;;;
NODE;X;Y;Z
2781;-95.8890955452;30.2746097321;0.00000000000
2782;-95.8892269357;31.2728165363;0.00000000000
2783;-95.8892057841;32.2727973144;0.00000000000
2784;-95.8927113823;33.2745033689;0.00000000000
2785;-95.8964124792;34.2784517309;0.00000000000
2786;-95.8958943061;35.2808579518;0.00000000000
2787;-95.8970651136;36.2830763525;0.00000000000
2788;-95.8995489360;37.2852342554;0.00000000000
2789;-95.9065769946;38.2887223568;0.00000000000
2790;-95.9184878267;39.2938411617;0.00000000000
2791;-95.9314457680;40.2997746068;0.00000000000
2792;-95.9415270755;41.3064812700;0.00000000000
2793;-95.9548374190;42.3119247138;0.00000000000
2794;-95.9770009164;43.3274712123;0.00000000000
2795;-95.9956463687;44.3556133936;0.00000000000
2796;-96.0012337471;45.3807062729;0.00000000000
2797;-95.5149010970;45.8927134548;0.00000000000
2798;-94.5460191976;45.8938231586;0.00000000000
2799;-93.5796634868;45.9016264856;0.00000000000
2800;-92.6054629433;45.9109256801;0.00000000000
;;;
NODE;X;Y;Z
2801;-91.6262552284;45.9133713812;0.00000000000
2802;-90.6454698756;45.9172062176;0.00000000000
2803;-89.6561799961;45.9214939763;0.00000000000
2804;-88.6599445427;45.9232080997;0.00000000000
2805;-87.6650861745;45.9188115665;0.00000000000
2806;-86.6691345152;45.9147869341;0.00000000000
2807;-85.6689569213;45.9151636266;0.00000000000
2808;-84.6688266457;45.9152777297;0.00000000000
2809;-83.6687621099;45.9153152768;0.00000000000
2810;-82.6687339211;45.9153356298;0.00000000000
2811;-81.6687217543;45.9153508965;0.00000000000
2812;-80.6687143804;45.9153658313;0.00000000000
2813;-79.6687078935;45.9153809614;0.00000000000
2814;-78.6687016696;45.9153960325;0.00000000000
2815;-77.6686955471;45.9154109826;0.00000000000
2816;-76.6686895256;45.9154257925;0.00000000000
2817;-75.6686835740;45.9154404544;0.00000000000
2818;-74.6686777110;45.9154549675;0.00000000000
2819;-73.6686719152;45.9154693270;0.00000000000
2820;-72.6686662057;45.9154835372;0.00000000000
;;;
NODE;X;Y;Z
2821;-71.6686605589;45.9154975997;0.00000000000
2822;-70.6686549887;45.9155115243;0.00000000000
2823;-69.6686494677;45.9155253172;0.00000000000
2824;-68.6686440084;45.9155389885;0.00000000000
2825;-67.6686385911;45.9155525384;0.00000000000
2826;-66.6686332405;45.9155659665;0.00000000000
2827;-65.6686279490;45.9155792618;0.00000000000
2828;-64.6686227478;45.9155924165;0.00000000000
2829;-63.6686176308;45.9156054156;0.00000000000
2830;-62.6686126267;45.9156182498;0.00000000000
2831;-61.6686077259;45.9156309047;0.00000000000
2832;-60.6686029538;45.9156433709;0.00000000000
2833;-59.6685982990;45.9156556334;0.00000000000
2834;-58.6685937851;45.9156676820;0.00000000000
2835;-57.6685894005;45.9156795006;0.00000000000
2836;-56.6685851676;45.9156910776;0.00000000000
2837;-55.6685810748;45.9157023973;0.00000000000
2838;-54.6685771442;45.9157134507;0.00000000000
2839;-53.6685733662;45.9157242269;0.00000000000
2840;-52.6685697656;45.9157347253;0.00000000000
;;;
NODE;X;Y;Z
2841;-51.6685663395;45.9157449478;0.00000000000
2842;-50.6685631212;45.9157549090;0.00000000000
2843;-49.6685601217;45.9157646247;0.00000000000
2844;-48.6685573880;45.9157741129;0.00000000000
2845;-47.6685549457;45.9157833727;0.00000000000
2846;-46.6685528457;45.9157923673;0.00000000000
2847;-45.6685511029;45.9158009870;0.00000000000
2848;-44.6685497218;45.9158090176;0.00000000000
2849;-43.6685486268;45.9158161048;0.00000000000
2850;-42.6685476737;45.9158217503;0.00000000000
2851;-41.6685465774;45.9158253477;0.00000000000
2852;-40.6685449585;45.9158263165;0.00000000000
2853;-39.6685423078;45.9158243287;0.00000000000
2854;-38.6685381803;45.9158197139;0.00000000000
2855;-37.6685322771;45.9158139293;0.00000000000
2856;-36.6673615086;45.9209307758;0.00000000000
2857;-35.6673538139;45.9209343087;0.00000000000
2858;-34.6685117914;45.9158319953;0.00000000000
2859;-33.6685130196;45.9158739197;0.00000000000
2860;-32.6685269089;45.9159476488;0.00000000000
;;;
NODE;X;Y;Z
2861;-31.6685609343;45.9160572037;0.00000000000
2862;-30.6686217792;45.9161969164;0.00000000000
2863;-29.6687136155;45.9163454352;0.00000000000
2864;-28.6688327096;45.9164591918;0.00000000000
2865;-27.6689639691;45.9164699470;0.00000000000
2866;-26.6690749559;45.9162877323;0.00000000000
2867;-25.6691131245;45.9158144911;0.00000000000
2868;-24.6690073513;45.9149694938;0.00000000000
2869;-23.6686699572;45.9137210029;0.00000000000
2870;-22.6680116726;45.9121177308;0.00000000000
2871;-21.6669415045;45.9102884764;0.00000000000
2872;-20.6653727876;45.9084004364;0.00000000000
2873;-19.6631885200;45.9065699076;0.00000000000
2874;-18.6602280980;45.9048127038;0.00000000000
2875;-17.6572412582;45.9086226200;0.00000000000
2876;-16.6517388277;45.9145789886;0.00000000000
2877;-15.6444573798;45.9160590909;0.00000000000
2878;-14.6381164066;45.9167317490;0.00000000000
2879;-13.6317128006;45.9195120939;0.00000000000
2880;-12.6254763212;45.9255492555;0.00000000000
;;;
NODE;X;Y;Z
2881;-11.6229844677;45.9312707903;0.00000000000
2882;-10.6213356326;45.9458667177;0.00000000000
2883;-9.61463529530;45.9783397671;0.00000000000
2884;-8.61044516705;46.0108053294;0.00000000000
2885;-7.60885522462;46.0375157969;0.00000000000
2886;-6.60312194175;46.0653660944;0.00000000000
2887;-5.59841927221;46.0808306516;0.00000000000
2888;-4.59786920350;46.0825858038;0.00000000000
2889;-5.16617889487;25.8509725028;0.00000000000
2890;-4.98351407085;27.9908202255;0.00000000000
2891;-4.81201623665;29.0638493207;0.00000000000
2892;-4.66157222016;30.1394473313;0.00000000000
2893;-4.53819415263;31.2165718690;0.00000000000
2894;-4.49853348291;32.2501841729;0.00000000000
2895;-4.50616836865;33.2556575079;0.00000000000
2896;-4.53068708058;34.2577965063;0.00000000000
2897;-4.56138026963;35.2651652934;0.00000000000
2898;-4.60356432019;36.2705085426;0.00000000000
2899;-4.64884374381;37.2692630243;0.00000000000
2900;-4.67946960341;38.2537312219;0.00000000000
;;;
NODE;X;Y;Z
2901;-4.69479907439;39.2301358674;0.00000000000
2902;-4.67725846120;40.2017749315;0.00000000000
2903;-4.65706880036;41.1833775535;0.00000000000
2904;-4.63832527773;42.1585168401;0.00000000000
2905;-4.63710316110;43.1373984863;0.00000000000
2906;-4.62785776683;44.1175509174;0.00000000000
2907;-24.2052685337;4.65393750125;0.00000000000
2908;-25.7730240577;4.99038720074;0.00000000000
2909;-26.8844634620;4.70415579157;0.00000000000
2910;-27.8593892655;4.63343938080;0.00000000000
2911;-28.8286590813;4.61041385685;0.00000000000
2912;-29.7996610253;4.63610807460;0.00000000000
2913;-30.7731097261;4.65462462836;0.00000000000
2914;-31.7558979672;4.65180068351;0.00000000000
2915;-32.7484300811;4.63899479368;0.00000000000
2916;-33.7491033962;4.62567933371;0.00000000000
2917;-34.7535725722;4.61808731166;0.00000000000
2918;-35.7566597595;4.61358996034;0.00000000000
2919;-36.7596556703;4.61110349631;0.00000000000
2920;-37.7652348804;4.60863534000;0.00000000000
;;;
NODE;X;Y;Z
2921;-38.7693670249;4.60723261833;0.00000000000
2922;-39.7672097818;4.60760849899;0.00000000000
2923;-40.7699263321;4.60553948400;0.00000000000
2924;-41.7673263069;4.60787577027;0.00000000000
2925;-42.7693180609;4.60743045508;0.00000000000
2926;-43.7671654311;4.60785966072;0.00000000000
2927;-44.7697749527;4.60590028852;0.00000000000
2928;-45.7671816063;4.60820985526;0.00000000000
2929;-46.7691434721;4.60780351512;0.00000000000
2930;-47.7670063064;4.60826445364;0.00000000000
2931;-48.7696040861;4.60632870257;0.00000000000
2932;-49.7719566101;4.60971575946;0.00000000000
2933;-50.7690342573;4.60845804644;0.00000000000
2934;-51.7718818392;4.60995460254;0.00000000000
2935;-52.7695288796;4.60706351869;0.00000000000
2936;-53.7718284672;4.61019057778;0.00000000000
2937;-54.7689696160;4.60913876702;0.00000000000
2938;-55.7717729448;4.61033349755;0.00000000000
2939;-56.7694427802;4.60728405439;0.00000000000
2940;-57.7666043625;4.60884055691;0.00000000000
;;;
NODE;X;Y;Z
2941;-58.7682676674;4.60750940515;0.00000000000
2942;-59.7656023290;4.60680470978;0.00000000000
2943;-60.7631776950;4.60697060906;0.00000000000
2944;-61.7610836880;4.60570754275;0.00000000000
2945;-62.7598956784;4.60505051384;0.00000000000
2946;-63.7607423785;4.60435940736;0.00000000000
2947;-64.7623918053;4.60468602581;0.00000000000
2948;-65.7658693034;4.60404828652;0.00000000000
2949;-66.7636339976;4.60837318820;0.00000000000
2950;-67.7616860900;4.60876634965;0.00000000000
2951;-68.7619262430;4.60688547684;0.00000000000
2952;-69.7612441257;4.60110044101;0.00000000000
2953;-70.7598465469;4.59684091365;0.00000000000
2954;-71.7612873864;4.60373314272;0.00000000000
2955;-72.7607735773;4.60110267731;0.00000000000
2956;-73.7580431689;4.60711263918;0.00000000000
2957;-74.7557381992;4.61273260356;0.00000000000
2958;-75.7568343046;4.61008961765;0.00000000000
2959;-76.7547826920;4.61037402042;0.00000000000
2960;-77.7568308988;4.60416023169;0.00000000000
;;;
NODE;X;Y;Z
2961;-78.7594060494;4.60342596281;0.00000000000
2962;-79.7582690565;4.61056508781;0.00000000000
2963;-80.7592229179;4.61269051642;0.00000000000
2964;-81.7635031197;4.61501987067;0.00000000000
2965;-82.7619134322;4.62016159228;0.00000000000
2966;-83.7632576306;4.62343179088;0.00000000000
2967;-84.7677793326;4.61585065712;0.00000000000
2968;-85.7751321766;4.61180817994;0.00000000000
2969;-86.7794724535;4.59908197041;0.00000000000
2970;-87.7856674452;4.58409989210;0.00000000000
2971;-88.7926773240;4.56914847969;0.00000000000
2972;-89.8007187141;4.54823492932;0.00000000000
2973;-90.8075028734;4.51904406640;0.00000000000
2974;-91.8128248820;4.48785481193;0.00000000000
2975;-92.8182629551;4.44112068900;0.00000000000
2976;-93.8351637241;4.41115529005;0.00000000000
2977;-94.8554003125;4.39749446978;0.00000000000
2978;-22.5934351212;6.86059000656;0.00000000000
2979;-23.2995505449;6.42218612840;0.00000000000
2980;-21.6965543910;9.13798860887;0.00000000000
;;;
NODE;X;Y;Z
2981;-22.3638338373;8.77743374697;0.00000000000
2982;-22.0357087944;10.7241366376;0.00000000000
2983;-20.6760500101;11.2942296260;0.00000000000
2984;-21.3585690659;11.0140745051;0.00000000000
2985;-19.5495703975;13.3480944874;0.00000000000
2986;-20.2591193773;13.1527767069;0.00000000000
2987;-18.2241905571;15.2430983836;0.00000000000
2988;-18.9825410053;15.1526026170;0.00000000000
2989;-16.6320612116;16.9392130820;0.00000000000
2990;-17.4164927901;16.9393824493;0.00000000000
2991;-16.4214130792;18.6183854636;0.00000000000
2992;-14.8529116540;18.4614629182;0.00000000000
2993;-15.6268596177;18.5381161150;0.00000000000
2994;-12.9402626285;19.8163664180;0.00000000000
2995;-13.6936180861;19.9563544252;0.00000000000
2996;-10.9060926239;21.0249742155;0.00000000000
2997;-11.6358555235;21.2204332124;0.00000000000
2998;-8.77849921001;22.0678788684;0.00000000000
2999;-9.47364372643;22.3358626720;0.00000000000
3000;-6.60715712022;22.8325579784;0.00000000000
;;;
NODE;X;Y;Z
3001;-7.26568869136;23.2038666789;0.00000000000
3002;-5.65188184345;24.1675582219;0.00000000000
3003;-95.3609199019;4.88586052100;0.00000000000
3004;-95.3520253211;5.85610067335;0.00000000000
3005;-95.3492836620;6.82881278879;0.00000000000
3006;-95.3536306886;7.80627842181;0.00000000000
3007;-95.3595436517;8.78814711480;0.00000000000
3008;-95.3663305084;9.76897977419;0.00000000000
3009;-95.3781544424;10.7603468354;0.00000000000
3010;-95.3863507004;11.7569221549;0.00000000000
3011;-95.3897903900;12.7547277859;0.00000000000
3012;-95.3900271606;13.7536115017;0.00000000000
3013;-95.3929729955;14.7529448241;0.00000000000
3014;-95.3992600092;15.7572413285;0.00000000000
3015;-95.3977332142;16.7587115235;0.00000000000
3016;-95.3968378867;17.7560175335;0.00000000000
3017;-95.3962900975;18.7544004206;0.00000000000
3018;-95.4023402058;19.7546057000;0.00000000000
3019;-95.4011110711;20.7556136582;0.00000000000
3020;-95.3990399216;21.7574739076;0.00000000000
;;;
NODE;X;Y;Z
3021;-95.3974662457;22.7589600909;0.00000000000
3022;-95.3965763943;23.7562753652;0.00000000000
3023;-95.4015187298;24.7544708504;0.00000000000
3024;-95.4020816190;25.7539957140;0.00000000000
3025;-95.4017486748;26.7559067868;0.00000000000
3026;-95.4000946787;27.7577758061;0.00000000000
3027;-95.3989211264;28.7591499954;0.00000000000
3028;-95.3919818711;29.7553596490;0.00000000000
3029;-95.3906754522;30.7520851775;0.00000000000
3030;-95.3930809034;31.7544620704;0.00000000000
3031;-95.3952361020;32.7539331932;0.00000000000
3032;-95.4018131050;33.7598740816;0.00000000000
3033;-95.3914200553;34.7633657025;0.00000000000
3034;-95.3927747904;35.7644147572;0.00000000000
3035;-95.3921650632;36.7639250148;0.00000000000
3036;-95.3985978956;37.7672165669;0.00000000000
3037;-95.4116186923;38.7716767777;0.00000000000
3038;-95.4302843913;39.7803910773;0.00000000000
3039;-95.4479842623;40.7877678495;0.00000000000
3040;-95.4626319083;41.7940414176;0.00000000000
;;;
NODE;X;Y;Z
3041;-95.4851226112;42.8094794525;0.00000000000
3042;-95.5054211657;43.8357047405;0.00000000000
3043;-95.5159362198;44.8638321140;0.00000000000
3044;-95.0296035697;45.3758392959;0.00000000000
3045;-94.0635560561;45.3756373533;0.00000000000
3046;-93.0999175796;45.3900279936;0.00000000000
3047;-92.1266779581;45.3954058902;0.00000000000
3048;-91.1516203952;45.4039420727;0.00000000000
3049;-90.1731987985;45.4075467292;0.00000000000
3050;-89.1827302724;45.4150792985;0.00000000000
3051;-88.1879815141;45.4120347696;0.00000000000
3052;-87.1896120303;45.4102081174;0.00000000000
3053;-86.1925792270;45.4097790918;0.00000000000
3054;-85.1943278339;45.4098754205;0.00000000000
3055;-84.1982727481;45.4043904794;0.00000000000
3056;-83.1966177532;45.4099487700;0.00000000000
3057;-82.1994569955;45.4086617725;0.00000000000
3058;-81.1994584554;45.4120467575;0.00000000000
3059;-80.1940129595;45.4144137252;0.00000000000
3060;-79.1946275303;45.4154214529;0.00000000000
;;;
NODE;X;Y;Z
3061;-78.1956506727;45.4175249654;0.00000000000
3062;-77.1935834008;45.4193795395;0.00000000000
3063;-76.1930353308;45.4152592049;0.00000000000
3064;-75.1888064824;45.4121142179;0.00000000000
3065;-74.1940725479;45.4041268584;0.00000000000
3066;-73.1896848817;45.4045483839;0.00000000000
3067;-72.1940558544;45.4041621736;0.00000000000
3068;-71.1915220310;45.4129213933;0.00000000000
3069;-70.1929837081;45.4153549149;0.00000000000
3070;-69.1936119878;45.4148601671;0.00000000000
3071;-68.1937833168;45.4147631273;0.00000000000
3072;-67.1944866974;45.4157208917;0.00000000000
3073;-66.1954825772;45.4177994493;0.00000000000
3074;-65.1934856261;45.4195843748;0.00000000000
3075;-64.1929354198;45.4154453771;0.00000000000
3076;-63.1887071071;45.4122983697;0.00000000000
3077;-62.1939779412;45.4043288659;0.00000000000
3078;-61.1895886565;45.4047273337;0.00000000000
3079;-60.1939639410;45.4043598924;0.00000000000
3080;-59.1914292483;45.4130962832;0.00000000000
;;;
NODE;X;Y;Z
3081;-58.1928917132;45.4155290907;0.00000000000
3082;-57.1935245789;45.4150491054;0.00000000000
3083;-56.1936927974;45.4149437779;0.00000000000
3084;-55.1943913410;45.4158865997;0.00000000000
3085;-54.1953749929;45.4179472600;0.00000000000
3086;-53.1933744745;45.4197147404;0.00000000000
3087;-52.1928277081;45.4155863415;0.00000000000
3088;-51.1885748875;45.4124189887;0.00000000000
3089;-50.1939064023;45.4044972149;0.00000000000
3090;-49.1893991125;45.4048405336;0.00000000000
3091;-48.1938982323;45.4045209617;0.00000000000
3092;-47.1912405622;45.4137699629;0.00000000000
3093;-46.1926550011;45.4168509320;0.00000000000
3094;-45.1931072892;45.4156823641;0.00000000000
3095;-44.1939528848;45.4155992337;0.00000000000
3096;-43.1933744062;45.4161530926;0.00000000000
3097;-42.1920620833;45.4175087345;0.00000000000
3098;-41.1926696161;45.4210264980;0.00000000000
3099;-40.1923359704;45.4172632286;0.00000000000
3100;-39.1933988056;45.4145087661;0.00000000000
;;;
NODE;X;Y;Z
3101;-38.1962333009;45.4146577453;0.00000000000
3102;-37.1931357106;45.4152081752;0.00000000000
3103;-36.1935221928;45.4225572548;0.00000000000
3104;-35.1929153054;45.4208533063;0.00000000000
3105;-34.1923747932;45.4173836704;0.00000000000
3106;-33.1932140998;45.4151158704;0.00000000000
3107;-32.1947243374;45.4154671928;0.00000000000
3108;-31.1946828640;45.4174228428;0.00000000000
3109;-30.1926140807;45.4175424716;0.00000000000
3110;-29.1935754333;45.4207291728;0.00000000000
3111;-28.1933249445;45.4166247198;0.00000000000
3112;-27.1892245536;45.4132391671;0.00000000000
3113;-26.1948500529;45.4049768823;0.00000000000
3114;-25.1901647427;45.4044523906;0.00000000000
3115;-24.1947081233;45.4025952512;0.00000000000
3116;-23.1909848314;45.4105946797;0.00000000000
3117;-22.1912739217;45.4110008754;0.00000000000
3118;-21.1905920439;45.4091459195;0.00000000000
3119;-20.1886635436;45.4066287229;0.00000000000
3120;-19.1861393029;45.4045008780;0.00000000000
;;;
NODE;X;Y;Z
3121;-18.1825268173;45.4034088463;0.00000000000
3122;-17.1782655218;45.4088868138;0.00000000000
3123;-16.1711957148;45.4070767460;0.00000000000
3124;-15.1606628710;45.3995502562;0.00000000000
3125;-14.1547944205;45.4000878063;0.00000000000
3126;-13.1476575293;45.4035662524;0.00000000000
3127;-12.1424784929;45.4068743415;0.00000000000
3128;-11.1422318358;45.4210654374;0.00000000000
3129;-10.1381756343;45.4539068493;0.00000000000
3130;-9.13236100430;45.4953667082;0.00000000000
3131;-8.12983376519;45.5288166476;0.00000000000
3132;-7.12360496155;45.5594477143;0.00000000000
3133;-6.11323519068;45.5861242430;0.00000000000
3134;-5.10802802135;45.5886270152;0.00000000000
3135;-5.25643545148;29.6094524919;0.00000000000
3136;-5.09217291215;30.7078278132;0.00000000000
3137;-4.99674897401;31.7706052428;0.00000000000
3138;-4.98393190946;32.7808115809;0.00000000000
3139;-5.00013110331;33.7873391565;0.00000000000
3140;-5.03154351312;34.7966461403;0.00000000000
;;;
NODE;X;Y;Z
3141;-5.07899687947;35.8048607078;0.00000000000
3142;-5.13740409025;36.8078380792;0.00000000000
3143;-5.18805780526;37.7953443294;0.00000000000
3144;-5.21937688364;38.7677182277;0.00000000000
3145;-5.21784514998;39.7325973005;0.00000000000
3146;-5.18809261571;40.7007743537;0.00000000000
3147;-5.15889425480;41.6750109255;0.00000000000
3148;-5.14873437689;42.6517860630;0.00000000000
3149;-5.14519413612;43.6295606065;0.00000000000
3150;-23.1780600598;4.57589374262;0.00000000000
3151;-26.3706795872;5.34805598938;0.00000000000
3152;-27.4078080665;5.16508067899;0.00000000000
3153;-28.3490361822;5.13434558601;0.00000000000
3154;-29.3026359219;5.15358438802;0.00000000000
3155;-30.2609718062;5.19015450486;0.00000000000
3156;-31.2310192021;5.19311453976;0.00000000000
3157;-32.2177633740;5.17700682185;0.00000000000
3158;-33.2160535397;5.15466590459;0.00000000000
3159;-34.2215426376;5.13601408337;0.00000000000
3160;-35.2291319111;5.12383938511;0.00000000000
;;;
NODE;X;Y;Z
3161;-36.2352495562;5.11677308712;0.00000000000
3162;-37.2438578107;5.11173724998;0.00000000000
3163;-38.2536013250;5.10778541708;0.00000000000
3164;-39.2556081168;5.10667752364;0.00000000000
3165;-40.2561993478;5.10490319457;0.00000000000
3166;-41.2563479404;5.10508910513;0.00000000000
3167;-42.2557719129;5.10689851933;0.00000000000
3168;-43.2556435054;5.10680061129;0.00000000000
3169;-44.2561331333;5.10518834271;0.00000000000
3170;-45.2561823425;5.10545604278;0.00000000000
3171;-46.2555841997;5.10727625069;0.00000000000
3172;-47.2554425007;5.10724711042;0.00000000000
3173;-48.2559368611;5.10568756028;0.00000000000
3174;-49.2609208264;5.10705276449;0.00000000000
3175;-50.2603842023;5.10909423361;0.00000000000
3176;-51.2603416723;5.10924311458;0.00000000000
3177;-52.2608670338;5.10775663338;0.00000000000
3178;-53.2608426315;5.10789976923;0.00000000000
3179;-54.2603112225;5.10988441198;0.00000000000
3180;-55.2602852226;5.10994559008;0.00000000000
;;;
NODE;X;Y;Z
3181;-56.2607964728;5.10803005786;0.00000000000
3182;-57.2556884406;5.10651659920;0.00000000000
3183;-58.2546208707;5.10678908493;0.00000000000
3184;-59.2538120247;5.10490013621;0.00000000000
3185;-60.2490549253;5.10463300931;0.00000000000
3186;-61.2450734496;5.10392261537;0.00000000000
3187;-62.2425916994;5.10241116205;0.00000000000
3188;-63.2433343791;5.10125785075;0.00000000000
3189;-64.2471366618;5.10049143472;0.00000000000
3190;-65.2481216533;5.10293146469;0.00000000000
3191;-66.2460786954;5.10773450680;0.00000000000
3192;-67.2448271188;5.10982096841;0.00000000000
3193;-68.2438611519;5.10762647751;0.00000000000
3194;-69.2429045698;5.10280388982;0.00000000000
3195;-70.2408432327;5.09714710534;0.00000000000
3196;-71.2421798863;5.09629755693;0.00000000000
3197;-72.2437664842;5.09546100367;0.00000000000
3198;-73.2436350789;5.09683350519;0.00000000000
3199;-74.2430590660;5.10510506989;0.00000000000
3200;-75.2392335791;5.10984220283;0.00000000000
;;;
NODE;X;Y;Z
3201;-76.2379219383;5.10916128053;0.00000000000
3202;-77.2376154482;5.10456916445;0.00000000000
3203;-78.2392867703;5.09843138514;0.00000000000
3204;-79.2435503487;5.10049562708;0.00000000000
3205;-80.2459849597;5.10508683582;0.00000000000
3206;-81.2475676488;5.10901817756;0.00000000000
3207;-82.2478891600;5.11646331211;0.00000000000
3208;-83.2480866854;5.12034949687;0.00000000000
3209;-84.2485454471;5.11982915671;0.00000000000
3210;-85.2531203306;5.11544508855;0.00000000000
3211;-86.2596942195;5.10246685885;0.00000000000
3212;-87.2649492019;5.08485091134;0.00000000000
3213;-88.2723856277;5.07058650810;0.00000000000
3214;-89.2807917291;5.05025143119;0.00000000000
3215;-90.2891352654;5.02123310511;0.00000000000
3216;-91.2962466461;4.99034230776;0.00000000000
3217;-92.3038941335;4.95045195319;0.00000000000
3218;-93.3170064912;4.91250339327;0.00000000000
3219;-94.8435275892;5.37024607791;0.00000000000
3220;-94.8374253896;6.34180931021;0.00000000000
;;;
NODE;X;Y;Z
3221;-94.8393841091;7.31657048539;0.00000000000
3222;-94.8457520238;8.29302459794;0.00000000000
3223;-94.8545256529;9.26853026945;0.00000000000
3224;-94.8645798121;10.2490468046;0.00000000000
3225;-94.8751992838;11.2406719388;0.00000000000
3226;-94.8825672553;12.2360661996;0.00000000000
3227;-94.8880209702;13.2341342734;0.00000000000
3228;-94.8958564623;14.2342685196;0.00000000000
3229;-94.9014255741;15.2362874241;0.00000000000
3230;-94.8998399303;16.2380760738;0.00000000000
3231;-94.8953910173;17.2364333032;0.00000000000
3232;-94.8936741587;18.2337235132;0.00000000000
3233;-94.8992657185;19.2332378673;0.00000000000
3234;-94.9028045940;20.2344365113;0.00000000000
3235;-94.9015538171;21.2367373137;0.00000000000
3236;-94.8995684835;22.2384016702;0.00000000000
3237;-94.8951018816;23.2367158125;0.00000000000
3238;-94.8989038416;24.2338162025;0.00000000000
3239;-94.9043229794;25.2324962530;0.00000000000
3240;-94.9029043004;26.2339081242;0.00000000000
;;;
NODE;X;Y;Z
3241;-94.9025812918;27.2370856217;0.00000000000
3242;-94.9010299774;28.2386969105;0.00000000000
3243;-94.8958660920;29.2358650970;0.00000000000
3244;-94.8935617781;30.2328350944;0.00000000000
3245;-94.8945294199;31.2337307117;0.00000000000
3246;-94.8991112213;32.2355979492;0.00000000000
3247;-94.9043378247;33.2393039058;0.00000000000
3248;-94.8968206812;34.2447880531;0.00000000000
3249;-94.8883005397;35.2469225080;0.00000000000
3250;-94.8878747400;36.2452634195;0.00000000000
3251;-94.8912140227;37.2459073264;0.00000000000
3252;-94.9036395933;38.2501709878;0.00000000000
3253;-94.9234152568;39.2582266933;0.00000000000
3254;-94.9468228856;40.2683843200;0.00000000000
3255;-94.9690890951;41.2753279970;0.00000000000
3256;-94.9929171005;42.2915961563;0.00000000000
3257;-95.0135428604;43.3177129807;0.00000000000
3258;-94.5471404281;44.8576534907;0.00000000000
3259;-93.5838101489;44.8640388613;0.00000000000
3260;-92.6211325944;44.8745082036;0.00000000000
;;;
NODE;X;Y;Z
3261;-91.6520431249;44.8859765817;0.00000000000
3262;-90.6793493181;44.8942825843;0.00000000000
3263;-89.6997490748;44.9011320513;0.00000000000
3264;-88.7107672438;44.9039059684;0.00000000000
3265;-87.7125073699;44.9034313204;0.00000000000
3266;-86.7130567420;44.9052002750;0.00000000000
3267;-85.7179501396;44.9044908857;0.00000000000
3268;-84.7237739363;44.8989881702;0.00000000000
3269;-83.7261283914;44.8990239725;0.00000000000
3270;-82.7273408276;44.9032749127;0.00000000000
3271;-81.7301936966;44.9053576334;0.00000000000
3272;-80.7247570345;44.9110946513;0.00000000000
3273;-79.7199325963;44.9144542166;0.00000000000
3274;-78.7215765335;44.9175503858;0.00000000000
3275;-77.7205385264;44.9214935223;0.00000000000
3276;-76.7179292060;44.9192129520;0.00000000000
3277;-75.7131582392;44.9119329684;0.00000000000
3278;-74.7142013194;44.9007861088;0.00000000000
3279;-73.7150855144;44.8932059153;0.00000000000
3280;-72.7150745304;44.8932270203;0.00000000000
;;;
NODE;X;Y;Z
3281;-71.7169173265;44.9015859673;0.00000000000
3282;-70.7158507504;44.9127647839;0.00000000000
3283;-69.7179462282;44.9146897647;0.00000000000
3284;-68.7187512962;44.9140843058;0.00000000000
3285;-67.7196314230;44.9149314806;0.00000000000
3286;-66.7213360341;44.9179543745;0.00000000000
3287;-65.7203402544;44.9218045623;0.00000000000
3288;-64.7177982981;44.9194373354;0.00000000000
3289;-63.7130248961;44.9121383313;0.00000000000
3290;-62.7140724216;44.9010089858;0.00000000000
3291;-61.7149588718;44.8934252948;0.00000000000
3292;-60.7149496437;44.8934438552;0.00000000000
3293;-59.7167948903;44.9018005422;0.00000000000
3294;-58.7157271764;44.9129576919;0.00000000000
3295;-57.7178268916;44.9148986955;0.00000000000
3296;-56.7186322087;44.9143018058;0.00000000000
3297;-55.7195030636;44.9151279803;0.00000000000
3298;-54.7211891897;44.9181204090;0.00000000000
3299;-53.7201761012;44.9219377735;0.00000000000
3300;-52.7176324171;44.9195663567;0.00000000000
;;;
NODE;X;Y;Z
3301;-51.7128362562;44.9122603824;0.00000000000
3302;-50.7139181686;44.9011612946;0.00000000000
3303;-49.7147453931;44.8935731238;0.00000000000
3304;-48.7147399568;44.8935873824;0.00000000000
3305;-47.7165838488;44.9025075520;0.00000000000
3306;-46.7153427177;44.9148285277;0.00000000000
3307;-45.7172111875;44.9167323091;0.00000000000
3308;-44.7185104523;44.9154725802;0.00000000000
3309;-43.7187786642;44.9159362215;0.00000000000
3310;-42.7168888158;44.9178400769;0.00000000000
3311;-41.7161851220;44.9227098849;0.00000000000
3312;-40.7164606280;44.9224634101;0.00000000000
3313;-39.7171924682;44.9159476659;0.00000000000
3314;-38.7210939262;44.9133467975;0.00000000000
3315;-37.7208367345;44.9140519912;0.00000000000
3316;-36.7192963949;44.9168346542;0.00000000000
3317;-35.7190836844;44.9224762523;0.00000000000
3318;-34.7167783072;44.9224049814;0.00000000000
3319;-33.7170758734;44.9166256210;0.00000000000
3320;-32.7194115282;44.9146354143;0.00000000000
;;;
NODE;X;Y;Z
3321;-31.7208462670;44.9168328319;0.00000000000
3322;-30.7186751655;44.9187683980;0.00000000000
3323;-29.7174758985;44.9219262093;0.00000000000
3324;-28.7180676683;44.9208947008;0.00000000000
3325;-27.7135855290;44.9133939400;0.00000000000
3326;-26.7149996507;44.9019283172;0.00000000000
3327;-25.7159016712;44.8936147819;0.00000000000
3328;-24.7158655147;44.8920781480;0.00000000000
3329;-23.7170229976;44.8994689280;0.00000000000
3330;-22.7142470805;44.9094778244;0.00000000000
3331;-21.7149244612;44.9098583186;0.00000000000
3332;-20.7138827999;44.9073742061;0.00000000000
3333;-19.7116143265;44.9045596933;0.00000000000
3334;-18.7084380222;44.9030970205;0.00000000000
3335;-17.7035510808;44.9036730402;0.00000000000
3336;-16.6977224088;44.9013845712;0.00000000000
3337;-15.6874012060;44.8905679114;0.00000000000
3338;-14.6773408850;44.8829063136;0.00000000000
3339;-13.6707391492;44.8841419649;0.00000000000
3340;-12.6646597011;44.8848913385;0.00000000000
;;;
NODE;X;Y;Z
3341;-11.6617258610;44.8966689886;0.00000000000
3342;-10.6590718375;44.9291055690;0.00000000000
3343;-9.65590134330;44.9709337904;0.00000000000
3344;-8.65174960244;45.0133780263;0.00000000000
3345;-7.64458350212;45.0507485650;0.00000000000
3346;-6.63371821049;45.0802058629;0.00000000000
3347;-5.62284393983;45.0939206066;0.00000000000
3348;-5.63134897737;27.4303732348;0.00000000000
3349;-5.74149668028;26.3358818364;0.00000000000
3350;-5.86506669861;29.0815473147;0.00000000000
3351;-5.65046929058;30.1957289142;0.00000000000
3352;-5.49176610586;31.3029504002;0.00000000000
3353;-5.46342710655;32.3213737653;0.00000000000
3354;-5.46935948302;33.3250937928;0.00000000000
3355;-5.49514775143;34.3325279287;0.00000000000
3356;-5.54206570344;35.3406381748;0.00000000000
3357;-5.61094624739;36.3488681070;0.00000000000
3358;-5.69419718516;37.3497444544;0.00000000000
3359;-5.75868939699;38.3243050286;0.00000000000
3360;-5.79374218644;39.2835598736;0.00000000000
;;;
NODE;X;Y;Z
3361;-5.74806017325;40.2284273208;0.00000000000
3362;-5.68510814258;41.1915208929;0.00000000000
3363;-5.64947317787;42.1653612408;0.00000000000
3364;-5.64668810817;43.1442204370;0.00000000000
3365;-5.63946847653;44.1185964472;0.00000000000
3366;-5.12894248569;44.6060459226;0.00000000000
3367;-25.2069550167;5.78733838870;0.00000000000
3368;-25.9062769846;5.94058311059;0.00000000000
3369;-26.9539402332;5.69334934523;0.00000000000
3370;-27.8700640746;5.69727616717;0.00000000000
3371;-28.7927310371;5.71945542794;0.00000000000
3372;-29.7284523257;5.77077833067;0.00000000000
3373;-30.6837392781;5.77658546129;0.00000000000
3374;-31.6645381202;5.74847304333;0.00000000000
3375;-32.6630056679;5.70861505164;0.00000000000
3376;-33.6722418602;5.67212716255;0.00000000000
3377;-34.6852458818;5.64545508893;0.00000000000
3378;-35.6981917788;5.62843178506;0.00000000000
3379;-36.7100910603;5.61849412617;0.00000000000
3380;-37.7230759222;5.61133559414;0.00000000000
;;;
NODE;X;Y;Z
3381;-38.7310183170;5.60833529736;0.00000000000
3382;-39.7309400597;5.60836524651;0.00000000000
3383;-40.7326274007;5.60618407747;0.00000000000
3384;-41.7333481563;5.60688979527;0.00000000000
3385;-42.7377922587;5.60670111775;0.00000000000
3386;-43.7367675882;5.60648443588;0.00000000000
3387;-44.7377056004;5.60431846452;0.00000000000
3388;-45.7331739595;5.60725348821;0.00000000000
3389;-46.7375316069;5.60713701575;0.00000000000
3390;-47.7365267680;5.60701563499;0.00000000000
3391;-48.7374820603;5.60498877785;0.00000000000
3392;-49.7379897055;5.60921630402;0.00000000000
3393;-50.7374853284;5.60840540521;0.00000000000
3394;-51.7415557633;5.60956269854;0.00000000000
3395;-52.7376895791;5.60677345763;0.00000000000
3396;-53.7382123561;5.61072703348;0.00000000000
3397;-54.7378402451;5.60982688763;0.00000000000
3398;-55.7419232600;5.61010482546;0.00000000000
3399;-56.7379453429;5.60621757811;0.00000000000
3400;-57.7320331983;5.60760103309;0.00000000000
;;;
NODE;X;Y;Z
3401;-58.7316085896;5.60691192620;0.00000000000
3402;-59.7285980514;5.60447337787;0.00000000000
3403;-60.7247431429;5.60325025964;0.00000000000
3404;-61.7199080515;5.60276431418;0.00000000000
3405;-62.7197387447;5.59924337455;0.00000000000
3406;-63.7214813298;5.59807860600;0.00000000000
3407;-64.7252093106;5.59665975481;0.00000000000
3408;-65.7241323404;5.60689230376;0.00000000000
3409;-66.7229125616;5.61285026360;0.00000000000
3410;-67.7235021140;5.61121259928;0.00000000000
3411;-68.7221200313;5.60500462892;0.00000000000
3412;-69.7176396787;5.59617047292;0.00000000000
3413;-70.7143717517;5.58892888614;0.00000000000
3414;-71.7209502043;5.59020423899;0.00000000000
3415;-72.7177141340;5.59074734136;0.00000000000
3416;-73.7180481386;5.60241038467;0.00000000000
3417;-74.7159576077;5.60847801043;0.00000000000
3418;-75.7080103252;5.61138794625;0.00000000000
3419;-76.7102454429;5.60503672280;0.00000000000
3420;-77.7138538338;5.59487529269;0.00000000000
;;;
NODE;X;Y;Z
3421;-78.7171482732;5.58940871566;0.00000000000
3422;-79.7235552544;5.59378056939;0.00000000000
3423;-80.7229551173;5.60120537013;0.00000000000
3424;-81.7247693456;5.61144522793;0.00000000000
3425;-82.7235274912;5.61656674975;0.00000000000
3426;-83.7245200643;5.61634477392;0.00000000000
3427;-84.7263734644;5.60895156817;0.00000000000
3428;-85.7364009766;5.60301453319;0.00000000000
3429;-86.7425897748;5.58819235124;0.00000000000
3430;-87.7510768391;5.56975413981;0.00000000000
3431;-88.7611004210;5.55252146158;0.00000000000
3432;-89.7727087012;5.52441695280;0.00000000000
3433;-90.7814204699;5.49397188096;0.00000000000
3434;-91.7896769873;5.45824747099;0.00000000000
3435;-92.8013893863;5.41372544462;0.00000000000
3436;-93.8195414889;5.38412344092;0.00000000000
3437;-23.5194160783;7.22184668903;0.00000000000
3438;-22.7044174813;10.4162789599;0.00000000000
3439;-22.5416910117;9.60141545304;0.00000000000
3440;-21.5032742234;11.8339315762;0.00000000000
;;;
NODE;X;Y;Z
3441;-20.3862016432;14.0035165927;0.00000000000
3442;-19.0306967994;16.0161738519;0.00000000000
3443;-17.2241499472;18.6575715295;0.00000000000
3444;-17.3457060584;17.8009985095;0.00000000000
3445;-15.4568381137;19.3883691784;0.00000000000
3446;-13.4337012849;20.7824578366;0.00000000000
3447;-11.2890758889;22.0244292117;0.00000000000
3448;-9.05173908236;23.1242546218;0.00000000000
3449;-6.79527841490;23.9280727811;0.00000000000
3450;-94.3260471482;6.83655095092;0.00000000000
3451;-94.3282980648;7.80584831980;0.00000000000
3452;-94.3358201483;8.77729705681;0.00000000000
3453;-94.3517455428;9.75255021066;0.00000000000
3454;-94.3672312881;10.7328504834;0.00000000000
3455;-94.3799884220;11.7205176675;0.00000000000
3456;-94.3886989323;12.7164311973;0.00000000000
3457;-94.4012439582;13.7153502052;0.00000000000
3458;-94.4088757699;14.7177340374;0.00000000000
3459;-94.4108597890;15.7189475551;0.00000000000
3460;-94.4037272801;16.7154568846;0.00000000000
;;;
NODE;X;Y;Z
3461;-94.3997404255;17.7132779946;0.00000000000
3462;-94.4020332586;18.7108813608;0.00000000000
3463;-94.4093636619;19.7139271777;0.00000000000
3464;-94.4066708772;20.7123635966;0.00000000000
3465;-94.4054436214;21.7129896027;0.00000000000
3466;-94.4000764165;22.7103793729;0.00000000000
3467;-94.3978711020;23.7077586522;0.00000000000
3468;-94.4054094340;24.7082576725;0.00000000000
3469;-94.4091922549;25.7075071378;0.00000000000
3470;-94.4100703122;26.7121874526;0.00000000000
3471;-94.4103612442;27.7142154161;0.00000000000
3472;-94.4003558094;28.7111864446;0.00000000000
3473;-94.3980721882;29.7073327538;0.00000000000
3474;-94.3953963900;30.7094373545;0.00000000000
3475;-94.4019043208;31.7125875804;0.00000000000
3476;-94.4044471864;32.7128436619;0.00000000000
3477;-94.4022413036;33.7169884423;0.00000000000
3478;-94.3906225261;34.7204070397;0.00000000000
3479;-94.3808361244;35.7208203294;0.00000000000
3480;-94.3661430095;36.7215481364;0.00000000000
;;;
NODE;X;Y;Z
3481;-94.3845427128;37.7251014573;0.00000000000
3482;-94.4052678319;38.7319894676;0.00000000000
3483;-94.4268532791;39.7416873125;0.00000000000
3484;-94.4654502123;40.7549187829;0.00000000000
3485;-94.4959745360;41.7705639842;0.00000000000
3486;-94.5241315768;42.8001015980;0.00000000000
3487;-94.5440349669;43.8284301920;0.00000000000
3488;-93.1047429323;44.3494038003;0.00000000000
3489;-92.1411745247;44.3636435574;0.00000000000
3490;-91.1763931417;44.3798671944;0.00000000000
3491;-90.2079692990;44.3947623039;0.00000000000
3492;-89.2260948810;44.4116039512;0.00000000000
3493;-88.2396466311;44.4078542016;0.00000000000
3494;-87.2367098180;44.4089862369;0.00000000000
3495;-86.2469011848;44.3948783333;0.00000000000
3496;-85.2610836223;44.3737484919;0.00000000000
3497;-84.2612136276;44.3802607830;0.00000000000
3498;-83.2700894298;44.3792112077;0.00000000000
3499;-82.2729500338;44.3868810922;0.00000000000
3500;-81.2714268465;44.4004621787;0.00000000000
;;;
NODE;X;Y;Z
3501;-80.2573635138;44.4138941890;0.00000000000
3502;-79.2537182399;44.4196732067;0.00000000000
3503;-78.2537424966;44.4265466969;0.00000000000
3504;-77.2469868567;44.4291902915;0.00000000000
3505;-76.2457667902;44.4231820672;0.00000000000
3506;-75.2432897311;44.4097330838;0.00000000000
3507;-74.2479241193;44.3936054092;0.00000000000
3508;-73.2443593692;44.3919616143;0.00000000000
3509;-72.2485377597;44.3938321866;0.00000000000
3510;-71.2442530423;44.4084952805;0.00000000000
3511;-70.2456164323;44.4145486605;0.00000000000
3512;-69.2486507755;44.4136886285;0.00000000000
3513;-68.2508758834;44.4175407253;0.00000000000
3514;-67.2524694581;44.4218400657;0.00000000000
3515;-66.2528976740;44.4274493026;0.00000000000
3516;-65.2468584529;44.4294375044;0.00000000000
3517;-64.2456371094;44.4232622893;0.00000000000
3518;-63.2432982036;44.4098568186;0.00000000000
3519;-62.2478230508;44.3938481978;0.00000000000
3520;-61.2442659965;44.3921917663;0.00000000000
;;;
NODE;X;Y;Z
3521;-60.2484148770;44.3941156162;0.00000000000
3522;-59.2441164813;44.4087518872;0.00000000000
3523;-58.2454814652;44.4147999828;0.00000000000
3524;-57.2485148327;44.4139503927;0.00000000000
3525;-56.2507260825;44.4177844308;0.00000000000
3526;-55.2522969195;44.4220422648;0.00000000000
3527;-54.2526915430;44.4276048746;0.00000000000
3528;-53.2466212078;44.4295481365;0.00000000000
3529;-52.2453476051;44.4233542092;0.00000000000
3530;-51.2431053631;44.4100334596;0.00000000000
3531;-50.2481705821;44.3945625071;0.00000000000
3532;-49.2442273012;44.3928521957;0.00000000000
3533;-48.2488342745;44.3947143365;0.00000000000
3534;-47.2436158714;44.4104339995;0.00000000000
3535;-46.2511022955;44.4170167704;0.00000000000
3536;-45.2522957058;44.4194348304;0.00000000000
3537;-44.2513400530;44.4198132404;0.00000000000
3538;-43.2504333704;44.4232916960;0.00000000000
3539;-42.2480359533;44.4249905863;0.00000000000
3540;-41.2488478102;44.4249443528;0.00000000000
;;;
NODE;X;Y;Z
3541;-40.2515880167;44.4154057267;0.00000000000
3542;-39.2572517187;44.4082625152;0.00000000000
3543;-38.2594270597;44.4096884124;0.00000000000
3544;-37.2546495278;44.4174953023;0.00000000000
3545;-36.2528278787;44.4246366196;0.00000000000
3546;-35.2442267593;44.4255798264;0.00000000000
3547;-34.2450670996;44.4186093706;0.00000000000
3548;-33.2505275713;44.4120081879;0.00000000000
3549;-32.2541852188;44.4149398297;0.00000000000
3550;-31.2496597616;44.4188582500;0.00000000000
3551;-30.2454405637;44.4250668276;0.00000000000
3552;-29.2471642798;44.4317370000;0.00000000000
3553;-28.2460892134;44.4245745194;0.00000000000
3554;-27.2436525945;44.4106594716;0.00000000000
3555;-26.2485902535;44.3940674570;0.00000000000
3556;-25.2448518110;44.3916180579;0.00000000000
3557;-24.2487003972;44.3923235220;0.00000000000
3558;-23.2433545177;44.4071631851;0.00000000000
3559;-22.2436265705;44.4116018604;0.00000000000
3560;-21.2452820888;44.4091120883;0.00000000000
;;;
NODE;X;Y;Z
3561;-20.2412081060;44.4046493800;0.00000000000
3562;-19.2396440680;44.4025072895;0.00000000000
3563;-18.2328151158;44.4011342269;0.00000000000
3564;-17.2271360079;44.4024515704;0.00000000000
3565;-16.2196144231;44.3891842136;0.00000000000
3566;-15.1974792571;44.3660558622;0.00000000000
3567;-14.1821144458;44.3525261098;0.00000000000
3568;-13.1723279055;44.3459289475;0.00000000000
3569;-12.1704369440;44.3538204877;0.00000000000
3570;-11.1679446733;44.3907885381;0.00000000000
3571;-10.1692783850;44.4512295501;0.00000000000
3572;-9.17779387896;44.4977875562;0.00000000000
3573;-8.17529051209;44.5415760500;0.00000000000
3574;-7.14432524283;44.5907665409;0.00000000000
3575;-6.25910053770;29.6678237371;0.00000000000
3576;-6.05006248429;30.7908515012;0.00000000000
3577;-5.95844423840;31.8537189226;0.00000000000
3578;-5.94885468011;32.8656559771;0.00000000000
3579;-5.96437613114;33.8702825650;0.00000000000
3580;-6.00566994175;34.8765199632;0.00000000000
;;;
NODE;X;Y;Z
3581;-6.07401507136;35.8846455740;0.00000000000
3582;-6.16773934230;36.8907744822;0.00000000000
3583;-6.26482877689;37.8787051535;0.00000000000
3584;-6.33305469978;38.8401466745;0.00000000000
3585;-6.32395720971;39.7793898939;0.00000000000
3586;-6.24507570012;40.7191738600;0.00000000000
3587;-6.17568706565;41.6818712082;0.00000000000
3588;-6.14742690916;42.6577956148;0.00000000000
3589;-6.14096244859;43.6332562778;0.00000000000
3590;-26.4895376307;6.28587646644;0.00000000000
3591;-27.4161962413;6.22554483342;0.00000000000
3592;-28.3137589295;6.28238600910;0.00000000000
3593;-29.2185474409;6.33664937059;0.00000000000
3594;-30.1512197976;6.35720928711;0.00000000000
3595;-31.1172581962;6.33194396487;0.00000000000
3596;-32.1097804141;6.28008127312;0.00000000000
3597;-33.1191939884;6.22607630960;0.00000000000
3598;-34.1359451044;6.18156816811;0.00000000000
3599;-35.1543057495;6.15004748888;0.00000000000
3600;-36.1730332829;6.13015282412;0.00000000000
;;;
NODE;X;Y;Z
3601;-37.1893091719;6.11809247033;0.00000000000
3602;-38.2004929142;6.11188547442;0.00000000000
3603;-39.2063502599;6.11002302023;0.00000000000
3604;-40.2073681126;6.10964612940;0.00000000000
3605;-41.2096276166;6.10798476760;0.00000000000
3606;-42.2153685022;6.10669239368;0.00000000000
3607;-43.2189163416;6.10638494233;0.00000000000
3608;-44.2183400554;6.10561455769;0.00000000000
3609;-45.2146972174;6.10611590996;0.00000000000
3610;-46.2151213667;6.10711425327;0.00000000000
3611;-47.2186158742;6.10690554032;0.00000000000
3612;-48.2180719672;6.10631685256;0.00000000000
3613;-49.2145509393;6.10715231738;0.00000000000
3614;-50.2150908316;6.10852747563;0.00000000000
3615;-51.2186994194;6.10872498917;0.00000000000
3616;-52.2183783087;6.10857952278;0.00000000000
3617;-53.2150593037;6.10960072187;0.00000000000
3618;-54.2157413788;6.11066950913;0.00000000000
3619;-55.2194782826;6.10998612301;0.00000000000
3620;-56.2190721301;6.10829234571;0.00000000000
;;;
NODE;X;Y;Z
3621;-57.2142901006;6.10730201200;0.00000000000
3622;-58.2090209173;6.10772387436;0.00000000000
3623;-59.2063946164;6.10648516786;0.00000000000
3624;-60.2042862691;6.10309062820;0.00000000000
3625;-61.1995777448;6.10209195845;0.00000000000
3626;-62.1970550967;6.09959652668;0.00000000000
3627;-63.1978856954;6.09606412980;0.00000000000
3628;-64.1995539787;6.09424692609;0.00000000000
3629;-65.2012199977;6.10062059388;0.00000000000
3630;-66.2009662066;6.11200806056;0.00000000000
3631;-67.2015875569;6.11424189447;0.00000000000
3632;-68.2017609934;6.10859075068;0.00000000000
3633;-69.1968551401;6.09837121202;0.00000000000
3634;-70.1911681976;6.08795225372;0.00000000000
3635;-71.1931420697;6.08283556820;0.00000000000
3636;-72.1948978541;6.08549057668;0.00000000000
3637;-73.1921271937;6.09632422084;0.00000000000
3638;-74.1909466803;6.10578332520;0.00000000000
3639;-75.1847343539;6.11002375385;0.00000000000
3640;-76.1803338298;6.10726338852;0.00000000000
;;;
NODE;X;Y;Z
3641;-77.1864838285;6.09534285105;0.00000000000
3642;-78.1917153368;6.08585262322;0.00000000000
3643;-79.1971531789;6.08269365797;0.00000000000
3644;-80.2005254119;6.08989910370;0.00000000000
3645;-81.2001568140;6.10363242050;0.00000000000
3646;-82.2004076768;6.11154866557;0.00000000000
3647;-83.1999608701;6.11256202680;0.00000000000
3648;-84.2023480815;6.10546718539;0.00000000000
3649;-85.2096541104;6.09652101281;0.00000000000
3650;-86.2192965319;6.08874002558;0.00000000000
3651;-87.2287174120;6.07309557970;0.00000000000
3652;-88.2397916323;6.05168909329;0.00000000000
3653;-89.2530173932;6.02668698319;0.00000000000
3654;-90.2649939057;5.99715572865;0.00000000000
3655;-91.2748508110;5.96187704419;0.00000000000
3656;-92.2871722401;5.92152096243;0.00000000000
3657;-93.3039243840;5.88534549227;0.00000000000
3658;-94.3257741525;5.86196378621;0.00000000000
3659;-23.7019850889;8.05906631714;0.00000000000
3660;-23.2057032396;9.26676534423;0.00000000000
;;;
NODE;X;Y;Z
3661;-21.6415775516;12.6684309995;0.00000000000
3662;-21.0878765556;13.7817588447;0.00000000000
3663;-20.4865272365;14.8635212487;0.00000000000
3664;-19.7999081435;15.9012235266;0.00000000000
3665;-19.0199859591;16.8786728034;0.00000000000
3666;-18.1540648744;17.7938395311;0.00000000000
3667;-15.2410775205;20.2243880431;0.00000000000
3668;-14.2011840420;20.9313186062;0.00000000000
3669;-13.1323334160;21.5959230530;0.00000000000
3670;-12.0327858804;22.2237966999;0.00000000000
3671;-10.9082477538;22.8146460825;0.00000000000
3672;-9.76146616919;23.3784839754;0.00000000000
3673;-8.60991314223;23.9025360276;0.00000000000
3674;-7.45919587330;24.3141627774;0.00000000000
3675;-93.8149611040;7.32582878534;0.00000000000
3676;-93.8183661894;8.29012077866;0.00000000000
3677;-93.8330400383;9.26131699801;0.00000000000
3678;-93.8543970188;10.2363538894;0.00000000000
3679;-93.8720204264;11.2126962121;0.00000000000
3680;-93.8861200990;12.2008826653;0.00000000000
;;;
NODE;X;Y;Z
3681;-93.9019219202;13.1976471292;0.00000000000
3682;-93.9142632658;14.1988157231;0.00000000000
3683;-93.9183099848;15.2003941684;0.00000000000
3684;-93.9147471387;16.1963283658;0.00000000000
3685;-93.9080766883;17.1923015760;0.00000000000
3686;-93.9080995254;18.1904358421;0.00000000000
3687;-93.9121312021;19.1915706711;0.00000000000
3688;-93.9132299451;20.1918542630;0.00000000000
3689;-93.9105606814;21.1886158856;0.00000000000
3690;-93.9059515544;22.1849673054;0.00000000000
3691;-93.9028456369;23.1814222125;0.00000000000
3692;-93.9043766944;24.1822001222;0.00000000000
3693;-93.9102787095;25.1832685573;0.00000000000
3694;-93.9163582667;26.1857864662;0.00000000000
3695;-93.9178502646;27.1893172470;0.00000000000
3696;-93.9096870762;28.1867049503;0.00000000000
3697;-93.9025619057;29.1826541015;0.00000000000
3698;-93.8999068002;30.1839350139;0.00000000000
3699;-93.9027712910;31.1882942233;0.00000000000
3700;-93.9072402859;32.1898332931;0.00000000000
;;;
NODE;X;Y;Z
3701;-93.9023506652;33.1905281985;0.00000000000
3702;-93.8960431485;34.1926074289;0.00000000000
3703;-93.8831581109;35.1943048612;0.00000000000
3704;-93.8591043939;36.1971050464;0.00000000000
3705;-93.8594716995;37.2007422674;0.00000000000
3706;-93.8861709514;38.2069199371;0.00000000000
3707;-93.9087058542;39.2154500868;0.00000000000
3708;-93.9454806058;40.2282217754;0.00000000000
3709;-93.9923356531;41.2501547701;0.00000000000
3710;-94.0271890123;42.2790694259;0.00000000000
3711;-94.0546236832;43.3108188093;0.00000000000
3712;-94.0654643783;44.3421602217;0.00000000000
3713;-92.6247848626;43.8385391541;0.00000000000
3714;-91.6655245414;43.8575341701;0.00000000000
3715;-90.7050131226;43.8803469140;0.00000000000
3716;-89.7343151052;43.9052342037;0.00000000000
3717;-88.7549742683;43.9155521844;0.00000000000
3718;-87.7638490792;43.9134091180;0.00000000000
3719;-86.7705542608;43.8986642952;0.00000000000
3720;-85.7900346675;43.8641359395;0.00000000000
;;;
NODE;X;Y;Z
3721;-84.7985233135;43.8550211048;0.00000000000
3722;-83.8051746660;43.8604480182;0.00000000000
3723;-82.8156986360;43.8628173873;0.00000000000
3724;-81.8141831837;43.8819856375;0.00000000000
3725;-80.8040333258;43.9032617164;0.00000000000
3726;-79.7911491574;43.9191131791;0.00000000000
3727;-78.7858842030;43.9286695179;0.00000000000
3728;-77.7801908268;43.9342434662;0.00000000000
3729;-76.7748244409;43.9331594067;0.00000000000
3730;-75.7758982821;43.9209821826;0.00000000000
3731;-74.7770125311;43.9025523842;0.00000000000
3732;-73.7771979741;43.8923611081;0.00000000000
3733;-72.7778225986;43.8925667806;0.00000000000
3734;-71.7758734755;43.9007414998;0.00000000000
3735;-70.7740187241;43.9102791570;0.00000000000
3736;-69.7763209796;43.9135475242;0.00000000000
3737;-68.7807753627;43.9171450480;0.00000000000
3738;-67.7837139185;43.9244493104;0.00000000000
3739;-66.7840310980;43.9313349938;0.00000000000
3740;-65.7794158724;43.9350822448;0.00000000000
;;;
NODE;X;Y;Z
3741;-64.7746972641;43.9332624583;0.00000000000
3742;-63.7759104169;43.9209807766;0.00000000000
3743;-62.7770488328;43.9026960306;0.00000000000
3744;-61.7771301755;43.8926146693;0.00000000000
3745;-60.7777312299;43.8928635273;0.00000000000
3746;-59.7757364680;43.9010669613;0.00000000000
3747;-58.7738707701;43.9105941781;0.00000000000
3748;-57.7761694063;43.9138516799;0.00000000000
3749;-56.7806087064;43.9174330177;0.00000000000
3750;-55.7835199383;43.9246987152;0.00000000000
3751;-54.7837992728;43.9315267304;0.00000000000
3752;-53.7791366496;43.9352152376;0.00000000000
3753;-52.7743363959;43.9333359891;0.00000000000
3754;-51.7756167121;43.9211272864;0.00000000000
3755;-50.7773577766;43.9034346721;0.00000000000
3756;-49.7776524902;43.8938415789;0.00000000000
3757;-48.7783216189;43.8939791497;0.00000000000
3758;-47.7758662971;43.9026407839;0.00000000000
3759;-46.7793754492;43.9126222422;0.00000000000
3760;-45.7861868139;43.9197192918;0.00000000000
;;;
NODE;X;Y;Z
3761;-44.7851253066;43.9237754906;0.00000000000
3762;-43.7829947592;43.9271687148;0.00000000000
3763;-42.7815805080;43.9304422054;0.00000000000
3764;-41.7806986415;43.9272250543;0.00000000000
3765;-40.7839751990;43.9178866694;0.00000000000
3766;-39.7916472672;43.9077205760;0.00000000000
3767;-38.7955848521;43.9046041301;0.00000000000
3768;-37.7932398530;43.9131317235;0.00000000000
3769;-36.7881810116;43.9252972678;0.00000000000
3770;-35.7779709536;43.9277401937;0.00000000000
3771;-34.7725155517;43.9217842156;0.00000000000
3772;-33.7785187975;43.9139919374;0.00000000000
3773;-32.7853012619;43.9123126032;0.00000000000
3774;-31.7829987134;43.9169652478;0.00000000000
3775;-30.7764251598;43.9251566796;0.00000000000
3776;-29.7751289450;43.9348776184;0.00000000000
3777;-28.7751858249;43.9354168186;0.00000000000
3778;-27.7761562788;43.9218400510;0.00000000000
3779;-26.7772431973;43.9027986114;0.00000000000
3780;-25.7775403933;43.8920707330;0.00000000000
;;;
NODE;X;Y;Z
3781;-24.7776866935;43.8918634319;0.00000000000
3782;-23.7750319173;43.9000177791;0.00000000000
3783;-22.7727340077;43.9092872211;0.00000000000
3784;-21.7739841982;43.9108556301;0.00000000000
3785;-20.7726073949;43.9063872622;0.00000000000
3786;-19.7692378476;43.9025969762;0.00000000000
3787;-18.7640211617;43.9005444959;0.00000000000
3788;-17.7564000429;43.8999127570;0.00000000000
3789;-16.7490280221;43.8902512127;0.00000000000
3790;-15.7296924741;43.8646721645;0.00000000000
3791;-14.7022528180;43.8356756584;0.00000000000
3792;-13.6837032022;43.8143130924;0.00000000000
3793;-12.6781051485;43.8148580967;0.00000000000
3794;-11.6766557564;43.8479400371;0.00000000000
3795;-10.6781512208;43.9129125191;0.00000000000
3796;-9.69117092068;43.9780833159;0.00000000000
3797;-8.70133478861;44.0259855799;0.00000000000
3798;-7.67503225280;44.0815940260;0.00000000000
3799;-6.34685304251;26.8267244495;0.00000000000
3800;-6.55894468982;28.5059714641;0.00000000000
;;;
NODE;X;Y;Z
3801;-6.87682904811;29.1693292767;0.00000000000
3802;-6.58603077305;30.3242512033;0.00000000000
3803;-6.45368130387;31.3987166575;0.00000000000
3804;-6.42581243703;32.4213431815;0.00000000000
3805;-6.43199713472;33.4257190008;0.00000000000
3806;-6.46454258352;34.4235667975;0.00000000000
3807;-6.52359251533;35.4221740497;0.00000000000
3808;-6.61637849842;36.4251160917;0.00000000000
3809;-6.74223398666;37.4271902299;0.00000000000
3810;-6.87840318761;38.4199896910;0.00000000000
3811;-6.96552904852;39.3655006708;0.00000000000
3812;-6.86561728835;40.2771382909;0.00000000000
3813;-6.69554279961;41.2055015283;0.00000000000
3814;-6.63517637323;42.1868640985;0.00000000000
3815;-6.63450530305;43.1552974104;0.00000000000
3816;-24.9159463769;6.57596579278;0.00000000000
3817;-25.6152683448;6.72921051467;0.00000000000
3818;-26.1556561887;6.74068050451;0.00000000000
3819;-26.9537695774;6.70268337377;0.00000000000
3820;-28.6869340385;6.91153886088;0.00000000000
;;;
NODE;X;Y;Z
3821;-30.5507404368;6.94370408819;0.00000000000
3822;-32.5484774554;6.80579622458;0.00000000000
3823;-34.5979949338;6.68368997887;0.00000000000
3824;-36.6490702258;6.62704296105;0.00000000000
3825;-38.6740667982;6.61171445771;0.00000000000
3826;-40.6788980816;6.61192792094;0.00000000000
3827;-42.6867468796;6.60841622829;0.00000000000
3828;-44.6840912908;6.60995854214;0.00000000000
3829;-46.6863760907;6.60886361102;0.00000000000
3830;-48.6837876291;6.61097280222;0.00000000000
3831;-50.6864496764;6.61107209601;0.00000000000
3832;-52.6847684350;6.61504109015;0.00000000000
3833;-54.6877726165;6.61360700255;0.00000000000
3834;-56.6869410731;6.61086696501;0.00000000000
3835;-58.6783637644;6.61004890696;0.00000000000
3836;-60.6737590582;6.60438956836;0.00000000000
3837;-62.6693250092;6.59789152939;0.00000000000
3838;-64.6680903732;6.59778686268;0.00000000000
3839;-66.6673844775;6.61977967672;0.00000000000
3840;-68.6682324743;6.60316805912;0.00000000000
;;;
NODE;X;Y;Z
3841;-70.6532953241;6.57300502077;0.00000000000
3842;-72.6637419162;6.58347250225;0.00000000000
3843;-74.6448251396;6.61049972815;0.00000000000
3844;-76.6476711373;6.59989514642;0.00000000000
3845;-78.6617584007;6.57540669028;0.00000000000
3846;-80.6669478562;6.59510601447;0.00000000000
3847;-82.6679345524;6.61043659650;0.00000000000
3848;-84.6787910915;6.58709828022;0.00000000000
3849;-86.7028341757;6.57012958140;0.00000000000
3850;-88.7298512982;6.52501959852;0.00000000000
3851;-90.7617820355;6.46131781652;0.00000000000
3852;-92.7922173647;6.38345142343;0.00000000000
3853;-24.3241263562;7.76364603004;0.00000000000
3854;-21.7909938674;13.5135071293;0.00000000000
3855;-18.0545229246;18.6891302396;0.00000000000
3856;-16.0377607039;20.3406967514;0.00000000000
3857;-14.9837436506;21.0827535973;0.00000000000
3858;-13.9050749654;21.7697603408;0.00000000000
3859;-12.8021409845;22.4216289807;0.00000000000
3860;-11.6661717375;23.0333132211;0.00000000000
;;;
NODE;X;Y;Z
3861;-10.4946197427;23.6162531119;0.00000000000
3862;-9.29050610780;24.1861951192;0.00000000000
3863;-8.12774547344;24.7369938647;0.00000000000
3864;-6.94501394520;25.0547915314;0.00000000000
3865;-93.3026888918;6.85481135808;0.00000000000
3866;-93.2984732674;7.81875222702;0.00000000000
3867;-93.3107619040;8.78218892393;0.00000000000
3868;-93.3585415350;10.7196912857;0.00000000000
3869;-93.3993684720;12.6866117052;0.00000000000
3870;-93.4307856445;14.6795361254;0.00000000000
3871;-93.4246429185;16.6676366525;0.00000000000
3872;-93.4167237781;18.6636674819;0.00000000000
3873;-93.4111026403;20.6545592381;0.00000000000
3874;-93.3995496748;22.6447889842;0.00000000000
3875;-93.4066365028;24.6427162680;0.00000000000
3876;-93.4231388608;26.6486101703;0.00000000000
3877;-93.4054923468;28.6482744207;0.00000000000
3878;-93.3998742699;30.6480071146;0.00000000000
3879;-93.4133510952;32.6578942998;0.00000000000
3880;-93.3549931688;34.6791853571;0.00000000000
;;;
NODE;X;Y;Z
3881;-93.3184775828;36.6829693658;0.00000000000
3882;-93.3371916796;38.6977955382;0.00000000000
3883;-93.4904042316;40.7247024781;0.00000000000
3884;-93.5651554734;42.7952707770;0.00000000000
3885;-93.0969289519;43.3119771284;0.00000000000
3886;-91.1912686638;43.3571138864;0.00000000000
3887;-89.2661775333;43.4314753183;0.00000000000
3888;-87.3068517502;43.3959678869;0.00000000000
3889;-85.3611484242;43.3061840115;0.00000000000
3890;-83.3791769940;43.3167703206;0.00000000000
3891;-81.3616613896;43.3791425860;0.00000000000
3892;-79.3330665191;43.4279858153;0.00000000000
3893;-77.3181154371;43.4430618160;0.00000000000
3894;-75.3174823837;43.4132027562;0.00000000000
3895;-73.3170982720;43.3875722926;0.00000000000
3896;-71.3110769350;43.4035185220;0.00000000000
3897;-69.3174176099;43.4171724856;0.00000000000
3898;-67.3233193447;43.4383144462;0.00000000000
3899;-65.3137892121;43.4458708251;0.00000000000
3900;-63.3216815548;43.4098806207;0.00000000000
;;;
NODE;X;Y;Z
3901;-61.3201178936;43.3902595369;0.00000000000
3902;-59.3156445286;43.4057440019;0.00000000000
3903;-57.3172652889;43.4175366376;0.00000000000
3904;-55.3231880063;43.4381455898;0.00000000000
3905;-53.3134331236;43.4459883624;0.00000000000
3906;-51.3174844131;43.4138256937;0.00000000000
3907;-49.3149404481;43.3902664316;0.00000000000
3908;-47.3162655261;43.4070601251;0.00000000000
3909;-45.3313515443;43.4274047997;0.00000000000
3910;-43.3285825113;43.4452285430;0.00000000000
3911;-41.3276705736;43.4255053357;0.00000000000
3912;-39.3504476251;43.3902592202;0.00000000000
3913;-37.3371966005;43.4238728781;0.00000000000
3914;-35.3137083964;43.4301108994;0.00000000000
3915;-33.3230576105;43.4115327186;0.00000000000
3916;-31.3187032808;43.4238297838;0.00000000000
3917;-29.3125492907;43.4446734683;0.00000000000
3918;-27.3152164248;43.4103449341;0.00000000000
3919;-25.3149349160;43.3837110448;0.00000000000
3920;-23.3079439099;43.4032274935;0.00000000000
;;;
NODE;X;Y;Z
3921;-21.3114342439;43.4116146871;0.00000000000
3922;-19.3043100763;43.4101230168;0.00000000000
3923;-17.2804341647;43.3950983244;0.00000000000
3924;-15.2346509148;43.3361453137;0.00000000000
3925;-13.1771758007;43.2657952246;0.00000000000
3926;-11.1407262488;43.3483481917;0.00000000000
3927;-9.17850693605;43.5476075549;0.00000000000
3928;-7.13751981747;43.6390729418;0.00000000000
3929;-6.85659461997;27.3427055918;0.00000000000
3930;-7.20375928346;29.8257567430;0.00000000000
3931;-6.98964959263;30.9321163596;0.00000000000
3932;-6.92104950250;31.9663409164;0.00000000000
3933;-6.90895489164;32.9814062051;0.00000000000
3934;-6.93216358709;33.9790032333;0.00000000000
3935;-6.98246515710;34.9692208840;0.00000000000
3936;-7.06595594239;35.9626445674;0.00000000000
3937;-7.19087314277;36.9615318394;0.00000000000
3938;-7.35580839737;37.9684747674;0.00000000000
3939;-7.51087753635;38.9453436874;0.00000000000
3940;-7.50718912717;39.8632490678;0.00000000000
;;;
NODE;X;Y;Z
3941;-7.31608438785;40.7634659592;0.00000000000
3942;-7.15503210719;41.7104944186;0.00000000000
3943;-7.12225476713;42.6843658941;0.00000000000
3944;-26.6198881354;7.15748741184;0.00000000000
3945;-24.9559381690;7.59026699583;0.00000000000
3946;-17.8964216384;19.5802611735;0.00000000000
3947;-16.8524177897;20.4207606878;0.00000000000
3948;-15.7804268341;21.1990623056;0.00000000000
3949;-14.6876345740;21.9211953318;0.00000000000
3950;-13.5748825339;22.5954662684;0.00000000000
3951;-12.4355268416;23.2311455019;0.00000000000
3952;-11.2525437265;23.8349202505;0.00000000000
3953;-10.0236596814;24.4239642556;0.00000000000
3954;-8.80833843901;25.0206529563;0.00000000000
3955;-7.61356354535;25.4776226187;0.00000000000
3956;-92.7862010552;7.34773479976;0.00000000000
3957;-7.58331395952;28.6419884718;0.00000000000
3958;-7.26542960123;27.9786306592;0.00000000000
3959;-7.82034288984;29.3982328458;0.00000000000
3960;-7.48774400854;30.5114127348;0.00000000000
;;;
NODE;X;Y;Z
3961;-7.40409158532;31.5508045695;0.00000000000
3962;-7.39537290118;33.5562230442;0.00000000000
3963;-7.50251404266;35.5014202957;0.00000000000
3964;-7.65769102346;41.2951314401;0.00000000000
3965;-25.5241735636;7.38621023528;0.00000000000
3966;-26.0645614075;7.39768022512;0.00000000000
3967;-27.3450195578;7.30053529710;0.00000000000
3968;-29.0644465670;7.54960222988;0.00000000000
3969;-30.3771234887;8.14718997824;0.00000000000
3970;-30.9732818337;7.47975251616;0.00000000000
3971;-32.9975179337;7.31860818923;0.00000000000
3972;-34.5027439034;7.73042590870;0.00000000000
3973;-35.0646870351;7.18374367951;0.00000000000
3974;-37.1224319280;7.12495625679;0.00000000000
3975;-38.6094020356;7.61435425370;0.00000000000
3976;-39.1479048734;7.11447039294;0.00000000000
3977;-41.1508359644;7.11381228915;0.00000000000
3978;-42.6171667494;7.61633365563;0.00000000000
3979;-43.1541688305;7.11264395483;0.00000000000
3980;-45.1508468763;7.11420256246;0.00000000000
;;;
NODE;X;Y;Z
3981;-46.6170020390;7.61766591695;0.00000000000
3982;-47.1537019171;7.11330913849;0.00000000000
3983;-49.1505395268;7.11574933909;0.00000000000
3984;-50.6166029618;7.62081305326;0.00000000000
3985;-51.1540287154;7.11668123021;0.00000000000
3986;-53.1522444375;7.12242626237;0.00000000000
3987;-54.6196573390;7.62794498701;0.00000000000
3988;-55.1548667316;7.11910510352;0.00000000000
3989;-57.1537902224;7.11545063734;0.00000000000
3990;-58.6152272940;7.61824792998;0.00000000000
3991;-59.1467876869;7.11276773383;0.00000000000
3992;-61.1442548804;7.10404083175;0.00000000000
3993;-62.6018298672;7.60995213713;0.00000000000
3994;-63.1389406286;7.09785823502;0.00000000000
3995;-64.6010657673;7.60545570222;0.00000000000
3996;-65.1357967590;7.10545977971;0.00000000000
3997;-67.1344724895;7.12100009927;0.00000000000
3998;-68.6104819054;7.59913364531;0.00000000000
3999;-69.1331145572;7.09259669283;0.00000000000
4000;-71.1180838950;7.05691614782;0.00000000000
;;;
NODE;X;Y;Z
4001;-72.5741910594;7.55846305559;0.00000000000
4002;-73.1220595885;7.09129077196;0.00000000000
4003;-74.5348201715;7.61387729687;0.00000000000
4004;-75.0967995888;7.10379499205;0.00000000000
4005;-77.1168475262;7.08649486215;0.00000000000
4006;-78.5893015012;7.55722220316;0.00000000000
4007;-79.1339667735;7.07059535486;0.00000000000
4008;-80.5980790173;7.59369222885;0.00000000000
4009;-81.1339726213;7.09913051981;0.00000000000
4010;-83.1382123585;7.09980367265;0.00000000000
4011;-84.6259249712;7.56740015208;0.00000000000
4012;-85.1597959066;7.07041481470;0.00000000000
4013;-86.6591310813;7.54630825603;0.00000000000
4014;-87.1894257318;7.04830835081;0.00000000000
4015;-88.6999469407;7.49239007466;0.00000000000
4016;-89.2263755739;6.98904333200;0.00000000000
4017;-90.7459295676;7.42046751208;0.00000000000
4018;-91.2619947884;6.92285940318;0.00000000000
4019;-25.0935312378;8.52413484386;0.00000000000
4020;-22.4644521311;13.2174115447;0.00000000000
;;;
NODE;X;Y;Z
4021;-22.6445637381;14.0448195256;0.00000000000
4022;-92.2709159511;7.84807841009;0.00000000000
4023;-92.8111130741;9.27321870865;0.00000000000
4024;-92.3398081266;10.7251380275;0.00000000000
4025;-92.8648827805;11.2017789029;0.00000000000
4026;-92.9172963181;13.1662027040;0.00000000000
4027;-92.4601920070;14.6405017306;0.00000000000
4028;-92.9438763225;15.1545075406;0.00000000000
4029;-92.4543801419;16.6077312738;0.00000000000
4030;-92.9325032833;17.1394662154;0.00000000000
4031;-92.9203305588;19.1308680786;0.00000000000
4032;-92.4027735324;20.5716958628;0.00000000000
4033;-92.9040324675;21.1139475311;0.00000000000
4034;-92.3818556388;22.5542420853;0.00000000000
4035;-92.8950710694;23.1018671709;0.00000000000
4036;-92.9130674096;25.1009101254;0.00000000000
4037;-92.4371257568;26.5647499061;0.00000000000
4038;-92.9270828798;27.1125426838;0.00000000000
4039;-92.4093915056;28.5724675823;0.00000000000
4040;-92.9044296061;29.1127977396;0.00000000000
;;;
NODE;X;Y;Z
4041;-92.9073573310;31.1108979432;0.00000000000
4042;-92.4298852602;32.5826480964;0.00000000000
4043;-92.8938482186;33.1382662578;0.00000000000
4044;-92.2711032699;34.6535895019;0.00000000000
4045;-92.7865669964;35.1736912864;0.00000000000
4046;-92.7856735912;37.1726082331;0.00000000000
4047;-92.2003598551;38.7007810973;0.00000000000
4048;-92.8270463726;39.1826288760;0.00000000000
4049;-92.5195691048;40.6956289358;0.00000000000
4050;-93.0308479822;41.2314369864;0.00000000000
4051;-90.7241212834;42.8630220890;0.00000000000
4052;-89.3082286907;42.5003283296;0.00000000000
4053;-88.8003608716;42.9457232900;0.00000000000
4054;-87.4142967251;42.3732216730;0.00000000000
4055;-86.8712454789;42.8436833358;0.00000000000
4056;-84.9356649721;42.7597172547;0.00000000000
4057;-83.5194843966;42.2312593896;0.00000000000
4058;-82.9398591873;42.7976167981;0.00000000000
4059;-81.4693953726;42.3449855461;0.00000000000
4060;-80.9067355629;42.8836770323;0.00000000000
;;;
NODE;X;Y;Z
4061;-78.8754597009;42.9402317833;0.00000000000
4062;-77.4075581675;42.4622299653;0.00000000000
4063;-76.8589702867;42.9475054430;0.00000000000
4064;-75.4081507447;42.4151692806;0.00000000000
4065;-74.8539871154;42.9045465405;0.00000000000
4066;-72.8543605901;42.8875069301;0.00000000000
4067;-71.3902116170;42.4004284417;0.00000000000
4068;-70.8502342228;42.9064100261;0.00000000000
4069;-69.3986710439;42.4287086663;0.00000000000
4070;-68.8596809388;42.9295527466;0.00000000000
4071;-66.8598454273;42.9503028611;0.00000000000
4072;-65.4027316042;42.4690413100;0.00000000000
4073;-64.8555453076;42.9483576927;0.00000000000
4074;-63.4130613608;42.4130113369;0.00000000000
4075;-62.8638752179;42.9011046681;0.00000000000
4076;-60.8587742088;42.8902297269;0.00000000000
4077;-59.4018389037;42.4051281063;0.00000000000
4078;-58.8548203205;42.9087051964;0.00000000000
4079;-57.3987119643;42.4283695001;0.00000000000
4080;-56.8595519535;42.9294403973;0.00000000000
;;;
NODE;X;Y;Z
4081;-54.8596625959;42.9501127985;0.00000000000
4082;-53.4023305022;42.4690084648;0.00000000000
4083;-52.8550981602;42.9484811686;0.00000000000
4084;-51.4030888620;42.4196537881;0.00000000000
4085;-50.8549396014;42.9053182217;0.00000000000
4086;-48.8533829234;42.8908281516;0.00000000000
4087;-47.4034405488;42.4022891981;0.00000000000
4088;-46.8624681155;42.9107500723;0.00000000000
4089;-45.4236773711;42.4347270524;0.00000000000
4090;-44.8760495316;42.9371756251;0.00000000000
4091;-42.8738040650;42.9597878770;0.00000000000
4092;-41.4327578827;42.4379802548;0.00000000000
4093;-40.8810084153;42.9062930911;0.00000000000
4094;-39.4640490127;42.3625737902;0.00000000000
4095;-38.8992627990;42.8900117185;0.00000000000
4096;-36.8780550880;42.9363819593;0.00000000000
4097;-35.3905519887;42.4398335054;0.00000000000
4098;-34.8571095954;42.9266793557;0.00000000000
4099;-33.3978868091;42.4167488147;0.00000000000
4100;-32.8637997177;42.9145025070;0.00000000000
;;;
NODE;X;Y;Z
4101;-30.8562717504;42.9368348994;0.00000000000
4102;-29.3918284068;42.4628123553;0.00000000000
4103;-28.8491563051;42.9441187402;0.00000000000
4104;-27.3963767659;42.4052856901;0.00000000000
4105;-26.8518107536;42.9002376029;0.00000000000
4106;-24.8503923381;42.8817746899;0.00000000000
4107;-23.3778233198;42.3956803770;0.00000000000
4108;-22.8443124274;42.9041429387;0.00000000000
4109;-21.3819923043;42.4134829668;0.00000000000
4110;-20.8464473132;42.9154767906;0.00000000000
4111;-18.8320867168;42.9116428669;0.00000000000
4112;-17.3385085286;42.3892665189;0.00000000000
4113;-16.7968065647;42.8768484034;0.00000000000
4114;-15.2707592199;42.3172495141;0.00000000000
4115;-14.7348500655;42.7940238886;0.00000000000
4116;-13.1411699038;42.2057990905;0.00000000000
4117;-12.6456494983;42.7350904582;0.00000000000
4118;-11.0024303869;42.2798233678;0.00000000000
4119;-10.6180149736;42.8941562548;0.00000000000
4120;-9.08933409138;42.6805796198;0.00000000000
;;;
NODE;X;Y;Z
4121;-8.64043558242;43.1272432806;0.00000000000
4122;-8.10432761492;30.0838888377;0.00000000000
4123;-7.90218600123;31.1301009447;0.00000000000
4124;-25.6617666325;8.32007808330;0.00000000000
4125;-24.0349029646;9.89760544161;0.00000000000
4126;-21.3613527812;15.5315343833;0.00000000000
4127;-20.6581036517;16.6312802540;0.00000000000
4128;-19.8299599282;17.6814052825;0.00000000000
4129;-8.39461101793;30.7693907033;0.00000000000
4130;-8.32407790563;31.7737170842;0.00000000000
4131;-7.85784392307;32.1494701670;0.00000000000
4132;-8.37080149952;33.7316802027;0.00000000000
4133;-7.90113280479;34.1084924908;0.00000000000
4134;-8.48094746734;35.5763206262;0.00000000000
4135;-8.04636365012;36.0177714299;0.00000000000
4136;-8.09112773710;41.8273313696;0.00000000000
4137;-26.2567300867;8.10791257912;0.00000000000
4138;-29.4158748040;8.28363277965;0.00000000000
4139;-30.2342961181;9.37233762705;0.00000000000
4140;-30.8007598479;8.66598402167;0.00000000000
;;;
NODE;X;Y;Z
4141;-31.3969181930;7.99854655960;0.00000000000
4142;-33.4476463283;7.82367389117;0.00000000000
4143;-34.9750792913;8.22106964235;0.00000000000
4144;-35.5370224230;7.67438741316;0.00000000000
4145;-37.5912258056;7.62068885451;0.00000000000
4146;-39.0740755419;8.11623777281;0.00000000000
4147;-39.6125783797;7.61635391205;0.00000000000
4148;-41.6150633439;7.61563902129;0.00000000000
4149;-43.0757041868;8.12230317602;0.00000000000
4150;-43.6127062679;7.61861347523;0.00000000000
4151;-45.6107249565;7.61928531444;0.00000000000
4152;-47.0736660916;8.12898404482;0.00000000000
4153;-47.6103659696;7.62462726636;0.00000000000
4154;-49.6103380315;7.62352379729;0.00000000000
4155;-51.0746138980;8.12893032347;0.00000000000
4156;-51.6120396516;7.62479850042;0.00000000000
4157;-53.6158555439;7.63056283197;0.00000000000
4158;-55.0841156075;8.13810895283;0.00000000000
4159;-55.6193250001;7.62926906933;0.00000000000
4160;-57.6162965174;7.62248679697;0.00000000000
;;;
NODE;X;Y;Z
4161;-59.0774579173;8.12470467887;0.00000000000
4162;-59.6090183102;7.61922448271;0.00000000000
4163;-61.6070475298;7.61047126383;0.00000000000
4164;-62.5209305802;8.63080904330;0.00000000000
4165;-63.0629247854;8.11666173247;0.00000000000
4166;-63.6000355468;7.60456783036;0.00000000000
4167;-65.0668889904;8.11644075997;0.00000000000
4168;-65.6016199821;7.61644483746;0.00000000000
4169;-67.6001479049;7.62377102589;0.00000000000
4170;-69.0695739045;8.09571930589;0.00000000000
4171;-69.5922065563;7.58918235341;0.00000000000
4172;-71.5633366476;7.52168091773;0.00000000000
4173;-72.4242558646;8.46844317622;0.00000000000
4174;-73.0009146256;8.08145544803;0.00000000000
4175;-73.5487831547;7.61428316439;0.00000000000
4176;-74.9805079681;8.08007311349;0.00000000000
4177;-75.5424873853;7.56999080866;0.00000000000
4178;-77.5789074524;7.54323270320;0.00000000000
4179;-78.4933099806;8.52677510061;0.00000000000
4180;-79.0507603155;8.06066615498;0.00000000000
;;;
NODE;X;Y;Z
4181;-79.5954255878;7.57403930669;0.00000000000
4182;-81.0600402060;8.10196821027;0.00000000000
4183;-81.5959338100;7.60740650123;0.00000000000
4184;-83.6099461856;7.58354660182;0.00000000000
4185;-84.5740532621;8.55387883357;0.00000000000
4186;-85.1087733644;8.05540117545;0.00000000000
4187;-85.6426442998;7.55841583807;0.00000000000
4188;-87.6755793221;7.52890112251;0.00000000000
4189;-88.1701576289;7.99668634282;0.00000000000
4190;-88.6717182677;8.46361193565;0.00000000000
4191;-89.7251811874;7.45074223269;0.00000000000
4192;-90.2247809563;7.91633694023;0.00000000000
4193;-90.7370959126;8.37887128158;0.00000000000
4194;-91.7648235844;7.38569270218;0.00000000000
4195;-24.6927773105;9.75565361836;0.00000000000
4196;-25.3048696632;9.56885380746;0.00000000000
4197;-24.3605926738;11.7099046250;0.00000000000
4198;-24.2235275132;10.8618431521;0.00000000000
4199;-19.7711762065;18.5933764726;0.00000000000
4200;-91.7658023114;8.34440059007;0.00000000000
;;;
NODE;X;Y;Z
4201;-92.3083838405;9.76264647119;0.00000000000
4202;-91.8486016224;11.2127485972;0.00000000000
4203;-92.3736762762;11.6893894726;0.00000000000
4204;-92.4407560722;13.6486460330;0.00000000000
4205;-91.5038393857;14.5993323079;0.00000000000
4206;-91.9769766308;15.1113916134;0.00000000000
4207;-92.4606609463;15.6253974234;0.00000000000
4208;-91.9617501680;17.0630227235;0.00000000000
4209;-92.4398733094;17.5947576651;0.00000000000
4210;-92.4125447849;19.5753565404;0.00000000000
4211;-91.3693678687;20.4501372819;0.00000000000
4212;-91.8823048232;21.0128861038;0.00000000000
4213;-92.3835637582;21.5551377720;0.00000000000
4214;-91.8704742887;22.9988094045;0.00000000000
4215;-92.3836897193;23.5464344901;0.00000000000
4216;-92.4212571068;25.5495700030;0.00000000000
4217;-91.4664814630;26.4699591621;0.00000000000
4218;-91.9415844289;27.0252889411;0.00000000000
4219;-92.4315415519;27.5730817188;0.00000000000
4220;-91.9012396503;29.0300511233;0.00000000000
;;;
NODE;X;Y;Z
4221;-92.3962777508;29.5703812806;0.00000000000
4222;-92.4162944488;31.5708819711;0.00000000000
4223;-91.4393221822;32.4918845366;0.00000000000
4224;-91.8838973769;33.0687218919;0.00000000000
4225;-92.3478603353;33.6243400534;0.00000000000
4226;-91.6731567607;35.1700527518;0.00000000000
4227;-92.1886204872;35.6901545363;0.00000000000
4228;-92.1687204568;37.7106933111;0.00000000000
4229;-91.7048924672;39.2069317083;0.00000000000
4230;-92.3315789847;39.6887794871;0.00000000000
4231;-92.0594570592;41.2121398445;0.00000000000
4232;-92.5707359365;41.7479478951;0.00000000000
4233;-90.2570569213;42.4100767885;0.00000000000
4234;-89.3630448091;41.6784543440;0.00000000000
4235;-88.8705542924;41.9983115960;0.00000000000
4236;-88.3626864732;42.4437065565;0.00000000000
4237;-87.0423595002;41.7700847410;0.00000000000
4238;-86.4993082541;42.2405464038;0.00000000000
4239;-84.5358457841;42.1981438657;0.00000000000
4240;-83.0804475682;41.7163567428;0.00000000000
;;;
NODE;X;Y;Z
4241;-82.5008223588;42.2827141513;0.00000000000
4242;-81.0173421192;41.8563396021;0.00000000000
4243;-80.4546823094;42.3950310883;0.00000000000
4244;-78.4212325596;42.4563500861;0.00000000000
4245;-77.5156923888;41.4736566082;0.00000000000
4246;-76.9580384292;41.9564659092;0.00000000000
4247;-76.4094505484;42.4417413869;0.00000000000
4248;-74.9563138620;41.8993296850;0.00000000000
4249;-74.4021502328;42.3887069449;0.00000000000
4250;-72.4004432132;42.3890909097;0.00000000000
4251;-70.9364860264;41.9104760370;0.00000000000
4252;-70.3965086321;42.4164576214;0.00000000000
4253;-68.9454915303;41.9449325855;0.00000000000
4254;-68.4065014251;42.4457766658;0.00000000000
4255;-66.4032830752;42.4666223635;0.00000000000
4256;-65.5122283001;41.4957012449;0.00000000000
4257;-64.9552063925;41.9650560265;0.00000000000
4258;-64.4080200960;42.4443724091;0.00000000000
4259;-62.9608857576;41.9050491628;0.00000000000
4260;-62.4116996147;42.3931424940;0.00000000000
;;;
NODE;X;Y;Z
4261;-60.4015320913;42.3910996312;0.00000000000
4262;-58.9437552202;41.9126846723;0.00000000000
4263;-58.3967366371;42.4162617624;0.00000000000
4264;-56.9456144099;41.9436206946;0.00000000000
4265;-56.4064543991;42.4446915918;0.00000000000
4266;-54.4029638146;42.4668036148;0.00000000000
4267;-53.5112825505;41.4938178397;0.00000000000
4268;-52.9516680748;41.9695799196;0.00000000000
4269;-52.4044357327;42.4490526233;0.00000000000
4270;-50.9522512443;41.9030088368;0.00000000000
4271;-50.4041019837;42.3886732705;0.00000000000
4272;-48.4005595711;42.3900098574;0.00000000000
4273;-46.9505239082;41.9072947734;0.00000000000
4274;-46.4095514750;42.4157556476;0.00000000000
4275;-44.9762838762;41.9511090352;0.00000000000
4276;-44.4286560367;42.4535576079;0.00000000000
4277;-42.4361464824;42.4850221916;0.00000000000
4278;-41.5951580469;41.5099723726;0.00000000000
4279;-41.0174707596;41.8830177600;0.00000000000
4280;-40.4657212922;42.3513305963;0.00000000000
;;;
NODE;X;Y;Z
4281;-39.0014936164;41.8790499430;0.00000000000
4282;-38.4367074027;42.4064878713;0.00000000000
4283;-36.4025797197;42.4496216059;0.00000000000
4284;-35.4470609555;41.4503411362;0.00000000000
4285;-34.9247304668;41.9350252417;0.00000000000
4286;-34.3912880735;42.4218710920;0.00000000000
4287;-32.9378055241;41.9249117402;0.00000000000
4288;-32.4037184327;42.4226654325;0.00000000000
4289;-30.3955777642;42.4620607295;0.00000000000
4290;-29.4793414100;41.4917012199;0.00000000000
4291;-28.9342900028;41.9570307170;0.00000000000
4292;-28.3916179011;42.4383371019;0.00000000000
4293;-26.9431541345;41.8799813883;0.00000000000
4294;-26.3985881222;42.3749333011;0.00000000000
4295;-24.3866735152;42.3789270536;0.00000000000
4296;-22.9119826217;41.9000573105;0.00000000000
4297;-22.3784717294;42.4085198723;0.00000000000
4298;-20.9188431122;41.9194193006;0.00000000000
4299;-20.3832981211;42.4214131245;0.00000000000
4300;-18.3598849875;42.4103264771;0.00000000000
;;;
NODE;X;Y;Z
4301;-17.4011919624;41.3876184783;0.00000000000
4302;-16.8562717033;41.8732746630;0.00000000000
4303;-16.3145697394;42.3608565475;0.00000000000
4304;-14.2154749170;42.2628550431;0.00000000000
4305;-13.6607202537;41.7236177681;0.00000000000
4306;-12.0385015421;42.2082834712;0.00000000000
4307;-11.4302825905;41.7035453541;0.00000000000
4308;-10.0509112738;42.4737207475;0.00000000000
4309;-9.49746940427;42.1260555461;0.00000000000
4310;-8.81650292233;31.4130068427;0.00000000000
4311;-8.19374319002;36.9859954202;0.00000000000
4312;-8.43195346657;37.9751692271;0.00000000000
4313;-8.81252923366;39.0450722140;0.00000000000
4314;-8.80335860888;40.0701222693;0.00000000000
4315;-8.09196505337;42.7214286754;0.00000000000
4316;-28.8588761588;8.97279877801;0.00000000000
4317;-31.8310875818;8.52139351677;0.00000000000
4318;-32.8627944179;8.42162000340;0.00000000000
4319;-36.0146912660;8.16461338962;0.00000000000
4320;-37.0434975143;8.13294990064;0.00000000000
;;;
NODE;X;Y;Z
4321;-40.0739369088;8.11932887238;0.00000000000
4322;-41.0773042126;8.11986243945;0.00000000000
4323;-44.0736186660;8.12194788470;0.00000000000
4324;-45.0728800060;8.12337381477;0.00000000000
4325;-48.0665717381;8.13406134221;0.00000000000
4326;-49.0676616357;8.13321555151;0.00000000000
4327;-52.0732894243;8.12949716009;0.00000000000
4328;-53.0775294638;8.13363091999;0.00000000000
4329;-56.0837192871;8.13121569842;0.00000000000
4330;-57.0813419227;8.12704163200;0.00000000000
4331;-60.0723060217;8.12229986095;0.00000000000
4332;-61.0703716890;8.12000874521;0.00000000000
4333;-66.0669003551;8.13027890034;0.00000000000
4334;-67.0663004428;8.13267011657;0.00000000000
4335;-70.0386532162;8.06781052535;0.00000000000
4336;-71.0155637620;8.01624555463;0.00000000000
4337;-76.0017673657;8.02853078897;0.00000000000
4338;-77.0253860171;8.01122859699;0.00000000000
4339;-82.0612748448;8.10447716474;0.00000000000
4340;-83.0717833168;8.08735844945;0.00000000000
;;;
NODE;X;Y;Z
4341;-19.6294022358;19.5093644665;0.00000000000
4342;-18.5621788084;20.4986122620;0.00000000000
4343;-17.4693244344;21.3946694625;0.00000000000
4344;-91.2541398604;8.83997106056;0.00000000000
4345;-91.7830261086;9.29657031481;0.00000000000
4346;-91.8913029549;12.1760121236;0.00000000000
4347;-91.9326964777;13.1495788492;0.00000000000
4348;-91.9431966526;18.0456246761;0.00000000000
4349;-91.9200988751;19.0327182515;0.00000000000
4350;-91.8829613019;23.9939566016;0.00000000000
4351;-91.9080881196;24.9951985340;0.00000000000
4352;-91.8957494678;30.0276086330;0.00000000000
4353;-91.9098754696;31.0284609013;0.00000000000
4354;-91.5840837592;36.2208889462;0.00000000000
4355;-91.5526152650;37.2434945979;0.00000000000
4356;-92.1118573347;42.2726615305;0.00000000000
4357;-91.6241839666;41.7736102118;0.00000000000
4358;-90.7107295660;41.8719493876;0.00000000000
4359;-86.1264870265;41.6432101778;0.00000000000
4360;-85.1334213306;41.6295182010;0.00000000000
;;;
NODE;X;Y;Z
4361;-79.9967046326;41.9135496272;0.00000000000
4362;-78.9788200426;41.9513056405;0.00000000000
4363;-73.9505037096;41.8806579311;0.00000000000
4364;-72.9478536605;41.8826423188;0.00000000000
4365;-67.9524382316;41.9627026017;0.00000000000
4366;-66.9520185721;41.9766358829;0.00000000000
4367;-61.9586880031;41.8893801911;0.00000000000
4368;-60.9519764850;41.8886725473;0.00000000000
4369;-55.9523833263;41.9609528383;0.00000000000
4370;-54.9517935850;41.9757357148;0.00000000000
4371;-49.9522739191;41.8806882857;0.00000000000
4372;-48.9474495059;41.8825487739;0.00000000000
4373;-43.9911973889;41.9814821223;0.00000000000
4374;-43.0002948155;42.0047649731;0.00000000000
4375;-37.9652280774;41.9262554711;0.00000000000
4376;-36.9414020799;41.9481050294;0.00000000000
4377;-31.9426903622;41.9418711132;0.00000000000
4378;-30.9400258799;41.9665784385;0.00000000000
4379;-25.9409452234;41.8621588658;0.00000000000
4380;-24.9298703272;41.8687095204;0.00000000000
;;;
NODE;X;Y;Z
4381;-19.9171291104;41.9241535424;0.00000000000
4382;-18.9043219528;41.9191994344;0.00000000000
4383;-8.90230911859;27.0680005970;0.00000000000
4384;-9.04054392700;30.4340978711;0.00000000000
4385;-9.32796364367;31.0929022764;0.00000000000
4386;-8.43548172789;34.6669926160;0.00000000000
4387;-8.90515042262;34.2901803279;0.00000000000
4388;-8.59310531158;36.5188686181;0.00000000000
4389;-9.02768912881;36.0774178144;0.00000000000
4390;-8.79698128682;37.4237557137;0.00000000000
4391;-9.11615311451;38.3385763134;0.00000000000
4392;-26.5150891460;9.17618355665;0.00000000000
4393;-28.2914462554;9.79057089640;0.00000000000
4394;-29.2288340089;9.76373639154;0.00000000000
4395;-29.6657124430;10.2664588014;0.00000000000
4396;-30.6092414836;9.85819441301;0.00000000000
4397;-31.1757052134;9.15184080763;0.00000000000
4398;-32.2633804558;9.05530938110;0.00000000000
4399;-33.3349396218;8.91732889500;0.00000000000
4400;-35.4506100671;8.70194562972;0.00000000000
;;;
NODE;X;Y;Z
4401;-36.4894842359;8.64774070101;0.00000000000
4402;-37.5109334239;8.62075546510;0.00000000000
4403;-39.5291317460;8.61269913246;0.00000000000
4404;-40.5332309448;8.62088091343;0.00000000000
4405;-41.5353034636;8.62004255742;0.00000000000
4406;-43.5256033205;8.62686261570;0.00000000000
4407;-44.5223267489;8.63082835713;0.00000000000
4408;-45.5195340725;8.63507195392;0.00000000000
4409;-47.5154225969;8.64859390897;0.00000000000
4410;-48.5111566636;8.65042343845;0.00000000000
4411;-49.5188951978;8.64238072968;0.00000000000
4412;-51.5205900409;8.63082211357;0.00000000000
4413;-52.5269260744;8.62713606909;0.00000000000
4414;-53.5332700544;8.63225547835;0.00000000000
4415;-55.5439208881;8.63810066926;0.00000000000
4416;-56.5445568794;8.63315754638;0.00000000000
4417;-57.5414631074;8.63284777346;0.00000000000
4418;-59.5281685225;8.64598900290;0.00000000000
4419;-60.5263315086;8.63958604720;0.00000000000
4420;-62.9807468613;9.13646816535;0.00000000000
;;;
NODE;X;Y;Z
4421;-63.5227410665;8.62232085452;0.00000000000
4422;-65.5297810980;8.63014053773;0.00000000000
4423;-66.5353004261;8.64276072888;0.00000000000
4424;-67.5402052003;8.63823110565;0.00000000000
4425;-69.5125018366;8.62388984439;0.00000000000
4426;-70.4661506742;8.54155208675;0.00000000000
4427;-71.4291725232;8.44402864421;0.00000000000
4428;-72.1939023804;9.24419829013;0.00000000000
4429;-72.8126621279;9.08409479588;0.00000000000
4430;-73.3893208889;8.69710706768;0.00000000000
4431;-75.4427168449;8.49501463623;0.00000000000
4432;-76.4629232387;8.44741991602;0.00000000000
4433;-77.4858946106;8.45623714645;0.00000000000
4434;-78.3559758183;9.46689041570;0.00000000000
4435;-78.9333419439;9.04370983443;0.00000000000
4436;-79.4907922788;8.57760088880;0.00000000000
4437;-81.5157627819;8.61909768615;0.00000000000
4438;-82.5243073536;8.59677437009;0.00000000000
4439;-83.5489893971;8.56755218705;0.00000000000
4440;-84.0338531884;9.05404446449;0.00000000000
;;;
NODE;X;Y;Z
4441;-84.5274602670;9.54397231085;0.00000000000
4442;-85.5983884085;8.54736336942;0.00000000000
4443;-87.6443681086;8.50508824984;0.00000000000
4444;-88.6620551140;9.43830135060;0.00000000000
4445;-89.1774198318;8.92457024572;0.00000000000
4446;-89.7044541183;8.41504728543;0.00000000000
4447;-90.7441171603;9.33245562020;0.00000000000
4448;-25.5442832288;10.6828909957;0.00000000000
4449;-25.0568561770;11.8055078621;0.00000000000
4450;-17.2248919845;22.3025210027;0.00000000000
4451;-12.0570817972;25.7898148410;0.00000000000
4452;-11.5835491446;26.3767879635;0.00000000000
4453;-91.2730034085;9.78905487445;0.00000000000
4454;-91.3644512213;11.7048476273;0.00000000000
4455;-91.4164239842;12.6627626433;0.00000000000
4456;-91.4721749109;13.6300579539;0.00000000000
4457;-90.5755341064;14.5618506558;0.00000000000
4458;-91.0230006095;15.0526592125;0.00000000000
4459;-91.4961378546;15.5647185181;0.00000000000
4460;-91.4655902649;17.4920874283;0.00000000000
;;;
NODE;X;Y;Z
4461;-91.4399867872;18.4763721943;0.00000000000
4462;-91.3932030855;19.4577705431;0.00000000000
4463;-90.2863517168;20.2683352356;0.00000000000
4464;-90.8207539605;20.8625493813;0.00000000000
4465;-91.3336909150;21.4252982032;0.00000000000
4466;-91.3501864993;23.4325557169;0.00000000000
4467;-91.3795113766;24.4370470222;0.00000000000
4468;-91.4285273093;25.4402769154;0.00000000000
4469;-90.5557226563;26.3563315125;0.00000000000
4470;-90.9710498341;26.9255105637;0.00000000000
4471;-91.4461528000;27.4808403428;0.00000000000
4472;-91.3778784822;29.4750460583;0.00000000000
4473;-91.3910040982;30.4805114233;0.00000000000
4474;-91.4143879830;31.4871996060;0.00000000000
4475;-90.4791483266;32.4038567088;0.00000000000
4476;-90.8717637229;32.9904550019;0.00000000000
4477;-91.3163389176;33.5672923573;0.00000000000
4478;-91.0331911579;35.7057391717;0.00000000000
4479;-90.9293708736;36.7797629225;0.00000000000
4480;-90.8923594695;37.8220036282;0.00000000000
;;;
NODE;X;Y;Z
4481;-91.2243605194;39.7476106374;0.00000000000
4482;-91.0880403767;41.2720194186;0.00000000000
4483;-90.1815373512;41.4470227844;0.00000000000
4484;-89.7490247185;41.1275682416;0.00000000000
4485;-89.0895928874;41.1123149507;0.00000000000
4486;-88.5971023707;41.4321722026;0.00000000000
4487;-86.8162368892;41.0639578042;0.00000000000
4488;-85.7901469446;41.0235983348;0.00000000000
4489;-84.7285242773;41.0648269642;0.00000000000
4490;-82.6357597111;41.2043422875;0.00000000000
4491;-80.5657824868;41.3776018723;0.00000000000
4492;-79.5428669793;41.4402423529;0.00000000000
4493;-78.5265962619;41.4713347969;0.00000000000
4494;-77.6430531733;40.4734023599;0.00000000000
4495;-77.0803526121;40.9570253967;0.00000000000
4496;-76.5226986524;41.4398346977;0.00000000000
4497;-74.5226754512;41.3771939660;0.00000000000
4498;-73.5140251412;41.3710226986;0.00000000000
4499;-72.5034991406;41.3861709955;0.00000000000
4500;-70.4940065009;41.4218875239;0.00000000000
;;;
NODE;X;Y;Z
4501;-68.5018006563;41.4697432471;0.00000000000
4502;-67.5099662558;41.4950263097;0.00000000000
4503;-66.5079736030;41.5038267358;0.00000000000
4504;-65.6402116359;40.5347105192;0.00000000000
4505;-65.0748639963;40.9879652677;0.00000000000
4506;-64.5178420887;41.4573200492;0.00000000000
4507;-62.5234582534;41.3895938380;0.00000000000
4508;-61.5166716085;41.3835246768;0.00000000000
4509;-60.5064584165;41.3909153418;0.00000000000
4510;-58.4869306156;41.4230160376;0.00000000000
4511;-56.4995673896;41.4609125100;0.00000000000
4512;-55.5080955822;41.4847230631;0.00000000000
4513;-54.5078888055;41.5015868703;0.00000000000
4514;-53.6361553118;40.5245168272;0.00000000000
4515;-53.0738697689;40.9857248722;0.00000000000
4516;-52.5142552932;41.4614869521;0.00000000000
4517;-50.5203539525;41.3762768387;0.00000000000
4518;-49.5117678541;41.3715736576;0.00000000000
4519;-48.5040030405;41.3816362348;0.00000000000
4520;-46.5017811074;41.4137893837;0.00000000000
;;;
NODE;X;Y;Z
4521;-44.5365491745;41.4700362138;0.00000000000
4522;-43.5658823897;41.5126107273;0.00000000000
4523;-42.5874101629;41.5496957447;0.00000000000
4524;-41.8279934187;40.6626357160;0.00000000000
4525;-41.1998661038;40.8879459746;0.00000000000
4526;-40.6221788166;41.2609913620;0.00000000000
4527;-38.4949526767;41.4145075828;0.00000000000
4528;-37.4714546144;41.4508002578;0.00000000000
4529;-36.4555690425;41.4663350075;0.00000000000
4530;-35.4711003819;40.4642116129;0.00000000000
4531;-34.9666671862;40.9441997001;0.00000000000
4532;-34.4443366975;41.4288838055;0.00000000000
4533;-32.4695440564;41.4367379645;0.00000000000
4534;-31.4797190917;41.4763432852;0.00000000000
4535;-30.4854359545;41.5023464662;0.00000000000
4536;-29.5719180252;40.5486244266;0.00000000000
4537;-29.0303694281;40.9702147018;0.00000000000
4538;-28.4853180209;41.4355441989;0.00000000000
4539;-26.5009240827;41.3480578738;0.00000000000
4540;-25.4844134399;41.3569651411;0.00000000000
;;;
NODE;X;Y;Z
4541;-24.4700491516;41.3730507277;0.00000000000
4542;-22.4483167302;41.4099241022;0.00000000000
4543;-20.4551781566;41.4247770916;0.00000000000
4544;-19.4457128571;41.4300217973;0.00000000000
4545;-18.4235777495;41.4180683583;0.00000000000
4546;-17.4595492633;40.3727315737;0.00000000000
4547;-16.9119832523;40.8655437369;0.00000000000
4548;-16.3670629932;41.3511999215;0.00000000000
4549;-14.2364874283;41.2677643134;0.00000000000
4550;-11.9170617678;41.1986174375;0.00000000000
4551;-9.70163931434;41.5472219930;0.00000000000
4552;-9.06340537250;27.9685364218;0.00000000000
4553;-9.19634340840;36.9566289116;0.00000000000
4554;-9.48118093476;37.7871628000;0.00000000000
4555;-26.7980219750;10.1274255345;0.00000000000
4556;-27.7145897502;10.5227787233;0.00000000000
4557;-28.6614041055;10.5815085099;0.00000000000
4558;-31.6079980874;9.68575667196;0.00000000000
4559;-32.7355256597;9.55101827269;0.00000000000
4560;-33.8173898009;9.39392027340;0.00000000000
;;;
NODE;X;Y;Z
4561;-34.8780868905;9.27055708063;0.00000000000
4562;-35.9254030370;9.18507294111;0.00000000000
4563;-36.9569201455;9.13554626547;0.00000000000
4564;-37.9734307762;9.11273959280;0.00000000000
4565;-38.9819366396;9.10765384619;0.00000000000
4566;-39.9884257820;9.11425117351;0.00000000000
4567;-40.9912301958;9.12106103140;0.00000000000
4568;-41.9841274295;9.12703304466;0.00000000000
4569;-42.9780093160;9.13192963341;0.00000000000
4570;-43.9743114034;9.13574308813;0.00000000000
4571;-44.9689808154;9.14252649627;0.00000000000
4572;-45.9695838149;9.14473760504;0.00000000000
4573;-46.9668257163;9.15411745863;0.00000000000
4574;-47.9600075224;9.16495600520;0.00000000000
4575;-48.9623902257;9.15958861661;0.00000000000
4576;-49.9654408833;9.14918874084;0.00000000000
4577;-50.9668011400;9.13856317719;0.00000000000
4578;-51.9742266910;9.12846102258;0.00000000000
4579;-52.9826666650;9.12576062745;0.00000000000
4580;-53.9921066495;9.13338450929;0.00000000000
;;;
NODE;X;Y;Z
4581;-54.9995882146;9.13970517883;0.00000000000
4582;-56.0047584804;9.14004251721;0.00000000000
4583;-57.0046780641;9.13896368784;0.00000000000
4584;-58.0028571080;9.13928464459;0.00000000000
4585;-58.9931463200;9.15424520518;0.00000000000
4586;-59.9821940093;9.16327518915;0.00000000000
4587;-63.9839483248;9.13270309193;0.00000000000
4588;-64.9891629706;9.13453477573;0.00000000000
4589;-65.9981811689;9.14262236627;0.00000000000
4590;-67.0092051835;9.14832171796;0.00000000000
4591;-68.0168840578;9.15085032349;0.00000000000
4592;-68.9950895500;9.15365480209;0.00000000000
4593;-69.9399992946;9.09763140579;0.00000000000
4594;-70.8797594354;8.96933517633;0.00000000000
4595;-73.8320580290;9.17891188200;0.00000000000
4596;-74.8842260179;9.01604790484;0.00000000000
4597;-75.9038727179;8.91390376329;0.00000000000
4598;-76.9234318322;8.89242846548;0.00000000000
4599;-79.9300140372;9.10596348612;0.00000000000
4600;-80.9526649435;9.13013437540;0.00000000000
;;;
NODE;X;Y;Z
4601;-83.0015134339;9.07696810768;0.00000000000
4602;-86.0900781043;9.03289622525;0.00000000000
4603;-87.1183519447;9.00721706892;0.00000000000
4604;-25.7197375467;11.7685075290;0.00000000000
4605;-26.1595392573;10.5023862491;0.00000000000
4606;-25.1519038658;12.7195447146;0.00000000000
4607;-22.3347805966;16.1122319033;0.00000000000
4608;-21.5614654132;17.3275969899;0.00000000000
4609;-16.9432078576;23.1997615598;0.00000000000
4610;-15.7495778921;23.9883887904;0.00000000000
4611;-14.5113981809;24.7177459497;0.00000000000
4612;-13.2896514214;25.3218531594;0.00000000000
4613;-11.4059608594;27.0808817708;0.00000000000
4614;-90.7743859111;10.2848517800;0.00000000000
4615;-90.8278883440;11.2399962553;0.00000000000
4616;-90.8895722506;12.1915981470;0.00000000000
4617;-90.9559024175;13.1432417479;0.00000000000
4618;-91.0024492815;15.9994080495;0.00000000000
4619;-90.9838961695;16.9502090631;0.00000000000
4620;-90.9623803995;17.9228349464;0.00000000000
;;;
NODE;X;Y;Z
4621;-90.9130909976;18.9014244859;0.00000000000
4622;-90.8055071927;21.8505360476;0.00000000000
4623;-90.8198592563;22.8605381566;0.00000000000
4624;-90.8467365740;23.8756461374;0.00000000000
4625;-90.8999505663;24.8821254035;0.00000000000
4626;-90.9257495893;27.9284717571;0.00000000000
4627;-90.8795691245;28.9233564195;0.00000000000
4628;-90.8731331126;29.9279488486;0.00000000000
4629;-90.8955166116;30.9392501279;0.00000000000
4630;-90.7125861305;34.0843891213;0.00000000000
4631;-90.5334474065;35.1732346545;0.00000000000
4632;-90.3784782723;36.2646131480;0.00000000000
4633;-90.2691150781;37.3582719528;0.00000000000
4634;-90.2603432938;38.4004447557;0.00000000000
4635;-90.4788437523;39.3493377290;0.00000000000
4636;-90.5588481619;40.8470928154;0.00000000000
4637;-88.3894115156;40.7617246856;0.00000000000
4638;-87.5110094546;40.5279948506;0.00000000000
4639;-86.4798968073;40.4443459612;0.00000000000
4640;-85.3852498912;40.4589070980;0.00000000000
;;;
NODE;X;Y;Z
4641;-84.3023653501;40.5189566189;0.00000000000
4642;-83.2374412071;40.6066418043;0.00000000000
4643;-82.1834723926;40.7129237513;0.00000000000
4644;-81.1425117454;40.8167226181;0.00000000000
4645;-80.1119448336;40.9042945981;0.00000000000
4646;-79.0906431986;40.9602715093;0.00000000000
4647;-76.0865580237;40.9218997100;0.00000000000
4648;-75.0905588615;40.8870163535;0.00000000000
4649;-74.0861968829;40.8675587335;0.00000000000
4650;-73.0696706213;40.8745513753;0.00000000000
4651;-72.0544007369;40.8907654655;0.00000000000
4652;-71.0487885248;40.9102468679;0.00000000000
4653;-70.0469183643;40.9381542777;0.00000000000
4654;-69.0501280232;40.9694480806;0.00000000000
4655;-68.0593286804;41.0020669552;0.00000000000
4656;-67.0659212866;41.0222171625;0.00000000000
4657;-64.0822831435;40.9403576152;0.00000000000
4658;-63.0858705098;40.9003168173;0.00000000000
4659;-62.0814418588;40.8837383236;0.00000000000
4660;-61.0711535400;40.8857674713;0.00000000000
;;;
NODE;X;Y;Z
4661;-60.0548583340;40.8994298493;0.00000000000
4662;-59.0386507022;40.9175628525;0.00000000000
4663;-58.0357072207;40.9363196969;0.00000000000
4664;-57.0440357417;40.9579864068;0.00000000000
4665;-56.0552796456;40.9846827348;0.00000000000
4666;-55.0641908028;41.0105742186;0.00000000000
4667;-52.0853745228;40.9341428999;0.00000000000
4668;-51.0888773991;40.8861031586;0.00000000000
4669;-50.0798478876;40.8671622107;0.00000000000
4670;-49.0683213887;40.8706611185;0.00000000000
4671;-48.0570303821;40.8846388107;0.00000000000
4672;-47.0511213374;40.9028360308;0.00000000000
4673;-46.0569464237;40.9251678955;0.00000000000
4674;-45.0779166916;40.9567906930;0.00000000000
4675;-44.1112341754;41.0011648187;0.00000000000
4676;-43.1529977371;41.0575414988;0.00000000000
4677;-40.1189026489;40.7870125007;0.00000000000
4678;-39.0238397990;40.8941700959;0.00000000000
4679;-38.0011792137;40.9390523696;0.00000000000
4680;-36.9856215769;40.9690302359;0.00000000000
;;;
NODE;X;Y;Z
4681;-33.9688614106;40.9279243928;0.00000000000
4682;-32.9849825645;40.9335932652;0.00000000000
4683;-32.0065727859;40.9712101365;0.00000000000
4684;-31.0251291663;41.0121113130;0.00000000000
4685;-28.0460940872;40.9000193522;0.00000000000
4686;-27.0556876962;40.8528074572;0.00000000000
4687;-26.0443922992;40.8428641491;0.00000000000
4688;-25.0245922644;40.8613063484;0.00000000000
4689;-24.0082637207;40.8868271541;0.00000000000
4690;-22.9929894043;40.9051138573;0.00000000000
4691;-21.9848288411;40.9103040591;0.00000000000
4692;-20.9867586180;40.9167788635;0.00000000000
4693;-19.9837619033;40.9306453465;0.00000000000
4694;-18.9649686539;40.9288907212;0.00000000000
4695;-14.8002633438;40.7934012810;0.00000000000
4696;-13.6867791911;40.7653150278;0.00000000000
4697;-12.4940518366;40.7407938164;0.00000000000
4698;-11.1503289977;40.6429396438;0.00000000000
4699;-9.92986244759;40.8357016930;0.00000000000
4700;-9.87652241901;27.8088831800;0.00000000000
;;;
NODE;X;Y;Z
4701;-9.45599305198;29.4793232935;0.00000000000
4702;-9.19973931120;28.7451826774;0.00000000000
4703;-9.96678910012;30.8298568923;0.00000000000
4704;-9.67936938344;30.1710524871;0.00000000000
4705;-9.73868406723;31.7203189641;0.00000000000
4706;-9.49206653782;34.8637583699;0.00000000000
4707;-9.48413226134;36.4945316105;0.00000000000
4708;-10.2027613758;37.9430593146;0.00000000000
4709;-31.0654059424;10.4538993027;0.00000000000
4710;-32.1759005488;10.1951786891;0.00000000000
4711;-33.2505323170;10.0099528310;0.00000000000
4712;-34.3188459547;9.84069430048;0.00000000000
4713;-35.3691400244;9.73205515371;0.00000000000
4714;-36.4126409186;9.65099317831;0.00000000000
4715;-37.4282206403;9.61378813113;0.00000000000
4716;-38.4347533510;9.59428313480;0.00000000000
4717;-39.4400496018;9.60278634075;0.00000000000
4718;-40.4383302454;9.61726715637;0.00000000000
4719;-41.4309852138;9.62805271195;0.00000000000
4720;-42.4197555155;9.63847164276;0.00000000000
;;;
NODE;X;Y;Z
4721;-43.4167609511;9.64077474305;0.00000000000
4722;-44.4103727680;9.64651917649;0.00000000000
4723;-45.4091031674;9.65750840100;0.00000000000
4724;-46.4080092307;9.66705930925;0.00000000000
4725;-47.3969176614;9.68960283814;0.00000000000
4726;-48.3954601941;9.68366993547;0.00000000000
4727;-49.4025809714;9.66965067806;0.00000000000
4728;-50.4053763522;9.65190193948;0.00000000000
4729;-51.4121451170;9.62689290394;0.00000000000
4730;-52.4239310839;9.61153523211;0.00000000000
4731;-53.4353440805;9.61414779332;0.00000000000
4732;-54.4475998738;9.63421377110;0.00000000000
4733;-55.4525768360;9.63846515074;0.00000000000
4734;-56.4542698767;9.64342527231;0.00000000000
4735;-57.4344183662;9.67958400533;0.00000000000
4736;-58.4260919902;9.68665057572;0.00000000000
4737;-59.4147288093;9.69816735031;0.00000000000
4738;-60.4204596850;9.68757696680;0.00000000000
4739;-63.4412112242;9.64413715496;0.00000000000
4740;-64.4468872164;9.64289184967;0.00000000000
;;;
NODE;X;Y;Z
4741;-65.4535093119;9.64184428595;0.00000000000
4742;-66.4589013473;9.65280601777;0.00000000000
4743;-67.4734975144;9.66408663704;0.00000000000
4744;-68.4794865470;9.70686512130;0.00000000000
4745;-69.4422396663;9.71228032190;0.00000000000
4746;-70.4053389637;9.54942764109;0.00000000000
4747;-71.3190571326;9.34607813618;0.00000000000
4748;-71.6702841296;9.69321995837;0.00000000000
4749;-72.2306433576;9.83963917113;0.00000000000
4750;-72.8494031051;9.67953567689;0.00000000000
4751;-73.3874435121;9.79700398204;0.00000000000
4752;-74.3722572817;9.54362226804;0.00000000000
4753;-75.3570782446;9.38725741807;0.00000000000
4754;-76.3551765426;9.30413687451;0.00000000000
4755;-77.3637947056;9.32138377470;0.00000000000
4756;-77.7830716050;9.83422021585;0.00000000000
4757;-78.1074376470;10.3396452799;0.00000000000
4758;-79.2933954389;9.60907091914;0.00000000000
4759;-80.3289559487;9.63932059934;0.00000000000
4760;-81.3976236261;9.62428816607;0.00000000000
;;;
NODE;X;Y;Z
4761;-82.4468301641;9.58440975975;0.00000000000
4762;-83.4874527707;9.55322170282;0.00000000000
4763;-84.4849523570;10.5277319073;0.00000000000
4764;-85.0265161824;10.0425677985;0.00000000000
4765;-85.5627242216;9.54443651517;0.00000000000
4766;-86.5951776869;9.52878272580;0.00000000000
4767;-87.6266187009;9.49169147402;0.00000000000
4768;-89.7063139675;9.38042500771;0.00000000000
4769;-90.2336620532;9.83529900113;0.00000000000
4770;-26.4219794407;11.6414717239;0.00000000000
4771;-24.6085434651;14.3894041383;0.00000000000
4772;-24.9235310992;13.7982234963;0.00000000000
4773;-23.1485257013;15.6738653052;0.00000000000
4774;-21.5672889838;18.2598573791;0.00000000000
4775;-90.2696287585;10.7962568052;0.00000000000
4776;-90.3306618055;11.7505292469;0.00000000000
4777;-90.4072859840;12.6898121164;0.00000000000
4778;-90.5210359585;13.6109760215;0.00000000000
4779;-90.0851317026;14.0746256490;0.00000000000
4780;-89.7320793800;14.4930506918;0.00000000000
;;;
NODE;X;Y;Z
4781;-90.5111915922;15.4731259770;0.00000000000
4782;-90.4866662047;16.3757527105;0.00000000000
4783;-90.5045815275;17.3351050021;0.00000000000
4784;-90.4613203405;18.3162375971;0.00000000000
4785;-90.3555455709;19.2901441874;0.00000000000
4786;-89.7810339730;19.6761477583;0.00000000000
4787;-90.2459186199;21.2418628593;0.00000000000
4788;-90.3035081395;22.2732385602;0.00000000000
4789;-90.3116084253;23.3156065731;0.00000000000
4790;-90.3230158275;24.3330257290;0.00000000000
4791;-90.4288086361;25.3179851314;0.00000000000
4792;-90.0244151734;25.7741143567;0.00000000000
4793;-89.7346705717;26.2565721639;0.00000000000
4794;-90.4521814323;27.3778808549;0.00000000000
4795;-90.3755649697;28.3799316713;0.00000000000
4796;-90.3477921453;29.4193732146;0.00000000000
4797;-90.3365303372;30.4540469922;0.00000000000
4798;-90.3823912097;31.4339584379;0.00000000000
4799;-89.9376439188;31.8930150130;0.00000000000
4800;-89.6128742975;32.3984432546;0.00000000000
;;;
NODE;X;Y;Z
4801;-90.2965796848;33.5186944516;0.00000000000
4802;-90.0840718029;34.5749989485;0.00000000000
4803;-89.8563312755;35.7002144150;0.00000000000
4804;-89.6922947338;36.8356312055;0.00000000000
4805;-89.5824489857;37.9738713662;0.00000000000
4806;-90.1247614943;39.9849253187;0.00000000000
4807;-88.3886116025;39.9738930991;0.00000000000
4808;-87.2245057862;39.8600543132;0.00000000000
4809;-86.0736882953;39.8433557774;0.00000000000
4810;-84.9373245489;39.9005186707;0.00000000000
4811;-83.8411895693;39.9811461615;0.00000000000
4812;-82.7697693238;40.1003608767;0.00000000000
4813;-81.7087693936;40.2398675690;0.00000000000
4814;-80.6693518157;40.3656128753;0.00000000000
4815;-79.6501992273;40.4460555679;0.00000000000
4816;-78.6346028351;40.4918132227;0.00000000000
4817;-78.1979560896;39.9890703931;0.00000000000
4818;-77.7886016169;39.4778080735;0.00000000000
4819;-76.6634922493;40.4321909816;0.00000000000
4820;-75.6753554560;40.3809600903;0.00000000000
;;;
NODE;X;Y;Z
4821;-74.6686212969;40.3497343186;0.00000000000
4822;-73.6481483614;40.3494795053;0.00000000000
4823;-72.6224114412;40.3692967082;0.00000000000
4824;-71.6055191879;40.3893823593;0.00000000000
4825;-70.5904558673;40.4271674723;0.00000000000
4826;-69.5929448253;40.4589335472;0.00000000000
4827;-68.6033903961;40.4981194760;0.00000000000
4828;-67.6216733627;40.5419794680;0.00000000000
4829;-66.6355254524;40.5617668345;0.00000000000
4830;-66.2066193443;40.0785010574;0.00000000000
4831;-65.7827839815;39.6047489053;0.00000000000
4832;-64.6583748206;40.4691056035;0.00000000000
4833;-63.6695386677;40.4089530848;0.00000000000
4834;-62.6661963262;40.3797405062;0.00000000000
4835;-61.6455328302;40.3796267629;0.00000000000
4836;-60.6226973184;40.3904068534;0.00000000000
4837;-59.5962541683;40.4112678993;0.00000000000
4838;-58.5820100526;40.4312288590;0.00000000000
4839;-57.5850782838;40.4548947653;0.00000000000
4840;-56.5994899404;40.4793284933;0.00000000000
;;;
NODE;X;Y;Z
4841;-55.6177596580;40.5214810712;0.00000000000
4842;-54.6344250250;40.5522618831;0.00000000000
4843;-54.2021329613;40.0629190162;0.00000000000
4844;-53.7702260053;39.5833292868;0.00000000000
4845;-52.6505689808;40.4598511001;0.00000000000
4846;-51.6743361556;40.3875007288;0.00000000000
4847;-50.6618065617;40.3554493332;0.00000000000
4848;-49.6421505897;40.3572012208;0.00000000000
4849;-48.6213309911;40.3735394109;0.00000000000
4850;-47.6044258941;40.3913500903;0.00000000000
4851;-46.5973713662;40.4086333306;0.00000000000
4852;-45.5992033824;40.4347077712;0.00000000000
4853;-44.6371567461;40.4704894053;0.00000000000
4854;-43.6777658474;40.5352787926;0.00000000000
4855;-42.7346016664;40.6266920080;0.00000000000
4856;-42.3751572466;40.2093802324;0.00000000000
4857;-41.9680142478;39.7735014129;0.00000000000
4858;-40.4854834006;40.2567528361;0.00000000000
4859;-39.4896068312;40.3629044025;0.00000000000
4860;-38.5184629898;40.4143850942;0.00000000000
;;;
NODE;X;Y;Z
4861;-37.5000248120;40.4786937143;0.00000000000
4862;-36.4839014076;40.4975215445;0.00000000000
4863;-35.9807265579;39.9943350703;0.00000000000
4864;-34.4715783372;40.4290113266;0.00000000000
4865;-33.4819134428;40.4162983605;0.00000000000
4866;-32.5062047977;40.4413270805;0.00000000000
4867;-31.5329517468;40.5166513828;0.00000000000
4868;-30.5680854508;40.5661032253;0.00000000000
4869;-30.1112183075;40.0975954053;0.00000000000
4870;-29.7110791840;39.7276669541;0.00000000000
4871;-28.6102573862;40.4114713785;0.00000000000
4872;-27.6469319703;40.3334304400;0.00000000000
4873;-26.6220463401;40.3245016166;0.00000000000
4874;-25.5888632402;40.3455007850;0.00000000000
4875;-24.5573496146;40.3769031878;0.00000000000
4876;-23.5362663199;40.4066508007;0.00000000000
4877;-22.5215127398;40.4249807746;0.00000000000
4878;-21.5172431381;40.4311887249;0.00000000000
4879;-20.5153834158;40.4428298961;0.00000000000
4880;-19.5007491809;40.4457579529;0.00000000000
;;;
NODE;X;Y;Z
4881;-18.4772488055;40.4169453628;0.00000000000
4882;-17.9945899490;39.8863331826;0.00000000000
4883;-16.4271018408;40.3317489475;0.00000000000
4884;-15.3787966614;40.3054159680;0.00000000000
4885;-14.2982748568;40.2845038496;0.00000000000
4886;-10.6596687889;40.1155072926;0.00000000000
4887;-10.0128563577;28.5855294357;0.00000000000
4888;-9.94975477256;34.5184613195;0.00000000000
4889;-31.6333084038;10.9633213198;0.00000000000
4890;-32.6909072060;10.6541132474;0.00000000000
4891;-33.7519884708;10.4567268581;0.00000000000
4892;-34.8098990886;10.3021923736;0.00000000000
4893;-35.8563779061;10.1979753909;0.00000000000
4894;-36.8839414135;10.1292350440;0.00000000000
4895;-37.8895432151;10.0953316731;0.00000000000
4896;-38.8928663132;10.0894156294;0.00000000000
4897;-39.8899540652;10.1058023236;0.00000000000
4898;-40.8780852634;10.1242588369;0.00000000000
4899;-41.8666132999;10.1394913100;0.00000000000
4900;-42.8585071507;10.1473167524;0.00000000000
;;;
NODE;X;Y;Z
4901;-43.8528223157;10.1515508314;0.00000000000
4902;-44.8504951199;10.1615010812;0.00000000000
4903;-45.8475285832;10.1798301052;0.00000000000
4904;-46.8381011758;10.2025446888;0.00000000000
4905;-47.8323703330;10.2083167684;0.00000000000
4906;-48.8356509397;10.1937319969;0.00000000000
4907;-49.8425164403;10.1723638767;0.00000000000
4908;-50.8507203293;10.1402316662;0.00000000000
4909;-51.8618495099;10.1099671135;0.00000000000
4910;-52.8766084995;10.0999223980;0.00000000000
4911;-53.8908373048;10.1149770551;0.00000000000
4912;-54.9005884952;10.1329737430;0.00000000000
4913;-55.9020882323;10.1418479058;0.00000000000
4914;-56.8840101788;10.1840455898;0.00000000000
4915;-57.8576532485;10.2269499365;0.00000000000
4916;-58.8476744795;10.2305727209;0.00000000000
4917;-59.8529944850;10.2224691280;0.00000000000
4918;-62.8937948859;10.1634785196;0.00000000000
4919;-63.9041501157;10.1543259127;0.00000000000
4920;-64.9112335577;10.1502013599;0.00000000000
;;;
NODE;X;Y;Z
4921;-65.9142294903;10.1520279375;0.00000000000
4922;-66.9231936781;10.1685709368;0.00000000000
4923;-67.9361000036;10.2201014348;0.00000000000
4924;-68.9266366633;10.2654906411;0.00000000000
4925;-69.9075793354;10.1640765572;0.00000000000
4926;-70.8446366609;9.92617060093;0.00000000000
4927;-73.9276427648;10.1617143681;0.00000000000
4928;-74.8451095084;9.91483178128;0.00000000000
4929;-75.8083820692;9.77749052930;0.00000000000
4930;-76.7955394160;9.73309218374;0.00000000000
4931;-79.6923373503;10.1424280324;0.00000000000
4932;-80.7739146313;10.1334743900;0.00000000000
4933;-81.8656584995;10.0973030343;0.00000000000
4934;-82.9327695010;10.0606633549;0.00000000000
4935;-86.0678238042;10.0403230157;0.00000000000
4936;-87.1034444432;10.0132571309;0.00000000000
4937;-21.4642277160;19.1728152588;0.00000000000
4938;-20.3755593572;20.3042438181;0.00000000000
4939;-19.2559680885;21.3735630328;0.00000000000
4940;-89.7289049006;10.3467040263;0.00000000000
;;;
NODE;X;Y;Z
4941;-89.7724022199;11.3067897968;0.00000000000
4942;-89.8483755388;12.2487432163;0.00000000000
4943;-89.9724195250;13.1575463900;0.00000000000
4944;-89.9954085153;15.8494706381;0.00000000000
4945;-90.0073515627;16.7606486495;0.00000000000
4946;-90.0035214685;17.7285076528;0.00000000000
4947;-89.9037749138;18.7049572986;0.00000000000
4948;-89.7439195666;21.6645653719;0.00000000000
4949;-89.7952573085;22.7283069766;0.00000000000
4950;-89.7878876788;23.7729861647;0.00000000000
4951;-89.8518738973;24.7688854569;0.00000000000
4952;-89.9019968127;27.8293407691;0.00000000000
4953;-89.8437879905;28.8759484663;0.00000000000
4954;-89.8111893699;29.9454713582;0.00000000000
4955;-89.8234049353;30.9487553021;0.00000000000
4956;-89.6680653571;34.0093042788;0.00000000000
4957;-89.4069556718;35.1019787089;0.00000000000
4958;-89.1701477370;36.2712324726;0.00000000000
4959;-89.0056286414;37.4512306189;0.00000000000
4960;-88.1021079340;39.3059525616;0.00000000000
;;;
NODE;X;Y;Z
4961;-86.8182972743;39.2590641294;0.00000000000
4962;-85.6257629529;39.2849673501;0.00000000000
4963;-84.4761487681;39.3627082133;0.00000000000
4964;-83.3735176861;39.4748652338;0.00000000000
4965;-82.2950663249;39.6273046944;0.00000000000
4966;-81.2356094640;39.7887578261;0.00000000000
4967;-80.2076062095;39.9073738451;0.00000000000
4968;-79.1941588638;39.9775972813;0.00000000000
4969;-76.2522896816;39.8912513620;0.00000000000
4970;-75.2534178913;39.8436780555;0.00000000000
4971;-74.2305727754;39.8316550904;0.00000000000
4972;-73.2008891812;39.8442248382;0.00000000000
4973;-72.1735298921;39.8679136020;0.00000000000
4974;-71.1471865303;39.9063029638;0.00000000000
4975;-70.1364823283;39.9479467418;0.00000000000
4976;-69.1462071982;39.9876049425;0.00000000000
4977;-68.1657350783;40.0380319888;0.00000000000
4978;-67.1912775284;40.0815291399;0.00000000000
4979;-64.2456303448;39.9377010730;0.00000000000
4980;-63.2498644841;39.8883767737;0.00000000000
;;;
NODE;X;Y;Z
4981;-62.2302872977;39.8756289456;0.00000000000
4982;-61.1970766086;39.8842661450;0.00000000000
4983;-60.1640931527;39.9022449034;0.00000000000
4984;-59.1396135186;39.9249339058;0.00000000000
4985;-58.1313811157;39.9498039274;0.00000000000
4986;-57.1405324825;39.9762368518;0.00000000000
4987;-56.1619699528;40.0161268298;0.00000000000
4988;-55.1879938802;40.0631687357;0.00000000000
4989;-52.2395306135;39.9132089289;0.00000000000
4990;-51.2472653181;39.8568469035;0.00000000000
4991;-50.2241092638;39.8454883434;0.00000000000
4992;-49.1951601921;39.8600795133;0.00000000000
4993;-48.1687265031;39.8802506905;0.00000000000
4994;-47.1506759229;39.8971473901;0.00000000000
4995;-46.1396283248;39.9181732063;0.00000000000
4996;-45.1584434369;39.9484064835;0.00000000000
4997;-44.2036884181;40.0046033792;0.00000000000
4998;-43.2593697766;40.1044293018;0.00000000000
4999;-39.8561875829;39.8326447379;0.00000000000
5000;-38.9842300220;39.8831194009;0.00000000000
;;;
NODE;X;Y;Z
5001;-38.0173085881;39.9540264389;0.00000000000
5002;-36.9983046427;40.0071850229;0.00000000000
5003;-33.9846303694;39.9173852944;0.00000000000
5004;-33.0031356760;39.9240321759;0.00000000000
5005;-32.0325837586;39.9867683268;0.00000000000
5006;-31.0759080314;40.0706432951;0.00000000000
5007;-28.2110952693;39.8448824663;0.00000000000
5008;-27.2132906141;39.8051245994;0.00000000000
5009;-26.1665172810;39.8271382526;0.00000000000
5010;-25.1216205904;39.8610976245;0.00000000000
5011;-24.0853522138;39.8967268344;0.00000000000
5012;-23.0647896554;39.9265177181;0.00000000000
5013;-22.0539270368;39.9458654404;0.00000000000
5014;-21.0458679358;39.9572397574;0.00000000000
5015;-20.0323706934;39.9579425025;0.00000000000
5016;-19.0130293326;39.9338125945;0.00000000000
5017;-15.9386456184;39.8088789785;0.00000000000
5018;-14.8768081743;39.7965185366;0.00000000000
5019;-10.8024402750;28.4649509736;0.00000000000
5020;-10.4041107037;29.9880146734;0.00000000000
;;;
NODE;X;Y;Z
5021;-10.1807343723;29.2962854797;0.00000000000
5022;-10.5946695020;30.6571089926;0.00000000000
5023;-10.1000406718;32.3516566522;0.00000000000
5024;-9.78499463103;33.5866006401;0.00000000000
5025;-9.24646807207;32.9948820463;0.00000000000
5026;-10.3586705034;34.1218867286;0.00000000000
5027;-9.97583903762;36.1324692998;0.00000000000
5028;-10.0530056239;35.3992727229;0.00000000000
5029;-10.5511635186;37.3451800919;0.00000000000
5030;-11.3029009472;37.4448928871;0.00000000000
5031;-10.5968491654;38.7233155052;0.00000000000
5032;-10.4967278760;39.3514395169;0.00000000000
5033;-31.1987743231;11.6620598930;0.00000000000
5034;-32.1400415944;11.3764730221;0.00000000000
5035;-33.1921113170;11.1106674136;0.00000000000
5036;-34.2691625947;10.8769179396;0.00000000000
5037;-35.3233072252;10.7480479109;0.00000000000
5038;-37.3484845282;10.5991695026;0.00000000000
5039;-39.3452601136;10.5781609586;0.00000000000
5040;-41.3080087580;10.6388566829;0.00000000000
;;;
NODE;X;Y;Z
5041;-43.2845359963;10.6660936454;0.00000000000
5042;-45.2854888769;10.6993719382;0.00000000000
5043;-47.2616660663;10.7534882000;0.00000000000
5044;-49.2665659108;10.7060540890;0.00000000000
5045;-51.2988869448;10.6138962930;0.00000000000
5046;-53.3243601644;10.5742500109;0.00000000000
5047;-55.3402850947;10.6400509128;0.00000000000
5048;-57.2605432822;10.7899620976;0.00000000000
5049;-59.2675307575;10.7666067736;0.00000000000
5050;-61.4245665196;9.67439080484;0.00000000000
5051;-61.8784544251;10.1839672114;0.00000000000
5052;-62.3424121524;10.6844249207;0.00000000000
5053;-63.3613407512;10.6753108170;0.00000000000
5054;-64.3712403493;10.6679464920;0.00000000000
5055;-66.3644355091;10.6687949340;0.00000000000
5056;-68.3635589848;10.7880216467;0.00000000000
5057;-70.4533341587;10.5506431416;0.00000000000
5058;-71.3630576485;10.2126574255;0.00000000000
5059;-71.9234168765;10.3590766383;0.00000000000
5060;-73.5393424163;10.7889786726;0.00000000000
;;;
NODE;X;Y;Z
5061;-74.4069264079;10.4552073959;0.00000000000
5062;-76.2314853553;10.1158623832;0.00000000000
5063;-77.1831203844;10.1076739363;0.00000000000
5064;-77.5074864264;10.6130990003;0.00000000000
5065;-78.3975351935;10.9810187372;0.00000000000
5066;-79.0061268599;10.6736249578;0.00000000000
5067;-80.1645631850;10.6424304858;0.00000000000
5068;-82.3656923014;10.5674825761;0.00000000000
5069;-83.4254787882;10.5396538343;0.00000000000
5070;-83.9293712959;11.0242361923;0.00000000000
5071;-84.4396533081;11.5010748057;0.00000000000
5072;-85.5397707575;10.5469081879;0.00000000000
5073;-86.5840668221;10.5463652558;0.00000000000
5074;-87.6265966248;10.4972667505;0.00000000000
5075;-27.4016818126;12.2851694053;0.00000000000
5076;-25.6107074803;14.2385802125;0.00000000000
5077;-24.1307948024;16.0296924272;0.00000000000
5078;-19.0346040476;22.3151813137;0.00000000000
5079;-89.2682553333;11.8388494574;0.00000000000
5080;-89.3762130453;12.7716579187;0.00000000000
;;;
NODE;X;Y;Z
5081;-89.5567417775;13.6629693893;0.00000000000
5082;-89.2036894549;14.0813944321;0.00000000000
5083;-89.0917267892;14.7577934118;0.00000000000
5084;-89.4233724983;15.2470601404;0.00000000000
5085;-89.5842162702;17.1295502296;0.00000000000
5086;-89.3648222984;19.0318865555;0.00000000000
5087;-89.1182092497;21.0560485275;0.00000000000
5088;-89.3419190363;23.1821302879;0.00000000000
5089;-89.4562753642;25.3122247572;0.00000000000
5090;-89.1665307624;25.7946825645;0.00000000000
5091;-89.0771025737;26.6142171045;0.00000000000
5092;-89.3792862565;27.1663467443;0.00000000000
5093;-89.3737117905;28.3018836391;0.00000000000
5094;-89.2395012562;30.5222678056;0.00000000000
5095;-89.2575890890;31.5581094302;0.00000000000
5096;-88.9328194677;32.0635376718;0.00000000000
5097;-89.0040821519;32.8685668454;0.00000000000
5098;-89.2951721429;33.4022197493;0.00000000000
5099;-88.9439925162;34.4927320903;0.00000000000
5100;-83.9506971400;38.8372704502;0.00000000000
;;;
NODE;X;Y;Z
5101;-81.7886545806;39.1747930982;0.00000000000
5102;-79.7366885668;39.4685352870;0.00000000000
5103;-78.7409408045;39.5064848214;0.00000000000
5104;-77.4084495232;38.9180739390;0.00000000000
5105;-76.8460407169;39.3888338103;0.00000000000
5106;-75.8553898267;39.3275459620;0.00000000000
5107;-74.8235495357;39.3060167413;0.00000000000
5108;-72.7426574914;39.3335315544;0.00000000000
5109;-71.7059434067;39.3745646060;0.00000000000
5110;-70.6784052133;39.4156262443;0.00000000000
5111;-69.6687145225;39.4703912649;0.00000000000
5112;-68.6877506080;39.5210102032;0.00000000000
5113;-67.7247715990;39.5946347735;0.00000000000
5114;-66.7621738066;39.6401482273;0.00000000000
5115;-65.9548874392;38.7805225571;0.00000000000
5116;-65.3901259539;39.0462450296;0.00000000000
5117;-64.8310644326;39.4573469793;0.00000000000
5118;-63.8704804371;39.3735297336;0.00000000000
5119;-62.8344434560;39.3590660940;0.00000000000
5120;-60.7377252243;39.3878735167;0.00000000000
;;;
NODE;X;Y;Z
5121;-59.6969474771;39.4133588406;0.00000000000
5122;-58.6705911541;39.4360894733;0.00000000000
5123;-57.6691243216;39.4681919228;0.00000000000
5124;-56.6815981423;39.5022147317;0.00000000000
5125;-55.7146821505;39.5566612471;0.00000000000
5126;-54.7592959815;39.6212370627;0.00000000000
5127;-53.9393335246;38.7590108891;0.00000000000
5128;-53.3726042953;39.0200358753;0.00000000000
5129;-52.8152328137;39.4353496436;0.00000000000
5130;-51.8595582212;39.3396573324;0.00000000000
5131;-50.8262653937;39.3293791842;0.00000000000
5132;-48.7447121902;39.3721412358;0.00000000000
5133;-47.7127969637;39.3941024897;0.00000000000
5134;-46.6874930886;39.4028634289;0.00000000000
5135;-45.6751855617;39.4205232647;0.00000000000
5136;-44.7115806866;39.4458458930;0.00000000000
5137;-43.7553823608;39.5534138907;0.00000000000
5138;-42.8336572503;39.6627561291;0.00000000000
5139;-41.9116206672;38.8837819789;0.00000000000
5140;-40.2648495644;39.4252050595;0.00000000000
;;;
NODE;X;Y;Z
5141;-38.5344396887;39.4154304117;0.00000000000
5142;-37.5041295504;39.5330930254;0.00000000000
5143;-36.4810356596;39.5435996921;0.00000000000
5144;-34.4742860500;39.4212829805;0.00000000000
5145;-33.4827059571;39.3975788991;0.00000000000
5146;-32.5002928873;39.4340634127;0.00000000000
5147;-31.5194907398;39.5272071818;0.00000000000
5148;-30.5736553176;39.6229485434;0.00000000000
5149;-30.1735161940;39.2530200922;0.00000000000
5150;-29.4515267649;39.0342504313;0.00000000000
5151;-28.8922535643;39.2964645804;0.00000000000
5152;-27.8237309503;39.2697971113;0.00000000000
5153;-26.7501333499;39.2979861001;0.00000000000
5154;-25.6909051974;39.3445700963;0.00000000000
5155;-24.6359142452;39.3878071453;0.00000000000
5156;-23.6111956266;39.4307973720;0.00000000000
5157;-22.5950669241;39.4582813649;0.00000000000
5158;-21.5827957042;39.4796007964;0.00000000000
5159;-20.5760499697;39.4752193979;0.00000000000
5160;-19.5569878091;39.4553784281;0.00000000000
;;;
NODE;X;Y;Z
5161;-18.5364912517;39.3901373179;0.00000000000
5162;-16.5006653381;39.2948560727;0.00000000000
5163;-10.9703182896;29.1757070177;0.00000000000
5164;-31.7055075137;12.0752115952;0.00000000000
5165;-32.6412457054;11.8330271883;0.00000000000
5166;-33.7092854410;11.5308584951;0.00000000000
5167;-34.7825707314;11.3227734770;0.00000000000
5168;-62.8099580176;11.1962572181;0.00000000000
5169;-63.8284309847;11.1889313963;0.00000000000
5170;-70.9717551463;10.8371299662;0.00000000000
5171;-74.0186260595;11.0824717004;0.00000000000
5172;-76.6190663238;10.4904441357;0.00000000000
5173;-82.8584015886;11.0464730555;0.00000000000
5174;-86.0560137754;11.0529504280;0.00000000000
5175;-87.1072190037;11.0303748754;0.00000000000
5176;-88.1592486248;10.9601797368;0.00000000000
5177;-89.2133527182;10.8734398820;0.00000000000
5178;-18.7840352746;23.2351629566;0.00000000000
5179;-17.5775564698;24.1608232153;0.00000000000
5180;-16.3397465245;24.9837210933;0.00000000000
;;;
NODE;X;Y;Z
5181;-15.0431745010;25.7367518433;0.00000000000
5182;-13.6042525686;26.5124525969;0.00000000000
5183;-12.4344490132;27.4317995542;0.00000000000
5184;-88.7960928398;12.3617641599;0.00000000000
5185;-88.9605352978;13.2770809180;0.00000000000
5186;-88.6736854099;31.1316219336;0.00000000000
5187;-88.5710993019;33.8856475608;0.00000000000
5188;-79.2834705075;38.9974228270;0.00000000000
5189;-76.4491408620;38.8251284104;0.00000000000
5190;-75.4255214711;38.7898846478;0.00000000000
5191;-72.2750710060;38.8401825584;0.00000000000
5192;-71.2371620897;38.8838878866;0.00000000000
5193;-70.2106374074;38.9380707674;0.00000000000
5194;-69.2102579322;39.0037965256;0.00000000000
5195;-68.2467871287;39.0776129879;0.00000000000
5196;-67.2956678772;39.1532538608;0.00000000000
5197;-64.4559145249;38.8931756399;0.00000000000
5198;-63.4550594090;38.8442190538;0.00000000000
5199;-60.2705795487;38.8989874539;0.00000000000
5200;-59.2279251126;38.9245144080;0.00000000000
;;;
NODE;X;Y;Z
5201;-58.2083343600;38.9544774687;0.00000000000
5202;-57.2101899814;38.9941698027;0.00000000000
5203;-56.2343103400;39.0427491491;0.00000000000
5204;-55.2859842518;39.1147295742;0.00000000000
5205;-52.4352604213;38.8617980471;0.00000000000
5206;-51.4385582968;38.8121896131;0.00000000000
5207;-48.2887826507;38.8859930350;0.00000000000
5208;-47.2496141294;38.8998185286;0.00000000000
5209;-46.2230503254;38.9052134874;0.00000000000
5210;-45.2283228114;38.9179626742;0.00000000000
5211;-44.2632746293;38.9946564045;0.00000000000
5212;-43.3296698345;39.1117407180;0.00000000000
5213;-41.4040221844;38.5666639290;0.00000000000
5214;-40.6116546141;38.8501458450;0.00000000000
5215;-38.0212606509;38.9944969982;0.00000000000
5216;-36.9868605673;39.0695076947;0.00000000000
5217;-35.9720949554;39.0299998829;0.00000000000
5218;-34.9700603709;38.9529950021;0.00000000000
5219;-33.9723616377;38.9014765852;0.00000000000
5220;-32.9798631683;38.9076101359;0.00000000000
;;;
NODE;X;Y;Z
5221;-31.9871998684;38.9745022676;0.00000000000
5222;-31.0172380260;39.0795124300;0.00000000000
5223;-28.5048892452;38.7213792254;0.00000000000
5224;-27.3605736860;38.7626586120;0.00000000000
5225;-26.2745212663;38.8154179439;0.00000000000
5226;-25.2051988522;38.8712796172;0.00000000000
5227;-24.1617576580;38.9218776829;0.00000000000
5228;-23.1414728953;38.9625610188;0.00000000000
5229;-22.1239355915;38.9920167208;0.00000000000
5230;-21.1129777380;38.9975804369;0.00000000000
5231;-20.1006670854;38.9726553236;0.00000000000
5232;-19.0804497282;38.9117031514;0.00000000000
5233;-18.0693704804;38.8219001946;0.00000000000
5234;-17.0534666641;38.7740153477;0.00000000000
5235;-12.6457330697;39.8265794675;0.00000000000
5236;-11.7189077323;29.0970550321;0.00000000000
5237;-11.3440612740;30.5524528450;0.00000000000
5238;-11.1535024757;29.8833585257;0.00000000000
5239;-11.5101531182;31.2249978014;0.00000000000
5240;-10.1587284385;33.2301045585;0.00000000000
;;;
NODE;X;Y;Z
5241;-10.5660421236;32.9320103850;0.00000000000
5242;-10.7324043109;33.7653906470;0.00000000000
5243;-11.0048349774;34.6760321357;0.00000000000
5244;-10.8342856038;36.6258059182;0.00000000000
5245;-12.4542671412;37.0606458541;0.00000000000
5246;-11.6444734929;38.2321673626;0.00000000000
5247;-12.0260635053;37.6276122710;0.00000000000
5248;-29.5251662981;12.2948966013;0.00000000000
5249;-34.2883360785;11.8466266793;0.00000000000
5250;-35.3278934009;11.7744994140;0.00000000000
5251;-35.8122967493;11.2096363734;0.00000000000
5252;-37.2766171204;11.5574949685;0.00000000000
5253;-37.8075823517;11.0647367263;0.00000000000
5254;-39.2386801112;11.5490188231;0.00000000000
5255;-39.7833832654;11.0807186522;0.00000000000
5256;-41.1848110433;11.6403200745;0.00000000000
5257;-41.7401320134;11.1534755802;0.00000000000
5258;-43.1205268845;11.7475064811;0.00000000000
5259;-43.7102046631;11.1697126160;0.00000000000
5260;-45.1580351066;11.7536269700;0.00000000000
;;;
NODE;X;Y;Z
5261;-45.7177175321;11.2447141863;0.00000000000
5262;-47.1284515985;11.8687381747;0.00000000000
5263;-47.6875374252;11.2705306456;0.00000000000
5264;-49.1334583695;11.7423914608;0.00000000000
5265;-49.7100772212;11.1960493262;0.00000000000
5266;-51.2055939519;11.5983355619;0.00000000000
5267;-51.7492684761;11.0814107461;0.00000000000
5268;-53.1930347874;11.4941939670;0.00000000000
5269;-53.7673731619;11.0852304547;0.00000000000
5270;-55.1096343638;11.7374436893;0.00000000000
5271;-55.7486459860;11.2027550702;0.00000000000
5272;-57.0260536465;11.9428197529;0.00000000000
5273;-57.6526976975;11.3507982283;0.00000000000
5274;-59.1069812676;11.8209733822;0.00000000000
5275;-59.7049722384;11.2878168586;0.00000000000
5276;-61.3175355768;10.7181092035;0.00000000000
5277;-62.2533345283;11.7140296841;0.00000000000
5278;-63.2876959038;11.6964031044;0.00000000000
5279;-64.3092897934;11.7234735769;0.00000000000
5280;-64.8342731597;11.1812551938;0.00000000000
;;;
NODE;X;Y;Z
5281;-66.2861670563;11.7148244858;0.00000000000
5282;-66.7988392148;11.1737048120;0.00000000000
5283;-68.1482532153;11.6726055113;0.00000000000
5284;-68.8130567531;11.4348416739;0.00000000000
5285;-71.5654250785;11.0163203099;0.00000000000
5286;-74.5213168356;11.3492378107;0.00000000000
5287;-74.8690256364;10.7853392094;0.00000000000
5288;-78.3463127646;11.5442891147;0.00000000000
5289;-78.9983806232;11.7416231808;0.00000000000
5290;-80.1236829556;11.6280040093;0.00000000000
5291;-80.6703694579;11.1157180208;0.00000000000
5292;-82.2954063908;11.5499844320;0.00000000000
5293;-83.3687329495;11.5261603083;0.00000000000
5294;-84.9676365521;12.0163941415;0.00000000000
5295;-85.5261901761;11.5473916324;0.00000000000
5296;-86.5896762191;11.5769299453;0.00000000000
5297;-87.6497926087;11.5171380014;0.00000000000
5298;-13.3314147767;27.3196621963;0.00000000000
5299;-88.3321837618;12.9201253842;0.00000000000
5300;-88.6052537907;13.8569262745;0.00000000000
;;;
NODE;X;Y;Z
5301;-88.2785397007;15.1519594337;0.00000000000
5302;-88.6862419603;16.9932203551;0.00000000000
5303;-89.0705969521;17.4376492828;0.00000000000
5304;-88.6253075884;19.3404845048;0.00000000000
5305;-88.4482121366;20.3931455216;0.00000000000
5306;-87.9504136232;21.0074187661;0.00000000000
5307;-88.4543057962;23.0330389930;0.00000000000
5308;-88.6923300130;23.6279536053;0.00000000000
5309;-88.5822441775;25.6134799587;0.00000000000
5310;-88.4928159887;26.4330144987;0.00000000000
5311;-88.2999125957;27.1307462849;0.00000000000
5312;-88.4466744694;28.2975129028;0.00000000000
5313;-88.8663318818;28.8533815335;0.00000000000
5314;-88.1662661902;30.5580985001;0.00000000000
5315;-88.2481907035;33.1800114952;0.00000000000
5316;-84.5796047103;38.2125680347;0.00000000000
5317;-84.0403447760;37.6225381541;0.00000000000
5318;-82.3427711622;38.5326025608;0.00000000000
5319;-81.7818158979;38.0954409020;0.00000000000
5320;-80.2825545514;38.9190346311;0.00000000000
;;;
NODE;X;Y;Z
5321;-79.8019800017;38.5343316697;0.00000000000
5322;-79.5846503534;37.0985432559;0.00000000000
5323;-77.0446351571;38.2721085744;0.00000000000
5324;-73.3253398162;38.7972539203;0.00000000000
5325;-72.8447574107;38.2864702098;0.00000000000
5326;-71.7887505227;38.3383460576;0.00000000000
5327;-70.7484363458;38.3881971815;0.00000000000
5328;-69.7191175946;38.4632350977;0.00000000000
5329;-68.7283187328;38.5368615605;0.00000000000
5330;-67.7600486367;38.6281605718;0.00000000000
5331;-66.8179806929;38.7124041775;0.00000000000
5332;-66.4345296883;38.3265306595;0.00000000000
5333;-65.7508692091;38.1037912205;0.00000000000
5334;-65.1861077238;38.3695136930;0.00000000000
5335;-61.3258355060;38.8762791465;0.00000000000
5336;-60.8415178058;38.3798607942;0.00000000000
5337;-59.7853260011;38.3999739214;0.00000000000
5338;-58.7432028952;38.4252580913;0.00000000000
5339;-57.7264155565;38.4541876807;0.00000000000
5340;-56.7265206849;38.5038294166;0.00000000000
;;;
NODE;X;Y;Z
5341;-55.7522670863;38.5738956122;0.00000000000
5342;-54.8051474496;38.6795579244;0.00000000000
5343;-54.4170919486;38.2969214803;0.00000000000
5344;-53.7032668320;38.0721126418;0.00000000000
5345;-53.1365376028;38.3331376279;0.00000000000
5346;-49.3330077000;38.8573232505;0.00000000000
5347;-48.8683308482;38.3803759357;0.00000000000
5348;-47.8211283969;38.4064048112;0.00000000000
5349;-46.7861444776;38.4155657076;0.00000000000
5350;-45.7496662209;38.3986345109;0.00000000000
5351;-42.8443968147;38.6656424577;0.00000000000
5352;-42.3295032304;38.3225471271;0.00000000000
5353;-41.7416612165;37.9903111784;0.00000000000
5354;-39.9428981569;38.8556480970;0.00000000000
5355;-38.5016363731;38.4481476149;0.00000000000
5356;-36.4680367507;38.6069686457;0.00000000000
5357;-34.4732833139;38.4052340258;0.00000000000
5358;-33.4738431613;38.3672585111;0.00000000000
5359;-32.4582188408;38.4098715137;0.00000000000
5360;-31.4369772870;38.5152959510;0.00000000000
;;;
NODE;X;Y;Z
5361;-30.4193078671;38.6741104163;0.00000000000
5362;-29.6973184380;38.4553407554;0.00000000000
5363;-29.0822342982;38.0822398927;0.00000000000
5364;-27.9484473992;38.1864566741;0.00000000000
5365;-25.7719125163;38.3459918278;0.00000000000
5366;-24.7111788897;38.4099549532;0.00000000000
5367;-23.6803921438;38.4674629630;0.00000000000
5368;-22.6655861249;38.5017034630;0.00000000000
5369;-21.6565447553;38.5079105153;0.00000000000
5370;-20.6565153860;38.4980184337;0.00000000000
5371;-19.6518448329;38.4269947699;0.00000000000
5372;-18.6405249811;38.3103875950;0.00000000000
5373;-17.6343634545;38.2161232928;0.00000000000
5374;-16.6037465377;38.2117405485;0.00000000000
5375;-13.2959776426;39.3055398911;0.00000000000
5376;-11.9020919185;29.8047065402;0.00000000000
5377;-34.8336587480;12.2983526162;0.00000000000
5378;-60.7439511128;11.2552072033;0.00000000000
5379;-62.7310724145;12.2141755704;0.00000000000
5380;-63.7685547124;12.2309452850;0.00000000000
;;;
NODE;X;Y;Z
5381;-79.6437108843;12.1959997789;0.00000000000
5382;-82.8057377517;12.0296716849;0.00000000000
5383;-86.0598526198;12.0713711498;0.00000000000
5384;-87.1322498241;12.0636930714;0.00000000000
5385;-22.2848604846;19.8578014448;0.00000000000
5386;-21.1359507191;21.0747074242;0.00000000000
5387;-87.9769022547;13.4999707406;0.00000000000
5388;-87.8955858307;27.7893695735;0.00000000000
5389;-87.9539713886;36.2426034874;0.00000000000
5390;-87.7675980887;37.4562272948;0.00000000000
5391;-85.7904808330;38.1159330359;0.00000000000
5392;-79.8585968537;37.6896442641;0.00000000000
5393;-72.3584369274;37.7846337090;0.00000000000
5394;-71.3000247788;37.8426553526;0.00000000000
5395;-70.2569165330;37.9133615118;0.00000000000
5396;-69.2371783951;37.9963001325;0.00000000000
5397;-68.2415802408;38.0874091444;0.00000000000
5398;-67.2823614524;38.1873108885;0.00000000000
5399;-60.3562642582;37.8808472617;0.00000000000
5400;-59.3006037837;37.9007176047;0.00000000000
;;;
NODE;X;Y;Z
5401;-58.2612840917;37.9249683033;0.00000000000
5402;-57.2427462600;37.9638472946;0.00000000000
5403;-56.2444774312;38.0349758797;0.00000000000
5404;-55.2714302841;38.1387239624;0.00000000000
5405;-48.4006765944;37.9007877120;0.00000000000
5406;-47.3576587451;37.9221519902;0.00000000000
5407;-46.3127603731;37.9089867311;0.00000000000
5408;-33.9747648375;37.8710159517;0.00000000000
5409;-32.9521988338;37.8695198889;0.00000000000
5410;-31.9079962594;37.9506651971;0.00000000000
5411;-28.5257924522;37.5473173414;0.00000000000
5412;-25.2778925538;37.8846671638;0.00000000000
5413;-24.2298133756;37.9555402333;0.00000000000
5414;-23.2045053734;38.0066054072;0.00000000000
5415;-22.1981952887;38.0175972575;0.00000000000
5416;-21.2000824033;38.0083485121;0.00000000000
5417;-20.2076931335;37.9523578801;0.00000000000
5418;-19.2119200858;37.8256792135;0.00000000000
5419;-18.2055179552;37.7046106932;0.00000000000
5420;-17.1846433282;37.6538484936;0.00000000000
;;;
NODE;X;Y;Z
5421;-15.0050774711;38.7792366169;0.00000000000
5422;-13.9216954152;38.7943913031;0.00000000000
5423;-12.7166737600;29.7526750523;0.00000000000
5424;-12.2683311922;31.1886402000;0.00000000000
5425;-12.1022393480;30.5160952436;0.00000000000
5426;-11.6927679272;35.1247340420;0.00000000000
5427;-12.2418783205;38.5041449444;0.00000000000
5428;-33.7577804363;12.5040442788;0.00000000000
5429;-34.3483885880;12.6988247976;0.00000000000
5430;-35.8112221585;12.2641921912;0.00000000000
5431;-36.2956255069;11.6993291507;0.00000000000
5432;-37.3122294911;12.4953866423;0.00000000000
5433;-37.7415849208;11.9815534302;0.00000000000
5434;-38.2725501521;11.4887951880;0.00000000000
5435;-39.0273545892;12.5913863830;0.00000000000
5436;-39.6477698758;12.0668767576;0.00000000000
5437;-40.1924730301;11.5985765867;0.00000000000
5438;-41.0400212670;12.6224323808;0.00000000000
5439;-41.6242300600;12.1562148785;0.00000000000
5440;-42.1795510301;11.6693703843;0.00000000000
;;;
NODE;X;Y;Z
5441;-42.9119989227;12.9935462048;0.00000000000
5442;-43.5245318516;12.2380178335;0.00000000000
5443;-44.1142096303;11.6602239684;0.00000000000
5444;-45.0605613662;12.7712163499;0.00000000000
5445;-45.6121846477;12.3345154092;0.00000000000
5446;-46.1718670733;11.8256026255;0.00000000000
5447;-47.0651885615;13.1453087051;0.00000000000
5448;-47.5207472437;12.4062060112;0.00000000000
5449;-48.0798330705;11.8079984820;0.00000000000
5450;-49.0947561022;12.7396108744;0.00000000000
5451;-49.6144115207;12.2148737476;0.00000000000
5452;-50.1910303724;11.6685316129;0.00000000000
5453;-51.2039112652;12.5999275439;0.00000000000
5454;-51.6565498738;12.0406424384;0.00000000000
5455;-52.2002243980;11.5237176226;0.00000000000
5456;-53.0429789756;12.3099346921;0.00000000000
5457;-53.5879166889;12.0280390761;0.00000000000
5458;-54.1622550634;11.6190755638;0.00000000000
5459;-54.6847915107;12.9110413295;0.00000000000
5460;-55.4154812570;12.4077803902;0.00000000000
;;;
NODE;X;Y;Z
5461;-56.0544928792;11.8730917712;0.00000000000
5462;-56.7785189767;13.1421654534;0.00000000000
5463;-57.4192860436;12.4903521480;0.00000000000
5464;-58.0459300945;11.8983306235;0.00000000000
5465;-58.9524965811;12.8085263722;0.00000000000
5466;-59.5639817704;12.3340142307;0.00000000000
5467;-60.1619727412;11.8008577070;0.00000000000
5468;-61.2110677297;11.7504236532;0.00000000000
5469;-63.2560462115;12.6683682740;0.00000000000
5470;-64.2319128142;12.8377626761;0.00000000000
5471;-64.7849231839;12.2476265825;0.00000000000
5472;-65.3099065502;11.7054081994;0.00000000000
5473;-66.7220740828;12.2132610258;0.00000000000
5474;-67.2347462413;11.6721413520;0.00000000000
5475;-68.2179338234;12.3422979579;0.00000000000
5476;-68.8827373612;12.1045341205;0.00000000000
5477;-69.5448187704;12.0698116854;0.00000000000
5478;-71.8364264676;11.8068367059;0.00000000000
5479;-74.7319660281;12.2066447252;0.00000000000
5480;-76.4369089001;12.6611566916;0.00000000000
;;;
NODE;X;Y;Z
5481;-77.0339355836;12.6819836106;0.00000000000
5482;-77.9974996129;12.2312201574;0.00000000000
5483;-81.2227239954;11.5847151650;0.00000000000
5484;-81.7383756801;12.0577581303;0.00000000000
5485;-83.3274896621;12.5140199716;0.00000000000
5486;-85.4775372121;12.5043680993;0.00000000000
5487;-14.1035126460;28.2043677213;0.00000000000
5488;-87.7336957963;14.1386661583;0.00000000000
5489;-87.2236428876;15.3561943655;0.00000000000
5490;-87.8642244539;15.6765036216;0.00000000000
5491;-88.4996229559;16.1141692411;0.00000000000
5492;-87.8600232683;17.1270354039;0.00000000000
5493;-86.6695358261;21.1130084133;0.00000000000
5494;-87.5703987105;21.5306423299;0.00000000000
5495;-88.2686718603;22.0292676731;0.00000000000
5496;-87.4380743260;23.0363903925;0.00000000000
5497;-88.0953943878;24.5632468193;0.00000000000
5498;-87.7512135327;26.0781415564;0.00000000000
5499;-87.5583101396;26.7758733426;0.00000000000
5500;-87.3238334652;27.3755963650;0.00000000000
;;;
NODE;X;Y;Z
5501;-87.6240033449;28.3704097452;0.00000000000
5502;-88.3730986592;29.4417060542;0.00000000000
5503;-87.7746448813;29.9955617462;0.00000000000
5504;-87.4318601693;33.6747210949;0.00000000000
5505;-87.4361430946;35.5975396286;0.00000000000
5506;-85.2580976361;37.4969492721;0.00000000000
5507;-84.7188377018;36.9069193914;0.00000000000
5508;-84.1626612313;36.2554541679;0.00000000000
5509;-82.8981776480;37.7856759138;0.00000000000
5510;-82.3372223837;37.3485142550;0.00000000000
5511;-80.7867884429;38.3620597616;0.00000000000
5512;-80.3062138932;37.9773568002;0.00000000000
5513;-77.3094049842;37.0822112318;0.00000000000
5514;-73.9124035258;38.2491386367;0.00000000000
5515;-72.9252080687;37.2262734673;0.00000000000
5516;-71.8489057718;37.2786206124;0.00000000000
5517;-70.7852587052;37.3499748109;0.00000000000
5518;-69.7412486909;37.4323843308;0.00000000000
5519;-68.7177396846;37.5259860299;0.00000000000
5520;-67.7068892593;37.6385914327;0.00000000000
;;;
NODE;X;Y;Z
5521;-66.7109912956;37.7868927957;0.00000000000
5522;-66.0273308163;37.5641533567;0.00000000000
5523;-65.4034462912;37.2196116519;0.00000000000
5524;-61.9103447856;38.3562147544;0.00000000000
5525;-60.9194553579;37.3637482250;0.00000000000
5526;-59.8515298873;37.3768723984;0.00000000000
5527;-58.7970639977;37.4013958580;0.00000000000
5528;-57.7568526160;37.4275227212;0.00000000000
5529;-56.7289337201;37.4910963185;0.00000000000
5530;-55.7089021188;37.5961417513;0.00000000000
5531;-54.6860130710;37.7491207262;0.00000000000
5532;-53.9721879544;37.5243118876;0.00000000000
5533;-53.3662867529;37.1702810964;0.00000000000
5534;-49.9228284594;38.3416674640;0.00000000000
5535;-48.9651247170;37.4012429603;0.00000000000
5536;-47.9215665920;37.4263721357;0.00000000000
5537;-46.9001931572;37.4545325046;0.00000000000
5538;-45.8472292449;37.4337000457;0.00000000000
5539;-45.2723121371;37.8725689153;0.00000000000
5540;-42.7145839100;37.6810490305;0.00000000000
;;;
NODE;X;Y;Z
5541;-42.1267418962;37.3488130818;0.00000000000
5542;-41.4862210873;37.0526284546;0.00000000000
5543;-40.1412021669;38.2923664852;0.00000000000
5544;-39.5196662794;38.1468275964;0.00000000000
5545;-38.9368568105;37.7995764250;0.00000000000
5546;-38.3671428260;37.5214692362;0.00000000000
5547;-36.9664635279;38.1780860163;0.00000000000
5548;-36.4584862673;37.6964800013;0.00000000000
5549;-34.9742495550;37.9520287063;0.00000000000
5550;-34.5292634033;37.3669056120;0.00000000000
5551;-31.3420648996;37.4990860244;0.00000000000
5552;-30.2155110720;37.7344595323;0.00000000000
5553;-29.0737290330;36.8708219758;0.00000000000
5554;-27.9921617096;37.0613230938;0.00000000000
5555;-27.4425289720;37.6830697537;0.00000000000
5556;-25.8207365390;37.3259321530;0.00000000000
5557;-24.7617357583;37.4242091919;0.00000000000
5558;-23.7295136020;37.5059753438;0.00000000000
5559;-22.7322408496;37.5166101727;0.00000000000
5560;-21.7569123206;37.4619163691;0.00000000000
;;;
NODE;X;Y;Z
5561;-20.7814506810;37.4654078653;0.00000000000
5562;-19.8057138531;37.3915763823;0.00000000000
5563;-18.8201707658;37.2219091714;0.00000000000
5564;-17.8355906917;36.9978526368;0.00000000000
5565;-16.8410889576;36.8172840532;0.00000000000
5566;-16.1535401859;37.5861855967;0.00000000000
5567;-15.5826626099;38.1490560434;0.00000000000
5568;-14.5163875329;38.2051517534;0.00000000000
5569;-13.3483557497;38.3115026358;0.00000000000
5570;-13.3277850585;29.5919452623;0.00000000000
5571;-12.9168211895;30.4640637557;0.00000000000
5572;-12.9503946532;31.2329557324;0.00000000000
5573;-13.0402377820;31.9703213520;0.00000000000
5574;-32.6123692167;12.9655773796;0.00000000000
5575;-60.6290893580;12.2960741570;0.00000000000
5576;-63.7194043133;13.2751856651;0.00000000000
5577;-70.2755717936;12.2404718867;0.00000000000
5578;-77.6736478860;12.7680143616;0.00000000000
5579;-83.8327061786;12.9813383329;0.00000000000
5580;-84.8941321383;12.9582912408;0.00000000000
;;;
NODE;X;Y;Z
5581;-19.4609138320;24.1592649718;0.00000000000
5582;-18.2211552597;25.1463713984;0.00000000000
5583;-16.9591115233;25.9977855451;0.00000000000
5584;-15.6715409891;26.7281220009;0.00000000000
5585;-13.8861397617;28.8946716639;0.00000000000
5586;-85.8496093580;20.7369934577;0.00000000000
5587;-87.0522509793;27.9566365367;0.00000000000
5588;-86.9926351875;34.9242060660;0.00000000000
5589;-75.5939329260;37.6693287199;0.00000000000
5590;-74.5160189388;37.6993718318;0.00000000000
5591;-72.4156769131;36.7202603707;0.00000000000
5592;-71.3341396982;36.7859400708;0.00000000000
5593;-70.2695908631;36.8689976299;0.00000000000
5594;-69.2218099803;36.9620702281;0.00000000000
5595;-68.1830487031;37.0771683182;0.00000000000
5596;-63.6277068684;37.8084210762;0.00000000000
5597;-62.5131207723;37.8326736974;0.00000000000
5598;-60.4147209870;36.8597733616;0.00000000000
5599;-59.3479901012;36.8775506516;0.00000000000
5600;-58.2926325220;36.9039502758;0.00000000000
;;;
NODE;X;Y;Z
5601;-57.2430400762;36.9547717451;0.00000000000
5602;-56.1933584078;37.0522621900;0.00000000000
5603;-51.6252473958;37.7779145099;0.00000000000
5604;-50.5315837752;37.8183136008;0.00000000000
5605;-48.4860147145;36.9268273841;0.00000000000
5606;-47.4641010041;36.9587526502;0.00000000000
5607;-46.4346620290;36.9792458193;0.00000000000
5608;-44.2679112326;37.9065465358;0.00000000000
5609;-30.7185288435;37.1236516195;0.00000000000
5610;-28.5400982904;36.3848277283;0.00000000000
5611;-25.3045797434;36.8654741812;0.00000000000
5612;-24.2614359847;36.9746443024;0.00000000000
5613;-23.2572490781;37.0159801092;0.00000000000
5614;-22.2909578814;36.9609292843;0.00000000000
5615;-21.3382805983;36.9189757223;0.00000000000
5616;-20.3794714006;36.9046263675;0.00000000000
5617;-19.4139645330;36.7878063401;0.00000000000
5618;-18.4502435023;36.5151511150;0.00000000000
5619;-17.4920363211;36.1612881965;0.00000000000
5620;-15.0939726717;37.5749711799;0.00000000000
;;;
NODE;X;Y;Z
5621;-13.7015366823;30.5574365467;0.00000000000
5622;-13.6747550938;32.0979212931;0.00000000000
5623;-13.1011541147;33.4836319938;0.00000000000
5624;-13.1021113858;32.7560971539;0.00000000000
5625;-12.7900568607;34.8406586835;0.00000000000
5626;-13.0493494526;34.1830337856;0.00000000000
5627;-12.4421019613;35.5347836480;0.00000000000
5628;-33.3487131587;13.1825161346;0.00000000000
5629;-33.9393213104;13.3772966534;0.00000000000
5630;-34.8091069243;13.3224314507;0.00000000000
5631;-36.3413995616;12.7410596052;0.00000000000
5632;-36.8912969701;13.1091204404;0.00000000000
5633;-39.0940476322;13.5848227822;0.00000000000
5634;-40.7656584766;13.5917111373;0.00000000000
5635;-43.3704282348;13.4889892585;0.00000000000
5636;-43.9829611637;12.7334608872;0.00000000000
5637;-45.0257276700;13.7110375300;0.00000000000
5638;-45.5487918665;13.3659777128;0.00000000000
5639;-46.1004151480;12.9292767721;0.00000000000
5640;-49.1556593010;13.7093405509;0.00000000000
;;;
NODE;X;Y;Z
5641;-50.1742916592;12.6824768034;0.00000000000
5642;-50.7157729663;13.1515609131;0.00000000000
5643;-51.3668260195;13.6151655358;0.00000000000
5644;-52.1594701242;12.4698832350;0.00000000000
5645;-52.5691726207;12.8137155171;0.00000000000
5646;-53.9295749162;14.0911524661;0.00000000000
5647;-55.6749997740;13.0911667444;0.00000000000
5648;-56.0599544519;13.7278892449;0.00000000000
5649;-58.8979591916;13.7077702765;0.00000000000
5650;-59.4412481920;13.2864900257;0.00000000000
5651;-60.0527333813;12.8119778842;0.00000000000
5652;-61.0987785924;12.7866303387;0.00000000000
5653;-62.6780074677;13.1809217967;0.00000000000
5654;-63.1288310315;13.5736750568;0.00000000000
5655;-65.2176029221;12.8539891550;0.00000000000
5656;-69.9105220048;13.0266192298;0.00000000000
5657;-70.9481733908;12.3248226224;0.00000000000
5658;-72.1178364570;12.6376596800;0.00000000000
5659;-74.4739413628;12.8435613586;0.00000000000
5660;-76.1730438156;13.2547331347;0.00000000000
;;;
NODE;X;Y;Z
5661;-76.7700704991;13.2755600537;0.00000000000
5662;-77.2944158436;13.3147529354;0.00000000000
5663;-78.2570514547;13.0079400432;0.00000000000
5664;-81.2289502795;12.5871737221;0.00000000000
5665;-82.7956267013;13.0396758648;0.00000000000
5666;-83.3216195163;13.5145812832;0.00000000000
5667;-84.3340342347;13.4310293054;0.00000000000
5668;-85.3262518143;13.4331703859;0.00000000000
5669;-24.3432714137;17.9114937306;0.00000000000
5670;-15.0216195826;28.3988129505;0.00000000000
5671;-15.3413085015;27.5895253478;0.00000000000
5672;-86.9839366920;13.7571141156;0.00000000000
5673;-86.8637630048;14.4586752338;0.00000000000
5674;-86.5684615203;15.0575692615;0.00000000000
5675;-86.2606990213;15.6377273273;0.00000000000
5676;-87.5436107139;16.2492058758;0.00000000000
5677;-87.1415357659;17.4970682004;0.00000000000
5678;-87.1719669772;18.2196228931;0.00000000000
5679;-87.0754677700;18.9003624131;0.00000000000
5680;-86.2258185618;21.6603644145;0.00000000000
;;;
NODE;X;Y;Z
5681;-87.1266814463;22.0779983311;0.00000000000
5682;-86.3725338880;23.2888035015;0.00000000000
5683;-87.2359379614;25.1789013218;0.00000000000
5684;-86.8636400208;26.4858189325;0.00000000000
5685;-86.8481739431;28.4526834359;0.00000000000
5686;-86.0292274677;32.6117279007;0.00000000000
5687;-86.5220001118;34.1987422716;0.00000000000
5688;-86.1765705718;35.5045604076;0.00000000000
5689;-83.5668124651;35.6999480335;0.00000000000
5690;-82.9163112973;36.5051885601;0.00000000000
5691;-80.6781368711;37.3942033498;0.00000000000
5692;-77.9713302346;36.5435336170;0.00000000000
5693;-76.9061441129;36.5020580522;0.00000000000
5694;-76.2315241417;37.0934983021;0.00000000000
5695;-75.1281797467;37.1326546407;0.00000000000
5696;-74.0217820857;37.1791039541;0.00000000000
5697;-73.5151690340;36.6670224952;0.00000000000
5698;-72.9801715420;36.1562051931;0.00000000000
5699;-71.8785163771;36.2166572698;0.00000000000
5700;-68.6727856715;36.4935287862;0.00000000000
;;;
NODE;X;Y;Z
5701;-67.6123908116;36.6566651217;0.00000000000
5702;-66.5267326590;36.8736739782;0.00000000000
5703;-65.9028481339;36.5291322734;0.00000000000
5704;-64.8109543682;36.7036554891;0.00000000000
5705;-64.2283485179;37.2804541540;0.00000000000
5706;-63.1011781902;37.3131401422;0.00000000000
5707;-62.0001741483;37.3393897826;0.00000000000
5708;-61.4936024209;36.8433416056;0.00000000000
5709;-60.9708713121;36.3437039717;0.00000000000
5710;-59.8982228249;36.3520488789;0.00000000000
5711;-55.6378539639;36.6303713635;0.00000000000
5712;-54.5222718236;36.8367704059;0.00000000000
5713;-53.3642776440;36.0341092667;0.00000000000
5714;-52.8279663728;36.6477041174;0.00000000000
5715;-52.2323953464;37.2330682194;0.00000000000
5716;-51.1362430328;37.2838583104;0.00000000000
5717;-50.0450869778;37.3542867678;0.00000000000
5718;-49.5520600871;36.8908095789;0.00000000000
5719;-49.0179462207;36.4527958773;0.00000000000
5720;-47.9749127082;36.4310942781;0.00000000000
;;;
NODE;X;Y;Z
5721;-46.0379453692;36.5517560175;0.00000000000
5722;-45.3246320445;36.8312452179;0.00000000000
5723;-44.7497149367;37.2701140875;0.00000000000
5724;-43.7029671368;37.4239573204;0.00000000000
5725;-42.4680197980;36.6876746493;0.00000000000
5726;-40.5043907957;37.5139941911;0.00000000000
5727;-39.8828549083;37.3684553022;0.00000000000
5728;-39.2753906063;37.1531815129;0.00000000000
5729;-38.7056766219;36.8750743241;0.00000000000
5730;-38.0635674478;36.6450504114;0.00000000000
5731;-36.5432697229;36.8076445968;0.00000000000
5732;-35.9973569147;37.1360870250;0.00000000000
5733;-35.5058390547;37.5163654691;0.00000000000
5734;-34.0503816353;36.8144929813;0.00000000000
5735;-27.4580619383;36.5775200724;0.00000000000
5736;-26.9084292008;37.1992667322;0.00000000000
5737;-25.8303515945;36.2846497389;0.00000000000
5738;-24.7663833586;36.4171074848;0.00000000000
5739;-23.7615809965;36.4505304759;0.00000000000
5740;-22.8113681565;36.4026613776;0.00000000000
;;;
NODE;X;Y;Z
5741;-21.8781162939;36.3456928139;0.00000000000
5742;-20.9554938463;36.3401420678;0.00000000000
5743;-20.0201531867;36.3535933108;0.00000000000
5744;-19.0878797939;36.1797236461;0.00000000000
5745;-18.2109224662;35.7083071605;0.00000000000
5746;-17.3663234081;35.1716961989;0.00000000000
5747;-16.4326315059;35.8237381923;0.00000000000
5748;-15.7450827341;36.5926397358;0.00000000000
5749;-14.4764633075;37.0204716408;0.00000000000
5750;-14.3356438408;31.4514522869;0.00000000000
5751;-14.2752887886;32.2230450565;0.00000000000
5752;-13.7366286976;32.8836970950;0.00000000000
5753;-35.8245544873;13.3988266834;0.00000000000
5754;-61.5689033092;13.2674730073;0.00000000000
5755;-69.5429913905;13.8825550230;0.00000000000
5756;-70.5831236020;13.1109699655;0.00000000000
5757;-77.8778194123;13.5546786170;0.00000000000
5758;-78.8356732619;13.3400481054;0.00000000000
5759;-79.7973735877;13.2030875744;0.00000000000
5760;-80.7658079798;13.1285976362;0.00000000000
;;;
NODE;X;Y;Z
5761;-81.7644493903;13.0847431700;0.00000000000
5762;-83.8229475723;13.9642722557;0.00000000000
5763;-84.7661539107;13.9059084504;0.00000000000
5764;-28.2081970137;14.7080911661;0.00000000000
5765;-21.9016608512;21.8015241428;0.00000000000
5766;-14.6141388455;29.1969402706;0.00000000000
5767;-86.1192928814;23.9653630947;0.00000000000
5768;-86.5634011099;24.9235191004;0.00000000000
5769;-85.7129435683;31.9434406641;0.00000000000
5770;-82.2585175570;36.1327341009;0.00000000000
5771;-81.0954784843;36.6566709432;0.00000000000
5772;-75.7657709623;36.5568242228;0.00000000000
5773;-72.4430110060;35.6526020922;0.00000000000
5774;-68.1021277801;36.0730255897;0.00000000000
5775;-63.7018198398;36.7851732200;0.00000000000
5776;-60.4543731499;35.8359794890;0.00000000000
5777;-55.0366408818;36.2606032544;0.00000000000
5778;-51.7433909834;36.7390120199;0.00000000000
5779;-48.5068442143;35.9570627713;0.00000000000
5780;-32.9723582756;36.8146628265;0.00000000000
;;;
NODE;X;Y;Z
5781;-25.2921552097;35.8362830425;0.00000000000
5782;-24.2665283704;35.8929936583;0.00000000000
5783;-23.3157000749;35.8372117443;0.00000000000
5784;-22.3985265689;35.7874249071;0.00000000000
5785;-21.4953295419;35.7668591594;0.00000000000
5786;-20.5961756324;35.7891090111;0.00000000000
5787;-19.6940684476;35.7455106168;0.00000000000
5788;-18.8485587578;35.3728796916;0.00000000000
5789;-18.0852095531;34.7187151629;0.00000000000
5790;-14.6999232285;30.8823136247;0.00000000000
5791;-13.8241394346;34.2396259992;0.00000000000
5792;-13.8759440967;33.5402242074;0.00000000000
5793;-33.8238761098;14.0525570863;0.00000000000
5794;-34.6936617238;13.9976918836;0.00000000000
5795;-35.5118461792;14.1046418123;0.00000000000
5796;-36.5954146257;13.7313078896;0.00000000000
5797;-39.5447199952;14.4199279521;0.00000000000
5798;-40.1751776477;14.4448323498;0.00000000000
5799;-44.0160061049;13.8208343634;0.00000000000
5800;-44.5569712423;14.2480049359;0.00000000000
;;;
NODE;X;Y;Z
5801;-45.0501634754;14.5629576782;0.00000000000
5802;-52.4151963920;13.3786108407;0.00000000000
5803;-62.0802397194;13.7343166757;0.00000000000
5804;-62.5310632833;14.1270699358;0.00000000000
5805;-63.3389083607;14.3660426381;0.00000000000
5806;-65.0940003293;14.0752726419;0.00000000000
5807;-70.2501468338;13.8626455493;0.00000000000
5808;-71.2288104530;13.2081948883;0.00000000000
5809;-72.3768980194;13.5585022792;0.00000000000
5810;-74.2494278122;13.5045099687;0.00000000000
5811;-76.5091954282;13.9515297318;0.00000000000
5812;-77.0335407727;13.9907226135;0.00000000000
5813;-77.4966031697;14.0808723455;0.00000000000
5814;-78.4343975692;13.8524403416;0.00000000000
5815;-80.3174057305;13.6698337777;0.00000000000
5816;-81.3050665795;13.6414986911;0.00000000000
5817;-82.3173397394;13.6150608587;0.00000000000
5818;-82.8433325545;14.0899662771;0.00000000000
5819;-83.4145254502;14.6098403100;0.00000000000
5820;-85.3250041235;14.3881066131;0.00000000000
;;;
NODE;X;Y;Z
5821;-85.6562820699;13.9198242484;0.00000000000
5822;-86.3712670848;13.5809435497;0.00000000000
5823;-29.7608307128;14.2323640031;0.00000000000
5824;-15.0541706885;30.2190909469;0.00000000000
5825;-86.2510933976;14.2825046680;0.00000000000
5826;-86.0143030547;16.2586431359;0.00000000000
5827;-86.6566331811;16.5498124283;0.00000000000
5828;-86.3752814714;17.8779997054;0.00000000000
5829;-86.2787822642;18.5587392254;0.00000000000
5830;-86.1815145009;19.2095288621;0.00000000000
5831;-85.9451481244;22.2857945796;0.00000000000
5832;-85.4098664149;23.6686866348;0.00000000000
5833;-85.8468582263;24.6464852347;0.00000000000
5834;-86.3095385390;25.5762429435;0.00000000000
5835;-86.1209655085;26.2195969933;0.00000000000
5836;-85.9371557037;26.8817960148;0.00000000000
5837;-85.5380525831;31.1516286275;0.00000000000
5838;-84.8436805706;32.2058394042;0.00000000000
5839;-82.7919188265;35.2848211776;0.00000000000
5840;-81.4213952903;35.8771850699;0.00000000000
;;;
NODE;X;Y;Z
5841;-80.3344463809;36.4578833420;0.00000000000
5842;-78.8396565331;35.9315574281;0.00000000000
5843;-76.4154665019;35.9725468632;0.00000000000
5844;-75.2468031084;36.0419165686;0.00000000000
5845;-74.1031354615;36.1037334482;0.00000000000
5846;-71.3394969134;35.7268694731;0.00000000000
5847;-67.5195293972;35.6573028817;0.00000000000
5848;-66.4204327884;35.8953107320;0.00000000000
5849;-64.2529743366;36.2341877956;0.00000000000
5850;-63.1491078742;36.2943492002;0.00000000000
5851;-62.0549194749;36.3251956668;0.00000000000
5852;-61.0070145746;35.3153518804;0.00000000000
5853;-59.9407638139;35.3180465559;0.00000000000
5854;-59.3858868303;35.8397504211;0.00000000000
5855;-54.4751938760;35.8659098741;0.00000000000
5856;-53.9231008979;35.4172795261;0.00000000000
5857;-53.3735466998;34.9617336670;0.00000000000
5858;-52.2999344753;36.1497445884;0.00000000000
5859;-51.2566541895;36.2548216515;0.00000000000
5860;-50.1198216857;36.4065031471;0.00000000000
;;;
NODE;X;Y;Z
5861;-49.0091270470;35.5281288807;0.00000000000
5862;-47.9625367986;35.4698050101;0.00000000000
5863;-47.5138415267;35.9575246148;0.00000000000
5864;-46.6063131628;36.0576931850;0.00000000000
5865;-46.1696614257;35.7454340411;0.00000000000
5866;-44.5258546023;36.0858324044;0.00000000000
5867;-43.4610802918;36.3782059063;0.00000000000
5868;-42.1281150457;35.6798380646;0.00000000000
5869;-40.1945934738;36.6713093953;0.00000000000
5870;-39.5871291718;36.4560356059;0.00000000000
5871;-38.8427589122;36.1806750623;0.00000000000
5872;-38.2006497381;35.9506511496;0.00000000000
5873;-37.4563698661;35.8916970136;0.00000000000
5874;-36.8455291612;35.9630907682;0.00000000000
5875;-36.1858046755;36.2020449897;0.00000000000
5876;-35.6398918672;36.5304874178;0.00000000000
5877;-33.5694729262;36.2547821745;0.00000000000
5878;-32.4458832140;36.2972936412;0.00000000000
5879;-26.9082741263;36.1392675210;0.00000000000
5880;-26.3615064900;35.6885639502;0.00000000000
;;;
NODE;X;Y;Z
5881;-25.8201105787;35.2598069260;0.00000000000
5882;-24.7512944621;35.3718311097;0.00000000000
5883;-23.8234645923;35.2697313584;0.00000000000
5884;-22.9252550330;35.1488161229;0.00000000000
5885;-22.0132968940;35.1246166719;0.00000000000
5886;-21.1036438766;35.1455103741;0.00000000000
5887;-20.2255098054;35.2423612601;0.00000000000
5888;-17.3227081971;34.0920894448;0.00000000000
5889;-16.3890162949;34.7441314382;0.00000000000
5890;-15.4801616313;35.1320675070;0.00000000000
5891;-14.1805807933;35.9264652007;0.00000000000
5892;-30.8236504620;14.2793351927;0.00000000000
5893;-31.7242365537;14.6116562264;0.00000000000
5894;-36.2827063176;14.4371230185;0.00000000000
5895;-37.3099533118;13.9971967114;0.00000000000
5896;-53.1113377282;13.4664431219;0.00000000000
5897;-64.3588894194;14.6987006398;0.00000000000
5898;-65.6689604324;14.5697793162;0.00000000000
5899;-67.4244335905;13.6071302871;0.00000000000
5900;-70.8958336849;13.9598704721;0.00000000000
;;;
NODE;X;Y;Z
5901;-74.0278458937;14.1972490254;0.00000000000
5902;-76.3243037676;14.6280492631;0.00000000000
5903;-78.0531813266;14.3786340701;0.00000000000
5904;-81.8579569286;14.1718163798;0.00000000000
5905;-20.1280178372;25.1249781003;0.00000000000
5906;-18.8613610781;26.1796762646;0.00000000000
5907;-17.5813636072;27.0557578741;0.00000000000
5908;-84.9529723412;21.8866063971;0.00000000000
5909;-85.1374317598;24.3498087748;0.00000000000
5910;-85.5929956554;25.2992090777;0.00000000000
5911;-84.6687895854;31.4140273676;0.00000000000
5912;-81.9547965598;35.0292721467;0.00000000000
5913;-80.6603631869;35.6783974687;0.00000000000
5914;-78.4923850673;35.2769995188;0.00000000000
5915;-77.1333811578;35.3594645186;0.00000000000
5916;-75.8964986479;35.4576392089;0.00000000000
5917;-74.7159956763;35.5332632538;0.00000000000
5918;-70.2561721629;35.8095836657;0.00000000000
5919;-66.9363578175;35.2604478538;0.00000000000
5920;-65.8564178450;35.4721167034;0.00000000000
;;;
NODE;X;Y;Z
5921;-64.7808531589;35.6364705513;0.00000000000
5922;-63.7002623710;35.7433637757;0.00000000000
5923;-62.6157957827;35.7996886396;0.00000000000
5924;-60.4934052386;34.7974189473;0.00000000000
5925;-58.3225238551;35.8656294106;0.00000000000
5926;-57.2537207676;35.9389849313;0.00000000000
5927;-51.8131976813;35.6655542200;0.00000000000
5928;-50.7267296397;35.8414933211;0.00000000000
5929;-48.4648196313;35.0408711195;0.00000000000
5930;-43.8021640532;35.6765134385;0.00000000000
5931;-41.4520837481;35.4240933038;0.00000000000
5932;-34.2002446437;35.7474673599;0.00000000000
5933;-33.0429978646;35.7374129892;0.00000000000
5934;-31.8860721001;35.8152411397;0.00000000000
5935;-30.7458936208;35.9722122799;0.00000000000
5936;-28.5309279989;35.2402222791;0.00000000000
5937;-27.4408134124;35.4919451158;0.00000000000
5938;-25.2792498311;34.7953549932;0.00000000000
5939;-24.3082306840;34.7485688098;0.00000000000
5940;-23.4330195504;34.5813357369;0.00000000000
;;;
NODE;X;Y;Z
5941;-22.5400253580;34.4860078876;0.00000000000
5942;-21.6216112287;34.5032678866;0.00000000000
5943;-20.7329780496;34.5987626232;0.00000000000
5944;-20.3148817333;33.8584405534;0.00000000000
5945;-14.5331690546;35.0203925110;0.00000000000
5946;-14.6708618753;33.4402523084;0.00000000000
5947;-32.6923266185;14.6648479870;0.00000000000
5948;-34.4721381904;14.8540489608;0.00000000000
5949;-36.0826331620;15.1514504937;0.00000000000
5950;-37.0726924665;14.6632038825;0.00000000000
5951;-38.0844962689;14.1743892570;0.00000000000
5952;-40.1058483542;15.1265202516;0.00000000000
5953;-41.5363603610;13.9345823163;0.00000000000
5954;-43.6891317625;14.5894636630;0.00000000000
5955;-44.3033568520;14.8393028452;0.00000000000
5956;-44.7965490851;15.1542555876;0.00000000000
5957;-57.8795297418;14.2677441502;0.00000000000
5958;-62.1117141675;14.7578759217;0.00000000000
5959;-62.9195592449;14.9968486240;0.00000000000
5960;-63.6570105441;15.3879782482;0.00000000000
;;;
NODE;X;Y;Z
5961;-70.6701791741;14.6837213158;0.00000000000
5962;-71.5187556450;14.1040354045;0.00000000000
5963;-72.0872944026;14.2996146461;0.00000000000
5964;-72.6489844911;14.5346458261;0.00000000000
5965;-73.2198908647;14.7321423604;0.00000000000
5966;-73.8173344816;14.9295796004;0.00000000000
5967;-74.6081276929;14.3585757040;0.00000000000
5968;-76.8607485392;14.6609915740;0.00000000000
5969;-77.3238109362;14.7511413060;0.00000000000
5970;-77.7727190998;14.8104612663;0.00000000000
5971;-80.3383002869;14.6863182544;0.00000000000
5972;-81.3930039926;14.7121831142;0.00000000000
5973;-82.4226420759;14.7269398903;0.00000000000
5974;-27.2948524067;16.7770913015;0.00000000000
5975;-85.7783186880;16.8882454907;0.00000000000
5976;-85.4813799590;18.1845164022;0.00000000000
5977;-85.3841121958;18.8353060389;0.00000000000
5978;-85.2000522669;19.3852574057;0.00000000000
5979;-84.2644350953;21.7798657384;0.00000000000
5980;-84.9788262209;22.6821015430;0.00000000000
;;;
NODE;X;Y;Z
5981;-85.3686548093;25.9829296004;0.00000000000
5982;-85.1848450045;26.6451286219;0.00000000000
5983;-85.0543767106;27.3759189094;0.00000000000
5984;-84.9704151822;28.0833179770;0.00000000000
5985;-84.5681770839;30.5167222953;0.00000000000
5986;-80.9913165539;34.8613649703;0.00000000000
5987;-79.1442275752;34.5758697372;0.00000000000
5988;-77.7803739701;34.7356378898;0.00000000000
5989;-76.5183673177;34.8716964939;0.00000000000
5990;-74.1477240635;35.0294976266;0.00000000000
5991;-70.7886432455;35.2192493074;0.00000000000
5992;-69.7023941711;35.3136873746;0.00000000000
5993;-65.2997524702;35.0440374451;0.00000000000
5994;-63.1629894208;35.2618124908;0.00000000000
5995;-62.0758628186;35.3037951212;0.00000000000
5996;-61.5506890272;34.7935889686;0.00000000000
5997;-61.0491187594;34.2667355848;0.00000000000
5998;-58.8747673712;35.3087379603;0.00000000000
5999;-57.8062488670;35.3642958651;0.00000000000
6000;-56.7250647660;35.4790648380;0.00000000000
;;;
NODE;X;Y;Z
6001;-54.5054439147;34.8631572656;0.00000000000
6002;-53.9558897167;34.4076114064;0.00000000000
6003;-51.2340048479;35.3227762794;0.00000000000
6004;-50.0927983944;35.5180219522;0.00000000000
6005;-49.5162176222;35.0776613874;0.00000000000
6006;-48.9494709524;34.6142067758;0.00000000000
6007;-46.9023945914;35.4294276480;0.00000000000
6008;-46.4657428543;35.1171685042;0.00000000000
6009;-44.3878581995;35.0028651255;0.00000000000
6010;-43.2008683917;35.3410754053;0.00000000000
6011;-40.6374226623;35.1294830018;0.00000000000
6012;-39.6947398985;35.6815809111;0.00000000000
6013;-38.9503696389;35.4062203674;0.00000000000
6014;-38.1269721546;35.2805500759;0.00000000000
6015;-37.3826922825;35.2215959399;0.00000000000
6016;-36.6121817973;35.3278270776;0.00000000000
6017;-35.9524573115;35.5667812990;0.00000000000
6018;-34.8880030999;35.2716849859;0.00000000000
6019;-33.7234989805;35.1648599368;0.00000000000
6020;-32.5367018249;35.1750395021;0.00000000000
;;;
NODE;X;Y;Z
6021;-31.3406669947;35.2842367389;0.00000000000
6022;-30.2076514552;35.4631564280;0.00000000000
6023;-29.6532835211;34.9846292829;0.00000000000
6024;-29.0706620642;34.5048825461;0.00000000000
6025;-27.9803588836;34.7927947165;0.00000000000
6026;-26.8931671786;35.0759949903;0.00000000000
6027;-26.3517712673;34.6472379661;0.00000000000
6028;-25.7798161458;34.2950354724;0.00000000000
6029;-24.8229630646;34.2892874946;0.00000000000
6030;-23.9798066588;34.0601101497;0.00000000000
6031;-23.1110856259;33.8316272670;0.00000000000
6032;-22.1911017467;33.7419985716;0.00000000000
6033;-21.2051559050;33.8634322076;0.00000000000
6034;-19.7702768045;33.5757751729;0.00000000000
6035;-37.8472354236;14.8403964282;0.00000000000
6036;-57.2276760493;14.9311662019;0.00000000000
6037;-71.2931011342;14.8278862482;0.00000000000
6038;-74.3976162808;15.0909062790;0.00000000000
6039;-79.8748684082;15.1955019420;0.00000000000
6040;-80.8746399492;15.2157665359;0.00000000000
;;;
NODE;X;Y;Z
6041;-81.9576891398;15.2673066247;0.00000000000
6042;-84.3192003707;16.1798193681;0.00000000000
6043;-84.2902889749;22.5753608843;0.00000000000
6044;-83.6973142451;29.6440597981;0.00000000000
6045;-83.8658116748;33.4218861814;0.00000000000
6046;-77.1653601300;34.2478698651;0.00000000000
6047;-73.5857829380;34.5223851839;0.00000000000
6048;-72.4490066546;34.5804790174;0.00000000000
6049;-71.3349671487;34.6396572406;0.00000000000
6050;-70.2348652537;34.7233530163;0.00000000000
6051;-69.1320445766;34.8542510708;0.00000000000
6052;-62.6230564566;34.7659189725;0.00000000000
6053;-58.3584923831;34.8074044148;0.00000000000
6054;-57.2775928654;34.9043757718;0.00000000000
6055;-56.1728971996;35.0661915395;0.00000000000
6056;-50.6000736026;34.9993049105;0.00000000000
6057;-43.7865625381;34.6674270923;0.00000000000
6058;-34.4112574367;34.6890775628;0.00000000000
6059;-31.9912967195;34.6440351013;0.00000000000
6060;-30.8024248291;34.7751808870;0.00000000000
;;;
NODE;X;Y;Z
6061;-28.5200929489;34.0574549836;0.00000000000
6062;-27.4327126499;34.3768445911;0.00000000000
6063;-25.3235293793;33.7889679738;0.00000000000
6064;-24.4945390394;33.6008288346;0.00000000000
6065;-23.6578727344;33.3104016798;0.00000000000
6066;-22.7621620146;33.0876179510;0.00000000000
6067;-21.7746464230;33.1021628926;0.00000000000
6068;-32.5010739937;15.4656763496;0.00000000000
6069;-33.4165416323;15.5107300400;0.00000000000
6070;-35.1211880709;15.7204387944;0.00000000000
6071;-36.7030679592;16.0999429101;0.00000000000
6072;-37.6647501682;15.5556528344;0.00000000000
6073;-38.6222844494;14.9837212519;0.00000000000
6074;-43.5684452005;15.3607621588;0.00000000000
6075;-44.1826702900;15.6106013410;0.00000000000
6076;-44.8522634520;15.8156082629;0.00000000000
6077;-46.6513273753;15.6612267520;0.00000000000
6078;-49.0128619692;15.6760341631;0.00000000000
6079;-50.2919794819;14.7114735972;0.00000000000
6080;-57.8163159750;15.6032045160;0.00000000000
;;;
NODE;X;Y;Z
6081;-60.8365431765;14.8845410828;0.00000000000
6082;-62.1707607625;15.7853421769;0.00000000000
6083;-63.6297755651;16.6610098591;0.00000000000
6084;-64.3380267193;15.9430253145;0.00000000000
6085;-70.9220746691;15.5277251131;0.00000000000
6086;-71.7973206764;15.0497605553;0.00000000000
6087;-72.3590107648;15.2847917353;0.00000000000
6088;-72.9474089810;15.5271717808;0.00000000000
6089;-73.5448525979;15.7246090208;0.00000000000
6090;-74.2119553907;15.8642579378;0.00000000000
6091;-75.0405542979;15.1592684825;0.00000000000
6092;-76.7691182170;15.3647414124;0.00000000000
6093;-77.3092032360;15.3816645483;0.00000000000
6094;-77.7581113996;15.4409845086;0.00000000000
6095;-80.3007964984;15.6769978110;0.00000000000
6096;-81.3923418604;15.6966195557;0.00000000000
6097;-82.5605570030;15.9298231523;0.00000000000
6098;-26.1531770463;18.9020725813;0.00000000000
6099;-16.3341629584;29.8430571559;0.00000000000
6100;-84.8223482860;17.1906975900;0.00000000000
;;;
NODE;X;Y;Z
6101;-84.5348358093;18.4890689183;0.00000000000
6102;-84.4107379546;19.7991029616;0.00000000000
6103;-83.5624167139;22.2830293836;0.00000000000
6104;-83.9925881937;23.1394569156;0.00000000000
6105;-84.4393158880;26.4688858017;0.00000000000
6106;-84.3088475942;27.1996760891;0.00000000000
6107;-84.2878837174;28.0160807018;0.00000000000
6108;-83.7883313297;30.5616724433;0.00000000000
6109;-80.5335435676;33.8706091345;0.00000000000
6110;-77.7182448167;33.6218068501;0.00000000000
6111;-76.5041993385;33.7975510837;0.00000000000
6112;-75.9357893346;34.3781623003;0.00000000000
6113;-74.1532264761;33.9597383894;0.00000000000
6114;-73.0089701377;34.0034385069;0.00000000000
6115;-70.7724935663;34.1192796734;0.00000000000
6116;-68.5529857899;34.4001305850;0.00000000000
6117;-65.2593465318;33.9968950657;0.00000000000
6118;-64.7538577896;34.5955114567;0.00000000000
6119;-63.1639271539;34.2511083871;0.00000000000
6120;-62.0974502119;34.2892438040;0.00000000000
;;;
NODE;X;Y;Z
6121;-60.5552070044;33.7116261732;0.00000000000
6122;-58.9242113354;34.2242754553;0.00000000000
6123;-55.6355640657;34.6557343085;0.00000000000
6124;-54.5621787245;33.8902603634;0.00000000000
6125;-50.9975227522;34.5992971688;0.00000000000
6126;-50.0709122502;34.6672360995;0.00000000000
6127;-48.9639660306;33.7289889191;0.00000000000
6128;-44.4070746765;34.0755440031;0.00000000000
6129;-42.9662873729;34.3372026672;0.00000000000
6130;-39.9128885799;34.0294388363;0.00000000000
6131;-38.9139572082;34.6301243752;0.00000000000
6132;-38.0905597238;34.5044540837;0.00000000000
6133;-37.1255078326;34.5613812459;0.00000000000
6134;-36.3549973474;34.6676123836;0.00000000000
6135;-32.6992780329;34.0125284292;0.00000000000
6136;-30.2488631007;34.2487417493;0.00000000000
6137;-29.6662416438;33.7689950124;0.00000000000
6138;-29.0460338610;33.2890679362;0.00000000000
6139;-27.9078645404;33.6548668679;0.00000000000
6140;-26.8630394255;34.0233119004;0.00000000000
;;;
NODE;X;Y;Z
6141;-26.2910843040;33.6711094066;0.00000000000
6142;-25.7705569326;33.4150043394;0.00000000000
6143;-25.0823667791;33.2027060453;0.00000000000
6144;-23.4932840596;32.4732054417;0.00000000000
6145;-31.6621895074;16.3397345974;0.00000000000
6146;-37.4951988166;16.2780643868;0.00000000000
6147;-38.4397991940;15.6989776582;0.00000000000
6148;-48.2843713490;15.9919239950;0.00000000000
6149;-65.7581111164;15.6943191844;0.00000000000
6150;-71.4262942112;15.7495994202;0.00000000000
6151;-74.8548934077;15.9326201413;0.00000000000
6152;-80.8184984095;16.1578508308;0.00000000000
6153;-81.9952097236;16.3591360833;0.00000000000
6154;-28.3178337894;17.4391771483;0.00000000000
6155;-26.6619859555;20.0995360439;0.00000000000
6156;-25.3899684193;21.6252758702;0.00000000000
6157;-23.5645220655;22.2738058055;0.00000000000
6158;-22.3098169064;23.7420722995;0.00000000000
6159;-83.2647159326;22.8471254149;0.00000000000
6160;-83.6529787600;23.8142750396;0.00000000000
;;;
NODE;X;Y;Z
6161;-84.1086390161;24.7655943655;0.00000000000
6162;-77.0570840252;33.1714880687;0.00000000000
6163;-73.5764136759;33.4407917125;0.00000000000
6164;-67.9709401892;33.9774350875;0.00000000000
6165;-66.8741013298;34.2024144130;0.00000000000
6166;-62.6383209092;33.7744332186;0.00000000000
6167;-59.4940604643;33.6795508959;0.00000000000
6168;-54.0480865677;33.4469810975;0.00000000000
6169;-50.4683613998;34.2672283578;0.00000000000
6170;-48.2653316683;33.2917656088;0.00000000000
6171;-43.5867995114;33.7453195781;0.00000000000
6172;-42.1426806410;34.0039122363;0.00000000000
6173;-28.4338054524;32.8864798205;0.00000000000
6174;-27.3381913159;33.3013341772;0.00000000000
6175;-25.5293943324;32.8287424109;0.00000000000
6176;-31.8002099501;16.9795005493;0.00000000000
6177;-32.4525064725;16.1823439916;0.00000000000
6178;-33.3679741112;16.2273976820;0.00000000000
6179;-34.9824597232;16.4911828731;0.00000000000
6180;-35.7425912630;16.6602869403;0.00000000000
;;;
NODE;X;Y;Z
6181;-37.3330648933;17.0170085207;0.00000000000
6182;-38.2990862349;16.4319104817;0.00000000000
6183;-39.2314582128;15.8081591281;0.00000000000
6184;-41.4511021840;16.3815715128;0.00000000000
6185;-42.1659335701;16.1432572688;0.00000000000
6186;-42.8282083789;16.0432120699;0.00000000000
6187;-44.1428131657;16.4032034541;0.00000000000
6188;-44.8124063277;16.6082103759;0.00000000000
6189;-46.9577289859;16.5794874817;0.00000000000
6190;-47.5405877039;16.3798518293;0.00000000000
6191;-50.2398310805;15.7359405368;0.00000000000
6192;-54.5130809557;16.4938367733;0.00000000000
6193;-55.4550762647;16.0239763942;0.00000000000
6194;-57.4743190878;16.9398460702;0.00000000000
6195;-60.6951105660;15.9424384541;0.00000000000
6196;-62.1514444338;16.8782993903;0.00000000000
6197;-66.5656944027;16.1072655833;0.00000000000
6198;-68.0110628684;15.6309430030;0.00000000000
6199;-70.9553942007;16.4707347945;0.00000000000
6200;-72.0333221821;16.0410297203;0.00000000000
;;;
NODE;X;Y;Z
6201;-72.6217203983;16.2834097658;0.00000000000
6202;-73.2607665925;16.5427148516;0.00000000000
6203;-73.9278693853;16.6823637685;0.00000000000
6204;-74.6977691639;16.7494195071;0.00000000000
6205;-75.5563215732;15.9633860916;0.00000000000
6206;-76.1598862667;16.0447729906;0.00000000000
6207;-78.0007744613;15.9305047031;0.00000000000
6208;-79.7988944878;16.1961570823;0.00000000000
6209;-80.2953615202;16.6259841947;0.00000000000
6210;-82.1821265309;16.9822498213;0.00000000000
6211;-27.3099673398;19.2412862813;0.00000000000
6212;-25.8209073464;22.9030673624;0.00000000000
6213;-21.6481669386;26.1145898687;0.00000000000
6214;-20.3522144991;27.3808354214;0.00000000000
6215;-19.0170787101;28.4892417677;0.00000000000
6216;-17.6892529407;29.3173373381;0.00000000000
6217;-83.8427737980;17.5073633631;0.00000000000
6218;-83.7099205679;18.1703716709;0.00000000000
6219;-83.6061945473;18.8957011901;0.00000000000
6220;-83.0546416752;21.8448893262;0.00000000000
;;;
NODE;X;Y;Z
6221;-82.5720232175;22.4725237310;0.00000000000
6222;-83.8722919493;25.5063205366;0.00000000000
6223;-83.5645362960;27.0499415187;0.00000000000
6224;-83.5435724192;27.8663461313;0.00000000000
6225;-83.0477901059;30.5270708999;0.00000000000
6226;-80.1192952664;32.8192955301;0.00000000000
6227;-75.3144854589;33.8936556120;0.00000000000
6228;-74.7220628830;33.3930546133;0.00000000000
6229;-74.1291010094;32.8802295684;0.00000000000
6230;-70.2021268184;33.6284632974;0.00000000000
6231;-68.5041101445;33.3300077104;0.00000000000
6232;-67.3857084460;33.5569536093;0.00000000000
6233;-66.3009002823;33.7910569935;0.00000000000
6234;-65.7530779463;33.3692021213;0.00000000000
6235;-65.2099429556;32.9492310237;0.00000000000
6236;-64.2176316661;34.1617537812;0.00000000000
6237;-63.6838732920;33.7064688903;0.00000000000
6238;-62.1475289891;33.3095055488;0.00000000000
6239;-60.1025863992;33.1191621227;0.00000000000
6240;-55.6763374762;33.6532301067;0.00000000000
;;;
NODE;X;Y;Z
6241;-55.1456477776;33.2845705744;0.00000000000
6242;-53.5661672832;33.0521623935;0.00000000000
6243;-53.0014166983;33.3653896259;0.00000000000
6244;-52.3526023447;33.8066931661;0.00000000000
6245;-51.7453939575;33.9882653276;0.00000000000
6246;-51.0664272902;33.9502886855;0.00000000000
6247;-41.1829467229;33.6042639580;0.00000000000
6248;-37.9365250521;33.7131591802;0.00000000000
6249;-36.9714731608;33.7700863424;0.00000000000
6250;-32.9158958586;32.8386380229;0.00000000000
6251;-30.2572439464;33.0218276033;0.00000000000
6252;-26.7291749920;33.0251619095;0.00000000000
6253;-26.2086476207;32.7690568423;0.00000000000
6254;-24.9168190571;32.4491123086;0.00000000000
6255;-24.1644026426;32.0100388598;0.00000000000
6256;-32.5905269151;16.8221099435;0.00000000000
6257;-38.1369523117;17.1708546155;0.00000000000
6258;-39.0907452537;16.5410919515;0.00000000000
6259;-44.7976462617;17.3807528499;0.00000000000
6260;-68.9504113909;16.2404904534;0.00000000000
;;;
NODE;X;Y;Z
6261;-75.3991973293;16.7801854574;0.00000000000
6262;-78.2409186416;16.5359640007;0.00000000000
6263;-78.8772912757;16.1724709492;0.00000000000
6264;-29.1569177577;18.5036739096;0.00000000000
6265;-26.8357319179;21.8167455499;0.00000000000
6266;-28.3448126744;19.8137864697;0.00000000000
6267;-26.5080242218;23.1393576184;0.00000000000
6268;-24.1729118203;23.1909259306;0.00000000000
6269;-22.9143438645;24.7155735076;0.00000000000
6270;-67.9188784014;32.9095262322;0.00000000000
6271;-61.6836342584;32.7466788081;0.00000000000
6272;-60.6793646081;32.6070996289;0.00000000000
6273;-57.3255647460;33.8332735146;0.00000000000
6274;-32.3763129694;17.5087104445;0.00000000000
6275;-33.2417312779;16.9675701070;0.00000000000
6276;-34.7929635791;17.2609104244;0.00000000000
6277;-35.5530951189;17.4300144916;0.00000000000
6278;-37.1410785420;17.7686367408;0.00000000000
6279;-37.9331495384;17.9103265313;0.00000000000
6280;-38.9556230581;17.2964102384;0.00000000000
;;;
NODE;X;Y;Z
6281;-39.9036649551;16.6060998021;0.00000000000
6282;-44.0079167506;17.1958785871;0.00000000000
6283;-47.2425508671;17.5810853094;0.00000000000
6284;-50.1782171035;16.7800042668;0.00000000000
6285;-51.6206723293;16.6729248854;0.00000000000
6286;-59.2337137305;15.9180444462;0.00000000000
6287;-60.5907474012;17.0355918595;0.00000000000
6288;-66.7213371543;17.2273739875;0.00000000000
6289;-68.2158077697;16.8535225156;0.00000000000
6290;-69.6490880988;16.8181332912;0.00000000000
6291;-70.9816493143;17.6155136582;0.00000000000
6292;-72.2148609671;17.0985684992;0.00000000000
6293;-72.8539071613;17.3578735850;0.00000000000
6294;-73.6404953263;17.5192019801;0.00000000000
6295;-74.4103951049;17.5862577187;0.00000000000
6296;-75.3427365255;17.5549282156;0.00000000000
6297;-76.1965731260;16.7615284634;0.00000000000
6298;-79.2235494300;16.8026843225;0.00000000000
6299;-79.7200164624;17.2325114348;0.00000000000
6300;-80.5669554091;17.5137201001;0.00000000000
;;;
NODE;X;Y;Z
6301;-27.4578378237;22.0016139256;0.00000000000
6302;-28.3189371959;20.8569046080;0.00000000000
6303;-24.7202856987;24.2475192220;0.00000000000
6304;-20.8938209662;28.6109849846;0.00000000000
6305;-19.4623892794;29.8082465413;0.00000000000
6306;-82.9130561709;17.9224676701;0.00000000000
6307;-82.6568242687;19.2639065177;0.00000000000
6308;-82.4020384989;21.4537494501;0.00000000000
6309;-81.9194200412;22.0813838549;0.00000000000
6310;-82.2365319091;23.1426399999;0.00000000000
6311;-82.8886146853;26.0184634743;0.00000000000
6312;-82.7929707692;27.7218116754;0.00000000000
6313;-82.2653477152;29.5428965259;0.00000000000
6314;-82.2543415887;30.4752863838;0.00000000000
6315;-79.7109184807;31.7514354481;0.00000000000
6316;-78.6572365862;32.2005897145;0.00000000000
6317;-75.2627257772;32.8290239563;0.00000000000
6318;-74.1014729653;31.7859042384;0.00000000000
6319;-73.5519891575;32.3427072553;0.00000000000
6320;-71.8746458812;32.9424298596;0.00000000000
;;;
NODE;X;Y;Z
6321;-69.6272816925;33.1430233638;0.00000000000
6322;-68.4483089782;32.2468075664;0.00000000000
6323;-67.3204631519;32.4951493007;0.00000000000
6324;-66.2392359753;32.7285536244;0.00000000000
6325;-65.1245403309;31.9099046244;0.00000000000
6326;-64.6765350967;32.5303892607;0.00000000000
6327;-64.1897125494;33.1442956273;0.00000000000
6328;-62.6907587062;32.8170301889;0.00000000000
6329;-62.2438477709;32.4446124581;0.00000000000
6330;-57.8915823140;33.1651193300;0.00000000000
6331;-56.8061800387;33.3782853052;0.00000000000
6332;-55.6423350224;32.6752153577;0.00000000000
6333;-54.1266655740;32.5628184719;0.00000000000
6334;-53.1713631588;32.4269915006;0.00000000000
6335;-52.6066125740;32.7402187331;0.00000000000
6336;-46.6810005834;32.4587138648;0.00000000000
6337;-40.7393477418;32.4988986395;0.00000000000
6338;-37.9812612165;32.7383076171;0.00000000000
6339;-35.7476710656;33.2068949005;0.00000000000
6340;-34.2968204604;32.9170322023;0.00000000000
;;;
NODE;X;Y;Z
6341;-31.5750866481;32.8706054194;0.00000000000
6342;-30.2554606626;31.7831827439;0.00000000000
6343;-33.0275173322;17.6541706080;0.00000000000
6344;-33.7862954396;17.8445031023;0.00000000000
6345;-34.5373071755;18.0053940173;0.00000000000
6346;-38.7518202848;18.0358821543;0.00000000000
6347;-39.7685427596;17.3614180891;0.00000000000
6348;-43.0408472227;17.6538309030;0.00000000000
6349;-49.4259663837;17.2790036710;0.00000000000
6350;-67.4900401432;17.6571465091;0.00000000000
6351;-76.1401123222;17.5362712216;0.00000000000
6352;-29.7877954885;19.9125083267;0.00000000000
6353;-28.9910655313;21.0314003207;0.00000000000
6354;-28.1836265202;22.0914336007;0.00000000000
6355;-23.4828199174;25.7675435636;0.00000000000
6356;-81.6194960758;21.0828240001;0.00000000000
6357;-82.6276276967;24.1993544710;0.00000000000
6358;-79.0014201939;31.4531372989;0.00000000000
6359;-76.8901305444;32.1206564876;0.00000000000
6360;-75.7865143036;32.2538081632;0.00000000000
;;;
NODE;X;Y;Z
6361;-72.4304502695;32.3682332574;0.00000000000
6362;-71.3037289121;32.4206604314;0.00000000000
6363;-70.1752982752;32.5269195831;0.00000000000
6364;-67.8498937287;31.8324306350;0.00000000000
6365;-66.7471917286;32.0781067353;0.00000000000
6366;-63.6873898837;32.7197845956;0.00000000000
6367;-58.4742564077;32.5619047134;0.00000000000
6368;-55.1052721032;32.3482819592;0.00000000000
6369;-50.2686708531;32.9099303838;0.00000000000
6370;-48.2723172223;32.4067327183;0.00000000000
6371;-43.3722820946;32.7303878071;0.00000000000
6372;-29.5868196080;31.3225391761;0.00000000000
6373;-28.2959299784;31.7293740561;0.00000000000
6374;-32.6944074609;18.3560002985;0.00000000000
6375;-34.2742429287;18.7575150240;0.00000000000
6376;-35.3302108614;18.1845842281;0.00000000000
6377;-36.9036574386;18.5172302785;0.00000000000
6378;-37.6957284351;18.6589200691;0.00000000000
6379;-38.4800252432;18.7858594812;0.00000000000
6380;-39.5669899264;18.1501445538;0.00000000000
;;;
NODE;X;Y;Z
6381;-40.6616818440;17.4279430427;0.00000000000
6382;-42.5166988398;18.2667106515;0.00000000000
6383;-43.7841389899;17.9804356227;0.00000000000
6384;-48.6766969527;17.8169382973;0.00000000000
6385;-50.0749993822;17.8835299173;0.00000000000
6386;-52.8223473691;17.7105151642;0.00000000000
6387;-58.9996028157;17.0461962546;0.00000000000
6388;-60.4904434232;18.2426663259;0.00000000000
6389;-65.1753477634;17.5718378568;0.00000000000
6390;-68.2230324015;18.0925325173;0.00000000000
6391;-69.6394147205;17.9428266222;0.00000000000
6392;-71.0500198812;18.8243688231;0.00000000000
6393;-72.4111130660;18.2051277558;0.00000000000
6394;-73.1977012310;18.3664561509;0.00000000000
6395;-74.1307120228;18.4246058572;0.00000000000
6396;-75.0630534433;18.3932763542;0.00000000000
6397;-76.0605149729;18.3124582117;0.00000000000
6398;-76.9746200228;17.4774461319;0.00000000000
6399;-79.5217918351;17.8281642025;0.00000000000
6400;-80.3687307818;18.1093728677;0.00000000000
;;;
NODE;X;Y;Z
6401;-28.0163977201;23.4064344637;0.00000000000
6402;-21.4595432218;29.9775673591;0.00000000000
6403;-19.8973003438;31.0975722504;0.00000000000
6404;-81.0328530891;20.6260929956;0.00000000000
6405;-81.2860765609;21.6644383896;0.00000000000
6406;-81.8822717000;23.8294604787;0.00000000000
6407;-82.3504998495;24.9416636107;0.00000000000
6408;-81.8804754529;26.5488527500;0.00000000000
6409;-81.5185313246;28.5971456840;0.00000000000
6410;-81.5710901003;29.5046809845;0.00000000000
6411;-81.5600839737;30.4370708423;0.00000000000
6412;-81.4184806772;31.2820675759;0.00000000000
6413;-78.3559067553;31.2156372107;0.00000000000
6414;-77.3263675966;31.5237447705;0.00000000000
6415;-76.2739728028;31.6831506236;0.00000000000
6416;-75.1919150033;31.7580059596;0.00000000000
6417;-74.6236240650;31.2277112866;0.00000000000
6418;-71.8577467118;31.8213517571;0.00000000000
6419;-70.7219227724;31.9008259014;0.00000000000
6420;-69.5855873228;32.0433701359;0.00000000000
;;;
NODE;X;Y;Z
6421;-67.2418168054;31.4098864482;0.00000000000
6422;-66.1534770575;31.6682028453;0.00000000000
6423;-65.5819164039;31.2695249429;0.00000000000
6424;-65.0138760629;30.8833383731;0.00000000000
6425;-64.1177435369;32.1301075617;0.00000000000
6426;-63.1483467863;32.3190474163;0.00000000000
6427;-62.7014358510;31.9466296856;0.00000000000
6428;-61.9697055775;31.7626463977;0.00000000000
6429;-59.1112440911;31.9973466249;0.00000000000
6430;-56.7469546522;32.3245115588;0.00000000000
6431;-55.4205519404;31.6861049548;0.00000000000
6432;-52.9328069279;31.8139251249;0.00000000000
6433;-52.2773174113;32.0375213460;0.00000000000
6434;-50.5078818087;32.0100579391;0.00000000000
6435;-49.1094207115;31.9141848643;0.00000000000
6436;-47.5291319543;31.9436303248;0.00000000000
6437;-44.1658957588;32.1425838271;0.00000000000
6438;-42.4710822496;32.2833769265;0.00000000000
6439;-40.5957981223;31.3702967439;0.00000000000
6440;-38.6977963757;31.4667002249;0.00000000000
;;;
NODE;X;Y;Z
6441;-34.7454886585;31.8200675365;0.00000000000
6442;-31.7126138422;31.6505685288;0.00000000000
6443;-28.7466342864;30.9136375980;0.00000000000
6444;-27.3844672246;31.5087281231;0.00000000000
6445;-26.8047475411;30.5969174963;0.00000000000
6446;-18.3975066128;32.3408376945;0.00000000000
6447;-35.0671466146;18.9367052348;0.00000000000
6448;-40.4601290108;18.2166695075;0.00000000000
6449;-49.3257299512;18.4214645436;0.00000000000
6450;-76.8950226735;18.2536331220;0.00000000000
6451;-77.7740366256;18.0866968181;0.00000000000
6452;-78.5635590860;18.6415976762;0.00000000000
6453;-79.4422998623;18.5999607791;0.00000000000
6454;-29.5726457850;22.3133595753;0.00000000000
6455;-28.8091082851;23.4553007705;0.00000000000
6456;-24.0903382357;26.8668691632;0.00000000000
6457;-80.6994335742;21.2077073851;0.00000000000
6458;-80.9109541106;22.3141192845;0.00000000000
6459;-81.1900373817;23.4178852286;0.00000000000
6460;-81.6051438528;24.5717696184;0.00000000000
;;;
NODE;X;Y;Z
6461;-77.7108196805;30.8897729027;0.00000000000
6462;-75.6793735025;31.1873484200;0.00000000000
6463;-71.2759405721;31.3015172270;0.00000000000
6464;-70.1322118200;31.4172764541;0.00000000000
6465;-66.6481021343;30.9999825582;0.00000000000
6466;-63.5787004395;31.7293703824;0.00000000000
6467;-60.9987007848;31.4892895393;0.00000000000
6468;-59.7760384814;31.4824050468;0.00000000000
6469;-51.2502054702;31.6956100095;0.00000000000
6470;-45.8959556670;31.0524519946;0.00000000000
6471;-43.2646959138;31.6955729466;0.00000000000
6472;-27.8351715325;30.6929916650;0.00000000000
6473;-31.6593745010;18.6996179204;0.00000000000
6474;-32.4010751977;19.0563720944;0.00000000000
6475;-33.1896403827;19.2954886172;0.00000000000
6476;-35.8585389637;19.1047025772;0.00000000000
6477;-40.0418366352;19.0440379490;0.00000000000
6478;-41.1943318837;18.4302891774;0.00000000000
6479;-44.4914954643;18.8610337921;0.00000000000
6480;-45.4409347320;18.9729228509;0.00000000000
;;;
NODE;X;Y;Z
6481;-46.1545481947;19.2724053684;0.00000000000
6482;-48.6956402149;18.9733881836;0.00000000000
6483;-53.0350422959;18.7940770343;0.00000000000
6484;-55.4876955741;18.0664046119;0.00000000000
6485;-57.0021956411;19.4819782717;0.00000000000
6486;-58.8349086817;18.2675491945;0.00000000000
6487;-65.2952611863;18.7271313370;0.00000000000
6488;-72.7783860097;19.2240679896;0.00000000000
6489;-73.7113968015;19.2822176958;0.00000000000
6490;-74.7536152300;19.2768105373;0.00000000000
6491;-75.7510767596;19.1959923949;0.00000000000
6492;-77.6641998445;18.8695052447;0.00000000000
6493;-78.5718831609;19.2829010664;0.00000000000
6494;-79.2645273573;19.3342575156;0.00000000000
6495;-80.2273597122;18.7955524344;0.00000000000
6496;-30.2539773789;22.4091875326;0.00000000000
6497;-27.9865031359;24.5865386431;0.00000000000
6498;-28.7792137010;24.6354049498;0.00000000000
6499;-22.2678648091;30.9966294821;0.00000000000
6500;-81.2722020966;25.2484827719;0.00000000000
;;;
NODE;X;Y;Z
6501;-80.7644426010;26.6782494644;0.00000000000
6502;-80.8868332811;28.6455257379;0.00000000000
6503;-80.9393920567;29.5530610383;0.00000000000
6504;-80.8415864571;30.3504260096;0.00000000000
6505;-80.6999831606;31.1954227431;0.00000000000
6506;-78.6625113987;30.5530345413;0.00000000000
6507;-78.0962484583;30.2986202440;0.00000000000
6508;-77.1367386584;30.5237039839;0.00000000000
6509;-76.1489886897;30.6260524815;0.00000000000
6510;-75.1277561225;30.6606942122;0.00000000000
6511;-71.8324771431;30.6901751558;0.00000000000
6512;-69.5299643809;30.9391482714;0.00000000000
6513;-66.0349520041;30.6126020991;0.00000000000
6514;-65.4669116632;30.2264155292;0.00000000000
6515;-64.4455627976;30.5122088559;0.00000000000
6516;-63.9974355057;31.1384934083;0.00000000000
6517;-62.9718542690;31.3939475160;0.00000000000
6518;-62.2401239955;31.2099642281;0.00000000000
6519;-61.6289096999;30.9353900443;0.00000000000
6520;-60.4495180948;31.0046675760;0.00000000000
;;;
NODE;X;Y;Z
6521;-59.3311528505;30.9299412900;0.00000000000
6522;-56.4332261720;31.3794834793;0.00000000000
6523;-55.7280414320;31.0635352220;0.00000000000
6524;-54.9772044437;30.6795043714;0.00000000000
6525;-53.4433764757;30.9949583166;0.00000000000
6526;-52.6430173923;31.0625392947;0.00000000000
6527;-51.9875278757;31.2861355158;0.00000000000
6528;-47.5989497560;30.9659104706;0.00000000000
6529;-46.0001452650;30.0104611552;0.00000000000
6530;-44.1701145483;31.1186151770;0.00000000000
6531;-42.4189398194;31.1971808874;0.00000000000
6532;-40.7548652942;30.2027450799;0.00000000000
6533;-38.9604811378;30.1670389079;0.00000000000
6534;-31.8148362718;30.4167865843;0.00000000000
6535;-40.7760395081;19.2576576189;0.00000000000
6536;-43.9301154480;19.6576406942;0.00000000000
6537;-44.6646068626;19.5212228963;0.00000000000
6538;-46.9533436437;19.7300102962;0.00000000000
6539;-48.1227212748;19.5980487109;0.00000000000
6540;-66.0807721298;19.1312790766;0.00000000000
;;;
NODE;X;Y;Z
6541;-77.6725239194;19.5108086349;0.00000000000
6542;-80.0495872072;19.5298491709;0.00000000000
6543;-30.2698942227;23.4402864684;0.00000000000
6544;-31.0490043439;21.4553109542;0.00000000000
6545;-29.6224008317;24.5866617242;0.00000000000
6546;-25.9757903459;26.7185082381;0.00000000000
6547;-24.7909153113;27.9231081518;0.00000000000
6548;-23.6119337710;29.3291702289;0.00000000000
6549;-80.2550772846;27.1225002941;0.00000000000
6550;-80.2031979282;28.1170003761;0.00000000000
6551;-80.3452191416;28.8299509102;0.00000000000
6552;-80.1988393252;30.2850683535;0.00000000000
6553;-79.5397479899;30.0932376449;0.00000000000
6554;-77.5221674362;29.9325513252;0.00000000000
6555;-76.5755174932;30.0635175589;0.00000000000
6556;-75.5973713098;30.0993982737;0.00000000000
6557;-74.5865485932;30.1006640141;0.00000000000
6558;-68.9160173194;30.4973908492;0.00000000000
6559;-61.0797270099;30.4507680810;0.00000000000
6560;-60.0046324639;30.4522038193;0.00000000000
;;;
NODE;X;Y;Z
6561;-54.2171917391;30.3868875961;0.00000000000
6562;-39.9919531654;29.5915050243;0.00000000000
6563;-32.1844245803;19.8327307683;0.00000000000
6564;-32.9729897652;20.0718472911;0.00000000000
6565;-33.7619486018;20.2867812638;0.00000000000
6566;-36.3890053074;20.0127778885;0.00000000000
6567;-39.7170228218;19.8266225198;0.00000000000
6568;-40.3887420140;20.0172651979;0.00000000000
6569;-41.4142225514;19.5085836591;0.00000000000
6570;-43.4073073007;19.9387386055;0.00000000000
6571;-44.5988618305;20.1423663795;0.00000000000
6572;-45.2720407034;19.6811900450;0.00000000000
6573;-45.9856541661;19.9806725625;0.00000000000
6574;-51.4896996043;18.9656602162;0.00000000000
6575;-53.4675322328;19.7961652978;0.00000000000
6576;-55.1929287413;19.4463274718;0.00000000000
6577;-65.4429239334;19.9137315611;0.00000000000
6578;-66.9173884963;19.5214446179;0.00000000000
6579;-73.3243046918;20.1390848204;0.00000000000
6580;-76.5858941435;19.9851060998;0.00000000000
;;;
NODE;X;Y;Z
6581;-77.8245955734;20.2220082542;0.00000000000
6582;-31.9662027267;20.6909086859;0.00000000000
6583;-30.9536774856;23.4010368877;0.00000000000
6584;-30.9377606418;22.3699379519;0.00000000000
6585;-31.7445753818;21.4905980776;0.00000000000
6586;-79.7528704768;26.5881331997;0.00000000000
6587;-80.2966449248;29.4877033822;0.00000000000
6588;-79.7402512002;29.4937811549;0.00000000000
6589;-78.9559678695;29.9639225884;0.00000000000
6590;-78.3897049290;29.7095082910;0.00000000000
6591;-77.9048453849;29.4059350279;0.00000000000
6592;-76.0947803208;29.5672839925;0.00000000000
6593;-75.1112424686;29.5559544807;0.00000000000
6594;-74.0640121054;29.5336232931;0.00000000000
6595;-73.5187834093;30.0862625957;0.00000000000
6596;-72.9657933720;30.6486661158;0.00000000000
6597;-68.3012525562;30.0622005086;0.00000000000
6598;-65.9286727297;29.5642795113;0.00000000000
6599;-63.8583914109;30.1763600029;0.00000000000
6600;-62.7839175670;30.5191695381;0.00000000000
;;;
NODE;X;Y;Z
6601;-61.6687119888;29.9315637190;0.00000000000
6602;-60.6501742614;29.9791039414;0.00000000000
6603;-59.7292531750;29.8115012745;0.00000000000
6604;-59.0360192482;30.2351266309;0.00000000000
6605;-58.2505233101;30.6832687002;0.00000000000
6606;-57.5028235438;30.8278734727;0.00000000000
6607;-55.9202164638;30.4414599217;0.00000000000
6608;-55.1693794755;30.0574290711;0.00000000000
6609;-53.2724971294;30.0578876343;0.00000000000
6610;-52.4721380460;30.1254686124;0.00000000000
6611;-47.7053067329;29.9313930471;0.00000000000
6612;-42.5550785830;30.0404317511;0.00000000000
6613;-40.9610321032;28.9883434281;0.00000000000
6614;-39.1741418589;29.0093279987;0.00000000000
6615;-36.8551248704;31.0568004310;0.00000000000
6616;-34.5558621967;20.4807350803;0.00000000000
6617;-37.1767562830;20.1537947017;0.00000000000
6618;-41.0269250573;20.2681912381;0.00000000000
6619;-42.9207546035;20.4876617979;0.00000000000
6620;-45.2062956714;20.3023335281;0.00000000000
;;;
NODE;X;Y;Z
6621;-76.7379657975;20.6963057191;0.00000000000
6622;-78.1070033899;20.8506280440;0.00000000000
6623;-31.6333316797;22.4052250752;0.00000000000
6624;-26.8523620668;27.7916320018;0.00000000000
6625;-25.5477645945;28.8491604533;0.00000000000
6626;-24.3503635787;30.1775576351;0.00000000000
6627;-79.2390025675;20.8407242976;0.00000000000
6628;-79.7695292153;21.3137639588;0.00000000000
6629;-79.8533980398;22.4078852712;0.00000000000
6630;-80.0536172928;23.5390895855;0.00000000000
6631;-79.1564710798;29.3644660983;0.00000000000
6632;-75.6086514796;29.0238401995;0.00000000000
6633;-74.5887059807;28.9889137597;0.00000000000
6634;-67.6975423418;29.6556515305;0.00000000000
6635;-65.3609039407;29.2071376470;0.00000000000
6636;-64.3119714875;29.5334248119;0.00000000000
6637;-63.2517196427;29.8924589991;0.00000000000
6638;-61.2391592403;29.4598995794;0.00000000000
6639;-60.3747949724;29.3384013966;0.00000000000
6640;-56.7857293555;29.9253962672;0.00000000000
;;;
NODE;X;Y;Z
6641;-56.0533223780;29.7165211230;0.00000000000
6642;-51.9159486738;29.4731807980;0.00000000000
6643;-50.9879477608;29.9497795985;0.00000000000
6644;-32.7574946599;20.8572119110;0.00000000000
6645;-33.5464534965;21.0721458838;0.00000000000
6646;-34.3318467938;21.2751528393;0.00000000000
6647;-35.3546894227;20.6304485317;0.00000000000
6648;-37.9479677846;20.2938680638;0.00000000000
6649;-39.4040648371;20.6224313498;0.00000000000
6650;-40.0757840293;20.8130740278;0.00000000000
6651;-40.6966630451;21.0232143531;0.00000000000
6652;-41.6204242172;20.4793980115;0.00000000000
6653;-42.1395525287;20.7719065925;0.00000000000
6654;-42.6949495309;21.0558854632;0.00000000000
6655;-44.9358537379;20.8452594804;0.00000000000
6656;-50.2886777989;20.0971711354;0.00000000000
6657;-51.8218806410;19.9966306506;0.00000000000
6658;-53.6198121641;20.8795190253;0.00000000000
6659;-55.2844020602;20.7437873309;0.00000000000
6660;-67.3247046748;20.5281137479;0.00000000000
;;;
NODE;X;Y;Z
6661;-69.6381817106;20.6265097111;0.00000000000
6662;-71.7492523166;20.9756792206;0.00000000000
6663;-73.9682327032;20.9643102465;0.00000000000
6664;-76.0633764111;21.3150661970;0.00000000000
6665;-77.4029692726;21.3356197026;0.00000000000
6666;-32.5358673150;21.6569013026;0.00000000000
6667;-31.6167542535;23.2126622614;0.00000000000
6668;-32.2309355819;22.3042734492;0.00000000000
6669;-79.2663581613;21.8319960907;0.00000000000
6670;-79.2812759947;22.9539830415;0.00000000000
6671;-79.5519214654;24.0775339580;0.00000000000
6672;-79.0500641408;26.7544687115;0.00000000000
6673;-79.4319100044;27.0488181096;0.00000000000
6674;-79.3449669257;28.9023872291;0.00000000000
6675;-78.7020297493;29.1554428488;0.00000000000
6676;-78.2171702052;28.8518695857;0.00000000000
6677;-76.1143550860;28.5340285746;0.00000000000
6678;-75.1493805995;28.4752565091;0.00000000000
6679;-72.9767826928;29.5023499436;0.00000000000
6680;-70.6387278056;29.6700328521;0.00000000000
;;;
NODE;X;Y;Z
6681;-68.2322440331;28.9749565590;0.00000000000
6682;-67.0799716416;29.2659491126;0.00000000000
6683;-62.6996458723;29.6056166931;0.00000000000
6684;-62.1956545898;29.2925850578;0.00000000000
6685;-61.0161491161;28.9249798873;0.00000000000
6686;-60.2887725176;28.6299588339;0.00000000000
6687;-59.5888770223;29.0561685585;0.00000000000
6688;-58.8956430956;29.4797939149;0.00000000000
6689;-56.7748302575;29.1754072722;0.00000000000
6690;-56.1579100081;29.0684307924;0.00000000000
6691;-49.3557010954;29.8950434086;0.00000000000
6692;-47.8730335423;28.8353752084;0.00000000000
6693;-40.9158127912;27.8181800652;0.00000000000
6694;-39.2672678855;27.9128708491;0.00000000000
6695;-37.1879530134;29.9035060124;0.00000000000
6696;-35.4435871990;29.5343150922;0.00000000000
6697;-33.7533865840;29.2746773265;0.00000000000
6698;-35.1306740199;21.4248662907;0.00000000000
6699;-41.2901622050;21.2344211266;0.00000000000
6700;-47.1608691443;20.9241729158;0.00000000000
;;;
NODE;X;Y;Z
6701;-48.3606619907;20.7764257011;0.00000000000
6702;-54.4740409816;21.4023913074;0.00000000000
6703;-76.7283798862;21.9543801804;0.00000000000
6704;-32.2143581557;23.1117106354;0.00000000000
6705;-27.9212274956;27.8349608681;0.00000000000
6706;-78.6942361162;22.3780938610;0.00000000000
6707;-78.7795801673;23.4924274140;0.00000000000
6708;-78.8905255951;28.6933639796;0.00000000000
6709;-76.5715998939;28.0560480762;0.00000000000
6710;-75.6550842059;27.9854448842;0.00000000000
6711;-72.3956380560;28.9588662646;0.00000000000
6712;-71.2085524484;29.0513677754;0.00000000000
6713;-67.6146733329;28.5852541411;0.00000000000
6714;-60.9301266613;28.2165373247;0.00000000000
6715;-47.1730448172;28.2854707210;0.00000000000
6716;-33.3293622458;21.9643050151;0.00000000000
6717;-34.1147555431;22.1673119707;0.00000000000
6718;-34.9675032987;22.1760082930;0.00000000000
6719;-35.9471470100;21.5041998775;0.00000000000
6720;-38.4570794102;21.2151881253;0.00000000000
;;;
NODE;X;Y;Z
6721;-39.8303186967;21.5983551959;0.00000000000
6722;-40.4511977125;21.8084955212;0.00000000000
6723;-41.1230528832;21.9749247308;0.00000000000
6724;-41.9315660850;21.4359132456;0.00000000000
6725;-42.4869630872;21.7198921163;0.00000000000
6726;-46.6003302375;21.5401378216;0.00000000000
6727;-49.0450566694;21.2725879596;0.00000000000
6728;-50.4466909206;21.1692511901;0.00000000000
6729;-52.0074570625;21.0322142693;0.00000000000
6730;-58.7072275175;20.6763832819;0.00000000000
6731;-63.9655311717;21.4250002349;0.00000000000
6732;-67.8378770823;21.4304551904;0.00000000000
6733;-74.5641620480;21.6876409070;0.00000000000
6734;-33.0244305127;22.6116771617;0.00000000000
6735;-32.5805706988;23.7634339739;0.00000000000
6736;-32.1704328471;24.8879335555;0.00000000000
6737;-77.9493509441;22.9461966863;0.00000000000
6738;-78.1095538621;23.9598514600;0.00000000000
6739;-78.0689567111;25.6571402585;0.00000000000
6740;-78.3773031233;26.1851382200;0.00000000000
;;;
NODE;X;Y;Z
6741;-78.4594953266;26.6868408053;0.00000000000
6742;-78.7295783365;27.1473277197;0.00000000000
6743;-79.1114242001;27.4416771177;0.00000000000
6744;-79.4509261406;27.7991139584;0.00000000000
6745;-79.2761487654;28.3992876768;0.00000000000
6746;-77.4045304706;28.0969954038;0.00000000000
6747;-77.0743645593;27.6140055707;0.00000000000
6748;-75.2207239772;27.4769393223;0.00000000000
6749;-74.6318987248;27.9327767893;0.00000000000
6750;-72.9656829392;28.4068075565;0.00000000000
6751;-70.5934816567;28.5608289022;0.00000000000
6752;-69.4070856908;28.7326278727;0.00000000000
6753;-68.1455513340;27.8896194383;0.00000000000
6754;-66.9801232306;28.2185617617;0.00000000000
6755;-62.5900221776;28.6564076476;0.00000000000
6756;-61.4926205081;28.5292692404;0.00000000000
6757;-60.1931171653;27.8876628345;0.00000000000
6758;-59.4932216700;28.3138725591;0.00000000000
6759;-55.5098369104;28.8265335459;0.00000000000
6760;-54.6083880978;29.1082431659;0.00000000000
;;;
NODE;X;Y;Z
6761;-54.0613631139;28.5817521952;0.00000000000
6762;-44.5414591691;28.8372818085;0.00000000000
6763;-39.2740041663;26.9703314435;0.00000000000
6764;-37.4492146216;28.7651853497;0.00000000000
6765;-35.7681071436;28.3867140253;0.00000000000
6766;-33.0728645432;28.6081280253;0.00000000000
6767;-31.5206190354;27.2367118028;0.00000000000
6768;-35.7839762888;22.2553418798;0.00000000000
6769;-36.7432878637;21.6269925905;0.00000000000
6770;-41.7644567633;22.1764168498;0.00000000000
6771;-46.1448463408;22.0700425344;0.00000000000
6772;-51.2954261948;21.6245033147;0.00000000000
6773;-64.9584211205;21.7403434735;0.00000000000
6774;-33.3906430558;23.2634005002;0.00000000000
6775;-77.2793246389;23.4136207322;0.00000000000
6776;-73.5148956563;27.9035309554;0.00000000000
6777;-69.9738256051;28.0927837737;0.00000000000
6778;-67.5110012317;27.5229270589;0.00000000000
6779;-66.3448355238;27.8734805137;0.00000000000
6780;-65.2260858922;28.2180984990;0.00000000000
;;;
NODE;X;Y;Z
6781;-64.1720138822;28.5595158172;0.00000000000
6782;-62.1099982201;28.4280115222;0.00000000000
6783;-59.3417889559;27.6071861499;0.00000000000
6784;-58.6515444126;28.0064417025;0.00000000000
6785;-53.3183768913;28.1780644501;0.00000000000
6786;-51.8335844644;28.3754305495;0.00000000000
6787;-34.1467582593;23.0181662240;0.00000000000
6788;-34.9995060148;23.0268625463;0.00000000000
6789;-35.7212375896;22.9601610410;0.00000000000
6790;-36.5936572869;22.3223192873;0.00000000000
6791;-37.5211700095;21.7818150694;0.00000000000
6792;-38.9732117846;22.1853285692;0.00000000000
6793;-40.3393302877;22.5573770229;0.00000000000
6794;-41.0111854583;22.7238062324;0.00000000000
6795;-41.7792872769;22.9248877234;0.00000000000
6796;-43.7520027443;22.0031040929;0.00000000000
6797;-46.5681972380;22.5516294399;0.00000000000
6798;-47.1977744570;22.0338505316;0.00000000000
6799;-52.0645740782;22.0819070741;0.00000000000
6800;-60.5088373716;21.7588324553;0.00000000000
;;;
NODE;X;Y;Z
6801;-62.2458320800;21.6657700704;0.00000000000
6802;-66.0273789586;22.0122993054;0.00000000000
6803;-33.7396301292;24.2106585955;0.00000000000
6804;-33.3785434310;25.2518630240;0.00000000000
6805;-76.4452210026;22.9722499287;0.00000000000
6806;-77.4439926902;24.2613322626;0.00000000000
6807;-76.9759982946;25.3443918617;0.00000000000
6808;-78.0258347480;26.8931233781;0.00000000000
6809;-78.2959177579;27.3536102925;0.00000000000
6810;-77.8433271068;27.6978470215;0.00000000000
6811;-77.5131611955;27.2148571884;0.00000000000
6812;-76.7041630978;27.1062601769;0.00000000000
6813;-75.7670382037;27.0397971206;0.00000000000
6814;-75.3231346706;26.6011202563;0.00000000000
6815;-69.3335856616;27.6183068265;0.00000000000
6816;-66.8220940231;27.1945769786;0.00000000000
6817;-65.6634986021;27.5847810813;0.00000000000
6818;-64.5802508153;27.8992391037;0.00000000000
6819;-63.5590851758;28.2275861280;0.00000000000
6820;-62.9798887761;27.9553159589;0.00000000000
;;;
NODE;X;Y;Z
6821;-62.3321599930;27.7810743784;0.00000000000
6822;-60.0998503648;27.1623077791;0.00000000000
6823;-59.0371900268;26.9493175245;0.00000000000
6824;-58.4492414680;27.3781074588;0.00000000000
6825;-58.0108687303;28.3260682451;0.00000000000
6826;-55.0217709463;28.5922237931;0.00000000000
6827;-54.4747459624;28.0657328225;0.00000000000
6828;-53.9933143247;27.7018300240;0.00000000000
6829;-52.6084588232;27.8813903710;0.00000000000
6830;-44.9877695559;27.6414350896;0.00000000000
6831;-43.8522824473;28.1272987125;0.00000000000
6832;-36.1867446437;27.2729543421;0.00000000000
6833;-36.5309185876;23.0271384485;0.00000000000
6834;-37.3715394326;22.4771417662;0.00000000000
6835;-34.4957453326;23.9654243193;0.00000000000
6836;-33.8468168794;25.8296624683;0.00000000000
6837;-66.1407571014;26.9058775463;0.00000000000
6838;-65.0176635252;27.2659216861;0.00000000000
6839;-63.9673221090;27.5673094145;0.00000000000
6840;-61.8095712188;27.1659457721;0.00000000000
;;;
NODE;X;Y;Z
6841;-60.9316487986;26.7747959449;0.00000000000
6842;-59.7952514357;26.5044391537;0.00000000000
6843;-57.8085657857;27.6977340014;0.00000000000
6844;-53.2833962567;27.4051559449;0.00000000000
6845;-46.0290833602;27.1160464824;0.00000000000
6846;-35.9303266570;23.7622732425;0.00000000000
6847;-37.2441092405;23.1752021968;0.00000000000
6848;-38.1026939745;22.7237179940;0.00000000000
6849;-39.5249756058;23.1856568927;0.00000000000
6850;-40.9949668932;23.5292222298;0.00000000000
6851;-41.7630687117;23.7303037208;0.00000000000
6852;-42.6097626732;23.8383538587;0.00000000000
6853;-47.8158411090;22.4639322112;0.00000000000
6854;-60.6478755360;22.8514091294;0.00000000000
6855;-62.4116635586;22.7558622692;0.00000000000
6856;-66.3797595180;22.9874977697;0.00000000000
6857;-70.7427229397;22.7930414250;0.00000000000
6858;-34.8951097657;24.8064435114;0.00000000000
6859;-34.5896163211;25.8154572447;0.00000000000
6860;-76.8170436382;24.6236332404;0.00000000000
;;;
NODE;X;Y;Z
6861;-76.3969817481;25.7236645869;0.00000000000
6862;-76.3294736917;26.6358011303;0.00000000000
6863;-75.4706345276;25.8564340378;0.00000000000
6864;-71.7796658485;27.3634434868;0.00000000000
6865;-65.4484042167;26.7360889927;0.00000000000
6866;-64.3990289397;26.8745779667;0.00000000000
6867;-63.3509425575;27.1878211774;0.00000000000
6868;-58.5850187162;26.3764790547;0.00000000000
6869;-57.9970701574;26.8052689890;0.00000000000
6870;-57.6243918908;27.1785334277;0.00000000000
6871;-57.2075581747;27.8330413027;0.00000000000
6872;-56.5706309666;27.8150651192;0.00000000000
6873;-52.9618580457;26.9372331990;0.00000000000
6874;-51.9832775355;27.2984694342;0.00000000000
6875;-49.7118342767;27.6843184733;0.00000000000
6876;-48.5209260076;26.5558678340;0.00000000000
6877;-47.0190233283;26.6096508382;0.00000000000
6878;-45.6014293489;26.5233246138;0.00000000000
6879;-44.6338217586;26.8772012740;0.00000000000
6880;-43.4983346500;27.3630648969;0.00000000000
;;;
NODE;X;Y;Z
6881;-37.9752637824;23.4217784247;0.00000000000
6882;-43.4334027633;23.8744371542;0.00000000000
6883;-48.5020588909;22.8837971884;0.00000000000
6884;-73.5563211644;26.9053995737;0.00000000000
6885;-72.3877663696;26.8344830793;0.00000000000
6886;-64.8297696313;26.3447452733;0.00000000000
6887;-63.7826493883;26.4950897295;0.00000000000
6888;-57.0233842798;27.3138407290;0.00000000000
6889;-47.9806390576;26.0247348429;0.00000000000
6890;-46.5913693171;26.0169289696;0.00000000000
6891;-43.5122601523;26.3145439681;0.00000000000
6892;-42.5286043066;26.3372635296;0.00000000000
6893;-35.6079595153;24.6699939398;0.00000000000
6894;-37.7572669452;24.1594063871;0.00000000000
6895;-38.6478621652;23.7435181857;0.00000000000
6896;-45.7558948133;23.9382182250;0.00000000000
6897;-47.8004434649;23.4219703978;0.00000000000
6898;-49.1233835748;23.3397382417;0.00000000000
6899;-50.5322445170;23.2130539716;0.00000000000
6900;-58.8820253965;22.9223287799;0.00000000000
;;;
NODE;X;Y;Z
6901;-60.8147268448;23.9166679164;0.00000000000
6902;-64.4717907947;23.4910386199;0.00000000000
6903;-68.7335675649;23.3797913957;0.00000000000
6904;-36.1298991551;25.4126179415;0.00000000000
6905;-75.4720842506;24.8741528683;0.00000000000
6906;-74.2257372477;26.4834345116;0.00000000000
6907;-71.8774522704;26.2534349520;0.00000000000
6908;-70.5818484723;26.3055841354;0.00000000000
6909;-67.7111096997;25.7613175601;0.00000000000
6910;-56.4267309226;27.1784497089;0.00000000000
6911;-53.8481238977;26.6558710954;0.00000000000
6912;-51.6152687728;26.7701800155;0.00000000000
6913;-50.1451809579;26.5093725323;0.00000000000
6914;-47.4121885431;25.5039142126;0.00000000000
6915;-45.3894698398;25.7725836664;0.00000000000
6916;-44.4218622495;26.1264603266;0.00000000000
6917;-43.4601356918;25.4562417313;0.00000000000
6918;-42.5975503225;25.4699895437;0.00000000000
6919;-40.6965549210;25.9112373232;0.00000000000
6920;-39.8344988423;25.7001572933;0.00000000000
;;;
NODE;X;Y;Z
6921;-38.0258262637;26.5075088240;0.00000000000
6922;-38.4298653279;24.4811461481;0.00000000000
6923;-47.1210572473;23.9145153758;0.00000000000
6924;-49.7902750066;23.7833887578;0.00000000000
6925;-75.2204038362;25.3346358361;0.00000000000
6926;-69.9147754554;25.8361087272;0.00000000000
6927;-66.8422317852;25.5169604981;0.00000000000
6928;-55.6485868587;26.4814493087;0.00000000000
6929;-54.8405582359;26.4776739489;0.00000000000
6930;-44.3697377890;25.2681580898;0.00000000000
6931;-37.4041378501;24.7044580920;0.00000000000
6932;-46.4396098983;24.4064782141;0.00000000000
6933;-49.0048682712;24.3775505141;0.00000000000
6934;-50.4203121736;24.2385780903;0.00000000000
6935;-51.9306207094;24.0340886960;0.00000000000
6936;-52.7111147596;24.5177434662;0.00000000000
6937;-53.2284733711;24.9771953106;0.00000000000
6938;-53.5660535408;25.5476565877;0.00000000000
6939;-57.2020611695;24.0301423539;0.00000000000
6940;-59.0171575576;23.9600121989;0.00000000000
;;;
NODE;X;Y;Z
6941;-64.7300501016;24.5657385983;0.00000000000
6942;-69.0393234884;24.3663480891;0.00000000000
6943;-36.8123278546;25.1980126974;0.00000000000
6944;-74.6004669883;25.5784916240;0.00000000000
6945;-70.7190090246;25.1688970609;0.00000000000
6946;-69.1932035165;25.3923539184;0.00000000000
6947;-59.1499495323;24.9534754797;0.00000000000
6948;-50.3925067473;25.3354444457;0.00000000000
6949;-46.9856753464;24.9252824590;0.00000000000
6950;-45.1362707741;25.1772932153;0.00000000000
6951;-40.8399849330;25.1552459485;0.00000000000
6952;-39.9779288544;24.9441659186;0.00000000000
6953;-45.9116570547;24.8430067649;0.00000000000
6954;-69.9974370857;24.7251422522;0.00000000000
6955;-21.0641743528;25.0553076605;0.00000000000
6956;-18.5095351266;27.2434918365;0.00000000000
6957;-98.4862442705;48.9832687350;0.00000000000
6958;-20.9822954444;0.507343275692;0.00000000000
6959;-21.4670508917;1.03747044113;0.00000000000
6960;-20.4702500059;0.998020030874;0.00000000000
;;;
NODE;X;Y;Z
6961;-20.9218247092;1.53681022274;0.00000000000
6962;-3.53794282377;20.6757850923;0.00000000000
6963;-0.511140157558;48.0008183195;0.00000000000
6964;-1.02544023643;47.5079072282;0.00000000000
6965;-1.01517057077;48.5003942685;0.00000000000
6966;-1.52977399726;48.0086039780;0.00000000000
6967;-3.09975619722;21.2952871243;0.00000000000
6968;-3.68259464007;21.7575076099;0.00000000000
6969;-96.9263852419;2.46311551500;0.00000000000
6970;-95.3890772794;2.93421317437;0.00000000000
6971;-22.1434401446;4.41541435632;0.00000000000
6972;-22.7310470153;3.93898468504;0.00000000000
6973;-21.6026763028;6.57694599873;0.00000000000
6974;-22.2690820718;6.16257618848;0.00000000000
6975;-20.8378584681;8.73545523705;0.00000000000
6976;-21.4908297357;8.36749332129;0.00000000000
6977;-19.8311629264;10.7604069186;0.00000000000
6978;-20.5204114128;10.5071294246;0.00000000000
6979;-18.7152750782;12.6990172731;0.00000000000
6980;-19.4282407367;12.5244223390;0.00000000000
;;;
NODE;X;Y;Z
6981;-17.4148193700;14.4851038721;0.00000000000
6982;-18.1699642859;14.4112481166;0.00000000000
6983;-15.9113939098;16.1030117738;0.00000000000
6984;-16.6746915375;16.1045155077;0.00000000000
6985;-14.2338920626;17.5722214765;0.00000000000
6986;-14.9871604740;17.6406040570;0.00000000000
6987;-12.4234018488;18.8792948609;0.00000000000
6988;-13.1601292882;19.0095245938;0.00000000000
6989;-10.4998960741;20.0372901306;0.00000000000
6990;-11.2139036300;20.2404867778;0.00000000000
6991;-8.48614858004;21.0308927397;0.00000000000
6992;-9.16389817039;21.3025903157;0.00000000000
6993;-6.39052784978;21.7499656896;0.00000000000
6994;-7.04150503900;22.1199491394;0.00000000000
6995;-4.89009041931;22.6623604661;0.00000000000
6996;-4.40618759022;23.2836973564;0.00000000000
6997;-3.80569060823;22.8213246772;0.00000000000
6998;-3.57265304287;47.0569505386;0.00000000000
6999;-96.9858240049;46.4112212665;0.00000000000
7000;-96.8973920560;4.41066797320;0.00000000000
;;;
NODE;X;Y;Z
7001;-96.9070785889;3.43673395200;0.00000000000
7002;-97.4147561452;3.93483024752;0.00000000000
7003;-23.7519483919;4.04712965529;0.00000000000
7004;-96.3889656705;3.91324304088;0.00000000000
7005;-23.6049457446;5.24208411216;0.00000000000
7006;-22.8452770546;7.60556401005;0.00000000000
7007;-21.8729823247;9.90927313075;0.00000000000
7008;-20.8224909616;12.0965195356;0.00000000000
7009;-19.6514267561;14.1776476357;0.00000000000
7010;-18.2355624465;16.0697245194;0.00000000000
7011;-16.5429691904;17.7618124436;0.00000000000
7012;-14.6768614364;19.2691963301;0.00000000000
7013;-12.6809333838;20.6063354842;0.00000000000
7014;-10.5641989484;21.7998751548;0.00000000000
7015;-8.37143208988;22.8116752694;0.00000000000
7016;-6.15043346267;23.5040481296;0.00000000000
7017;-5.02715125252;23.7231208889;0.00000000000
7018;-4.61093091897;45.0963981238;0.00000000000
7019;-95.0257110167;44.3439234610;0.00000000000
7020;-94.3372949256;4.89240573262;0.00000000000
;;;
NODE;X;Y;Z
7021;-23.0278460652;8.44278363815;0.00000000000
7022;-22.1804139519;11.5439937086;0.00000000000
7023;-20.9607942898;12.9310189589;0.00000000000
7024;-19.7517523494;15.0376522917;0.00000000000
7025;-18.2248516062;16.9322234709;0.00000000000
7026;-16.2513915752;19.4686385269;0.00000000000
7027;-14.4611008432;20.1052151948;0.00000000000
7028;-12.3795655150;21.4198007006;0.00000000000
7029;-10.1833708133;22.5900920256;0.00000000000
7030;-7.92960614976;23.5899566751;0.00000000000
7031;-6.29672679569;24.5915828734;0.00000000000
7032;-5.12588346552;24.7858097838;0.00000000000
7033;-5.74230428046;25.2464538247;0.00000000000
7034;-5.11412575856;26.9199208913;0.00000000000
7035;-5.44721256362;28.5219302276;0.00000000000
7036;-24.6645918199;5.36153765544;0.00000000000
7037;-24.2841345642;6.74934482699;0.00000000000
7038;-93.8143959112;6.35670542692;0.00000000000
7039;-23.8592976178;9.00635494185;0.00000000000
7040;-24.4814388851;8.71093465476;0.00000000000
;;;
NODE;X;Y;Z
7041;-23.3813085865;10.1580158440;0.00000000000
7042;-22.8558647792;11.2565023574;0.00000000000
7043;-23.5327558843;10.9982392415;0.00000000000
7044;-22.3150358154;12.3723354149;0.00000000000
7045;-23.6698210449;11.8463007144;0.00000000000
7046;-22.9904866426;12.0848440637;0.00000000000
7047;-21.2422873897;14.6503888428;0.00000000000
7048;-21.9454047015;14.3821371273;0.00000000000
7049;-20.6055926280;15.7446667892;0.00000000000
7050;-19.8524191671;16.7878369914;0.00000000000
7051;-18.9975267202;17.7722410945;0.00000000000
7052;-18.8979847703;18.6675318030;0.00000000000
7053;-17.0660486610;19.5487024633;0.00000000000
7054;-6.39059142997;25.7096624827;0.00000000000
7055;-6.99594779220;26.2005050958;0.00000000000
7056;-6.14109055483;27.9463543770;0.00000000000
7057;-6.13336993067;44.6064711312;0.00000000000
7058;-6.64397696301;44.1170318091;0.00000000000
7059;-93.5863971617;43.8275251607;0.00000000000
7060;-91.7750635639;6.42341863085;0.00000000000
;;;
NODE;X;Y;Z
7061;-92.2801086885;6.88534909185;0.00000000000
7062;-89.7495416689;6.49071071667;0.00000000000
7063;-90.2463297987;6.95487280454;0.00000000000
7064;-87.7153089681;6.55127434912;0.00000000000
7065;-88.2053686340;7.02460485435;0.00000000000
7066;-85.6906589254;6.57983754730;0.00000000000
7067;-86.1741965693;7.06122710311;0.00000000000
7068;-83.6702386761;6.60192910295;0.00000000000
7069;-84.1466816861;7.08356019778;0.00000000000
7070;-81.6671815791;6.60765692584;0.00000000000
7071;-82.1347084548;7.10654485677;0.00000000000
7072;-79.6693615518;6.57788232256;0.00000000000
7073;-80.1357839961;7.08308923333;0.00000000000
7074;-77.6556602174;6.58194256679;0.00000000000
7075;-78.1257032813;7.07149663385;0.00000000000
7076;-75.6367088031;6.60331901775;0.00000000000
7077;-76.1040461106;7.09595077564;0.00000000000
7078;-73.6504448660;6.60414249054;0.00000000000
7079;-74.1043233253;7.10885889349;0.00000000000
7080;-71.6579306406;6.56674669525;0.00000000000
;;;
NODE;X;Y;Z
7081;-72.1267747026;7.06472862081;0.00000000000
7082;-69.6617372230;6.58779984573;0.00000000000
7083;-70.1238643495;7.07285261278;0.00000000000
7084;-67.6686755689;6.61546231701;0.00000000000
7085;-68.1351470498;7.11003962545;0.00000000000
7086;-65.6689263836;6.60829351091;0.00000000000
7087;-66.1353446545;7.11606512707;0.00000000000
7088;-63.6675013149;6.59603083543;0.00000000000
7089;-64.1360377094;7.09957077203;0.00000000000
7090;-61.6700735670;6.60174322183;0.00000000000
7091;-62.1423434794;7.10003822454;0.00000000000
7092;-59.6748185389;6.60920399473;0.00000000000
7093;-60.1442913280;7.11050293489;0.00000000000
7094;-57.6811392500;6.61188568433;0.00000000000
7095;-58.1504820971;7.11421071693;0.00000000000
7096;-55.6865723976;6.61548422398;0.00000000000
7097;-56.1544413406;7.11805884328;0.00000000000
7098;-53.6825353063;6.61698589410;0.00000000000
7099;-54.1545665440;7.11992338752;0.00000000000
7100;-51.6862784584;6.61433412337;0.00000000000
;;;
NODE;X;Y;Z
7101;-52.1526685848;7.12079569073;0.00000000000
7102;-49.6813028370;6.61192885425;0.00000000000
7103;-50.1526616818;7.11447347463;0.00000000000
7104;-47.6859417005;6.61135106779;0.00000000000
7105;-48.1516573625;7.11600701746;0.00000000000
7106;-45.6814528029;6.61035993028;0.00000000000
7107;-46.1527075270;7.11210928803;0.00000000000
7108;-43.6863382924;6.61061266888;0.00000000000
7109;-44.1520895278;7.11495665333;0.00000000000
7110;-41.6815654995;6.60986913582;0.00000000000
7111;-42.1529438769;7.11159297042;0.00000000000
7112;-39.6801883351;6.61277895546;0.00000000000
7113;-40.1517183040;7.11506074699;0.00000000000
7114;-37.6626708740;6.61600576607;0.00000000000
7115;-38.1362447580;7.11583474936;0.00000000000
7116;-35.6209978507;6.65010118953;0.00000000000
7117;-36.0970347936;7.14699132645;0.00000000000
7118;-33.5682344666;6.73888827426;0.00000000000
7119;-34.0302842961;7.24101008502;0.00000000000
7120;-31.5397995932;6.86799239283;0.00000000000
;;;
NODE;X;Y;Z
7121;-31.9784966345;7.39370734429;0.00000000000
7122;-29.5960599694;6.97471273958;0.00000000000
7123;-29.9955806086;7.56120754067;0.00000000000
7124;-27.8074462217;6.82339675675;0.00000000000
7125;-28.1806213307;7.45254960853;0.00000000000
7126;-24.8814018591;10.7198913289;0.00000000000
7127;-7.68704661772;26.7217501232;0.00000000000
7128;-8.30466237086;25.9988676461;0.00000000000
7129;-8.09588159898;27.3576751906;0.00000000000
7130;-8.16326343499;43.6056213056;0.00000000000
7131;-7.62575099966;43.1631002214;0.00000000000
7132;-10.1554399456;43.4587205822;0.00000000000
7133;-9.64277596093;43.0282448212;0.00000000000
7134;-12.1465788460;43.2841533303;0.00000000000
7135;-11.6106493385;42.7845614849;0.00000000000
7136;-14.2024519686;43.2935542333;0.00000000000
7137;-13.6959245672;42.7450363655;0.00000000000
7138;-16.2654004221;43.3720012918;0.00000000000
7139;-15.7703588627;42.8434744409;0.00000000000
7140;-18.2917978022;43.4020643460;0.00000000000
;;;
NODE;X;Y;Z
7141;-17.8158319241;42.8972499133;0.00000000000
7142;-20.3076204641;43.4102493657;0.00000000000
7143;-19.8426926927;42.9177754063;0.00000000000
7144;-22.3091025252;43.4102026664;0.00000000000
7145;-21.8465525710;42.9109617233;0.00000000000
7146;-24.3131441156;43.3899270770;0.00000000000
7147;-23.8460561082;42.8931367914;0.00000000000
7148;-26.3138375261;43.3926912802;0.00000000000
7149;-25.8512320488;42.8843315920;0.00000000000
7150;-28.3117928393;43.4348620905;0.00000000000
7151;-27.8508529853;42.9233669736;0.00000000000
7152;-30.3139936294;43.4381617952;0.00000000000
7153;-29.8514139751;42.9479576452;0.00000000000
7154;-32.3260433691;43.4152823916;0.00000000000
7155;-31.8617479365;42.9221469276;0.00000000000
7156;-34.3159167507;43.4183526719;0.00000000000
7157;-33.8604555636;42.9158934531;0.00000000000
7158;-36.3290394991;43.4378063489;0.00000000000
7159;-35.8647769419;42.9401770547;0.00000000000
7160;-38.3444000260;43.4043566283;0.00000000000
;;;
NODE;X;Y;Z
7161;-37.8883567735;42.9150977830;0.00000000000
7162;-40.3373130406;43.3986744249;0.00000000000
7163;-39.8961133984;42.8812130691;0.00000000000
7164;-42.3268020617;43.4450015394;0.00000000000
7165;-41.8737739938;42.9432818208;0.00000000000
7166;-44.3298232938;43.4335463159;0.00000000000
7167;-43.8754110460;42.9516061441;0.00000000000
7168;-46.3255780387;43.4163121894;0.00000000000
7169;-45.8707427691;42.9239976973;0.00000000000
7170;-48.3167640941;43.3945408697;0.00000000000
7171;-47.8571633232;42.8989602109;0.00000000000
7172;-50.3148129650;43.3949272001;0.00000000000
7173;-49.8521009229;42.8913520529;0.00000000000
7174;-52.3160014324;43.4358287953;0.00000000000
7175;-51.8578691334;42.9285272025;0.00000000000
7176;-54.3202738625;43.4434939391;0.00000000000
7177;-53.8545703365;42.9542670638;0.00000000000
7178;-56.3228953711;43.4293367774;0.00000000000
7179;-55.8625634390;42.9427836520;0.00000000000
7180;-58.3130465620;43.4135553726;0.00000000000
;;;
NODE;X;Y;Z
7181;-57.8541424446;42.9172403302;0.00000000000
7182;-60.3163875450;43.3928337172;0.00000000000
7183;-59.8562956057;42.8975107579;0.00000000000
7184;-62.3192424959;43.3939200780;0.00000000000
7185;-61.8622302140;42.8915649457;0.00000000000
7186;-64.3164533596;43.4357493259;0.00000000000
7187;-63.8622244975;42.9246491700;0.00000000000
7188;-66.3205571805;43.4433234087;0.00000000000
7189;-65.8549305202;42.9541119890;0.00000000000
7190;-68.3230386916;43.4295253089;0.00000000000
7191;-67.8626441178;42.9433904447;0.00000000000
7192;-70.3131760119;43.4131706611;0.00000000000
7193;-69.8542726422;42.9167956225;0.00000000000
7194;-72.3150849166;43.3925014181;0.00000000000
7195;-71.8502883762;42.8952784403;0.00000000000
7196;-74.3135172627;43.3938961685;0.00000000000
7197;-73.8534175606;42.8891073530;0.00000000000
7198;-76.3156792904;43.4376030337;0.00000000000
7199;-75.8572633920;42.9298236072;0.00000000000
7200;-78.3282773847;43.4409154859;0.00000000000
;;;
NODE;X;Y;Z
7201;-77.8662019951;42.9497338358;0.00000000000
7202;-80.3491074990;43.4077961627;0.00000000000
7203;-79.8910248608;42.9166687989;0.00000000000
7204;-82.3763808293;43.3436638648;0.00000000000
7205;-81.9238590352;42.8408208133;0.00000000000
7206;-84.3730398615;43.3085543480;0.00000000000
7207;-83.9470421894;42.7648766503;0.00000000000
7208;-86.3349479895;43.3463797441;0.00000000000
7209;-85.9060617461;42.7884278161;0.00000000000
7210;-88.2891576065;43.4298001561;0.00000000000
7211;-87.8321602775;42.9123589250;0.00000000000
7212;-90.2378657421;43.3862551166;0.00000000000
7213;-89.7697281703;42.9124962312;0.00000000000
7214;-92.1397231738;43.3243662906;0.00000000000
7215;-91.6654672962;42.8239460069;0.00000000000
7216;-92.6118672631;42.7978042649;0.00000000000
7217;-93.5327794037;41.7568892784;0.00000000000
7218;-93.0707458648;42.2730906295;0.00000000000
7219;-93.3985605472;39.7002834245;0.00000000000
7220;-92.9434841730;40.1967641272;0.00000000000
;;;
NODE;X;Y;Z
7221;-93.3266677079;37.6903811347;0.00000000000
7222;-92.7776884361;38.1812567358;0.00000000000
7223;-93.3147319385;35.6888107906;0.00000000000
7224;-92.7741051274;36.1746751100;0.00000000000
7225;-93.3828477885;33.6709001565;0.00000000000
7226;-92.8417978088;34.1574780847;0.00000000000
7227;-93.4102543520;31.6511850518;0.00000000000
7228;-92.9163651614;32.1192460585;0.00000000000
7229;-93.4014991649;29.6471774203;0.00000000000
7230;-92.9014666347;30.1112495210;0.00000000000
7231;-93.4217942836;27.6532497605;0.00000000000
7232;-92.9175995542;28.1148192309;0.00000000000
7233;-93.4167096163;25.6414624148;0.00000000000
7234;-92.9234902103;26.1042861188;0.00000000000
7235;-93.3983670314;23.6385003992;0.00000000000
7236;-92.9006268398;24.0990165450;0.00000000000
7237;-93.4034905086;21.6480041785;0.00000000000
7238;-92.8970886291;22.1078258574;0.00000000000
7239;-93.4157379828;19.6587712678;0.00000000000
7240;-92.9136106780;20.1214762429;0.00000000000
;;;
NODE;X;Y;Z
7241;-93.4159370531;17.6641311389;0.00000000000
7242;-92.9245613058;18.1373627786;0.00000000000
7243;-93.4314006627;15.6753655836;0.00000000000
7244;-92.9412964425;16.1466738703;0.00000000000
7245;-93.4198497663;13.6772381279;0.00000000000
7246;-92.9363721450;14.1579585302;0.00000000000
7247;-93.3783616718;11.6947838293;0.00000000000
7248;-92.8916100449;12.1805128693;0.00000000000
7249;-93.3333912084;9.75234678272;0.00000000000
7250;-92.8375357246;10.2356841790;0.00000000000
7251;-92.7908689820;8.31082037229;0.00000000000
7252;-9.56973316274;25.2464929840;0.00000000000
7253;-9.06605709459;26.2247076738;0.00000000000
7254;-11.2090765291;25.5534934421;0.00000000000
7255;-10.8268490932;24.6159655234;0.00000000000
7256;-10.3729225746;25.4384942517;0.00000000000
7257;-12.0541015500;24.0384205379;0.00000000000
7258;-11.6284069167;24.8194658109;0.00000000000
7259;-13.2372555537;23.4467098475;0.00000000000
7260;-12.8558302621;24.2539848836;0.00000000000
;;;
NODE;X;Y;Z
7261;-14.3719485252;22.7992692819;0.00000000000
7262;-14.0343215450;23.6505128610;0.00000000000
7263;-15.5138191630;22.0849522312;0.00000000000
7264;-15.1981331142;22.9630261813;0.00000000000
7265;-16.6193525771;21.3200765117;0.00000000000
7266;-16.3527449060;22.2059664372;0.00000000000
7267;-17.7023896471;20.4953536386;0.00000000000
7268;-18.7562107997;19.5835197969;0.00000000000
7269;-20.7028900957;17.5451549289;0.00000000000
7270;-20.6441063740;18.4571261191;0.00000000000
7271;-21.5166789692;16.4137223150;0.00000000000
7272;-22.1794544086;15.2300439716;0.00000000000
7273;-22.8786134452;14.8927263698;0.00000000000
7274;-23.6414299332;14.2810734495;0.00000000000
7275;-7.58846882083;42.2426943481;0.00000000000
7276;-8.54086356233;42.2747650146;0.00000000000
7277;-10.4353266872;41.8593878605;0.00000000000
7278;-12.5340219476;41.6789921035;0.00000000000
7279;-14.7513840715;41.7860806686;0.00000000000
7280;-15.8149700966;41.8346316207;0.00000000000
;;;
NODE;X;Y;Z
7281;-17.8825615921;41.9023430827;0.00000000000
7282;-19.3765236821;42.4205158242;0.00000000000
7283;-21.9139114627;41.9110411157;0.00000000000
7284;-23.9184407268;41.8814706392;0.00000000000
7285;-25.3935891500;42.3715571567;0.00000000000
7286;-27.9371416817;41.9202558185;0.00000000000
7287;-29.9359921959;41.9769154396;0.00000000000
7288;-31.4007198661;42.4413526083;0.00000000000
7289;-33.9287193191;41.9227264536;0.00000000000
7290;-35.9283547665;41.9492780566;0.00000000000
7291;-37.4168774483;42.4348653828;0.00000000000
7292;-40.0336569064;41.8326913174;0.00000000000
7293;-41.9951303714;41.9797206256;0.00000000000
7294;-43.4379523981;42.4795306585;0.00000000000
7295;-45.9624860769;41.9264850026;0.00000000000
7296;-47.9468367967;41.8933388446;0.00000000000
7297;-49.4002728583;42.3833670681;0.00000000000
7298;-51.9496554613;41.9401792089;0.00000000000
7299;-53.9507239804;41.9815450159;0.00000000000
7300;-55.4084923662;42.4590448985;0.00000000000
;;;
NODE;X;Y;Z
7301;-57.9413061568;41.9273909322;0.00000000000
7302;-59.9470753894;41.8987169796;0.00000000000
7303;-61.4092186024;42.3878026429;0.00000000000
7304;-63.9588569593;41.9327345761;0.00000000000
7305;-65.9510841591;41.9815516845;0.00000000000
7306;-67.4085809243;42.4603163805;0.00000000000
7307;-69.9409070337;41.9283706652;0.00000000000
7308;-71.9403664541;41.8942409110;0.00000000000
7309;-73.4017710374;42.3810583392;0.00000000000
7310;-75.9603379010;41.9270870602;0.00000000000
7311;-77.9625887320;41.9688462157;0.00000000000
7312;-79.4330471839;42.4351873378;0.00000000000
7313;-82.0463586962;41.7868788841;0.00000000000
7314;-84.1082879913;41.6645266049;0.00000000000
7315;-85.5332405186;42.1910915901;0.00000000000
7316;-87.9448229208;41.9045693044;0.00000000000
7317;-89.7955574418;41.9979088868;0.00000000000
7318;-91.1777939280;42.3248946882;0.00000000000
7319;-91.9076639165;40.1876442957;0.00000000000
7320;-91.5913918758;38.2302176725;0.00000000000
;;;
NODE;X;Y;Z
7321;-92.1695683994;36.7054095199;0.00000000000
7322;-91.7771657963;34.1204514706;0.00000000000
7323;-91.9298145477;32.0342840089;0.00000000000
7324;-92.4009383518;30.5684768735;0.00000000000
7325;-91.9233335033;28.0307300702;0.00000000000
7326;-91.9348926533;26.0100337902;0.00000000000
7327;-92.3998984224;24.5465386565;0.00000000000
7328;-91.8683307679;22.0015539999;0.00000000000
7329;-91.9017076394;20.0255761603;0.00000000000
7330;-92.4278846490;18.5882297896;0.00000000000
7331;-91.9737446457;16.0864548270;0.00000000000
7332;-91.9645759343;14.1311892334;0.00000000000
7333;-92.4092367235;12.6671355202;0.00000000000
7334;-91.8106562425;10.2521003196;0.00000000000
7335;-92.2857553423;8.80714255227;0.00000000000
7336;-91.2487583636;7.88330081109;0.00000000000
7337;-89.1987525541;7.95408897536;0.00000000000
7338;-87.1452846716;8.02690102772;0.00000000000
7339;-86.1275788118;8.04349699099;0.00000000000
7340;-84.0891894708;8.06738655613;0.00000000000
;;;
NODE;X;Y;Z
7341;-82.6000494896;7.60361552028;0.00000000000
7342;-80.0577206091;8.08464230221;0.00000000000
7343;-78.0425056723;8.02895827252;0.00000000000
7344;-76.5633260909;7.55449075595;0.00000000000
7345;-73.9792800009;8.11930156778;0.00000000000
7346;-72.0107530044;8.01541535250;0.00000000000
7347;-70.5703110094;7.55148078472;0.00000000000
7348;-68.0754827605;8.11286504575;0.00000000000
7349;-66.6006250275;7.62989918995;0.00000000000
7350;-64.0650636047;8.11045276056;0.00000000000
7351;-62.0665339177;8.12038517642;0.00000000000
7352;-60.6075790395;7.61357831313;0.00000000000
7353;-58.0810417143;8.12652401003;0.00000000000
7354;-56.6188356276;7.62000547237;0.00000000000
7355;-54.0809463389;8.13858443146;0.00000000000
7356;-52.6139183575;7.62549435039;0.00000000000
7357;-50.0742793115;8.12986337593;0.00000000000
7358;-48.6078631309;7.62544109331;0.00000000000
7359;-46.0750194686;8.12484194335;0.00000000000
7360;-44.6130019258;7.61829106280;0.00000000000
;;;
NODE;X;Y;Z
7361;-42.0792862164;8.12037970649;0.00000000000
7362;-40.6130768331;7.61803570732;0.00000000000
7363;-38.0643830832;8.11920835885;0.00000000000
7364;-36.5747036367;7.63721730292;0.00000000000
7365;-33.9201059356;8.31308971485;0.00000000000
7366;-32.4126660233;7.91655430146;0.00000000000
7367;-29.7974176840;8.86961521722;0.00000000000
7368;-28.5074479218;8.23876822824;0.00000000000
7369;-27.1048030414;8.70681996532;0.00000000000
7370;-25.9201256917;9.38834906084;0.00000000000
7371;-24.4556403625;12.6239414775;0.00000000000
7372;-23.9113421893;15.0622123849;0.00000000000
7373;-22.4594297501;16.9984124501;0.00000000000
7374;-23.2731748548;16.5600458520;0.00000000000
7375;-22.4652533207;17.9306728393;0.00000000000
7376;-20.5410451061;19.3700839988;0.00000000000
7377;-19.4639164869;20.4435242857;0.00000000000
7378;-18.3542304100;21.4286510091;0.00000000000
7379;-18.1097979601;22.3365025493;0.00000000000
7380;-16.0710607791;23.1032069943;0.00000000000
;;;
NODE;X;Y;Z
7381;-14.8766502272;23.8482079774;0.00000000000
7382;-13.6690694988;24.5200508333;0.00000000000
7383;-12.4764121847;25.0557872097;0.00000000000
7384;-10.6670586667;27.0319720688;0.00000000000
7385;-10.0084929973;26.2128790710;0.00000000000
7386;-10.8446469519;26.3278782614;0.00000000000
7387;-9.84474502134;27.0561719942;0.00000000000
7388;-8.25697785289;28.2582110154;0.00000000000
7389;-8.00009204704;40.4180678721;0.00000000000
7390;-8.34169868265;40.9497333530;0.00000000000
7391;-8.31045568901;39.5153034649;0.00000000000
7392;-8.01295108100;38.4751124364;0.00000000000
7393;-7.77481078294;37.4685315580;0.00000000000
7394;-7.60980554984;36.4789957016;0.00000000000
7395;-7.43792349069;34.5312726799;0.00000000000
7396;-7.95797237626;35.0634720916;0.00000000000
7397;-7.37480184025;32.5650065139;0.00000000000
7398;-7.86121984980;33.1398233529;0.00000000000
7399;-8.49400678321;29.0144553894;0.00000000000
7400;-27.3877358705;9.65806194321;0.00000000000
;;;
NODE;X;Y;Z
7401;-8.99560441795;40.8183334449;0.00000000000
7402;-10.6635498204;41.1478675604;0.00000000000
7403;-9.57467572557;39.3234227416;0.00000000000
7404;-9.73761663852;40.0874905173;0.00000000000
7405;-13.1110120164;41.2211684824;0.00000000000
7406;-15.3151599870;41.3117176362;0.00000000000
7407;-15.8672528837;40.8282859371;0.00000000000
7408;-17.9422081198;40.9033437540;0.00000000000
7409;-21.4504235737;41.4114210726;0.00000000000
7410;-23.4566552958;41.3952470656;0.00000000000
7411;-27.4979177480;41.3847309717;0.00000000000
7412;-30.0287851686;41.0171322465;0.00000000000
7413;-33.4532440322;41.4217670408;0.00000000000
7414;-35.9742752315;40.9673980871;0.00000000000
7415;-39.5303807387;41.3587124560;0.00000000000
7416;-42.1874378384;41.0799474917;0.00000000000
7417;-45.5176513933;41.4378635145;0.00000000000
7418;-47.4998641383;41.3963414205;0.00000000000
7419;-51.5207746908;41.4128351566;0.00000000000
7420;-54.0684473756;41.0138596941;0.00000000000
;;;
NODE;X;Y;Z
7421;-57.4900827619;41.4406945914;0.00000000000
7422;-59.4954753069;41.4072314872;0.00000000000
7423;-63.5232980141;41.4157721421;0.00000000000
7424;-66.0691177440;41.0179762962;0.00000000000
7425;-69.4938188971;41.4446374190;0.00000000000
7426;-71.4912680503;41.3988353810;0.00000000000
7427;-75.5241972723;41.4091520724;0.00000000000
7428;-78.0796999188;40.9761451895;0.00000000000
7429;-81.5940713777;41.2954603479;0.00000000000
7430;-83.6821290642;41.1186562597;0.00000000000
7431;-87.7371320657;41.2341217874;0.00000000000
7432;-91.5233134692;40.7105490513;0.00000000000
7433;-90.8400100721;40.2705153930;0.00000000000
7434;-90.9593757001;38.8086588000;0.00000000000
7435;-91.1734130093;34.6375482346;0.00000000000
7436;-90.9238956175;31.9448001337;0.00000000000
7437;-91.4029302926;28.4783614845;0.00000000000
7438;-90.9601161189;25.9002022872;0.00000000000
7439;-91.3401470456;22.4267918442;0.00000000000
7440;-90.8608633148;19.8823316646;0.00000000000
;;;
NODE;X;Y;Z
7441;-91.4800560725;16.5211443583;0.00000000000
7442;-91.0114383624;14.0982010284;0.00000000000
7443;-91.3120387451;10.7478972252;0.00000000000
7444;-90.2167690746;8.87758162678;0.00000000000
7445;-88.1459287475;8.97201384267;0.00000000000
7446;-86.6192685077;8.52902984681;0.00000000000
7447;-85.0636683062;9.04584102754;0.00000000000
7448;-81.9787952906;9.11139489150;0.00000000000
7449;-80.4969423675;8.61300489952;0.00000000000
7450;-77.9366989190;8.95405397454;0.00000000000
7451;-74.4220171411;8.60110638209;0.00000000000
7452;-71.8426753834;8.89705646794;0.00000000000
7453;-68.5521616180;8.62548426359;0.00000000000
7454;-64.5262708631;8.62083499797;0.00000000000
7455;-61.5250459551;8.63580925653;0.00000000000
7456;-62.4333305231;9.65580952996;0.00000000000
7457;-61.9794426177;9.14623312342;0.00000000000
7458;-60.9810057747;9.15538655852;0.00000000000
7459;-58.5424357148;8.63296088115;0.00000000000
7460;-54.5397829339;8.63971346240;0.00000000000
;;;
NODE;X;Y;Z
7461;-50.5208249970;8.63667138709;0.00000000000
7462;-46.5250692110;8.63450759448;0.00000000000
7463;-42.5281101823;8.62737019373;0.00000000000
7464;-38.5268804355;8.61119248654;0.00000000000
7465;-34.4025561147;8.78968109326;0.00000000000
7466;-27.0604621584;11.2665110094;0.00000000000
7467;-25.8390802469;13.1599014307;0.00000000000
7468;-26.5413221408;13.0328656257;0.00000000000
7469;-27.9645923757;8.92585411628;0.00000000000
7470;-24.8279960782;15.3568841806;0.00000000000
7471;-23.4047791173;17.5264872193;0.00000000000
7472;-24.2623990649;16.9961337944;0.00000000000
7473;-22.4279736015;18.9207367210;0.00000000000
7474;-23.3674993981;18.5165511011;0.00000000000
7475;-21.3211145991;20.1098799825;0.00000000000
7476;-20.1903954772;21.2690712598;0.00000000000
7477;-19.9690314363;22.2106895407;0.00000000000
7478;-17.8592291870;23.2564841922;0.00000000000
7479;-16.6615351403;24.1041005829;0.00000000000
7480;-15.4277892762;24.8680093008;0.00000000000
;;;
NODE;X;Y;Z
7481;-14.1267834057;25.5864884922;0.00000000000
7482;-12.7671205843;26.2478172641;0.00000000000
7483;-12.2935879318;26.8347903866;0.00000000000
7484;-10.6988360644;27.7846832546;0.00000000000
7485;-8.75026052399;29.7485960055;0.00000000000
7486;-8.31473044869;32.7613078339;0.00000000000
7487;-9.22722334589;32.0404235305;0.00000000000
7488;-8.78096443124;32.3855547511;0.00000000000
7489;-8.82431209841;33.3531646837;0.00000000000
7490;-8.95845681897;35.1798411506;0.00000000000
7491;-9.87829960641;38.6169268410;0.00000000000
7492;-89.8435995841;40.5615027411;0.00000000000
7493;-89.9039642885;32.9320961584;0.00000000000
7494;-89.1909492497;9.89415611259;0.00000000000
7495;-88.1427450674;9.95797898195;0.00000000000
7496;-83.9810598493;10.0431495492;0.00000000000
7497;-78.7160293133;10.0322515004;0.00000000000
7498;-28.0558094043;11.5414371192;0.00000000000
7499;-25.1705265262;16.1832390455;0.00000000000
7500;-25.9532379282;15.0649350774;0.00000000000
;;;
NODE;X;Y;Z
7501;-25.2513988750;17.0985989816;0.00000000000
7502;-23.2677796768;19.4734679816;0.00000000000
7503;-24.2435516924;18.8684106111;0.00000000000
7504;-22.1125446943;20.8146549892;0.00000000000
7505;-23.0954638865;20.4303215261;0.00000000000
7506;-20.9250668759;22.0615765779;0.00000000000
7507;-19.7264192917;23.1917366281;0.00000000000
7508;-20.6824547313;23.0426236653;0.00000000000
7509;-18.5185298149;24.2026913003;0.00000000000
7510;-17.2801819145;25.1045033134;0.00000000000
7511;-16.0186761333;25.8770033250;0.00000000000
7512;-14.6960393567;26.5878705192;0.00000000000
7513;-14.4232015649;27.3950801186;0.00000000000
7514;-26.8326527933;14.2408082023;0.00000000000
7515;-27.6930124650;13.4931119819;0.00000000000
7516;-11.5468219408;27.6778909384;0.00000000000
7517;-11.6504261515;28.3581586574;0.00000000000
7518;-9.69272698672;32.6497508257;0.00000000000
7519;-9.36283865736;33.9448832775;0.00000000000
7520;-9.82958307762;37.1892835774;0.00000000000
;;;
NODE;X;Y;Z
7521;-10.1173719306;36.7271862763;0.00000000000
7522;-10.9213109348;38.0494479788;0.00000000000
7523;-11.9659619414;40.2882922652;0.00000000000
7524;-11.4753017327;39.7608599140;0.00000000000
7525;-13.1738229649;40.2790810187;0.00000000000
7526;-13.7853186306;39.7982698405;0.00000000000
7527;-16.9746678518;39.8389367843;0.00000000000
7528;-29.1518059833;39.9898811033;0.00000000000
7529;-90.0637250891;14.9823174203;0.00000000000
7530;-89.7115163762;20.6476487136;0.00000000000
7531;-90.0368542545;26.8087018037;0.00000000000
7532;-89.1841677530;40.5462494501;0.00000000000
7533;-53.2128545237;39.9986430551;0.00000000000
7534;-65.2237224602;40.0158508550;0.00000000000
7535;-77.2261928106;39.9485679448;0.00000000000
7536;-89.1833678399;39.7584178636;0.00000000000
7537;-60.8640204299;10.2065812131;0.00000000000
7538;-26.2259469401;16.3371397608;0.00000000000
7539;-27.1053618052;15.5130128857;0.00000000000
7540;-25.2306720955;18.3070555795;0.00000000000
;;;
NODE;X;Y;Z
7541;-26.2052201606;17.5455963587;0.00000000000
7542;-24.0890225913;19.9741051579;0.00000000000
7543;-25.0761429944;19.4127501262;0.00000000000
7544;-22.8787247958;21.5016850771;0.00000000000
7545;-23.8722835006;21.0454687089;0.00000000000
7546;-21.6451848646;22.8623424529;0.00000000000
7547;-22.6222488093;22.5625033871;0.00000000000
7548;-20.4142635758;24.0972061671;0.00000000000
7549;-21.3769937092;23.9169249547;0.00000000000
7550;-19.1746680933;25.1870369049;0.00000000000
7551;-17.9078482444;26.1390107580;0.00000000000
7552;-16.6326268861;26.9145326612;0.00000000000
7553;-16.3023943986;27.7759360081;0.00000000000
7554;-13.2709604262;28.1440545400;0.00000000000
7555;-13.0535875420;28.8343584826;0.00000000000
7556;-12.3739946627;28.2561918979;0.00000000000
7557;-12.4424762436;28.9950882726;0.00000000000
7558;-88.6753970674;10.4208919683;0.00000000000
7559;-84.9982069321;11.0320722967;0.00000000000
7560;-81.2797209042;10.6067619250;0.00000000000
;;;
NODE;X;Y;Z
7561;-81.7797547060;11.0769414668;0.00000000000
7562;-79.4783526945;11.1736274111;0.00000000000
7563;-75.3072087368;10.2449635947;0.00000000000
7564;-75.7303120229;10.5833354486;0.00000000000
7565;-40.6275293402;39.5846984923;0.00000000000
7566;-41.4819328726;39.3267573277;0.00000000000
7567;-40.9743343899;39.0096392778;0.00000000000
7568;-88.3103474349;38.0565592955;0.00000000000
7569;-87.5528995793;38.6662549727;0.00000000000
7570;-88.4628792952;36.8508986183;0.00000000000
7571;-88.6612398304;35.6629373417;0.00000000000
7572;-88.1982766748;35.0536907231;0.00000000000
7573;-89.3364080818;29.4274463607;0.00000000000
7574;-88.7647199681;30.0042428081;0.00000000000
7575;-88.8510012343;27.6388896142;0.00000000000
7576;-89.1382986556;24.2188094821;0.00000000000
7577;-88.7427001224;24.7621487824;0.00000000000
7578;-89.2743970898;22.1145609537;0.00000000000
7579;-88.8210588176;22.5683842649;0.00000000000
7580;-88.6486867730;21.5060441093;0.00000000000
;;;
NODE;X;Y;Z
7581;-89.4899021503;18.0366067059;0.00000000000
7582;-88.9509495350;18.3635359628;0.00000000000
7583;-89.4859742198;16.1920355509;0.00000000000
7584;-89.0628389273;16.5609371310;0.00000000000
7585;-88.9139382028;15.5896250532;0.00000000000
7586;-88.7092058316;11.4054995426;0.00000000000
7587;-73.0484654297;10.5810978950;0.00000000000
7588;-72.5104250227;10.4636295898;0.00000000000
7589;-30.5710264151;11.6026330070;0.00000000000
7590;-28.4704220836;12.5143558947;0.00000000000
7591;-28.9856066323;13.7293350790;0.00000000000
7592;-86.3111874476;38.6628945882;0.00000000000
7593;-87.0457897526;38.0700854315;0.00000000000
7594;-85.1050563384;38.7380057978;0.00000000000
7595;-82.8491829065;38.9851141569;0.00000000000
7596;-83.4263623605;38.3475193734;0.00000000000
7597;-80.7534721940;39.3578731893;0.00000000000
7598;-81.3065173106;38.7439084614;0.00000000000
7599;-78.3315863317;38.9952225017;0.00000000000
7600;-73.7835715060;39.3079472041;0.00000000000
;;;
NODE;X;Y;Z
7601;-74.3765482663;38.7823088550;0.00000000000
7602;-66.3383384438;39.1663960751;0.00000000000
7603;-61.7851868904;39.3726717749;0.00000000000
7604;-62.3893430486;38.8561089233;0.00000000000
7605;-54.3273890256;39.1416473333;0.00000000000
7606;-49.7834557019;39.3452615280;0.00000000000
7607;-50.3856118317;38.8291523687;0.00000000000
7608;-42.4265142514;39.2268773096;0.00000000000
7609;-10.6927527108;36.0310889416;0.00000000000
7610;-11.5860230323;36.7255187134;0.00000000000
7611;-12.1728278497;39.4047134841;0.00000000000
7612;-12.8230724227;38.8836739077;0.00000000000
7613;-14.4110364032;39.2871212526;0.00000000000
7614;-15.4708492422;39.2886339010;0.00000000000
7615;-16.0328689618;38.7746109952;0.00000000000
7616;-17.5274691778;39.3180960593;0.00000000000
7617;-39.5342361754;39.2630877754;0.00000000000
7618;-39.0844458420;38.7953987862;0.00000000000
7619;-69.3761344315;10.9123106683;0.00000000000
7620;-69.9218892548;11.2988772527;0.00000000000
;;;
NODE;X;Y;Z
7621;-67.3575973838;10.6734808149;0.00000000000
7622;-67.7850563650;11.2414010268;0.00000000000
7623;-65.3742663681;10.6635100617;0.00000000000
7624;-65.8244723869;11.1802770582;0.00000000000
7625;-61.7814933042;11.2185669128;0.00000000000
7626;-60.2904359659;10.7436792129;0.00000000000
7627;-58.2498076637;10.7877860672;0.00000000000
7628;-58.6696639417;11.3238201199;0.00000000000
7629;-56.3104491236;10.7045520633;0.00000000000
7630;-56.6869822270;11.3104685711;0.00000000000
7631;-54.3338503023;10.6259574989;0.00000000000
7632;-54.7735469019;11.1330346687;0.00000000000
7633;-52.3122310413;10.5774815666;0.00000000000
7634;-52.7599827062;11.0518091795;0.00000000000
7635;-50.2860277506;10.6623591139;0.00000000000
7636;-50.7341943661;11.1360237407;0.00000000000
7637;-48.2582416920;10.7253592140;0.00000000000
7638;-48.6891566631;11.2376813060;0.00000000000
7639;-46.2797572384;10.7251723534;0.00000000000
7640;-46.7033221288;11.2761158646;0.00000000000
;;;
NODE;X;Y;Z
7641;-44.2784909825;10.6551698020;0.00000000000
7642;-44.7134847395;11.1930406590;0.00000000000
7643;-42.2987365553;10.6541102073;0.00000000000
7644;-42.7247654008;11.1728871003;0.00000000000
7645;-40.3280772170;10.6083600173;0.00000000000
7646;-40.7580007116;11.1229578633;0.00000000000
7647;-38.3486410386;10.5608988968;0.00000000000
7648;-38.8010348391;11.0496442260;0.00000000000
7649;-36.3453674301;10.6595638534;0.00000000000
7650;-36.8099105448;11.1294983120;0.00000000000
7651;-12.3581743210;31.9260058195;0.00000000000
7652;-88.1997498156;11.9624578072;0.00000000000
7653;-83.8790149617;12.0029989217;0.00000000000
7654;-80.6760374931;12.0970011535;0.00000000000
7655;-73.1901645050;11.4774938875;0.00000000000
7656;-72.9112924506;12.1389944122;0.00000000000
7657;-72.6992875183;11.2696131099;0.00000000000
7658;-30.3003903786;12.7979255254;0.00000000000
7659;-29.4884234259;15.6850775641;0.00000000000
7660;-28.3976876152;15.9721695820;0.00000000000
;;;
NODE;X;Y;Z
7661;-30.9281382867;12.8573524114;0.00000000000
7662;-27.2428092923;18.1335675241;0.00000000000
7663;-24.8263052805;20.6550341652;0.00000000000
7664;-25.9033393324;20.1443566203;0.00000000000
7665;-24.5185438454;21.8833712618;0.00000000000
7666;-23.2520901626;23.4533747179;0.00000000000
7667;-21.9969975500;24.8804550053;0.00000000000
7668;-19.7921496827;26.2394870822;0.00000000000
7669;-20.7283061983;26.1698166424;0.00000000000
7670;-19.4403237311;27.3033026541;0.00000000000
7671;-17.2098543486;28.0381945000;0.00000000000
7672;-18.1380258679;28.2259284624;0.00000000000
7673;-15.9013899815;28.6774299407;0.00000000000
7674;-16.8088499315;28.9396884326;0.00000000000
7675;-15.4939092445;29.4755572607;0.00000000000
7676;-87.2191299049;36.8422158859;0.00000000000
7677;-86.4973215688;37.4560740225;0.00000000000
7678;-86.7013016109;36.1971520271;0.00000000000
7679;-87.7547687677;34.3803571604;0.00000000000
7680;-88.1769280193;32.3749823216;0.00000000000
;;;
NODE;X;Y;Z
7681;-13.1953652835;37.3650072555;0.00000000000
7682;-12.7671616475;37.9319736724;0.00000000000
7683;-13.9430478674;37.7222630860;0.00000000000
7684;-26.8546552589;38.2592716916;0.00000000000
7685;-26.3520465090;37.7898455755;0.00000000000
7686;-43.7802171344;38.5093058616;0.00000000000
7687;-43.2949441146;38.0632076013;0.00000000000
7688;-44.7509687275;38.3918970786;0.00000000000
7689;-49.4581516077;37.8647201493;0.00000000000
7690;-50.9943671476;38.3057985055;0.00000000000
7691;-52.0694385450;38.2843056175;0.00000000000
7692;-52.7707157264;37.7556451984;0.00000000000
7693;-61.4260270854;37.8597964020;0.00000000000
7694;-62.9921190353;38.3325678664;0.00000000000
7695;-64.0906472420;38.3200722636;0.00000000000
7696;-64.8208404409;37.7964103167;0.00000000000
7697;-73.4318211203;37.7383549262;0.00000000000
7698;-74.9801636793;38.2325420501;0.00000000000
7699;-76.0392907178;38.2266713176;0.00000000000
7700;-76.6347850129;37.6736514816;0.00000000000
;;;
NODE;X;Y;Z
7701;-81.2620870302;37.7135922022;0.00000000000
7702;-83.5121600635;37.0606946945;0.00000000000
7703;-85.9649383718;36.8370902587;0.00000000000
7704;-72.1524332247;11.1208732615;0.00000000000
7705;-70.6526422780;11.4695374540;0.00000000000
7706;-71.2463122102;11.6487277977;0.00000000000
7707;-32.0748851231;12.6103284732;0.00000000000
7708;-31.2975158961;13.3924692894;0.00000000000
7709;-33.1787297989;12.1882760946;0.00000000000
7710;-36.7623320825;12.1273258071;0.00000000000
7711;-38.7101954242;11.9881697850;0.00000000000
7712;-40.6192833617;12.1159387979;0.00000000000
7713;-42.5753125138;12.2439897650;0.00000000000
7714;-44.5587599973;12.2208102795;0.00000000000
7715;-46.5969965430;12.4182249356;0.00000000000
7716;-48.5241347769;12.3127086368;0.00000000000
7717;-50.6624299581;12.1308434342;0.00000000000
7718;-52.6332764792;11.9661024100;0.00000000000
7719;-54.4983425254;12.2234845844;0.00000000000
7720;-56.3935642988;12.5054429529;0.00000000000
;;;
NODE;X;Y;Z
7721;-58.4832474204;12.3954838857;0.00000000000
7722;-61.6829089538;12.2458864245;0.00000000000
7723;-65.7716012196;12.2399556270;0.00000000000
7724;-67.5979430916;12.1033458365;0.00000000000
7725;-87.7358407376;12.5208190315;0.00000000000
7726;-88.4932911250;14.5333252542;0.00000000000
7727;-77.3577873105;12.1451894063;0.00000000000
7728;-74.2110959705;11.9857204422;0.00000000000
7729;-73.7084051944;11.7189543319;0.00000000000
7730;-73.4295331400;12.3804548566;0.00000000000
7731;-86.9512333067;32.1919806497;0.00000000000
7732;-87.9374276867;31.6750665404;0.00000000000
7733;-87.4300084669;31.1015431069;0.00000000000
7734;-87.9349384428;25.4145779956;0.00000000000
7735;-87.9019188389;22.4939224012;0.00000000000
7736;-87.9491675248;19.2709675661;0.00000000000
7737;-88.1230259889;16.5464524652;0.00000000000
7738;-30.8390471281;38.1098939372;0.00000000000
7739;-37.4852873445;38.6406250653;0.00000000000
7740;-37.9656630666;38.0942756820;0.00000000000
;;;
NODE;X;Y;Z
7741;-41.1475976562;37.7105114826;0.00000000000
7742;-40.8099586241;38.2868642332;0.00000000000
7743;-85.4402073328;36.1444986392;0.00000000000
7744;-85.7059354962;34.7790966132;0.00000000000
7745;-87.1907336394;32.8918964308;0.00000000000
7746;-86.2808735819;33.4159176076;0.00000000000
7747;-86.6349494073;31.5236934130;0.00000000000
7748;-80.2305198317;37.1064908137;0.00000000000
7749;-81.6794286434;36.9760597957;0.00000000000
7750;-84.8840308624;35.4930334157;0.00000000000
7751;-87.2806079933;16.8297888144;0.00000000000
7752;-14.0557841422;29.8942138690;0.00000000000
7753;-72.3832807613;11.9555765544;0.00000000000
7754;-71.5382876482;12.4829315306;0.00000000000
7755;-15.1275733699;36.0381401966;0.00000000000
7756;-26.3771192308;36.7353533098;0.00000000000
7757;-69.2621846597;13.0267356321;0.00000000000
7758;-68.6001032504;13.0614580671;0.00000000000
7759;-68.8946540454;13.8826714252;0.00000000000
7760;-86.6235522369;12.6612927377;0.00000000000
;;;
NODE;X;Y;Z
7761;-87.2271431504;13.1184186979;0.00000000000
7762;-86.0412368292;13.0942896872;0.00000000000
7763;-84.3842314783;12.4703172830;0.00000000000
7764;-82.2738747909;12.5553275782;0.00000000000
7765;-80.2128951934;12.6384250676;0.00000000000
7766;-79.2281892786;12.7606622857;0.00000000000
7767;-78.6495674715;12.4285542235;0.00000000000
7768;-75.5969871423;13.1720683097;0.00000000000
7769;-75.0300306849;13.0295864577;0.00000000000
7770;-87.4470759612;29.4244147697;0.00000000000
7771;-87.1176380593;28.9089870912;0.00000000000
7772;-87.0522130513;25.8424648826;0.00000000000
7773;-87.4602123902;24.5361842005;0.00000000000
7774;-87.0409165452;23.6042423859;0.00000000000
7775;-86.7876755386;24.2808019791;0.00000000000
7776;-86.6628369334;22.6204663224;0.00000000000
7777;-86.3819387519;20.1791900422;0.00000000000
7778;-87.2018652200;20.5552049978;0.00000000000
7779;-87.6996637333;19.9409317532;0.00000000000
7780;-86.8259639785;19.5703266002;0.00000000000
;;;
NODE;X;Y;Z
7781;-86.9030291476;15.9288966197;0.00000000000
7782;-87.5189443721;14.7573003378;0.00000000000
7783;-29.6004269322;37.3613586697;0.00000000000
7784;-32.4286740399;37.3655793944;0.00000000000
7785;-31.8627426801;36.9140002217;0.00000000000
7786;-33.4958830696;37.3186033210;0.00000000000
7787;-35.4710266120;38.4997896826;0.00000000000
7788;-35.9669684073;38.0767584455;0.00000000000
7789;-43.1226069322;37.0417987496;0.00000000000
7790;-44.1847708409;36.7875248722;0.00000000000
7791;-50.6497462354;36.8198314775;0.00000000000
7792;-13.7351101459;31.3263285234;0.00000000000
7793;-30.5512431751;15.7320487537;0.00000000000
7794;-30.2541119384;17.4697467988;0.00000000000
7795;-29.4085696002;17.1520851304;0.00000000000
7796;-28.3849918369;18.5468959055;0.00000000000
7797;-32.1981019877;13.7247903231;0.00000000000
7798;-32.9344459298;13.9417290782;0.00000000000
7799;-35.2943770843;12.9219592694;0.00000000000
7800;-37.6058356562;13.3750092622;0.00000000000
;;;
NODE;X;Y;Z
7801;-38.3523502510;13.4643926480;0.00000000000
7802;-41.9674026815;12.7745654149;0.00000000000
7803;-41.3831938885;13.2407829171;0.00000000000
7804;-42.3040890904;13.5241218546;0.00000000000
7805;-44.4847625327;13.2838669576;0.00000000000
7806;-46.5686071666;13.6563605416;0.00000000000
7807;-47.9344214597;12.9266677327;0.00000000000
7808;-47.4788627775;13.6657704266;0.00000000000
7809;-48.5050427851;13.3535699702;0.00000000000
7810;-49.6546362407;13.2072139301;0.00000000000
7811;-51.7068315156;13.0291683405;0.00000000000
7812;-53.8102516702;12.6196521821;0.00000000000
7813;-53.2653139569;12.9015477982;0.00000000000
7814;-53.9967006555;13.3072089272;0.00000000000
7815;-54.9443100277;13.5944276837;0.00000000000
7816;-57.8562384661;13.0381456152;0.00000000000
7817;-57.2154713992;13.6899589205;0.00000000000
7818;-58.3254876267;13.4511881016;0.00000000000
7819;-60.5224226157;13.3025340659;0.00000000000
7820;-62.1530336706;12.7267290931;0.00000000000
;;;
NODE;X;Y;Z
7821;-64.6645925524;13.4441252485;0.00000000000
7822;-67.2530958855;12.6600695053;0.00000000000
7823;-67.8730866174;12.8990216266;0.00000000000
7824;-26.1486150424;21.5804552939;0.00000000000
7825;-25.0443363943;22.9328305390;0.00000000000
7826;-23.8351655222;24.4531247203;0.00000000000
7827;-22.5655132531;25.9497083710;0.00000000000
7828;-21.2720752394;27.3256086477;0.00000000000
7829;-19.9289694781;28.5667745349;0.00000000000
7830;-18.5683057829;29.5806506434;0.00000000000
7831;-17.2145659676;30.2207060615;0.00000000000
7832;-15.8944244025;30.5865908421;0.00000000000
7833;-55.1234849057;37.2065385151;0.00000000000
7834;-62.5882315663;36.8198562274;0.00000000000
7835;-67.1355191024;37.2381733399;0.00000000000
7836;-74.6339428935;36.6123867630;0.00000000000
7837;-13.3050445461;35.7128490825;0.00000000000
7838;-13.6529994455;35.0187241180;0.00000000000
7839;-75.7747956156;14.5670395293;0.00000000000
7840;-75.9596872762;13.8905199980;0.00000000000
;;;
NODE;X;Y;Z
7841;-75.3836306029;13.8078551730;0.00000000000
7842;-72.6458481462;12.8210775378;0.00000000000
7843;-71.8083592618;13.3629230377;0.00000000000
7844;-86.8111032789;29.8714869622;0.00000000000
7845;-86.3436131393;30.8647842448;0.00000000000
7846;-86.6291633464;27.0855419549;0.00000000000
7847;-85.6548450790;22.9541317586;0.00000000000
7848;-85.7374892743;19.8183923041;0.00000000000
7849;-85.2336427787;21.2611762320;0.00000000000
7850;-86.5175609537;17.2170918143;0.00000000000
7851;-80.8566643302;14.1827348327;0.00000000000
7852;-79.8632937558;14.1949824060;0.00000000000
7853;-79.3998618771;14.7041660936;0.00000000000
7854;-79.3432616129;13.7282362026;0.00000000000
7855;-78.9419859202;14.2406284388;0.00000000000
7856;-30.1614908981;36.6639161791;0.00000000000
7857;-29.0804250649;35.6948523402;0.00000000000
7858;-29.6347929989;36.1733794853;0.00000000000
7859;-31.3029315661;36.4319477202;0.00000000000
7860;-34.6811533529;36.3071781667;0.00000000000
;;;
NODE;X;Y;Z
7861;-35.0608529030;36.9312423748;0.00000000000
7862;-40.8430142269;36.8561111631;0.00000000000
7863;-41.8274989892;36.3914900221;0.00000000000
7864;-42.8064931576;36.0240818060;0.00000000000
7865;-33.5817567985;14.7756759951;0.00000000000
7866;-31.5329839289;15.4124845891;0.00000000000
7867;-30.6804487537;16.6592987620;0.00000000000
7868;-38.8261936502;14.2948193912;0.00000000000
7869;-52.0751908959;13.9646080361;0.00000000000
7870;-50.2601049556;13.6981754639;0.00000000000
7871;-51.6175942093;14.5990080387;0.00000000000
7872;-50.9111580088;14.1617800866;0.00000000000
7873;-49.7611280158;14.2003020846;0.00000000000
7874;-49.1513032451;14.6915691485;0.00000000000
7875;-66.7812809213;13.2550374587;0.00000000000
7876;-66.2712209240;13.9167691816;0.00000000000
7877;-65.6962608210;13.4222625073;0.00000000000
7878;-27.7182840640;19.9150539117;0.00000000000
7879;-27.6924085855;20.9581720500;0.00000000000
7880;-27.0703026797;20.7733036743;0.00000000000
;;;
NODE;X;Y;Z
7881;-53.9163706221;36.4827396147;0.00000000000
7882;-56.7172585734;36.4894291837;0.00000000000
7883;-56.1617541295;36.0675383572;0.00000000000
7884;-57.7795022704;36.4043274926;0.00000000000
7885;-58.8356541067;36.3652521938;0.00000000000
7886;-61.5321883660;35.8255580330;0.00000000000
7887;-65.3388331905;36.1059382448;0.00000000000
7888;-67.0036043682;36.2921657600;0.00000000000
7889;-69.7306427915;36.3824290215;0.00000000000
7890;-69.1816184827;35.9138875796;0.00000000000
7891;-70.7951202345;36.2961522741;0.00000000000
7892;-73.5681379694;35.5929161460;0.00000000000
7893;-77.6240587689;35.8889757077;0.00000000000
7894;-85.1141706890;34.0299574965;0.00000000000
7895;-84.2922660552;34.7438942990;0.00000000000
7896;-84.8625245748;33.2257677897;0.00000000000
7897;-82.4256097376;34.1770395266;0.00000000000
7898;-83.5173724166;34.3287674431;0.00000000000
7899;-74.8055171342;13.6905350677;0.00000000000
7900;-15.3933506985;31.3535814586;0.00000000000
;;;
NODE;X;Y;Z
7901;-15.0290713109;31.9227201208;0.00000000000
7902;-16.5647160264;31.1753981383;0.00000000000
7903;-16.0636423225;31.9423887548;0.00000000000
7904;-17.9546394262;30.9036843750;0.00000000000
7905;-17.3047894850;31.8583764518;0.00000000000
7906;-18.8487229226;31.1312802728;0.00000000000
7907;-20.4272407675;29.8524569910;0.00000000000
7908;-22.2182909042;27.2522428878;0.00000000000
7909;-21.8400366310;28.5376192247;0.00000000000
7910;-23.1355975685;27.0700780804;0.00000000000
7911;-24.3679400939;25.5619380652;0.00000000000
7912;-25.4968566508;24.2177560453;0.00000000000
7913;-59.8918227507;13.8116359886;0.00000000000
7914;-59.3485337504;14.2329162394;0.00000000000
7915;-58.4520013067;14.5243263251;0.00000000000
7916;-60.9764212885;13.8350822203;0.00000000000
7917;-60.3458214235;14.3441841430;0.00000000000
7918;-61.4877576986;14.3019258888;0.00000000000
7919;-63.9294816424;14.0675532465;0.00000000000
7920;-86.2240840219;28.1812609867;0.00000000000
;;;
NODE;X;Y;Z
7921;-85.6521918869;28.1888672149;0.00000000000
7922;-86.4281610580;27.6852140874;0.00000000000
7923;-86.5564369886;29.2972038530;0.00000000000
7924;-86.2869728724;28.8409001977;0.00000000000
7925;-14.7043090437;34.2412943922;0.00000000000
7926;-27.9906012244;35.9301976671;0.00000000000
7927;-47.0030298226;36.4851829868;0.00000000000
7928;-49.5857078193;35.9684894455;0.00000000000
7929;-52.8362457464;35.5361497377;0.00000000000
7930;-30.0024600960;18.8213355779;0.00000000000
7931;-29.1167385952;19.7705644738;0.00000000000
7932;-40.9188249491;14.2855105365;0.00000000000
7933;-73.4718525023;13.9978435915;0.00000000000
7934;-72.9009461286;13.8003470572;0.00000000000
7935;-73.6934344208;13.3051045348;0.00000000000
7936;-73.1698962555;13.0629223157;0.00000000000
7937;-84.7338475568;23.3966564191;0.00000000000
7938;-85.6360392056;17.5491533818;0.00000000000
7939;-85.9198154512;14.7507870327;0.00000000000
7940;-85.6120529521;15.3309450985;0.00000000000
;;;
NODE;X;Y;Z
7941;-85.3181232741;15.9223853660;0.00000000000
7942;-85.0821389074;16.5519877208;0.00000000000
7943;-84.9511172011;14.9477828168;0.00000000000
7944;-84.3922669883;14.4655846541;0.00000000000
7945;-83.9838448662;15.1111527084;0.00000000000
7946;-82.9938349716;15.2468139232;0.00000000000
7947;-14.5315464762;32.7837251959;0.00000000000
7948;-35.2601923171;35.9064232098;0.00000000000
7949;-35.2903226458;14.9609988895;0.00000000000
7950;-34.3069230242;15.5891030057;0.00000000000
7951;-36.8726193109;15.3775313577;0.00000000000
7952;-50.9984156823;15.1487015492;0.00000000000
7953;-49.6821547112;15.2027406611;0.00000000000
7954;-48.5305478753;15.0210578491;0.00000000000
7955;-66.9143735932;14.2688620099;0.00000000000
7956;-68.6112688882;35.4544512758;0.00000000000
7957;-68.0286705054;35.0387285678;0.00000000000
7958;-71.8858208166;35.1472774062;0.00000000000
7959;-73.0061968439;35.0858037033;0.00000000000
7960;-75.3139206649;34.9641050154;0.00000000000
;;;
NODE;X;Y;Z
7961;-74.7456490521;34.4603393882;0.00000000000
7962;-79.6539732257;35.6251058555;0.00000000000
7963;-79.9849265928;34.8080733571;0.00000000000
7964;-81.4621297317;34.0091323502;0.00000000000
7965;-82.9947166171;32.3862842068;0.00000000000
7966;-82.7740489958;33.2701582649;0.00000000000
7967;-83.8469676706;32.4019577959;0.00000000000
7968;-86.1283188701;30.1705179670;0.00000000000
7969;-85.3227583139;30.4573623497;0.00000000000
7970;-75.1862411616;14.4758958093;0.00000000000
7971;-69.2196174626;14.6360830154;0.00000000000
7972;-69.9267729059;14.6161735417;0.00000000000
7973;-67.6568601292;14.5729698078;0.00000000000
7974;-68.4000639511;14.6860745054;0.00000000000
7975;-41.1514676916;36.1357452613;0.00000000000
7976;-40.5030469385;35.9509434935;0.00000000000
7977;-42.5224902798;34.9968316639;0.00000000000
7978;-61.4604996453;15.3404911158;0.00000000000
7979;-59.5789669568;14.8563548859;0.00000000000
7980;-60.0696887097;15.3967118258;0.00000000000
;;;
NODE;X;Y;Z
7981;-58.6824345131;15.1477649717;0.00000000000
7982;-85.7361534153;27.4814681473;0.00000000000
7983;-15.5791606040;33.9910410359;0.00000000000
7984;-16.4880152676;33.6031049670;0.00000000000
7985;-15.5457134356;33.1899989520;0.00000000000
7986;-15.2853289984;32.4834002602;0.00000000000
7987;-33.2172029408;34.6024864497;0.00000000000
7988;-44.8572188157;35.3779501366;0.00000000000
7989;-45.7877123145;35.3170409738;0.00000000000
7990;-55.6095865631;35.6546650587;0.00000000000
7991;-55.0481395573;35.2599716784;0.00000000000
7992;-59.4296443548;34.7870340952;0.00000000000
7993;-64.2349584783;35.1879445629;0.00000000000
7994;-63.6976855280;34.7063932780;0.00000000000
7995;-39.3408107945;15.1088298128;0.00000000000
7996;-41.5940361705;14.7347390957;0.00000000000
7997;-42.2315293538;15.2914276809;0.00000000000
7998;-19.0016224507;33.4887829587;0.00000000000
7999;-18.2514368169;33.6204331671;0.00000000000
8000;-18.8353951868;34.5870649544;0.00000000000
;;;
NODE;X;Y;Z
8001;-19.4460840339;32.3071296721;0.00000000000
8002;-20.9296027981;31.2226826185;0.00000000000
8003;-22.8799341527;28.3051631511;0.00000000000
8004;-22.4994407435;29.7451112855;0.00000000000
8005;-23.8346748199;28.1019542339;0.00000000000
8006;-25.2735389227;25.4843467946;0.00000000000
8007;-24.9959370646;26.7892778926;0.00000000000
8008;-26.3252481123;24.3367067700;0.00000000000
8009;-26.1019303843;25.6032975193;0.00000000000
8010;-27.2906090236;23.3166147886;0.00000000000
8011;-27.1078329142;24.5139639402;0.00000000000
8012;-65.0399055945;15.2537477062;0.00000000000
8013;-52.2556822529;34.9800517515;0.00000000000
8014;-51.6764894194;34.6372738108;0.00000000000
8015;-52.7929832062;34.4056356808;0.00000000000
8016;-30.9502669295;18.2804842659;0.00000000000
8017;-29.6621224246;21.1733441736;0.00000000000
8018;-40.8494956556;14.9671984383;0.00000000000
8019;-35.5802680944;34.9320430752;0.00000000000
8020;-84.3322083827;20.7564206343;0.00000000000
;;;
NODE;X;Y;Z
8021;-84.3507758805;19.0390202850;0.00000000000
8022;-84.6676890394;17.8260606105;0.00000000000
8023;-84.0594097493;16.8185292373;0.00000000000
8024;-84.6571875231;15.5392230843;0.00000000000
8025;-83.6458577138;15.7517489922;0.00000000000
8026;-83.2125797452;16.4347582213;0.00000000000
8027;-79.3729663977;15.7146612133;0.00000000000
8028;-78.9999203347;15.1813010797;0.00000000000
8029;-78.5420443779;14.7177634250;0.00000000000
8030;-78.2615821510;15.1495906211;0.00000000000
8031;-35.9134985871;15.9108903986;0.00000000000
8032;-34.1681946765;16.3598470844;0.00000000000
8033;-34.0419518432;17.1000195094;0.00000000000
8034;-78.4322164780;34.0345081082;0.00000000000
8035;-79.6928445500;33.6384055146;0.00000000000
8036;-81.8518026905;33.1584952374;0.00000000000
8037;-80.9232165263;33.0199720217;0.00000000000
8038;-82.0724703118;32.2746211793;0.00000000000
8039;-83.8889438313;31.4589775156;0.00000000000
8040;-83.0366927778;31.4433039265;0.00000000000
;;;
NODE;X;Y;Z
8041;-85.1723926614;29.6393029902;0.00000000000
8042;-84.4178114314;29.6986629358;0.00000000000
8043;-85.0138208191;28.8915745583;0.00000000000
8044;-75.6291087519;15.2504122026;0.00000000000
8045;-69.6698765463;15.2126312038;0.00000000000
8046;-70.4132828144;15.2801789779;0.00000000000
8047;-66.3871659543;15.0103507945;0.00000000000
8048;-67.1296524903;15.3144585924;0.00000000000
8049;-56.3424475408;15.5313488947;0.00000000000
8050;-53.9338886027;15.9390923351;0.00000000000
8051;-51.7260476744;15.5889285624;0.00000000000
8052;-52.4422938848;16.0218397898;0.00000000000
8053;-50.9674630726;16.1761675500;0.00000000000
8054;-49.5705383386;16.2092340389;0.00000000000
8055;-47.8020572550;15.3369476810;0.00000000000
8056;-84.8518326528;25.0439285972;0.00000000000
8057;-84.6274918067;25.7276491200;0.00000000000
8058;-84.3942381232;24.0714745430;0.00000000000
8059;-45.3475096144;34.3504268620;0.00000000000
8060;-45.8168702306;34.7255118730;0.00000000000
;;;
NODE;X;Y;Z
8061;-46.0907547273;33.8020247362;0.00000000000
8062;-46.4949007704;34.5256394035;0.00000000000
8063;-66.3638342426;34.8468291964;0.00000000000
8064;-65.8071688678;34.4187499380;0.00000000000
8065;-67.4466249046;34.6160330704;0.00000000000
8066;-69.6644985059;34.2325366403;0.00000000000
8067;-69.0854397191;33.7784161544;0.00000000000
8068;-71.8835339526;34.0545065121;0.00000000000
8069;-71.3210603702;33.5341289449;0.00000000000
8070;-72.4434974358;33.4774660016;0.00000000000
8071;-75.8828954629;33.3130443954;0.00000000000
8072;-42.9133183462;15.2247676050;0.00000000000
8073;-40.7721574527;15.7622012675;0.00000000000
8074;-39.8291156223;34.8601204194;0.00000000000
8075;-41.6988835479;34.6635412330;0.00000000000
8076;-40.8842224621;34.3689309310;0.00000000000
8077;-31.4386254701;34.0847052465;0.00000000000
8078;-30.8850637417;33.5582661087;0.00000000000
8079;-32.1466067835;33.4531985744;0.00000000000
8080;-33.9513327168;34.0370707329;0.00000000000
;;;
NODE;X;Y;Z
8081;-33.4334078090;33.4471127124;0.00000000000
8082;-35.2095217898;34.2504475822;0.00000000000
8083;-34.7495970698;33.5984407522;0.00000000000
8084;-35.9842510428;33.9860168906;0.00000000000
8085;-28.8557548556;22.2659293134;0.00000000000
8086;-62.9082120618;16.1764718011;0.00000000000
8087;-61.4053716833;16.3872895153;0.00000000000
8088;-59.8591355868;16.4637710744;0.00000000000
8089;-55.0928684231;34.2589198957;0.00000000000
8090;-56.7562976547;34.4442989384;0.00000000000
8091;-56.2189645208;34.0338417075;0.00000000000
8092;-57.8468599566;34.2933503480;0.00000000000
8093;-58.4125789090;33.7102213885;0.00000000000
8094;-59.9994934836;34.2423095357;0.00000000000
8095;-61.5958799440;33.7623904201;0.00000000000
8096;-64.7231204083;33.5631373903;0.00000000000
8097;-30.5020152450;20.2543790178;0.00000000000
8098;-39.9964957726;15.8258495668;0.00000000000
8099;-31.4257874240;19.5823399235;0.00000000000
8100;-47.2341860933;15.4615910995;0.00000000000
;;;
NODE;X;Y;Z
8101;-56.9310874665;16.2033872088;0.00000000000
8102;-58.3675951924;16.3734839904;0.00000000000
8103;-23.3803578366;30.5806884256;0.00000000000
8104;-22.5405872331;32.1471215047;0.00000000000
8105;-24.5681742625;29.1503241468;0.00000000000
8106;-25.7707685927;27.8523384973;0.00000000000
8107;-27.0495640013;25.6516741973;0.00000000000
8108;-26.9234239630;26.7668849160;0.00000000000
8109;-27.9282342231;25.7242489001;0.00000000000
8110;-65.0901041286;16.4122828722;0.00000000000
8111;-64.3818529744;17.1302674167;0.00000000000
8112;-47.8112475758;34.5695697642;0.00000000000
8113;-48.2958988968;34.1429054204;0.00000000000
8114;-47.5972645345;33.7056821101;0.00000000000
8115;-49.5041655804;34.2037814878;0.00000000000
8116;-53.4417975599;33.9643321406;0.00000000000
8117;-30.3434540185;21.2691721309;0.00000000000
8118;-78.5042452127;15.6391108156;0.00000000000
8119;-83.6661566214;19.6557838666;0.00000000000
8120;-82.9959437939;17.1235923470;0.00000000000
;;;
NODE;X;Y;Z
8121;-67.4471047808;16.4237499940;0.00000000000
8122;-65.8976874148;16.8252292712;0.00000000000
8123;-83.6841160307;26.2475572183;0.00000000000
8124;-84.3312893543;28.8243372831;0.00000000000
8125;-83.3513818325;24.4963878267;0.00000000000
8126;-83.1150347658;25.2371139979;0.00000000000
8127;-82.9292246241;23.5172416838;0.00000000000
8128;-78.9402841565;33.3179978481;0.00000000000
8129;-78.2263124952;32.9052965900;0.00000000000
8130;-79.3667348730;32.4988878637;0.00000000000
8131;-81.2477067285;32.1651693448;0.00000000000
8132;-80.4437854686;31.9644928532;0.00000000000
8133;-82.2432442606;31.3915194104;0.00000000000
8134;-82.9567730213;29.6094582547;0.00000000000
8135;-83.6107921680;28.7697341454;0.00000000000
8136;-36.5321606351;16.8493394518;0.00000000000
8137;-43.4833352332;16.1792066238;0.00000000000
8138;-71.5624221716;16.7621650946;0.00000000000
8139;-69.7896715574;15.8721701442;0.00000000000
8140;-38.9977301658;33.7994427921;0.00000000000
;;;
NODE;X;Y;Z
8141;-40.2116128406;33.2647718633;0.00000000000
8142;-42.6859448722;33.3366363990;0.00000000000
8143;-41.7262109540;32.9369881207;0.00000000000
8144;-44.2731367338;33.1390709862;0.00000000000
8145;-29.6370361637;32.5419005270;0.00000000000
8146;-30.9472668528;32.3341669139;0.00000000000
8147;-32.3443757232;32.2560448678;0.00000000000
8148;-33.1845982776;31.6633516585;0.00000000000
8149;-33.7793085101;32.3085575128;0.00000000000
8150;-35.2948944562;32.5254863506;0.00000000000
8151;-36.7348931836;32.9909643523;0.00000000000
8152;-66.8125073985;33.1455961898;0.00000000000
8153;-69.0459521179;32.6946149198;0.00000000000
8154;-70.7501434011;33.0123595167;0.00000000000
8155;-72.9993018240;32.9032693994;0.00000000000
8156;-74.6697639036;32.3161989113;0.00000000000
8157;-76.4066839893;32.7378286023;0.00000000000
8158;-77.5405305804;32.5543159540;0.00000000000
8159;-40.6793266353;16.5424515029;0.00000000000
8160;-23.2717092780;31.5327089953;0.00000000000
;;;
NODE;X;Y;Z
8161;-24.3289913174;32.8472350979;0.00000000000
8162;-27.7613403218;32.5345969173;0.00000000000
8163;-27.1523239979;32.2584246496;0.00000000000
8164;-28.9683951091;32.0812569592;0.00000000000
8165;-29.5259992145;23.5027310324;0.00000000000
8166;-62.8730079371;17.3628374482;0.00000000000
8167;-61.3368201517;17.5266017345;0.00000000000
8168;-59.7312146300;17.6180170397;0.00000000000
8169;-58.1063267110;17.6125583343;0.00000000000
8170;-56.0301808614;16.7427659732;0.00000000000
8171;-57.1742093731;18.2155404139;0.00000000000
8172;-56.5734124827;17.4792248346;0.00000000000
8173;-55.0881855525;17.2126263524;0.00000000000
8174;-53.0388904300;16.5294931529;0.00000000000
8175;-53.6180827829;17.0842375911;0.00000000000
8176;-52.2172688745;17.1805782485;0.00000000000
8177;-50.8314263603;17.2767616023;0.00000000000
8178;-48.8182876187;16.7082334431;0.00000000000
8179;-48.0745039737;17.0961612773;0.00000000000
8180;-45.5698724070;17.4839490248;0.00000000000
;;;
NODE;X;Y;Z
8181;-46.2347722142;16.6740701817;0.00000000000
8182;-45.5846324730;16.7114065508;0.00000000000
8183;-50.1350153996;33.7966916750;0.00000000000
8184;-49.0260359544;32.8439902501;0.00000000000
8185;-49.5948158498;33.3218991063;0.00000000000
8186;-50.7330812901;33.4797520028;0.00000000000
8187;-51.4319433264;33.1633881623;0.00000000000
8188;-50.9675328895;32.5935665433;0.00000000000
8189;-52.0391517136;32.9818160009;0.00000000000
8190;-56.2635529941;32.9976737044;0.00000000000
8191;-57.3721976067;32.7101311205;0.00000000000
8192;-58.9952530027;33.1070067719;0.00000000000
8193;-59.6037789376;32.5466179987;0.00000000000
8194;-61.1319852133;33.1995636793;0.00000000000
8195;-63.1815506263;33.2819578586;0.00000000000
8196;-31.2075655704;20.4405178411;0.00000000000
8197;-24.2417150201;31.1295782048;0.00000000000
8198;-25.3299539107;29.8763939415;0.00000000000
8199;-26.6293580686;28.7884539577;0.00000000000
8200;-77.5986410325;16.6965375623;0.00000000000
;;;
NODE;X;Y;Z
8201;-77.3584968522;16.0910782647;0.00000000000
8202;-76.8184118332;16.0741551289;0.00000000000
8203;-81.2770091057;17.6687004742;0.00000000000
8204;-63.6466013200;17.8637213556;0.00000000000
8205;-64.4400961090;18.3052917957;0.00000000000
8206;-82.8093301503;18.6477971892;0.00000000000
8207;-82.0992389080;17.7811251444;0.00000000000
8208;-81.0214844264;18.9838977005;0.00000000000
8209;-81.1628554960;18.2977181339;0.00000000000
8210;-81.9850852982;18.4101428041;0.00000000000
8211;-82.7690349507;26.8208477746;0.00000000000
8212;-82.1240797690;25.7230130871;0.00000000000
8213;-82.8601905179;28.6251996894;0.00000000000
8214;-81.5442975908;22.7310647497;0.00000000000
8215;-43.3484388180;16.9718817568;0.00000000000
8216;-70.3060188876;17.1691518063;0.00000000000
8217;-71.6340881097;17.9519170629;0.00000000000
8218;-68.9144844776;17.4311653534;0.00000000000
8219;-65.9989975029;17.9739825732;0.00000000000
8220;-77.9714546714;31.8496090785;0.00000000000
;;;
NODE;X;Y;Z
8221;-79.9671161727;30.9823653380;0.00000000000
8222;-82.1687652118;28.5586379607;0.00000000000
8223;-42.7770405051;16.7510397421;0.00000000000
8224;-42.4694489098;17.4329888883;0.00000000000
8225;-42.1147656963;16.8510849410;0.00000000000
8226;-41.4334573927;17.2670630527;0.00000000000
8227;-36.3401742837;17.6009676720;0.00000000000
8228;-36.1172900263;18.3555374085;0.00000000000
8229;-31.0208076521;31.0995843588;0.00000000000
8230;-32.5528363966;31.0578753195;0.00000000000
8231;-34.1507784260;31.1748616822;0.00000000000
8232;-36.3669458939;32.1542951151;0.00000000000
8233;-35.8175400962;31.4488763010;0.00000000000
8234;-37.6133139267;31.9016383800;0.00000000000
8235;-39.0424663302;32.8245912290;0.00000000000
8236;-39.5702012313;32.0587180053;0.00000000000
8237;-41.4842190374;31.8452874454;0.00000000000
8238;-65.6961009846;32.3085825268;0.00000000000
8239;-68.9879441831;31.5955627825;0.00000000000
8240;-72.9799426907;31.7868876254;0.00000000000
;;;
NODE;X;Y;Z
8241;-72.4072391331;31.2400061251;0.00000000000
8242;-73.5294264984;31.2300846085;0.00000000000
8243;-76.7102098549;31.0862389065;0.00000000000
8244;-26.2291735022;29.7140418793;0.00000000000
8245;-76.8550986925;16.7909106017;0.00000000000
8246;-78.5871767958;17.1661773740;0.00000000000
8247;-62.0899185261;18.0881195362;0.00000000000
8248;-62.8635119090;18.5890034435;0.00000000000
8249;-61.2435417976;18.8041841276;0.00000000000
8250;-59.5941374749;18.8921984807;0.00000000000
8251;-57.9027913438;18.8705312741;0.00000000000
8252;-56.0884924645;18.8027201913;0.00000000000
8253;-54.2050672965;17.5338577076;0.00000000000
8254;-54.6045773181;18.3876359672;0.00000000000
8255;-53.4093318826;18.1601352806;0.00000000000
8256;-51.3995106960;17.8492533962;0.00000000000
8257;-52.0045891906;18.3791903119;0.00000000000
8258;-50.6430837179;18.4560217113;0.00000000000
8259;-47.8447438461;18.3018623293;0.00000000000
8260;-51.7098565510;32.2791186138;0.00000000000
;;;
NODE;X;Y;Z
8261;-54.6085848585;32.9576371759;0.00000000000
8262;-56.1257366805;32.0020532121;0.00000000000
8263;-57.9086692290;31.9426414477;0.00000000000
8264;-57.2834262746;31.5570218860;0.00000000000
8265;-58.5456569124;31.3780833593;0.00000000000
8266;-60.2685733279;32.0316764205;0.00000000000
8267;-61.4094920651;32.0647127476;0.00000000000
8268;-64.5657487711;31.5096229254;0.00000000000
8269;-30.3662958399;24.5242171603;0.00000000000
8270;-34.0106977431;19.5066708484;0.00000000000
8271;-49.6998909578;32.4320215275;0.00000000000
8272;-47.5116129362;32.8545080771;0.00000000000
8273;-81.8325794166;19.0262521325;0.00000000000
8274;-63.7022694412;19.0601371020;0.00000000000
8275;-64.5574345185;19.4819766434;0.00000000000
8276;-31.1201318585;24.3366667401;0.00000000000
8277;-31.7832086264;24.1482921138;0.00000000000
8278;-81.9044112713;27.4498166508;0.00000000000
8279;-81.0285977804;26.0743224349;0.00000000000
8280;-80.7780970785;24.0453481984;0.00000000000
;;;
NODE;X;Y;Z
8281;-80.4451553222;24.7220613519;0.00000000000
8282;-80.4655575961;22.9116266157;0.00000000000
8283;-70.3150451472;18.3891884742;0.00000000000
8284;-41.7881406062;17.8489670001;0.00000000000
8285;-39.2951948848;18.9001218807;0.00000000000
8286;-36.6449063760;19.2663954472;0.00000000000
8287;-34.8046113380;19.7006246649;0.00000000000
8288;-35.5960036870;19.8686220072;0.00000000000
8289;-82.1407715047;20.5169482646;0.00000000000
8290;-82.4895299010;19.9106913189;0.00000000000
8291;-80.5705164951;19.9774816179;0.00000000000
8292;-45.0017148735;31.5976313586;0.00000000000
8293;-45.5233077688;18.2771989443;0.00000000000
8294;-44.5738685010;18.1653098855;0.00000000000
8295;-79.3080248374;30.7905346295;0.00000000000
8296;-80.7448120677;27.9325752039;0.00000000000
8297;-81.2541773841;27.4883243742;0.00000000000
8298;-77.7181623627;17.3830730925;0.00000000000
8299;-71.8270448374;19.0775795161;0.00000000000
8300;-68.9479626445;18.6041937861;0.00000000000
;;;
NODE;X;Y;Z
8301;-66.7845084464;18.3781303128;0.00000000000
8302;-67.5175007047;18.8135163210;0.00000000000
8303;-54.2302877314;19.0215777208;0.00000000000
8304;-52.5201527096;19.3805469386;0.00000000000
8305;-50.1052207653;19.0072011364;0.00000000000
8306;-50.9518366516;19.5168396413;0.00000000000
8307;-49.4751310290;19.5591247764;0.00000000000
8308;-47.2718249060;18.9265228566;0.00000000000
8309;-46.4730294571;18.4689179289;0.00000000000
8310;-68.3739971215;31.1538053603;0.00000000000
8311;-67.7659201982;30.7312611735;0.00000000000
8312;-70.6835255315;30.7853586153;0.00000000000
8313;-70.0812780924;30.3072304326;0.00000000000
8314;-71.2400621025;30.1740165441;0.00000000000
8315;-72.3910313820;30.0988351465;0.00000000000
8316;-74.0824165357;30.6676810885;0.00000000000
8317;-30.6403467410;25.4689217266;0.00000000000
8318;-29.7470748868;25.6903490762;0.00000000000
8319;-48.3662354435;31.4510824707;0.00000000000
8320;-49.9174115624;31.4922212758;0.00000000000
;;;
NODE;X;Y;Z
8321;-62.0726453127;19.3130628977;0.00000000000
8322;-62.9114028449;19.7841965562;0.00000000000
8323;-60.4078569727;19.4776268875;0.00000000000
8324;-61.2369604878;19.9865056577;0.00000000000
8325;-58.7232347238;19.4989161991;0.00000000000
8326;-59.5369542216;20.0843446060;0.00000000000
8327;-57.8226390211;20.1103631967;0.00000000000
8328;-56.1066319179;20.1255855522;0.00000000000
8329;-56.6526234413;30.6503350659;0.00000000000
8330;-31.3941827597;25.2813713064;0.00000000000
8331;-30.0676798759;26.6702355444;0.00000000000
8332;-33.4626887381;30.4901189699;0.00000000000
8333;-32.7246886133;29.8490302347;0.00000000000
8334;-35.1326194530;30.6964589515;0.00000000000
8335;-34.4445297652;30.0117162392;0.00000000000
8336;-36.1702042272;30.3043830814;0.00000000000
8337;-37.9396073193;30.6218622759;0.00000000000
8338;-39.7233932666;30.7782789635;0.00000000000
8339;-41.5305189043;30.7221901858;0.00000000000
8340;-43.3243584539;30.6202231178;0.00000000000
;;;
NODE;X;Y;Z
8341;-78.6430510587;17.8698010996;0.00000000000
8342;-63.3905893352;30.8030705419;0.00000000000
8343;-63.7948883349;20.2768390836;0.00000000000
8344;-64.6803777498;20.7085940013;0.00000000000
8345;-32.9677949196;24.5030754156;0.00000000000
8346;-37.4326573516;19.4074122604;0.00000000000
8347;-38.2169541597;19.5343516725;0.00000000000
8348;-36.1476910431;20.7746044130;0.00000000000
8349;-80.2987945543;21.8103779399;0.00000000000
8350;-80.1701682353;20.7110934041;0.00000000000
8351;-79.6492389473;20.2634609571;0.00000000000
8352;-43.7570040497;18.9974515900;0.00000000000
8353;-43.2599906070;18.5933153711;0.00000000000
8354;-41.9228901174;18.8480328288;0.00000000000
8355;-38.9703810714;19.6827064515;0.00000000000
8356;-71.3044191350;19.9543860726;0.00000000000
8357;-72.2557603073;20.1008745461;0.00000000000
8358;-69.5473447476;19.2972845757;0.00000000000
8359;-70.2823194815;19.7324649247;0.00000000000
8360;-68.2363280963;19.1293272920;0.00000000000
;;;
NODE;X;Y;Z
8361;-68.8357101995;19.8224180816;0.00000000000
8362;-67.6362158880;19.8372555890;0.00000000000
8363;-66.2795403000;20.3038971024;0.00000000000
8364;-79.7888254170;28.8360286828;0.00000000000
8365;-45.0643553418;30.5734358130;0.00000000000
8366;-46.7857895667;30.5080578551;0.00000000000
8367;-49.2400073059;30.9325993961;0.00000000000
8368;-48.4727216184;30.4474273959;0.00000000000
8369;-50.8068147274;31.0115419067;0.00000000000
8370;-50.1294104709;30.4519200269;0.00000000000
8371;-51.5441371329;30.6020674129;0.00000000000
8372;-54.4301732427;20.2209150488;0.00000000000
8373;-52.7692601643;20.4122490098;0.00000000000
8374;-51.1587217883;20.5769621447;0.00000000000
8375;-48.8752039169;20.1362024794;0.00000000000
8376;-49.6887506869;20.6742488384;0.00000000000
8377;-47.6081793486;20.2382719326;0.00000000000
8378;-30.9609517302;26.4488081948;0.00000000000
8379;-57.4583938034;29.9487196298;0.00000000000
8380;-57.4474947054;29.1987306348;0.00000000000
;;;
NODE;X;Y;Z
8381;-58.2060935697;29.8041148573;0.00000000000
8382;-62.1727032714;30.2445953543;0.00000000000
8383;-64.8991428742;29.8692736650;0.00000000000
8384;-67.1622099838;30.3247121954;0.00000000000
8385;-66.5490598536;29.9373317363;0.00000000000
8386;-69.4692920291;29.8378705817;0.00000000000
8387;-68.8545272659;29.4026802411;0.00000000000
8388;-70.0267417424;29.2006730012;0.00000000000
8389;-71.8098867453;29.5553514674;0.00000000000
8390;-73.5220113889;28.9497106409;0.00000000000
8391;-76.5395587706;29.0445711235;0.00000000000
8392;-76.9968035785;28.5665906251;0.00000000000
8393;-77.0202959430;29.5408046899;0.00000000000
8394;-77.4029738917;29.0141883926;0.00000000000
8395;-62.1301957414;20.5095504602;0.00000000000
8396;-63.0136812314;21.0021929875;0.00000000000
8397;-60.4211545689;20.6350040227;0.00000000000
8398;-61.3143898225;21.1580488252;0.00000000000
8399;-59.5914278649;21.2270426986;0.00000000000
8400;-56.9844244949;20.7070996561;0.00000000000
;;;
NODE;X;Y;Z
8401;-57.8690129913;21.2731197412;0.00000000000
8402;-56.1621946372;21.3253014347;0.00000000000
8403;-31.8528420857;26.0405884874;0.00000000000
8404;-32.6290921732;25.6471507365;0.00000000000
8405;-76.7851858924;19.0364415486;0.00000000000
8406;-34.7524440178;28.7972761794;0.00000000000
8407;-36.4613359852;29.1334380231;0.00000000000
8408;-38.2088268319;29.4486826444;0.00000000000
8409;-41.7794249729;29.5209866451;0.00000000000
8410;-44.2889350976;30.0253369533;0.00000000000
8411;-43.5196552267;29.4455455866;0.00000000000
8412;-65.6732676986;21.0239372400;0.00000000000
8413;-34.1503786406;24.9594462039;0.00000000000
8414;-74.3665231202;20.1336776618;0.00000000000
8415;-72.8177967010;21.0138894949;0.00000000000
8416;-70.6602813641;20.8484308591;0.00000000000
8417;-68.5241989862;20.5132762405;0.00000000000
8418;-66.7184320734;21.2481538854;0.00000000000
8419;-46.5060334393;20.4159112794;0.00000000000
8420;-66.4595845177;28.8928968876;0.00000000000
;;;
NODE;X;Y;Z
8421;-68.7848024579;28.3049041906;0.00000000000
8422;-71.7837224304;28.4498472355;0.00000000000
8423;-71.1686516386;27.9593083623;0.00000000000
8424;-72.3537673135;27.8977885274;0.00000000000
8425;-74.0712241060;28.4464340399;0.00000000000
8426;-79.9341168121;27.5831852040;0.00000000000
8427;-78.9678719374;26.2527661262;0.00000000000
8428;-52.8580090624;21.4994842848;0.00000000000
8429;-49.8029969031;21.7675903112;0.00000000000
8430;-47.7583133637;21.4178856259;0.00000000000
8431;-48.4427080424;21.9140478844;0.00000000000
8432;-32.2793677946;27.9912876139;0.00000000000
8433;-79.1962441066;19.9249871349;0.00000000000
8434;-78.5035999102;19.8736306856;0.00000000000
8435;-78.7860077268;20.5022504754;0.00000000000
8436;-79.0958379870;24.6547119667;0.00000000000
8437;-78.7358315134;21.3589564294;0.00000000000
8438;-45.2247250208;29.4623622955;0.00000000000
8439;-46.9196624313;29.4337963471;0.00000000000
8440;-48.5882862100;29.3790090598;0.00000000000
;;;
NODE;X;Y;Z
8441;-50.2142383852;29.3929029802;0.00000000000
8442;-58.8029771268;28.7131281116;0.00000000000
8443;-58.1134276008;29.0374490540;0.00000000000
8444;-63.7212923477;29.2155201228;0.00000000000
8445;-63.1692185773;28.9286778167;0.00000000000
8446;-64.7626930220;28.8774205064;0.00000000000
8447;-63.1976820204;22.0885773177;0.00000000000
8448;-61.4402796291;22.2665537005;0.00000000000
8449;-58.7724463007;21.8245739211;0.00000000000
8450;-59.6898558075;22.3563636778;0.00000000000
8451;-57.0355493881;21.8843109698;0.00000000000
8452;-57.9389826975;22.4357651496;0.00000000000
8453;-55.3485543322;21.9238852018;0.00000000000
8454;-56.2219090831;22.4828947369;0.00000000000
8455;-33.0973656215;26.2249501808;0.00000000000
8456;-36.9438318968;20.8973971260;0.00000000000
8457;-38.7013946963;20.4422228429;0.00000000000
8458;-37.7150433984;21.0374704881;0.00000000000
8459;-75.5517850107;20.1446569460;0.00000000000
8460;-43.0306318829;19.5607721550;0.00000000000
;;;
NODE;X;Y;Z
8461;-42.5440791856;20.1096953474;0.00000000000
8462;-42.5336184401;19.1566359362;0.00000000000
8463;-42.0249508742;19.8171867664;0.00000000000
8464;-54.3725182930;29.6910483605;0.00000000000
8465;-55.4052492803;29.4746238765;0.00000000000
8466;-52.6848374606;28.9583606534;0.00000000000
8467;-34.1334441890;27.9186059777;0.00000000000
8468;-35.1491073147;27.5080438236;0.00000000000
8469;-34.0248036710;26.6982236518;0.00000000000
8470;-36.7559857800;28.0184613518;0.00000000000
8471;-38.4145296487;28.3258307040;0.00000000000
8472;-61.7156306323;29.0641889324;0.00000000000
8473;-64.2166848646;22.4599507340;0.00000000000
8474;-65.2856427026;22.7319065659;0.00000000000
8475;-35.3343474461;25.6624545522;0.00000000000
8476;-34.7676031127;26.6840184282;0.00000000000
8477;-70.0840787230;21.7239389775;0.00000000000
8478;-71.1730496755;21.8511873390;0.00000000000
8479;-68.9518598067;21.5436886610;0.00000000000
8480;-67.1468239675;22.1946006104;0.00000000000
;;;
NODE;X;Y;Z
8481;-46.1688691786;21.0509709166;0.00000000000
8482;-45.7133852818;21.5808756294;0.00000000000
8483;-45.6484899054;20.6157321997;0.00000000000
8484;-45.3780479719;21.1586581520;0.00000000000
8485;-77.8107007838;28.5445931713;0.00000000000
8486;-78.1859895534;28.0903775748;0.00000000000
8487;-78.6385802045;27.7461408457;0.00000000000
8488;-78.5924589748;28.3976539892;0.00000000000
8489;-78.9780821450;28.1035776864;0.00000000000
8490;-57.3449358348;28.4873498258;0.00000000000
8491;-65.8242968109;28.5478156396;0.00000000000
8492;-68.6943345376;27.2030220742;0.00000000000
8493;-70.5657302806;27.4399048755;0.00000000000
8494;-69.9254903371;26.9654279282;0.00000000000
8495;-71.1767444904;26.8440399999;0.00000000000
8496;-72.9618678347;27.3688281199;0.00000000000
8497;-74.1093489861;27.4401024092;0.00000000000
8498;-74.6981742385;26.9842649422;0.00000000000
8499;-76.2013984324;27.5483026825;0.00000000000
8500;-53.6987465451;23.0619091708;0.00000000000
;;;
NODE;X;Y;Z
8501;-53.6668438385;21.9978432323;0.00000000000
8502;-54.5413571891;22.5193371267;0.00000000000
8503;-52.8734088544;22.5802660216;0.00000000000
8504;-50.5394241640;22.2030809051;0.00000000000
8505;-51.3085720474;22.6604846646;0.00000000000
8506;-49.1289258243;22.3339128616;0.00000000000
8507;-49.8653530852;22.7694034555;0.00000000000
8508;-75.1534945937;20.9752895307;0.00000000000
8509;-72.3789670246;21.8643642292;0.00000000000
8510;-73.5294030268;21.8147849808;0.00000000000
8511;-78.0317973961;21.8439480880;0.00000000000
8512;-77.2869122240;22.4120509132;0.00000000000
8513;-39.1597495510;21.3953966322;0.00000000000
8514;-38.2632060212;21.9595327066;0.00000000000
8515;-35.2085950822;23.8289747477;0.00000000000
8516;-56.7080086267;28.4693736424;0.00000000000
8517;-56.0910883773;28.3623971625;0.00000000000
8518;-51.0646956775;28.8902506941;0.00000000000
8519;-78.4302768151;24.9561927694;0.00000000000
8520;-40.0398598800;27.3248845118;0.00000000000
;;;
NODE;X;Y;Z
8521;-46.2196737062;28.8838918598;0.00000000000
8522;-45.5364078545;28.2588113728;0.00000000000
8523;-49.4918880570;28.8120276561;0.00000000000
8524;-48.1546334369;27.6928317847;0.00000000000
8525;-48.7766353893;28.2683938048;0.00000000000
8526;-50.3423453493;28.3093753699;0.00000000000
8527;-63.4306664028;23.1272356855;0.00000000000
8528;-61.6192594655;23.3407176981;0.00000000000
8529;-59.8400451251;23.4173742315;0.00000000000
8530;-57.0908835549;23.0025756826;0.00000000000
8531;-58.0339262539;23.4891393129;0.00000000000
8532;-55.3631645901;23.0884839667;0.00000000000
8533;-56.2321390619;23.6081649124;0.00000000000
8534;-35.8052404416;26.4489289467;0.00000000000
8535;-37.6885568743;27.6613157756;0.00000000000
8536;-37.1193157380;26.9158087659;0.00000000000
8537;-38.5412951111;27.2483559207;0.00000000000
8538;-36.6007921506;26.1990923360;0.00000000000
8539;-44.1391627320;20.1244496450;0.00000000000
8540;-43.6163545847;20.4055475563;0.00000000000
;;;
NODE;X;Y;Z
8541;-75.8866886648;22.5145791959;0.00000000000
8542;-65.5659076100;23.7466298237;0.00000000000
8543;-68.3138811641;22.3822953579;0.00000000000
8544;-69.4461000805;22.5625456744;0.00000000000
8545;-67.5468167147;23.1751925173;0.00000000000
8546;-47.1862638900;22.9817111194;0.00000000000
8547;-75.4740438653;22.0274175733;0.00000000000
8548;-71.9486402888;22.8062183152;0.00000000000
8549;-73.3736819668;22.5610537113;0.00000000000
8550;-74.4084409880;22.4339096375;0.00000000000
8551;-74.8210857875;22.9210712602;0.00000000000
8552;-75.9820461172;25.3829743587;0.00000000000
8553;-76.2337265316;24.9224913909;0.00000000000
8554;-42.5146788042;27.3857844585;0.00000000000
8555;-41.4184059603;27.0010452500;0.00000000000
8556;-68.0058209052;26.8049642564;0.00000000000
8557;-67.3169136966;26.4766141762;0.00000000000
8558;-69.2584173202;26.4959525200;0.00000000000
8559;-68.5699036877;26.0978947022;0.00000000000
8560;-71.2825562523;25.7149790875;0.00000000000
;;;
NODE;X;Y;Z
8561;-73.1028068258;26.3286476627;0.00000000000
8562;-72.5924927267;25.7475995355;0.00000000000
8563;-73.7722229091;25.9066826007;0.00000000000
8564;-74.8506976798;26.1002898258;0.00000000000
8565;-75.8855701585;26.1971242660;0.00000000000
8566;-54.5205539461;23.6310560107;0.00000000000
8567;-52.0189620191;23.0867028562;0.00000000000
8568;-52.8442997098;23.5683460053;0.00000000000
8569;-51.2426344887;23.6392721631;0.00000000000
8570;-48.4217681488;23.8779114511;0.00000000000
8571;-36.2903882148;24.4553886957;0.00000000000
8572;-37.5073026762;25.7907923942;0.00000000000
8573;-38.7585353188;26.2294843468;0.00000000000
8574;-40.4992517396;26.7193964630;0.00000000000
8575;-39.7333960259;26.3648433948;0.00000000000
8576;-39.6437809303;22.3882871330;0.00000000000
8577;-38.8126997378;22.9495138567;0.00000000000
8578;-43.8949958758;20.6982972532;0.00000000000
8579;-43.7133965458;21.4635177664;0.00000000000
8580;-43.3564803685;20.7799942456;0.00000000000
;;;
NODE;X;Y;Z
8581;-43.1306752958;21.3482179109;0.00000000000
8582;-43.6351216595;21.0727439425;0.00000000000
8583;-62.6209183587;23.8239365153;0.00000000000
8584;-63.6620427506;24.1877394497;0.00000000000
8585;-61.8163857380;24.3998867336;0.00000000000
8586;-59.9918392772;24.4593058838;0.00000000000
8587;-58.1852924731;24.5010152399;0.00000000000
8588;-54.7865844951;25.2168345197;0.00000000000
8589;-55.3447645115;24.2254284778;0.00000000000
8590;-56.3146866191;24.6474059192;0.00000000000
8591;-46.5777216587;27.7334227656;0.00000000000
8592;-47.5593102783;27.1407838293;0.00000000000
8593;-49.0898323243;27.1087564532;0.00000000000
8594;-51.2084031767;27.7925096127;0.00000000000
8595;-50.5778921041;27.1674527160;0.00000000000
8596;-55.7747976736;27.0535500665;0.00000000000
8597;-55.9186977177;27.6901654768;0.00000000000
8598;-65.5245373865;25.4420417069;0.00000000000
8599;-45.9725130454;23.0101361323;0.00000000000
8600;-45.2215301864;23.4740982598;0.00000000000
;;;
NODE;X;Y;Z
8601;-45.5491621481;22.5285492268;0.00000000000
8602;-44.9078223274;22.8768220001;0.00000000000
8603;-70.9883040214;23.9690813094;0.00000000000
8604;-70.0301904241;23.6102871463;0.00000000000
8605;-72.1429300087;23.5049647872;0.00000000000
8606;-73.5679716868;23.2598001833;0.00000000000
8607;-45.2412445357;22.0316856137;0.00000000000
8608;-44.9059072259;21.6094681362;0.00000000000
8609;-46.5068776723;23.4742560974;0.00000000000
8610;-38.0991126717;25.2972377888;0.00000000000
8611;-38.8596381352;25.5647982454;0.00000000000
8612;-41.6157091417;26.1928861102;0.00000000000
8613;-44.6657498413;21.2193472897;0.00000000000
8614;-44.0845910776;21.0903017970;0.00000000000
8615;-44.1628659640;21.4810756209;0.00000000000
8616;-43.1692814943;21.8878042374;0.00000000000
8617;-43.1883939290;22.5416331268;0.00000000000
8618;-42.5060755219;22.3737210057;0.00000000000
8619;-42.5209060356;23.1221918793;0.00000000000
8620;-40.2205249632;23.3547467826;0.00000000000
;;;
NODE;X;Y;Z
8621;-39.3601380331;23.9796612218;0.00000000000
8622;-39.1903907914;24.7487066047;0.00000000000
8623;-66.4480357821;26.2322571141;0.00000000000
8624;-68.3344095284;25.0557767763;0.00000000000
8625;-72.7996225640;24.1388681851;0.00000000000
8626;-72.2085438044;25.1490667338;0.00000000000
8627;-71.6449965767;24.6029847072;0.00000000000
8628;-73.5434712851;25.3067647044;0.00000000000
8629;-73.1595223627;24.7082319028;0.00000000000
8630;-53.6247937599;24.0520007755;0.00000000000
8631;-54.4490043254;24.6463732425;0.00000000000
8632;-62.6857017097;24.9824565682;0.00000000000
8633;-63.7537090607;25.3604557168;0.00000000000
8634;-60.8602946477;24.9838931280;0.00000000000
8635;-61.7296106194;25.5664629626;0.00000000000
8636;-54.1696621087;27.1237938412;0.00000000000
8637;-52.5938492830;26.4089437804;0.00000000000
8638;-51.1082983943;24.6333946231;0.00000000000
8639;-49.6349054382;24.8327398466;0.00000000000
8640;-47.6671226953;24.4333196207;0.00000000000
;;;
NODE;X;Y;Z
8641;-48.2502228177;24.9329586836;0.00000000000
8642;-51.1825576266;26.1120998317;0.00000000000
8643;-49.5762746412;25.9564839131;0.00000000000
8644;-60.0184049028;25.4780627239;0.00000000000
8645;-59.1964886936;25.9248361720;0.00000000000
8646;-60.6171676449;26.0576657056;0.00000000000
8647;-62.0440917732;26.2835932019;0.00000000000
8648;-62.9377343287;26.1312270266;0.00000000000
8649;-62.7032137744;27.0135795969;0.00000000000
8650;-64.5986241203;25.7243184197;0.00000000000
8651;-65.7556828975;26.0624685605;0.00000000000
8652;-74.3717153642;24.9785737278;0.00000000000
8653;-44.5999047150;22.3799583869;0.00000000000
8654;-44.4030233486;21.8711964674;0.00000000000
8655;-40.1476760961;24.1751205357;0.00000000000
8656;-40.9221180261;24.3495959829;0.00000000000
8657;-57.0897469309;26.7638942244;0.00000000000
8658;-57.4624251976;26.3906297857;0.00000000000
8659;-58.4335374106;25.4275859335;0.00000000000
8660;-57.8220674332;25.8792288162;0.00000000000
;;;
NODE;X;Y;Z
8661;-56.6126578920;26.0415722247;0.00000000000
8662;-56.9723001276;25.5301712551;0.00000000000
8663;-56.4930935737;26.6285032044;0.00000000000
8664;-41.6846551576;25.3256121242;0.00000000000
8665;-41.7667882507;24.5199621586;0.00000000000
8666;-51.8286277149;24.8653584988;0.00000000000
8667;-52.3459863265;25.3248103433;0.00000000000
8668;-51.1128360679;25.5674083214;0.00000000000
8669;-52.4157078852;25.8695018536;0.00000000000
8670;-48.8186733322;25.4537793140;0.00000000000
8671;-54.7366292768;25.9089013680;0.00000000000
8672;-46.1648561204;25.4382972160;0.00000000000
8673;-45.2279419696;24.3747467757;0.00000000000
8674;-44.4614089845;24.4656116502;0.00000000000
8675;-55.7681511770;25.8945183290;0.00000000000
8676;-42.6134822121;24.6280122965;0.00000000000
8677;-43.3445461256;23.1582751748;0.00000000000
8678;-43.4760675814;24.6142644842;0.00000000000
8679;-44.4187441663;23.7257843202;0.00000000000
8680;-44.1050363073;23.1285080604;0.00000000000
;;;
NODE;X;Y;Z
8681;-11.5202302475;32.1643264242;0.00000000000
8682;-11.1735072867;32.6729903383;0.00000000000
8683;-77.1495237276;11.3774652611;0.00000000000
8684;-76.7907915132;11.0777375317;0.00000000000
8685;-12.1867981948;32.9355179762;0.00000000000
8686;-11.4884815765;33.3783913547;0.00000000000
8687;-54.4413992983;31.6947038863;0.00000000000
8688;-53.7775951265;31.9308430371;0.00000000000
8689;-40.0085849749;12.9958710068;0.00000000000
8690;-39.9783487986;13.6897865271;0.00000000000
8691;-88.0740732502;18.1512307750;0.00000000000
8692;-88.4536312003;17.6945471621;0.00000000000
8693;-76.4619631827;11.8725977480;0.00000000000
8694;-76.1081107519;11.2515480356;0.00000000000
8695;-75.6490689108;12.2341728130;0.00000000000
8696;-75.3613496358;11.4749912294;0.00000000000
8697;-28.0832628080;29.3169651127;0.00000000000
8698;-29.9531672355;28.4468983239;0.00000000000
8699;-23.4997321961;13.1061789243;0.00000000000
8700;-24.1947196558;13.4813712003;0.00000000000
;;;
NODE;X;Y;Z
8701;-37.3967215040;37.3531596048;0.00000000000
8702;-37.3063794131;36.6599711784;0.00000000000
8703;-25.4616958805;31.0978162612;0.00000000000
8704;-78.0741222920;37.7948424020;0.00000000000
8705;-81.4657362275;19.8159974512;0.00000000000
8706;-75.3015582434;23.9146907507;0.00000000000
8707;-66.9530600803;24.3917598190;0.00000000000
8708;-36.8459665478;23.9008371989;0.00000000000
8709;-55.1494247394;27.7530813975;0.00000000000
8710;-77.3490842306;26.1953710085;0.00000000000
8711;-81.1714140767;16.8645475181;0.00000000000
8712;-48.2939789366;14.1641887825;0.00000000000
8713;-19.6208812955;34.6972540457;0.00000000000
8714;-55.0137302521;14.8489282994;0.00000000000
8715;-38.1150566176;12.6619973103;0.00000000000
8716;-87.9417555222;23.7614747573;0.00000000000
8717;-78.9253061649;37.9801854909;0.00000000000
8718;-11.8606203877;34.2284170979;0.00000000000
8719;-11.4181153791;39.0161367047;0.00000000000
8720;-41.2471944014;40.1041820013;0.00000000000
;;;
NODE;X;Y;Z
8721;-10.6890852766;31.6514223895;0.00000000000
8722;-8.86923253995;41.5880061866;0.00000000000
8723;-30.2106789387;29.8700077193;0.00000000000
8724;-45.6833574543;15.2971401955;0.00000000000
8725;-44.3542076828;20.7483734750;0.00000000000
8726;-26.1424243549;31.7424579859;0.00000000000
8727;-45.3843485653;36.0214846493;0.00000000000
8728;-45.9862467031;14.4977750188;0.00000000000
8729;-73.2240689487;25.8033759530;0.00000000000
8730;-73.1430740240;23.6714260205;0.00000000000
8731;-70.8338220493;24.5996590649;0.00000000000
8732;-69.1610521220;24.8506254394;0.00000000000
8733;-64.8723781375;25.1110905310;0.00000000000
8734;-62.7363634353;24.3550922337;0.00000000000
8735;-59.0872705139;24.4739305342;0.00000000000
8736;-57.2833144324;24.5280999457;0.00000000000
8737;-52.9049968974;25.4283560288;0.00000000000
8738;-46.3943988195;24.8927903376;0.00000000000
8739;-45.4289152899;24.7932231922;0.00000000000
8740;-40.4813381319;24.6617162144;0.00000000000
;;;
NODE;X;Y;Z
8741;-36.8548070503;24.7174214743;0.00000000000
8742;-38.2447566936;25.9029808679;0.00000000000
8743;-42.1706785810;25.0024485659;0.00000000000
8744;-43.8958493197;24.9749529412;0.00000000000
8745;-60.8241812548;25.5231050225;0.00000000000
8746;-67.5077669348;25.2609281132;0.00000000000
8747;-69.2253549110;25.9340823974;0.00000000000
8748;-70.6041959998;25.7381350570;0.00000000000
8749;-71.9609165047;25.6918231180;0.00000000000
8750;-74.3203768696;26.0099892485;0.00000000000
8751;-74.8805571070;25.1469939997;0.00000000000
8752;-36.7698486589;25.6786039205;0.00000000000
8753;-73.9928693496;22.8481743461;0.00000000000
8754;-68.9175948548;23.8820707388;0.00000000000
8755;-66.1766966355;25.7729928829;0.00000000000
8756;-64.5877220658;24.0203866657;0.00000000000
8757;-60.8964080406;24.4446812335;0.00000000000
8758;-58.9470446013;23.4460938636;0.00000000000
8759;-57.1208079066;23.5321847621;0.00000000000
8760;-51.9909617447;23.5587250520;0.00000000000
;;;
NODE;X;Y;Z
8761;-50.4943072327;23.7198192742;0.00000000000
8762;-49.0862427804;23.8469582413;0.00000000000
8763;-37.9534686499;24.6914947097;0.00000000000
8764;-37.8068958337;27.1120367802;0.00000000000
8765;-40.1944781078;26.1736989638;0.00000000000
8766;-49.8516655356;27.1051930795;0.00000000000
8767;-51.3041186726;27.2297123526;0.00000000000
8768;-57.9896885959;26.3363061906;0.00000000000
8769;-64.3248701031;26.3375463085;0.00000000000
8770;-65.3346691594;26.3519442380;0.00000000000
8771;-67.9144524645;26.2617070071;0.00000000000
8772;-70.5595009447;26.8730332138;0.00000000000
8773;-71.7939880361;26.8150467861;0.00000000000
8774;-72.9815447031;26.8539193725;0.00000000000
8775;-74.1310976258;26.9568797749;0.00000000000
8776;-75.5602505653;25.5222776726;0.00000000000
8777;-76.3901218271;26.2036581289;0.00000000000
8778;-76.0636113942;24.6013117369;0.00000000000
8779;-35.1787452410;26.1782771419;0.00000000000
8780;-35.4899496513;25.1466319625;0.00000000000
;;;
NODE;X;Y;Z
8781;-71.1427859935;23.3385035538;0.00000000000
8782;-68.5495402750;22.8775120527;0.00000000000
8783;-66.5440931543;23.4728729818;0.00000000000
8784;-64.3558595236;22.9616905741;0.00000000000
8785;-62.5054732820;23.2927807969;0.00000000000
8786;-60.7330456490;23.3886545993;0.00000000000
8787;-58.8170061918;22.3985636961;0.00000000000
8788;-50.5701818013;22.7062886689;0.00000000000
8789;-49.1605243691;22.8325182422;0.00000000000
8790;-47.8435934126;22.9350761347;0.00000000000
8791;-45.0269686493;23.9562703592;0.00000000000
8792;-43.8105196833;23.4952982811;0.00000000000
8793;-43.0562858432;24.2535760272;0.00000000000
8794;-38.3894623244;23.2162387849;0.00000000000
8795;-37.5610652405;23.6273180645;0.00000000000
8796;-35.7259693793;24.1933559171;0.00000000000
8797;-33.6931463576;26.2066875890;0.00000000000
8798;-34.3564609843;27.1897597146;0.00000000000
8799;-36.4317356423;26.7195807516;0.00000000000
8800;-42.9965710593;28.0345723791;0.00000000000
;;;
NODE;X;Y;Z
8801;-45.2675452766;27.0628451333;0.00000000000
8802;-46.7906214438;27.1692478316;0.00000000000
8803;-48.3279991129;27.1123198269;0.00000000000
8804;-49.5720030179;28.2634438671;0.00000000000
8805;-52.6624363985;27.3672265157;0.00000000000
8806;-53.9043561149;27.4430853740;0.00000000000
8807;-54.8672193901;28.1708909711;0.00000000000
8808;-56.3388254362;28.0852838485;0.00000000000
8809;-57.6126798524;28.1212362155;0.00000000000
8810;-58.0044517189;27.2742317874;0.00000000000
8811;-59.1803488365;26.4166519187;0.00000000000
8812;-60.4101540350;26.5922263886;0.00000000000
8813;-61.4531435623;26.9573655011;0.00000000000
8814;-62.1659988754;27.3745260432;0.00000000000
8815;-63.4614564415;27.7230092042;0.00000000000
8816;-64.4731877764;27.4116096249;0.00000000000
8817;-65.5621392740;27.1202337474;0.00000000000
8818;-66.7193749287;26.6915213453;0.00000000000
8819;-69.2914797294;27.0578226427;0.00000000000
8820;-71.7653436608;27.9118401875;0.00000000000
;;;
NODE;X;Y;Z
8821;-75.3810184899;26.1905904031;0.00000000000
8822;-76.2688255562;27.0679441317;0.00000000000
8823;-77.8868217516;27.2851381547;0.00000000000
8824;-76.4038416691;25.2436710449;0.00000000000
8825;-77.5704758823;24.6459547439;0.00000000000
8826;-75.6493022254;22.9939681743;0.00000000000
8827;-72.7544945840;22.2739330766;0.00000000000
8828;-70.3426598860;22.2475792961;0.00000000000
8829;-66.2154258817;22.5021225577;0.00000000000
8830;-62.3178538351;22.2189437415;0.00000000000
8831;-60.5627054231;22.3141636595;0.00000000000
8832;-57.0609592032;22.4729666032;0.00000000000
8833;-53.6976376750;23.5779669586;0.00000000000
8834;-52.0469622936;22.6146806603;0.00000000000
8835;-47.7880888053;21.9927882876;0.00000000000
8836;-44.3995529314;22.7617178397;0.00000000000
8837;-39.2359371513;22.6827889284;0.00000000000
8838;-37.8159256247;22.2311972031;0.00000000000
8839;-36.9271532406;22.7230863292;0.00000000000
8840;-36.1346839347;23.3311905678;0.00000000000
;;;
NODE;X;Y;Z
8841;-34.6912207851;23.4645935783;0.00000000000
8842;-32.2353016928;28.5688038096;0.00000000000
8843;-35.9417536451;27.8263279326;0.00000000000
8844;-37.5702179149;28.2105947711;0.00000000000
8845;-39.2723139440;26.5559878257;0.00000000000
8846;-44.7079938353;28.2200250459;0.00000000000
8847;-51.1126876808;28.3553068728;0.00000000000
8848;-52.5544812479;28.3955542262;0.00000000000
8849;-54.0822725346;27.9605746740;0.00000000000
8850;-55.1763225025;29.0135566152;0.00000000000
8851;-58.4090576082;28.5309002747;0.00000000000
8852;-58.8940312171;27.4819831303;0.00000000000
8853;-59.7895466946;27.7323891696;0.00000000000
8854;-61.7216753295;28.6684003308;0.00000000000
8855;-62.4983211107;28.1876227137;0.00000000000
8856;-63.6567139100;28.7321630519;0.00000000000
8857;-64.6873138543;28.3868685826;0.00000000000
8858;-65.7648579301;28.0493284153;0.00000000000
8859;-66.9248131175;27.6976326120;0.00000000000
8860;-68.0971893459;27.3482215057;0.00000000000
;;;
NODE;X;Y;Z
8861;-69.3756915938;28.1787910103;0.00000000000
8862;-70.5719596164;28.0067765371;0.00000000000
8863;-72.9421909663;27.8837368674;0.00000000000
8864;-74.0876003464;27.9233250435;0.00000000000
8865;-75.2652508512;27.0116501095;0.00000000000
8866;-77.1395006394;27.1445762221;0.00000000000
8867;-77.7998324620;28.1105558883;0.00000000000
8868;-79.3840176452;28.1369561116;0.00000000000
8869;-78.7050137642;27.4220824303;0.00000000000
8870;-78.1648477444;26.5011086015;0.00000000000
8871;-77.5481549200;25.4451126786;0.00000000000
8872;-77.3175094981;23.8767097813;0.00000000000
8873;-77.2411397798;22.9505316831;0.00000000000
8874;-29.4175555775;26.2808189014;0.00000000000
8875;-74.8240126265;22.0196449290;0.00000000000
8876;-68.0782220532;21.8870786632;0.00000000000
8877;-52.0821858629;21.5491334880;0.00000000000
8878;-50.5086665266;21.6998731413;0.00000000000
8879;-49.0973272795;21.8353074812;0.00000000000
8880;-46.6074601087;22.0749127756;0.00000000000
;;;
NODE;X;Y;Z
8881;-42.1335784759;21.9261899431;0.00000000000
8882;-41.3953350506;22.4266437565;0.00000000000
8883;-40.0516247093;22.0937853375;0.00000000000
8884;-38.7104864178;21.6878682100;0.00000000000
8885;-37.2264143943;21.3324329357;0.00000000000
8886;-36.2601613332;21.9215522454;0.00000000000
8887;-35.3077912445;22.5891315142;0.00000000000
8888;-28.5183302720;27.3692954665;0.00000000000
8889;-39.2756943886;27.3846750613;0.00000000000
8890;-40.8040253715;27.2650939622;0.00000000000
8891;-46.3648218737;28.2975976996;0.00000000000
8892;-47.9812677608;28.2733437424;0.00000000000
8893;-49.4117730962;29.3606114451;0.00000000000
8894;-54.0404536932;29.2029297165;0.00000000000
8895;-55.8433513184;28.6395104766;0.00000000000
8896;-57.0771918172;28.8534634362;0.00000000000
8897;-60.5966876359;28.0429364995;0.00000000000
8898;-61.2635656868;28.3901381499;0.00000000000
8899;-62.6817232446;29.1251925816;0.00000000000
8900;-67.0354333438;28.7394909113;0.00000000000
;;;
NODE;X;Y;Z
8901;-68.1939133221;28.4310173708;0.00000000000
8902;-75.1761971032;27.9422285351;0.00000000000
8903;-76.1339713086;28.0286612332;0.00000000000
8904;-77.0092284791;28.0834349192;0.00000000000
8905;-78.6127713047;28.7251087172;0.00000000000
8906;-79.1682798855;28.6616192421;0.00000000000
8907;-79.5178346360;27.4612718052;0.00000000000
8908;-78.7541429089;26.8725730091;0.00000000000
8909;-78.5897585021;25.8691678384;0.00000000000
8910;-78.7309101240;21.8143260327;0.00000000000
8911;-31.5842662333;24.7247784106;0.00000000000
8912;-32.4465652921;22.6516154538;0.00000000000
8913;-31.9821510194;23.5718058171;0.00000000000
8914;-77.3326846682;21.8735701433;0.00000000000
8915;-76.1240751042;22.0351902176;0.00000000000
8916;-74.3043114695;21.3556368851;0.00000000000
8917;-72.0034394651;21.4547953818;0.00000000000
8918;-69.8254975601;21.2002986588;0.00000000000
8919;-67.5975321113;20.9738317176;0.00000000000
8920;-58.6865686254;20.1021824177;0.00000000000
;;;
NODE;X;Y;Z
8921;-53.6338322618;21.4498350817;0.00000000000
8922;-46.5932003664;21.0053628675;0.00000000000
8923;-42.8403476985;21.5135942897;0.00000000000
8924;-41.7295536942;20.9456365481;0.00000000000
8925;-40.8507707158;21.5232057050;0.00000000000
8926;-39.6090126842;21.1029250544;0.00000000000
8927;-38.2036724026;20.7425080406;0.00000000000
8928;-33.0564287581;21.3568711606;0.00000000000
8929;-25.9345914179;29.2762816458;0.00000000000
8930;-27.3241247192;28.3006262696;0.00000000000
8931;-24.7253164034;30.4765062372;0.00000000000
8932;-35.2927137559;30.1215300665;0.00000000000
8933;-37.0476946984;30.4872360964;0.00000000000
8934;-39.2588413825;28.4410666369;0.00000000000
8935;-41.0276002110;28.3712661681;0.00000000000
8936;-47.7647993237;29.3974066743;0.00000000000
8937;-51.0167036743;29.4251945153;0.00000000000
8938;-65.8837356916;29.0463028638;0.00000000000
8939;-70.6624519143;30.2251844369;0.00000000000
8940;-72.9643904734;30.0748216417;0.00000000000
;;;
NODE;X;Y;Z
8941;-77.8215691056;28.9786304543;0.00000000000
8942;-79.3459853727;26.6363644140;0.00000000000
8943;-80.2022447048;24.1120747774;0.00000000000
8944;-32.0153058719;21.9569314447;0.00000000000
8945;-31.2513574875;22.8535187058;0.00000000000
8946;-78.7407529029;20.9035868262;0.00000000000
8947;-77.4732538770;20.7976692618;0.00000000000
8948;-76.0026777180;20.5949421764;0.00000000000
8949;-73.6321539370;20.5729836079;0.00000000000
8950;-62.0865811579;19.9065045211;0.00000000000
8951;-60.3873398177;20.0665067943;0.00000000000
8952;-51.7110330199;19.4779662505;0.00000000000
8953;-50.1926402833;19.5557130321;0.00000000000
8954;-45.5524418200;20.1348854336;0.00000000000
8955;-44.8601495228;20.4697816226;0.00000000000
8956;-43.2919578438;20.3771469590;0.00000000000
8957;-42.5495513632;20.5981766368;0.00000000000
8958;-41.5112947403;20.0131594749;0.00000000000
8959;-40.5425553744;20.5232230012;0.00000000000
8960;-35.0752461586;20.1740495537;0.00000000000
;;;
NODE;X;Y;Z
8961;-34.0364782348;20.7874206069;0.00000000000
8962;-32.4585605616;20.3575526614;0.00000000000
8963;-30.0765941961;25.0998792510;0.00000000000
8964;-30.6559974837;23.9485550696;0.00000000000
8965;-31.4738448917;21.0242647105;0.00000000000
8966;-31.8530314521;29.7961580575;0.00000000000
8967;-36.6625550423;31.6263647655;0.00000000000
8968;-42.4457712155;30.6443109001;0.00000000000
8969;-46.0745255388;29.4701860199;0.00000000000
8970;-56.2062568694;30.9472287057;0.00000000000
8971;-57.9066570744;31.3023055191;0.00000000000
8972;-59.4776489506;30.4060213806;0.00000000000
8973;-60.5316159772;30.4983862580;0.00000000000
8974;-61.6278380426;30.4031499040;0.00000000000
8975;-62.8502666339;30.9522982716;0.00000000000
8976;-63.9309120365;30.6538428121;0.00000000000
8977;-68.3319303683;30.6055052700;0.00000000000
8978;-69.5001042705;30.3892764282;0.00000000000
8979;-71.8176722906;30.1228486513;0.00000000000
8980;-72.9671962705;31.2225105898;0.00000000000
;;;
NODE;X;Y;Z
8981;-74.0731763451;30.0977035498;0.00000000000
8982;-75.0999208413;30.1036244784;0.00000000000
8983;-76.0948217782;30.0951720691;0.00000000000
8984;-79.1206475452;30.3420681963;0.00000000000
8985;-79.9588484346;29.8444070936;0.00000000000
8986;-80.4388302158;30.7257296134;0.00000000000
8987;-80.6344414150;29.1309996709;0.00000000000
8988;-80.6880659397;25.3320479263;0.00000000000
8989;-80.5379487518;19.3106381967;0.00000000000
8990;-75.1008923035;19.6943717157;0.00000000000
8991;-66.7828997544;18.9604934578;0.00000000000
8992;-65.3786445052;19.3020646954;0.00000000000
8993;-63.7362245319;19.6618885913;0.00000000000
8994;-58.7599008221;18.8956499806;0.00000000000
8995;-56.9587094168;20.1185439758;0.00000000000
8996;-55.1313030635;18.7600278149;0.00000000000
8997;-53.3292723993;19.2831276266;0.00000000000
8998;-51.2683661887;18.4533541819;0.00000000000
8999;-48.7576217746;19.5625365208;0.00000000000
9000;-44.3375741383;19.8149511363;0.00000000000
;;;
NODE;X;Y;Z
9001;-43.5226567577;19.5003302521;0.00000000000
9002;-36.1167612154;19.5631944607;0.00000000000
9003;-33.4874189688;19.7861419208;0.00000000000
9004;-23.2484567881;28.7797314249;0.00000000000
9005;-24.4208928517;27.4241770429;0.00000000000
9006;-25.5709812775;26.1543787423;0.00000000000
9007;-29.1682074673;24.0734441975;0.00000000000
9008;-27.0857394957;31.0420328798;0.00000000000
9009;-28.5846035694;30.3439504503;0.00000000000
9010;-31.7766410915;31.0374151112;0.00000000000
9011;-33.3290317018;31.0783355279;0.00000000000
9012;-34.9725251501;31.2713878366;0.00000000000
9013;-38.8315199402;30.7564884553;0.00000000000
9014;-40.6152665931;30.8000694717;0.00000000000
9015;-42.3921084233;31.7500508747;0.00000000000
9016;-44.1372834043;31.6410950185;0.00000000000
9017;-45.8661463428;31.5541676987;0.00000000000
9018;-47.5520853699;31.4664415214;0.00000000000
9019;-49.1803855172;31.4357234201;0.00000000000
9020;-50.6544376076;31.5487191316;0.00000000000
;;;
NODE;X;Y;Z
9021;-51.8459733328;31.8425008874;0.00000000000
9022;-53.1569523660;31.3953084453;0.00000000000
9023;-55.2498259946;31.1798417384;0.00000000000
9024;-56.6601954747;31.8117382529;0.00000000000
9025;-59.1846567504;31.4538611995;0.00000000000
9026;-60.3674202124;31.5109488940;0.00000000000
9027;-61.6299813572;31.4676301846;0.00000000000
9028;-63.0934419041;31.8355967604;0.00000000000
9029;-64.0639589750;31.6231440044;0.00000000000
9030;-64.9602135586;30.3705748998;0.00000000000
9031;-66.0962942405;31.1429480395;0.00000000000
9032;-67.1999100281;30.8570170770;0.00000000000
9033;-69.5598244914;31.4890201145;0.00000000000
9034;-70.7045991486;31.3455327937;0.00000000000
9035;-71.8472819957;31.2575016604;0.00000000000
9036;-75.1555914037;31.2177639460;0.00000000000
9037;-76.2031556013;31.1569328939;0.00000000000
9038;-77.2172641086;31.0155449191;0.00000000000
9039;-78.2043752523;30.7640008864;0.00000000000
9040;-80.9611361054;31.6651158728;0.00000000000
;;;
NODE;X;Y;Z
9041;-81.2443426985;29.9751224058;0.00000000000
9042;-81.1392251472;28.1600518050;0.00000000000
9043;-81.3691296211;26.8165969434;0.00000000000
9044;-81.8563382535;25.1649176175;0.00000000000
9045;-81.3539494521;23.9786216193;0.00000000000
9046;-81.0261253113;22.8571488378;0.00000000000
9047;-80.7957829099;21.7710897311;0.00000000000
9048;-80.6030842385;20.6443250392;0.00000000000
9049;-20.1087808974;31.7348740910;0.00000000000
9050;-21.7504246989;30.7104911460;0.00000000000
9051;-79.9167706727;18.2804666720;0.00000000000
9052;-78.9678290520;18.9194548861;0.00000000000
9053;-78.1592891199;18.3637404662;0.00000000000
9054;-77.3887841313;17.8096531700;0.00000000000
9055;-72.5403165730;18.7429499463;0.00000000000
9056;-69.6438236340;18.5418483880;0.00000000000
9057;-68.2521016549;18.6665391842;0.00000000000
9058;-65.2118778675;18.1521979786;0.00000000000
9059;-62.0587094674;18.7196212743;0.00000000000
9060;-60.4283741278;18.8887469808;0.00000000000
;;;
NODE;X;Y;Z
9061;-58.9099165414;17.6394484084;0.00000000000
9062;-57.0456818655;18.8454125676;0.00000000000
9063;-55.8440880846;17.3727814090;0.00000000000
9064;-52.7408121926;18.3050264418;0.00000000000
9065;-50.0178012472;18.4586892407;0.00000000000
9066;-48.6336586552;18.3842398464;0.00000000000
9067;-45.8902298772;18.7183510456;0.00000000000
9068;-41.0715134049;17.8565705115;0.00000000000
9069;-39.8487446168;18.5767685035;0.00000000000
9070;-37.1730515366;18.9695964336;0.00000000000
9071;-35.6003167119;18.6462106936;0.00000000000
9072;-34.5339765174;19.2271997761;0.00000000000
9073;-32.8918617966;18.8048353136;0.00000000000
9074;-18.0116260551;31.8022901359;0.00000000000
9075;-23.7597836198;26.3095612835;0.00000000000
9076;-18.7833871705;32.8793852531;0.00000000000
9077;-26.5237555865;30.1518021128;0.00000000000
9078;-27.6831949535;31.9754233664;0.00000000000
9079;-28.9086650034;31.4833247458;0.00000000000
9080;-30.2649742127;31.1617536064;0.00000000000
;;;
NODE;X;Y;Z
9081;-31.6485865930;32.2637219465;0.00000000000
9082;-34.5184521669;32.3687472365;0.00000000000
9083;-36.0713367454;32.6822254647;0.00000000000
9084;-38.5640728111;32.1769119944;0.00000000000
9085;-40.5763296515;31.9405240161;0.00000000000
9086;-42.5500560760;32.8167029784;0.00000000000
9087;-44.1945081133;32.6440726358;0.00000000000
9088;-47.5061785388;32.4208191281;0.00000000000
9089;-49.0384559057;32.3926463085;0.00000000000
9090;-50.1760156965;33.3484640210;0.00000000000
9091;-50.3613260098;32.4713967465;0.00000000000
9092;-52.7086614898;32.2325418046;0.00000000000
9093;-54.6192663201;32.5041957471;0.00000000000
9094;-55.5912778863;32.1923681713;0.00000000000
9095;-56.8337138297;32.8372848647;0.00000000000
9096;-57.9106813836;32.5829773764;0.00000000000
9097;-59.0378314318;32.5408320504;0.00000000000
9098;-62.3094297979;32.0576626108;0.00000000000
9099;-63.2032516686;32.8024980723;0.00000000000
9100;-64.1715280988;32.6370711190;0.00000000000
;;;
NODE;X;Y;Z
9101;-65.0675385673;31.3961018463;0.00000000000
9102;-66.2106598746;32.1934576511;0.00000000000
9103;-67.2837235826;31.9627558194;0.00000000000
9104;-68.4160638748;31.7021054505;0.00000000000
9105;-69.6113501542;32.5977201573;0.00000000000
9106;-70.7392463962;32.4561190090;0.00000000000
9107;-71.8682114281;32.3852018538;0.00000000000
9108;-72.9926891108;32.3512646611;0.00000000000
9109;-74.0916567264;31.2376586272;0.00000000000
9110;-75.2282386030;32.2982479731;0.00000000000
9111;-76.3447900043;32.2093683533;0.00000000000
9112;-77.4354710846;32.0319446218;0.00000000000
9113;-78.5074382582;31.6672735351;0.00000000000
9114;-79.4954021297;31.2390010627;0.00000000000
9115;-81.8758252490;30.8990192789;0.00000000000
9116;-81.8978375021;29.0342395631;0.00000000000
9117;-82.4396929216;28.0830363582;0.00000000000
9118;-82.3918212846;26.2811085567;0.00000000000
9119;-82.8446614455;24.7184096038;0.00000000000
9120;-82.4105939478;23.6802993382;0.00000000000
;;;
NODE;X;Y;Z
9121;-81.7763702120;21.5577870482;0.00000000000
9122;-81.4626219397;20.6078609521;0.00000000000
9123;-82.1601387323;19.3953470607;0.00000000000
9124;-82.4651504954;18.1631284038;0.00000000000
9125;-19.6858197901;30.4602704099;0.00000000000
9126;-21.1686617448;29.2446435722;0.00000000000
9127;-24.9760965680;24.8143148469;0.00000000000
9128;-27.9172439374;21.3457098580;0.00000000000
9129;-80.8206908910;17.9382790634;0.00000000000
9130;-79.1268129975;17.3758617330;0.00000000000
9131;-76.5604559142;17.1452390938;0.00000000000
9132;-75.7197687301;17.9273033495;0.00000000000
9133;-73.8550858891;17.9899623555;0.00000000000
9134;-72.2819095590;17.6673055653;0.00000000000
9135;-70.9862666605;18.2365285604;0.00000000000
9136;-69.6350058070;17.3438048564;0.00000000000
9137;-68.1939631481;17.5185258503;0.00000000000
9138;-66.7861171383;17.7957671678;0.00000000000
9139;-63.6683143505;18.4583856128;0.00000000000
9140;-60.5525127186;17.5965856711;0.00000000000
;;;
NODE;X;Y;Z
9141;-52.9038825456;17.1160038865;0.00000000000
9142;-51.5306552033;17.2451526106;0.00000000000
9143;-50.1321975172;17.3083705939;0.00000000000
9144;-48.7197352501;17.2496367481;0.00000000000
9145;-47.0558290370;18.2194848122;0.00000000000
9146;-43.5769266381;17.4662983174;0.00000000000
9147;-42.5047678074;17.8413634886;0.00000000000
9148;-40.2518502830;16.9993155740;0.00000000000
9149;-39.2852352361;17.7235206041;0.00000000000
9150;-38.2184053336;18.3482437045;0.00000000000
9151;-36.6342633407;18.0648641234;0.00000000000
9152;-35.0601050109;17.7229577627;0.00000000000
9153;-34.0145093400;18.2878302719;0.00000000000
9154;-23.2058562151;25.2255258437;0.00000000000
9155;-24.4644748293;23.6807235970;0.00000000000
9156;-26.9984317100;22.6575179933;0.00000000000
9157;-28.7206304544;20.3680993580;0.00000000000
9158;-30.4920734559;18.4696415663;0.00000000000
9159;-29.5128467361;19.1730295896;0.00000000000
9160;-24.5706916484;32.2374275471;0.00000000000
;;;
NODE;X;Y;Z
9161;-26.6214530423;32.5414259329;0.00000000000
9162;-30.2459471125;32.4046118814;0.00000000000
9163;-33.0401648533;32.2483677891;0.00000000000
9164;-37.3984496218;33.2997032398;0.00000000000
9165;-40.9023658321;33.0572732629;0.00000000000
9166;-45.8558226281;32.4966086015;0.00000000000
9167;-53.6340648278;32.6214411967;0.00000000000
9168;-55.6933921584;33.1580625441;0.00000000000
9169;-60.1697264434;32.5524039471;0.00000000000
9170;-61.1890027729;32.6617953106;0.00000000000
9171;-62.1782657439;32.8315623055;0.00000000000
9172;-65.1815420946;32.4237074025;0.00000000000
9173;-66.2678120759;33.2636495977;0.00000000000
9174;-67.3572027211;33.0275427819;0.00000000000
9175;-68.4805540817;32.7915096823;0.00000000000
9176;-74.1112892042;32.3341498495;0.00000000000
9177;-78.8070349143;32.7339058938;0.00000000000
9178;-79.9264348317;32.2638698335;0.00000000000
9179;-82.6328579283;30.0515534887;0.00000000000
9180;-83.1462486167;27.3605869926;0.00000000000
;;;
NODE;X;Y;Z
9181;-83.3854080860;25.7558183919;0.00000000000
9182;-82.0624698704;22.6049806617;0.00000000000
9183;-83.0277067857;21.3497118520;0.00000000000
9184;-83.1535098051;19.1324659747;0.00000000000
9185;-83.3609618464;17.6818069364;0.00000000000
9186;-17.8976527973;30.0050786141;0.00000000000
9187;-19.2389587686;29.1562226728;0.00000000000
9188;-20.6189801876;27.9773263971;0.00000000000
9189;-21.9251702912;26.6738908984;0.00000000000
9190;-26.0176167336;23.6211972436;0.00000000000
9191;-27.9689948944;19.2594735814;0.00000000000
9192;-81.7333273205;17.3991218850;0.00000000000
9193;-80.3132199272;17.0891611367;0.00000000000
9194;-78.4342966890;16.1154349863;0.00000000000
9195;-78.0475405942;16.9564930150;0.00000000000
9196;-75.8326903378;16.3778178330;0.00000000000
9197;-74.9657043208;17.1825530818;0.00000000000
9198;-73.4259047636;17.0484416046;0.00000000000
9199;-72.1478123751;16.5298314331;0.00000000000
9200;-70.9770319681;16.9944987561;0.00000000000
;;;
NODE;X;Y;Z
9201;-69.6631703906;16.2924617259;0.00000000000
9202;-66.6565571703;16.6589808073;0.00000000000
9203;-62.1211275848;17.4566177980;0.00000000000
9204;-59.3781383710;15.3831447915;0.00000000000
9205;-57.3027368807;17.5856682603;0.00000000000
9206;-54.3322830203;17.0524712957;0.00000000000
9207;-47.4292726972;16.9426858065;0.00000000000
9208;-45.1563856603;17.8360468430;0.00000000000
9209;-44.4389068631;16.9254588568;0.00000000000
9210;-43.1199509980;16.4774651961;0.00000000000
9211;-41.7954013804;16.6775555939;0.00000000000
9212;-38.6260108802;16.8692998728;0.00000000000
9213;-37.6478937433;17.4724093582;0.00000000000
9214;-36.0460852268;17.1370712205;0.00000000000
9215;-32.9253810166;16.5339642813;0.00000000000
9216;-32.2556728137;17.1102556057;0.00000000000
9217;-16.5979529149;31.9144627678;0.00000000000
9218;-25.6241979592;22.1849374811;0.00000000000
9219;-26.6730321257;20.9759731066;0.00000000000
9220;-28.8009887793;17.8343182296;0.00000000000
;;;
NODE;X;Y;Z
9221;-23.7581136368;31.7826501724;0.00000000000
9222;-25.2629464657;32.6607970701;0.00000000000
9223;-25.7958421991;32.9966877516;0.00000000000
9224;-39.5208598492;33.4722704637;0.00000000000
9225;-45.9488742244;33.4202144180;0.00000000000
9226;-49.0136160031;33.2953341916;0.00000000000
9227;-52.2006410313;34.3654906706;0.00000000000
9228;-54.5979033969;33.4110786048;0.00000000000
9229;-64.2273663322;34.6719874268;0.00000000000
9230;-75.3317579665;34.4275112846;0.00000000000
9231;-82.1693280295;33.6517676581;0.00000000000
9232;-83.9408962217;28.3721052700;0.00000000000
9233;-16.5314791380;30.4363335089;0.00000000000
9234;-76.4870821955;15.7117281482;0.00000000000
9235;-74.4298340070;16.3162859325;0.00000000000
9236;-73.0956284215;16.0369880985;0.00000000000
9237;-60.7612390484;15.4102788601;0.00000000000
9238;-50.2554254711;15.2202431339;0.00000000000
9239;-46.4861852747;16.2162891569;0.00000000000
9240;-33.8105672058;15.9208310827;0.00000000000
;;;
NODE;X;Y;Z
9241;-31.9796319284;15.8307237019;0.00000000000
9242;-31.3447470865;16.8487454929;0.00000000000
9243;-19.2198577308;34.0981806642;0.00000000000
9244;-21.2534232992;33.1928505940;0.00000000000
9245;-26.8891819092;34.5377259146;0.00000000000
9246;-27.9762433906;34.2159632675;0.00000000000
9247;-29.0639425072;33.8989466997;0.00000000000
9248;-30.2291854211;34.8584401733;0.00000000000
9249;-31.3756642371;34.6919216007;0.00000000000
9250;-32.6069292019;34.5961486019;0.00000000000
9251;-33.8274766796;34.6088242975;0.00000000000
9252;-34.9950381939;34.7693308281;0.00000000000
9253;-36.1654979949;35.0947553223;0.00000000000
9254;-37.7065189653;34.8822930469;0.00000000000
9255;-43.1107410775;34.8178355149;0.00000000000
9256;-50.0478093977;35.0895528699;0.00000000000
9257;-51.1523378075;34.9090569510;0.00000000000
9258;-55.6118453373;35.1630709477;0.00000000000
9259;-56.7339490619;34.9693121312;0.00000000000
9260;-57.8212366688;34.8394394123;0.00000000000
;;;
NODE;X;Y;Z
9261;-58.8957480973;34.7753694173;0.00000000000
9262;-62.0781081894;34.7910388157;0.00000000000
9263;-63.1680047238;34.7407991292;0.00000000000
9264;-65.2803492470;34.5190354866;0.00000000000
9265;-68.5783053724;34.9317554315;0.00000000000
9266;-69.6857837809;34.7767467102;0.00000000000
9267;-70.7839467265;34.6699593224;0.00000000000
9268;-71.8859875709;34.6093551587;0.00000000000
9269;-73.0120257383;34.5516028761;0.00000000000
9270;-74.1595401376;34.4931674917;0.00000000000
9271;-76.5398207028;34.3288133161;0.00000000000
9272;-80.7549314340;34.3664970423;0.00000000000
9273;-84.3528533875;33.9552234911;0.00000000000
9274;-83.3787699621;32.8885488717;0.00000000000
9275;-83.2806881142;29.1673630207;0.00000000000
9276;-84.5373210869;22.9247298018;0.00000000000
9277;-84.0432568630;22.2259919669;0.00000000000
9278;-85.0107923291;18.3192014312;0.00000000000
9279;-85.3201108223;17.0484753903;0.00000000000
9280;-84.8441669924;16.0555000513;0.00000000000
;;;
NODE;X;Y;Z
9281;-21.9968022988;23.2785234275;0.00000000000
9282;-23.2476953197;21.8464833467;0.00000000000
9283;-25.6554143074;18.5810461813;0.00000000000
9284;-30.0161504210;16.4698520312;0.00000000000
9285;-82.4901882647;15.2942685469;0.00000000000
9286;-81.4251900149;15.2403447024;0.00000000000
9287;-80.3240898836;15.1911883694;0.00000000000
9288;-71.6758093637;14.5472931031;0.00000000000
9289;-63.6346628408;16.0529626197;0.00000000000
9290;-62.1597602423;15.2707033714;0.00000000000
9291;-60.9118473045;14.3588033055;0.00000000000
9292;-59.7797955425;14.3295649804;0.00000000000
9293;-57.9867306551;14.9123851519;0.00000000000
9294;-56.4686214434;14.9499472520;0.00000000000
9295;-51.7414058935;15.0771599646;0.00000000000
9296;-50.3285334926;14.2027040604;0.00000000000
9297;-49.1088839512;15.1852381883;0.00000000000
9298;-44.5186211117;15.3402546307;0.00000000000
9299;-41.2614793933;14.4955817733;0.00000000000
9300;-38.3371321005;14.5640082780;0.00000000000
;;;
NODE;X;Y;Z
9301;-37.3573387468;15.1167845783;0.00000000000
9302;-34.8032788426;15.2573749288;0.00000000000
9303;-33.0225160589;15.1006289973;0.00000000000
9304;-15.0413262667;32.9964857785;0.00000000000
9305;-13.9581175057;35.4422150759;0.00000000000
9306;-15.1082206036;34.5985699461;0.00000000000
9307;-16.9259299307;33.8226978085;0.00000000000
9308;-20.3206958782;33.0533696816;0.00000000000
9309;-20.3090675884;34.6635114251;0.00000000000
9310;-21.1568885108;34.5340138212;0.00000000000
9311;-22.0863339466;34.4725219520;0.00000000000
9312;-22.9937167695;34.4994938231;0.00000000000
9313;-23.8723223313;34.6631776507;0.00000000000
9314;-24.7441390368;34.8339599689;0.00000000000
9315;-25.8143606254;34.7567500176;0.00000000000
9316;-26.8971524481;35.6142640660;0.00000000000
9317;-27.9844743766;35.3696261656;0.00000000000
9318;-29.0773816212;35.1108183925;0.00000000000
9319;-30.1861174893;36.0678726826;0.00000000000
9320;-31.3056697523;35.8765518771;0.00000000000
;;;
NODE;X;Y;Z
9321;-32.4664744478;35.7539304023;0.00000000000
9322;-33.6195212814;35.7208955761;0.00000000000
9323;-34.7809680060;35.7740391437;0.00000000000
9324;-35.7394166282;36.0388072758;0.00000000000
9325;-37.0588655997;35.5608988329;0.00000000000
9326;-38.5474253438;35.6788071049;0.00000000000
9327;-40.0361658630;36.2295281923;0.00000000000
9328;-40.9699280140;35.6723587948;0.00000000000
9329;-41.9342394821;35.1758278128;0.00000000000
9330;-43.2909957060;35.8643152956;0.00000000000
9331;-44.3133324004;35.4887115814;0.00000000000
9332;-46.1743193980;35.3668932558;0.00000000000
9333;-47.0476228722;35.9914115434;0.00000000000
9334;-47.9450134159;35.0159723342;0.00000000000
9335;-48.9846258466;35.0657699049;0.00000000000
9336;-50.1377873912;35.9464910345;0.00000000000
9337;-51.3156718882;35.7364956078;0.00000000000
9338;-52.3107234745;35.5946128323;0.00000000000
9339;-54.4844337773;35.3568724092;0.00000000000
9340;-56.7161804700;35.9888175447;0.00000000000
;;;
NODE;X;Y;Z
9341;-57.7912610652;35.8891523178;0.00000000000
9342;-58.8537866451;35.8421065033;0.00000000000
9343;-59.9635406122;34.7986987731;0.00000000000
9344;-61.0232698650;34.7961391216;0.00000000000
9345;-62.0736174478;35.8165514267;0.00000000000
9346;-63.1579741177;35.7828258524;0.00000000000
9347;-64.2425506243;35.7039016990;0.00000000000
9348;-65.3191556934;35.5690394035;0.00000000000
9349;-66.3936799966;35.3751940034;0.00000000000
9350;-67.4790356383;35.1457017041;0.00000000000
9351;-69.7190045613;35.8506280391;0.00000000000
9352;-70.7933397644;35.7685392924;0.00000000000
9353;-74.1359079893;35.5658277614;0.00000000000
9354;-75.2960833633;35.5006987462;0.00000000000
9355;-76.4969139326;35.4145796717;0.00000000000
9356;-77.7698483831;35.3043493655;0.00000000000
9357;-79.2149217516;35.2496496720;0.00000000000
9358;-80.0930246999;36.0005620391;0.00000000000
9359;-81.2277016739;35.3562328983;0.00000000000
9360;-82.6818914458;34.7023113952;0.00000000000
;;;
NODE;X;Y;Z
9361;-84.3151653791;31.9153667202;0.00000000000
9362;-85.0224137917;30.9126880151;0.00000000000
9363;-85.4738822082;27.0917816852;0.00000000000
9364;-85.8415018179;25.7673836423;0.00000000000
9365;-85.3444894928;24.8310345131;0.00000000000
9366;-84.9303740268;23.8685830364;0.00000000000
9367;-85.4203313549;22.4394732841;0.00000000000
9368;-84.4856133276;21.3337395100;0.00000000000
9369;-85.7574320624;19.3514106467;0.00000000000
9370;-85.9519675889;18.0498313733;0.00000000000
9371;-86.2365265536;16.7280155912;0.00000000000
9372;-16.9388556129;27.4467929377;0.00000000000
9373;-18.2238716015;26.6647228105;0.00000000000
9374;-19.4988505547;25.6946297187;0.00000000000
9375;-20.7571851196;24.5553264818;0.00000000000
9376;-26.7550260139;16.5101465361;0.00000000000
9377;-86.0945822413;13.9360547869;0.00000000000
9378;-85.4320263484;14.8726195163;0.00000000000
9379;-83.4974816785;15.1993592995;0.00000000000
9380;-82.3550958871;14.1596112338;0.00000000000
;;;
NODE;X;Y;Z
9381;-81.3608179702;14.1840215259;0.00000000000
9382;-80.3525106902;14.1814481394;0.00000000000
9383;-78.5098950192;14.2727402051;0.00000000000
9384;-77.5964676339;14.4845279352;0.00000000000
9385;-76.6703428399;14.3042284713;0.00000000000
9386;-75.9782646953;14.9518700550;0.00000000000
9387;-74.4150995986;13.9475687931;0.00000000000
9388;-73.6405921888;14.4469292577;0.00000000000
9389;-72.4987794415;14.0519361891;0.00000000000
9390;-71.3617019263;13.6607777059;0.00000000000
9391;-70.4299654434;14.2589632382;0.00000000000
9392;-67.5292469130;14.0725727903;0.00000000000
9393;-67.3196202679;13.1416877838;0.00000000000
9394;-66.2995002734;14.4651512295;0.00000000000
9395;-65.0384205913;14.6744074030;0.00000000000
9396;-63.6793582475;14.7229938767;0.00000000000
9397;-62.0636680928;14.2450484720;0.00000000000
9398;-57.7723288285;13.6231031485;0.00000000000
9399;-53.5660761897;13.1245262844;0.00000000000
9400;-52.6565992668;13.8083599593;0.00000000000
;;;
NODE;X;Y;Z
9401;-47.8924895072;13.4863589474;0.00000000000
9402;-47.9522117994;14.8568775099;0.00000000000
9403;-45.0744770586;14.9682565445;0.00000000000
9404;-44.0880925923;14.3383510598;0.00000000000
9405;-41.8112413288;13.3735828593;0.00000000000
9406;-39.7741847906;14.8142253999;0.00000000000
9407;-37.8318604374;13.7847702360;0.00000000000
9408;-36.7880461862;14.2096231868;0.00000000000
9409;-35.7773664489;14.6646228502;0.00000000000
9410;-34.1409975381;14.4507229928;0.00000000000
9411;-32.3621371780;14.2290669767;0.00000000000
9412;-31.0863359293;14.9942454762;0.00000000000
9413;-14.3003974839;33.8840188383;0.00000000000
9414;-15.2573696670;30.7368481752;0.00000000000
9415;-14.4030440808;36.4107153254;0.00000000000
9416;-15.8521026590;35.6655650679;0.00000000000
9417;-17.7194864634;34.3614810811;0.00000000000
9418;-18.4509326428;35.0759492447;0.00000000000
9419;-19.2461848728;35.6698101385;0.00000000000
9420;-20.1419520224;35.8212110951;0.00000000000
;;;
NODE;X;Y;Z
9421;-21.0503992423;35.7570069270;0.00000000000
9422;-21.9402598414;35.7767113917;0.00000000000
9423;-22.8567932965;35.7981384226;0.00000000000
9424;-23.7746068534;35.8762850660;0.00000000000
9425;-24.7584498875;35.9097022506;0.00000000000
9426;-25.8258605319;35.7628638344;0.00000000000
9427;-26.9193958045;36.6642709761;0.00000000000
9428;-32.4252919803;36.8406568801;0.00000000000
9429;-33.5194245710;36.7886687729;0.00000000000
9430;-35.5403671062;37.0221675598;0.00000000000
9431;-36.6321927227;36.3652827036;0.00000000000
9432;-37.8538741325;36.2224951943;0.00000000000
9433;-39.1380924806;36.6825430196;0.00000000000
9434;-40.3530210846;37.1130905984;0.00000000000
9435;-42.3219906092;36.1838483165;0.00000000000
9436;-43.6311648777;36.8920965170;0.00000000000
9437;-44.7383768041;36.6829532274;0.00000000000
9438;-46.1650034535;36.1239748265;0.00000000000
9439;-47.9800601812;35.9236376861;0.00000000000
9440;-49.0336282474;35.9904878565;0.00000000000
;;;
NODE;X;Y;Z
9441;-50.1018559802;36.8665152598;0.00000000000
9442;-51.1976364907;36.7731476952;0.00000000000
9443;-52.2891454761;36.7048763446;0.00000000000
9444;-53.3617680184;35.4776866431;0.00000000000
9445;-54.4659539746;36.3749473391;0.00000000000
9446;-55.6073277889;36.1462591697;0.00000000000
9447;-59.9179870156;35.8373943388;0.00000000000
9448;-60.9907592843;35.8345646392;0.00000000000
9449;-62.0362215020;36.8338399069;0.00000000000
9450;-63.1402416307;36.8058725479;0.00000000000
9451;-64.2633980489;36.7644738921;0.00000000000
9452;-66.4471855802;36.4154274607;0.00000000000
9453;-67.5600231561;36.1689040593;0.00000000000
9454;-68.6442324040;35.9771471202;0.00000000000
9455;-71.8856540624;35.6851996538;0.00000000000
9456;-73.0003679495;35.6200045306;0.00000000000
9457;-74.0703629336;36.6416391349;0.00000000000
9458;-75.1975228535;36.5831343910;0.00000000000
9459;-76.3340190711;36.5305140546;0.00000000000
9460;-78.4643913146;36.6134651842;0.00000000000
;;;
NODE;X;Y;Z
9461;-80.5758680619;36.9152046449;0.00000000000
9462;-81.6150889067;36.3981372416;0.00000000000
9463;-82.9019462073;35.8673309601;0.00000000000
9464;-85.5363830018;35.4535017245;0.00000000000
9465;-85.8754879905;34.1046915019;0.00000000000
9466;-85.3721957621;32.4963120883;0.00000000000
9467;-86.0536913744;31.3905692399;0.00000000000
9468;-86.4497434213;28.4913673639;0.00000000000
9469;-86.4004291991;26.6718103444;0.00000000000
9470;-86.7775752600;25.3851022446;0.00000000000
9471;-86.3492269598;24.4619359562;0.00000000000
9472;-85.8893588030;23.4687902332;0.00000000000
9473;-86.4699648939;22.1321158751;0.00000000000
9474;-86.6055969394;19.0676470775;0.00000000000
9475;-86.7985953539;17.7061680374;0.00000000000
9476;-87.0767398086;16.3716092655;0.00000000000
9477;-85.7920795559;15.7892706806;0.00000000000
9478;-86.4076045540;14.6289545490;0.00000000000
9479;-15.6659331842;28.1050790784;0.00000000000
9480;-21.2935674305;22.4461614782;0.00000000000
;;;
NODE;X;Y;Z
9481;-22.5097542719;21.1568868075;0.00000000000
9482;-24.8059298837;18.0330649776;0.00000000000
9483;-86.6479519283;13.2258323125;0.00000000000
9484;-85.2179818986;13.9035937100;0.00000000000
9485;-84.3143259228;13.9082231909;0.00000000000
9486;-83.3315692219;14.0203213204;0.00000000000
9487;-82.2795835918;13.0705104837;0.00000000000
9488;-81.2493151888;13.0989758563;0.00000000000
9489;-80.2823007708;13.1582194161;0.00000000000
9490;-79.3124464046;13.2479557327;0.00000000000
9491;-78.3589001191;13.4321404782;0.00000000000
9492;-77.3967387054;13.6772167557;0.00000000000
9493;-76.3480480165;13.5988309924;0.00000000000
9494;-74.0837560258;13.0614511443;0.00000000000
9495;-72.2550165972;13.0650683694;0.00000000000
9496;-71.0959189797;12.7556120706;0.00000000000
9497;-70.0703282242;13.4663278604;0.00000000000
9498;-69.0156545568;14.2987821856;0.00000000000
9499;-65.1495800674;13.4761378809;0.00000000000
9500;-62.9984584738;14.0090913996;0.00000000000
;;;
NODE;X;Y;Z
9501;-62.0968113460;13.2235848794;0.00000000000
9502;-61.0409952724;13.3113611351;0.00000000000
9503;-60.0038499589;13.2937069967;0.00000000000
9504;-58.9172719582;14.1362674983;0.00000000000
9505;-55.4612949341;13.6989637972;0.00000000000
9506;-53.4318247111;14.6924133622;0.00000000000
9507;-52.1737935172;12.9488617221;0.00000000000
9508;-51.4937825250;14.1208561128;0.00000000000
9509;-50.1916764185;13.1936468673;0.00000000000
9510;-49.1937225391;14.1979001088;0.00000000000
9511;-46.0719782852;13.4675391775;0.00000000000
9512;-45.0258498922;14.1576588120;0.00000000000
9513;-43.9439196175;13.3033176671;0.00000000000
9514;-40.5761705049;14.0754392997;0.00000000000
9515;-39.3152551999;14.0256305044;0.00000000000
9516;-36.4027830652;13.2529925924;0.00000000000
9517;-35.2463259094;13.5446607744;0.00000000000
9518;-33.5067546815;13.6543911797;0.00000000000
9519;-12.6519715865;35.9834830891;0.00000000000
9520;-13.3478813853;34.5952331601;0.00000000000
;;;
NODE;X;Y;Z
9521;-13.4514907095;33.1964295766;0.00000000000
9522;-14.0217666857;32.5709646134;0.00000000000
9523;-14.5288108916;31.8751254997;0.00000000000
9524;-14.1424767901;31.0277790741;0.00000000000
9525;-17.0131603528;35.9819113168;0.00000000000
9526;-17.9709122895;36.3406650763;0.00000000000
9527;-18.9295747151;36.6896371538;0.00000000000
9528;-19.8983543510;36.8859755265;0.00000000000
9529;-20.8605884503;36.9232772086;0.00000000000
9530;-21.8159727463;36.9146742360;0.00000000000
9531;-22.7659430165;37.0071843325;0.00000000000
9532;-23.7485551397;37.0247758858;0.00000000000
9533;-24.7743168297;36.9245127189;0.00000000000
9534;-25.8348426572;36.8064356434;0.00000000000
9535;-27.9967280722;36.4907691686;0.00000000000
9536;-29.0834685085;36.2788862879;0.00000000000
9537;-30.1368643070;37.2599596756;0.00000000000
9538;-31.3001933799;36.9873435634;0.00000000000
9539;-34.5813386997;36.8403171898;0.00000000000
9540;-35.4713110031;38.0105633784;0.00000000000
;;;
NODE;X;Y;Z
9541;-36.4543467231;37.2500064901;0.00000000000
9542;-38.2732607631;37.0676056285;0.00000000000
9543;-41.3330073692;36.5991317277;0.00000000000
9544;-42.6140489868;37.1915009822;0.00000000000
9545;-45.9108872849;36.9795372084;0.00000000000
9546;-46.9584367731;36.9789544302;0.00000000000
9547;-47.9697652351;36.9385508701;0.00000000000
9548;-49.0022641939;36.9151038980;0.00000000000
9549;-53.3667872695;36.5905318904;0.00000000000
9550;-54.5785896725;37.2985934727;0.00000000000
9551;-55.6683801389;37.1144835574;0.00000000000
9552;-56.7183366767;36.9900408227;0.00000000000
9553;-57.7677434757;36.9195026674;0.00000000000
9554;-58.8175215683;36.8883978843;0.00000000000
9555;-59.8784586342;36.8667034190;0.00000000000
9556;-60.9509833398;36.8528433043;0.00000000000
9557;-65.3585106875;36.6428370860;0.00000000000
9558;-66.6062797377;37.3319204957;0.00000000000
9559;-67.6647584671;37.1444261841;0.00000000000
9560;-68.7013389391;37.0099104523;0.00000000000
;;;
NODE;X;Y;Z
9561;-69.7422810216;36.9142300040;0.00000000000
9562;-70.7969007045;36.8237652558;0.00000000000
9563;-71.8713786918;36.7481148857;0.00000000000
9564;-72.9599751344;36.6924058555;0.00000000000
9565;-77.4782691547;36.4736020499;0.00000000000
9566;-84.2316787230;35.5325651069;0.00000000000
9567;-86.6862591733;32.7271437132;0.00000000000
9568;-86.8578974936;27.4992735655;0.00000000000
9569;-87.3268508425;26.2998275206;0.00000000000
9570;-85.9816722298;21.1886129539;0.00000000000
9571;-85.7175464862;20.2853739615;0.00000000000
9572;-86.7293184867;15.4861839739;0.00000000000
9573;-87.3199214557;14.2883959186;0.00000000000
9574;-15.0166838188;27.0739716171;0.00000000000
9575;-16.3263981593;26.3822723846;0.00000000000
9576;-17.5918248874;25.6132987056;0.00000000000
9577;-18.8504856319;24.6794440912;0.00000000000
9578;-20.0713420321;23.6390858524;0.00000000000
9579;-23.8806129438;17.7899224835;0.00000000000
9580;-25.6968678664;16.1641329856;0.00000000000
;;;
NODE;X;Y;Z
9581;-27.4556975964;14.5158792353;0.00000000000
9582;-85.4345217301;12.9627470619;0.00000000000
9583;-84.3537425465;12.9538354198;0.00000000000
9584;-83.3116698107;13.0088412460;0.00000000000
9585;-78.1552027903;12.5837396083;0.00000000000
9586;-77.1920929818;12.9522891151;0.00000000000
9587;-71.9806563167;12.2102509905;0.00000000000
9588;-64.1796050373;13.4121126162;0.00000000000
9589;-63.2592035893;13.1382587140;0.00000000000
9590;-58.8786464250;13.2792730547;0.00000000000
9591;-56.6586139698;13.7568146925;0.00000000000
9592;-54.4273251213;13.4898915701;0.00000000000
9593;-52.9645517241;12.6785693120;0.00000000000
9594;-51.2398695140;13.1094749589;0.00000000000
9595;-49.1175960629;13.2207809930;0.00000000000
9596;-47.0652360479;13.8451819057;0.00000000000
9597;-45.0256054478;13.2644162481;0.00000000000
9598;-42.7969368521;13.6746608499;0.00000000000
9599;-40.9551464482;13.1079829749;0.00000000000
9600;-38.8728400645;13.1440150600;0.00000000000
;;;
NODE;X;Y;Z
9601;-37.3798108750;12.9652482884;0.00000000000
9602;-34.3718879393;13.1002021270;0.00000000000
9603;-12.2856465465;38.9586407598;0.00000000000
9604;-13.3277435018;31.6248779727;0.00000000000
9605;-13.3604982988;38.8087070557;0.00000000000
9606;-14.4828925316;38.7800755506;0.00000000000
9607;-15.5272624105;38.7783976831;0.00000000000
9608;-39.6266438268;38.6698351866;0.00000000000
9609;-41.6394348055;37.5061251815;0.00000000000
9610;-49.8573389434;38.8412766521;0.00000000000
9611;-61.8565627765;38.8674898504;0.00000000000
9612;-73.8516058139;38.7817085000;0.00000000000
9613;-80.7931712054;38.8509174686;0.00000000000
9614;-82.8656789086;38.4283056675;0.00000000000
9615;-85.1721636083;38.1584029903;0.00000000000
9616;-86.4087980577;38.0734630816;0.00000000000
9617;-87.6827814474;38.0667077815;0.00000000000
9618;-87.8524147299;36.8457468082;0.00000000000
9619;-88.0555280473;35.6394601666;0.00000000000
9620;-88.8407170495;29.4385572437;0.00000000000
;;;
NODE;X;Y;Z
9621;-88.4964881128;24.1537932397;0.00000000000
9622;-88.7539457219;22.0346545590;0.00000000000
9623;-89.0042803421;17.8549602996;0.00000000000
9624;-88.9887642925;16.1015359961;0.00000000000
9625;-13.8297193109;27.7161886200;0.00000000000
9626;-20.5565663213;21.6769916776;0.00000000000
9627;-21.7153351168;20.4724231709;0.00000000000
9628;-22.8543858525;19.2431797187;0.00000000000
9629;-81.2368626205;11.0940587421;0.00000000000
9630;-75.2952229579;10.6598206747;0.00000000000
9631;-73.0366796953;12.5770867062;0.00000000000
9632;-69.3389217555;11.5527127716;0.00000000000
9633;-67.2829209795;11.1658314774;0.00000000000
9634;-65.3341873237;11.1789759697;0.00000000000
9635;-61.2655735469;11.2389477641;0.00000000000
9636;-60.2223286788;11.2714666424;0.00000000000
9637;-58.1517120854;11.3434731652;0.00000000000
9638;-56.2202811445;11.2628138507;0.00000000000
9639;-54.2700829762;11.1233730477;0.00000000000
9640;-52.2553020648;11.0565304973;0.00000000000
;;;
NODE;X;Y;Z
9641;-50.2251538449;11.1657564865;0.00000000000
9642;-48.1833127286;11.2490204461;0.00000000000
9643;-46.2148821359;11.2601908842;0.00000000000
9644;-44.2064165506;11.1568438295;0.00000000000
9645;-42.2355380260;11.1631927982;0.00000000000
9646;-40.2712754224;11.1021573643;0.00000000000
9647;-38.3065785697;11.0400085119;0.00000000000
9648;-36.3112349559;11.1695316833;0.00000000000
9649;-29.0105168337;12.5583670610;0.00000000000
9650;-12.1981100945;38.0496491289;0.00000000000
9651;-13.0545173664;36.9157162951;0.00000000000
9652;-11.3180291486;36.2454620137;0.00000000000
9653;-11.1533035183;35.1633838770;0.00000000000
9654;-10.6084421853;33.3421008995;0.00000000000
9655;-11.6314328914;30.1911569951;0.00000000000
9656;-12.1727509456;29.4182560853;0.00000000000
9657;-12.0600091530;39.8507862085;0.00000000000
9658;-13.2314569864;39.8023727265;0.00000000000
9659;-16.5384755130;38.7708243073;0.00000000000
9660;-17.5684578151;38.7772063882;0.00000000000
;;;
NODE;X;Y;Z
9661;-18.5702831458;38.8665940011;0.00000000000
9662;-19.5906163106;38.9568123017;0.00000000000
9663;-20.6107178602;38.9884983454;0.00000000000
9664;-21.6152376158;39.0066625283;0.00000000000
9665;-22.6326335672;38.9773709133;0.00000000000
9666;-23.6503122234;38.9477511243;0.00000000000
9667;-24.6732030926;38.8960042414;0.00000000000
9668;-25.7371946119;38.8465549929;0.00000000000
9669;-26.8118479206;38.7842808948;0.00000000000
9670;-27.9092994514;38.7410363291;0.00000000000
9671;-29.1004790390;38.7017221217;0.00000000000
9672;-30.5444578973;39.1392614435;0.00000000000
9673;-31.4900181548;39.0197634165;0.00000000000
9674;-32.4843815821;38.9292411187;0.00000000000
9675;-33.4753447545;38.8859791531;0.00000000000
9676;-34.4693785209;38.9169740174;0.00000000000
9677;-37.5002734446;39.0680316106;0.00000000000
9678;-38.5422478572;38.9209623858;0.00000000000
9679;-40.2591524869;39.0414610074;0.00000000000
9680;-42.8736747961;39.1606878366;0.00000000000
;;;
NODE;X;Y;Z
9681;-43.7856648729;39.0627935993;0.00000000000
9682;-44.7408843858;38.9265192097;0.00000000000
9683;-45.7157612370;38.9094061387;0.00000000000
9684;-46.7303394139;38.9010208361;0.00000000000
9685;-47.7688888449;38.8986162212;0.00000000000
9686;-48.8086764565;38.8733698488;0.00000000000
9687;-50.9138847201;38.8170280853;0.00000000000
9688;-51.9632318734;38.8073511409;0.00000000000
9689;-52.9072889692;38.9162449533;0.00000000000
9690;-54.0407474278;38.3941949810;0.00000000000
9691;-54.8168584298;39.1594678693;0.00000000000
9692;-55.7551100738;39.0699912791;0.00000000000
9693;-56.7135106062;39.0155070191;0.00000000000
9694;-57.7068693566;38.9728325864;0.00000000000
9695;-58.7097993634;38.9361223510;0.00000000000
9696;-59.7460508618;38.9129064651;0.00000000000
9697;-60.7951082356;38.8850684427;0.00000000000
9698;-62.9221233208;38.8447279962;0.00000000000
9699;-63.9879954971;38.8437101114;0.00000000000
9700;-64.9238335526;38.9426411683;0.00000000000
;;;
NODE;X;Y;Z
9701;-66.0533565232;38.4111962233;0.00000000000
9702;-66.8202585325;39.1829432593;0.00000000000
9703;-67.7710772219;39.1235644623;0.00000000000
9704;-68.7224970355;39.0316615135;0.00000000000
9705;-69.6980188290;38.9759315378;0.00000000000
9706;-70.7232559859;38.9002099970;0.00000000000
9707;-71.7510681935;38.8675657762;0.00000000000
9708;-72.7990738185;38.8127993405;0.00000000000
9709;-74.9014907187;38.7829092099;0.00000000000
9710;-75.9495522235;38.7968600857;0.00000000000
9711;-76.9487295006;38.8533967350;0.00000000000
9712;-79.2841291053;36.8993095292;0.00000000000
9713;-78.7950031176;39.0076938604;0.00000000000
9714;-79.7719378973;38.9871517936;0.00000000000
9715;-81.8198634157;38.6368994542;0.00000000000
9716;-83.9870458123;38.2667330792;0.00000000000
9717;-88.3410253023;34.4679212796;0.00000000000
9718;-88.8011733016;33.3033738420;0.00000000000
9719;-88.6887228866;30.5699283725;0.00000000000
9720;-88.8919467140;28.2682058232;0.00000000000
;;;
NODE;X;Y;Z
9721;-88.8100557546;27.0095734052;0.00000000000
9722;-88.9889121321;25.3705043251;0.00000000000
9723;-88.8881719133;23.1021139708;0.00000000000
9724;-88.5434278241;20.9774336596;0.00000000000
9725;-88.8976187278;18.8721116261;0.00000000000
9726;-89.1369135621;17.0203382659;0.00000000000
9727;-89.0630374445;13.7249161509;0.00000000000
9728;-88.8580331511;12.8292456851;0.00000000000
9729;-88.7341525285;11.8942826346;0.00000000000
9730;-12.0357877838;27.9404633359;0.00000000000
9731;-12.8331102426;26.9231357725;0.00000000000
9732;-14.3753948947;26.1017694213;0.00000000000
9733;-15.7109541073;25.3717342653;0.00000000000
9734;-16.9685389417;24.5957079212;0.00000000000
9735;-18.1865739978;23.7259385094;0.00000000000
9736;-19.3814965513;22.7443874038;0.00000000000
9737;-24.6441851860;16.2023451054;0.00000000000
9738;-26.2096079901;13.9657371692;0.00000000000
9739;-88.6842591348;10.9167164507;0.00000000000
9740;-87.6342381148;11.0036430229;0.00000000000
;;;
NODE;X;Y;Z
9741;-86.5801998927;11.0571067279;0.00000000000
9742;-85.5318276581;11.0487941282;0.00000000000
9743;-83.3941563856;11.0331219195;0.00000000000
9744;-82.3226467916;11.0598241915;0.00000000000
9745;-80.1038762953;11.1373772995;0.00000000000
9746;-78.8528290938;11.2098775228;0.00000000000
9747;-77.0727315596;10.4740380490;0.00000000000
9748;-76.1654010880;10.5068502225;0.00000000000
9749;-74.4428283149;10.9108577440;0.00000000000
9750;-71.4386535384;10.6292181986;0.00000000000
9751;-70.5048567542;11.0450417339;0.00000000000
9752;-68.2871917506;11.3169705762;0.00000000000
9753;-66.3147574501;11.1815781467;0.00000000000
9754;-64.3343589957;11.1835344179;0.00000000000
9755;-63.3225029738;11.1943283747;0.00000000000
9756;-62.2974130615;11.1981860615;0.00000000000
9757;-61.3694976068;10.1972706429;0.00000000000
9758;-59.1876157980;11.3041670747;0.00000000000
9759;-57.1536833095;11.3581232914;0.00000000000
9760;-55.2770108275;11.1426962898;0.00000000000
;;;
NODE;X;Y;Z
9761;-53.2646633476;11.0470878617;0.00000000000
9762;-51.2432348874;11.1062909949;0.00000000000
9763;-49.1950005976;11.2263421659;0.00000000000
9764;-47.1917621218;11.2920408450;0.00000000000
9765;-45.2205529284;11.2292374884;0.00000000000
9766;-43.2139927757;11.1825814024;0.00000000000
9767;-41.2447260008;11.1437583622;0.00000000000
9768;-39.2954911084;11.0592799401;0.00000000000
9769;-37.3085861337;11.0894649407;0.00000000000
9770;-35.3133585427;11.2497410635;0.00000000000
9771;-34.2517829201;11.3958058905;0.00000000000
9772;-33.1667879618;11.6659110997;0.00000000000
9773;-32.1157034488;12.0001432768;0.00000000000
9774;-31.2953115786;12.1502799136;0.00000000000
9775;-30.0398157625;12.0314261416;0.00000000000
9776;-27.9303273336;12.4703447284;0.00000000000
9777;-11.0908368912;38.4146855964;0.00000000000
9778;-11.8540169160;37.2055754130;0.00000000000
9779;-10.3505420589;37.0061498226;0.00000000000
9780;-10.0674762730;35.8167158696;0.00000000000
;;;
NODE;X;Y;Z
9781;-10.8563664364;34.1886803945;0.00000000000
9782;-9.70901469179;33.1181082175;0.00000000000
9783;-10.5236420620;32.5219198706;0.00000000000
9784;-11.0566896565;30.9137486949;0.00000000000
9785;-10.6755720600;29.5755600563;0.00000000000
9786;-11.2650645191;28.7758539790;0.00000000000
9787;-10.8905943123;39.6709336196;0.00000000000
9788;-14.3391802748;39.7941669545;0.00000000000
9789;-15.4144360738;39.7988701188;0.00000000000
9790;-16.4628551631;39.8188878381;0.00000000000
9791;-18.5026993576;39.9136806346;0.00000000000
9792;-19.5233593077;39.9539445544;0.00000000000
9793;-20.5413820792;39.9619404505;0.00000000000
9794;-21.5503537925;39.9525390644;0.00000000000
9795;-22.5575002810;39.9391918165;0.00000000000
9796;-23.5720790298;39.9138436197;0.00000000000
9797;-24.5986253978;39.8796100492;0.00000000000
9798;-25.6446157829;39.8425851997;0.00000000000
9799;-26.6884187791;39.8116913054;0.00000000000
9800;-27.7381624491;39.7985578934;0.00000000000
;;;
NODE;X;Y;Z
9801;-28.6840280895;39.8912070392;0.00000000000
9802;-29.8025744908;39.3667787408;0.00000000000
9803;-30.6028527379;40.1066356433;0.00000000000
9804;-31.5489633248;40.0346509470;0.00000000000
9805;-32.5162041924;39.9388857067;0.00000000000
9806;-33.4900671596;39.9091786451;0.00000000000
9807;-34.4791935792;39.9255919436;0.00000000000
9808;-36.4886236292;40.0162156054;0.00000000000
9809;-37.5079856561;39.9981544403;0.00000000000
9810;-38.5266315201;39.9098984376;0.00000000000
9811;-39.4418285239;39.8563403641;0.00000000000
9812;-40.2705466420;39.8089491117;0.00000000000
9813;-41.9793537068;39.2930667825;0.00000000000
9814;-42.7936397045;40.1648244215;0.00000000000
9815;-43.7250998488;40.0440341821;0.00000000000
9816;-44.6822769874;39.9651725762;0.00000000000
9817;-45.6346098864;39.9316403908;0.00000000000
9818;-46.6446467633;39.9047060218;0.00000000000
9819;-47.6567050825;39.8895887583;0.00000000000
9820;-48.6807479238;39.8709126227;0.00000000000
;;;
NODE;X;Y;Z
9821;-49.7095724604;39.8492464039;0.00000000000
9822;-50.7386460673;39.8417302830;0.00000000000
9823;-51.7558845690;39.8719635240;0.00000000000
9824;-52.7231766581;39.9544543339;0.00000000000
9825;-53.8379196213;39.1238267973;0.00000000000
9826;-54.7017335332;40.0830062561;0.00000000000
9827;-55.6742542272;40.0433312152;0.00000000000
9828;-56.6496856784;39.9889224443;0.00000000000
9829;-57.6313792866;39.9635512592;0.00000000000
9830;-58.6313829448;39.9360565956;0.00000000000
9831;-59.6478440925;39.9138112161;0.00000000000
9832;-60.6803422129;39.8906785906;0.00000000000
9833;-61.7138110043;39.8778536994;0.00000000000
9834;-62.7467635911;39.8734041918;0.00000000000
9835;-63.7529653771;39.9033493557;0.00000000000
9836;-64.7382953126;39.9720527904;0.00000000000
9837;-65.8564183551;39.1498488909;0.00000000000
9838;-66.7040890806;40.0973531952;0.00000000000
9839;-67.6784659761;40.0657050846;0.00000000000
9840;-68.6530041805;40.0103588930;0.00000000000
;;;
NODE;X;Y;Z
9841;-69.6394102160;39.9648509920;0.00000000000
9842;-70.6335544406;39.9310424916;0.00000000000
9843;-71.6608186200;39.8815634359;0.00000000000
9844;-72.6862411643;39.8542637682;0.00000000000
9845;-73.7155371981;39.8341859082;0.00000000000
9846;-74.7456083526;39.8291242726;0.00000000000
9847;-75.7612274300;39.8582318384;0.00000000000
9848;-76.7433519333;39.9242708856;0.00000000000
9849;-77.8681695458;38.9827511430;0.00000000000
9850;-78.6868784913;40.0052757823;0.00000000000
9851;-79.7014392363;39.9499187803;0.00000000000
9852;-80.7137731826;39.8648289099;0.00000000000
9853;-81.7574457454;39.7126867423;0.00000000000
9854;-82.8326869044;39.5419226464;0.00000000000
9855;-83.9143484678;39.4078078213;0.00000000000
9856;-85.0379490684;39.3176086053;0.00000000000
9857;-86.2135768375;39.2523260949;0.00000000000
9858;-87.4230177111;39.2658021639;0.00000000000
9859;-88.7811981570;39.3461029594;0.00000000000
9860;-89.5855375228;40.1707327678;0.00000000000
;;;
NODE;X;Y;Z
9861;-88.9379134224;38.0464108095;0.00000000000
9862;-89.0733438604;36.8560504283;0.00000000000
9863;-89.2669516136;35.6864145168;0.00000000000
9864;-89.5469597301;34.5175429010;0.00000000000
9865;-89.7891709842;33.5010656565;0.00000000000
9866;-89.2069910022;32.4337598489;0.00000000000
9867;-89.8565302449;31.4229033656;0.00000000000
9868;-89.7902796258;30.4746072386;0.00000000000
9869;-89.8320991141;29.4163354778;0.00000000000
9870;-89.8554768669;28.3355614549;0.00000000000
9871;-89.9485167584;27.3231200833;0.00000000000
9872;-89.3441493928;26.2188608039;0.00000000000
9873;-89.9236385962;25.2539451893;0.00000000000
9874;-89.7801091985;24.2838257245;0.00000000000
9875;-89.7956661592;23.2621466049;0.00000000000
9876;-89.7948484578;22.1944673484;0.00000000000
9877;-89.6929906754;21.1346633954;0.00000000000
9878;-89.8320258690;19.1916614849;0.00000000000
9879;-89.9755239585;18.2182531122;0.00000000000
9880;-90.0315189784;17.2387621933;0.00000000000
;;;
NODE;X;Y;Z
9881;-89.9831841471;16.2825351057;0.00000000000
9882;-90.0076328836;15.4164061704;0.00000000000
9883;-89.3443414654;14.4378727133;0.00000000000
9884;-90.0504461105;13.6010226277;0.00000000000
9885;-89.8943929395;12.7140701524;0.00000000000
9886;-89.8023581381;11.7834162803;0.00000000000
9887;-89.7424463017;10.8301633133;0.00000000000
9888;-26.8730362916;12.0999940821;0.00000000000
9889;-89.7153634994;9.86324473929;0.00000000000
9890;-87.6189551348;9.99089047801;0.00000000000
9891;-86.5879337515;10.0356237838;0.00000000000
9892;-85.5477138569;10.0450222477;0.00000000000
9893;-84.4645862062;11.0153504652;0.00000000000
9894;-83.4568011907;10.0461857491;0.00000000000
9895;-82.4087378112;10.0751409607;0.00000000000
9896;-81.3225791878;10.1194651080;0.00000000000
9897;-80.2252500747;10.1474836721;0.00000000000
9898;-79.1594246260;10.1373723927;0.00000000000
9899;-77.9422412933;10.7521599516;0.00000000000
9900;-77.2935092093;9.74130982355;0.00000000000
;;;
NODE;X;Y;Z
9901;-76.2975696227;9.72487454393;0.00000000000
9902;-75.3191945157;9.83010651467;0.00000000000
9903;-74.3710245010;9.99955704789;0.00000000000
9904;-73.4842610286;10.3238716883;0.00000000000
9905;-72.4081802146;10.0889350780;0.00000000000
9906;-71.2874617585;9.79609665245;0.00000000000
9907;-70.4018115633;10.0562445494;0.00000000000
9908;-69.4133471076;10.2719085650;0.00000000000
9909;-68.4399262190;10.2590727173;0.00000000000
9910;-67.4322737882;10.1811301524;0.00000000000
9911;-66.4141135680;10.1560117213;0.00000000000
9912;-65.4143454125;10.1480441536;0.00000000000
9913;-64.4081217029;10.1523585661;0.00000000000
9914;-63.4001785286;10.1562932593;0.00000000000
9915;-62.3874112433;10.1706637799;0.00000000000
9916;-61.4796354325;9.15151096680;0.00000000000
9917;-60.3585432531;10.2158917833;0.00000000000
9918;-59.3474457170;10.2290464726;0.00000000000
9919;-58.3479032421;10.2320989691;0.00000000000
9920;-57.3674032549;10.2218009038;0.00000000000
;;;
NODE;X;Y;Z
9921;-56.4006171026;10.1462902758;0.00000000000
9922;-55.4035593620;10.1374055359;0.00000000000
9923;-54.3976176284;10.1285419501;0.00000000000
9924;-53.3840569812;10.1014121601;0.00000000000
9925;-52.3691600177;10.0984326358;0.00000000000
9926;-51.3545390022;10.1215015911;0.00000000000
9927;-50.3469016564;10.1589617414;0.00000000000
9928;-49.3381312241;10.1857660120;0.00000000000
9929;-48.3331706553;10.2016979818;0.00000000000
9930;-47.3315700107;10.2149355550;0.00000000000
9931;-46.3446323409;10.1901538225;0.00000000000
9932;-45.3504248254;10.1695063879;0.00000000000
9933;-44.3505654145;10.1534957745;0.00000000000
9934;-43.3550792169;10.1496058883;0.00000000000
9935;-42.3619350845;10.1450276165;0.00000000000
9936;-41.3712915152;10.1339550036;0.00000000000
9937;-40.3848790116;10.1145626702;0.00000000000
9938;-39.3950291188;10.0970419770;0.00000000000
9939;-38.3907035076;10.0817892817;0.00000000000
9940;-37.3883829226;10.1088740645;0.00000000000
;;;
NODE;X;Y;Z
9941;-36.3794999044;10.1495960234;0.00000000000
9942;-35.3332559079;10.2463547584;0.00000000000
9943;-34.2865422693;10.3580299887;0.00000000000
9944;-33.2174346723;10.5554237274;0.00000000000
9945;-32.1643797399;10.7528027674;0.00000000000
9946;-31.1022370677;11.1738398723;0.00000000000
9947;-10.1028614396;39.0319454141;0.00000000000
9948;-10.7517849783;37.6842103612;0.00000000000
9949;-9.88420180222;36.4482227300;0.00000000000
9950;-10.0385349749;34.9818295763;0.00000000000
9951;-9.86097457027;34.0550930627;0.00000000000
9952;-8.78392145236;32.8716558751;0.00000000000
9953;-9.67643928164;32.1813934339;0.00000000000
9954;-10.1326493474;30.4004692904;0.00000000000
9955;-9.68589668449;29.0170109031;0.00000000000
9956;-10.3398160309;28.1540479683;0.00000000000
9957;-9.43098162962;41.1113224204;0.00000000000
9958;-10.4287432656;40.5600809656;0.00000000000
9959;-11.8719147298;40.7257983220;0.00000000000
9960;-13.1161889434;40.7557893108;0.00000000000
;;;
NODE;X;Y;Z
9961;-14.2573694388;40.7748407448;0.00000000000
9962;-15.3431572489;40.8119618173;0.00000000000
9963;-16.3913485184;40.8446100569;0.00000000000
9964;-17.4864805405;39.8589857305;0.00000000000
9965;-18.4517982535;40.9202100910;0.00000000000
9966;-19.4781390542;40.9375713514;0.00000000000
9967;-20.4893847524;40.9237193417;0.00000000000
9968;-21.4841324836;40.9098383854;0.00000000000
9969;-22.4855251986;40.9107697328;0.00000000000
9970;-23.5004536100;40.8994579817;0.00000000000
9971;-24.5160738314;40.8741963264;0.00000000000
9972;-25.5331106975;40.8484163704;0.00000000000
9973;-26.5556739010;40.8373119279;0.00000000000
9974;-27.5557014915;40.8683029866;0.00000000000
9975;-28.5364866829;40.9317357178;0.00000000000
9976;-29.6195838772;40.0885551673;0.00000000000
9977;-30.5333181638;41.0255708072;0.00000000000
9978;-31.5169401688;40.9986518187;0.00000000000
9979;-32.4962054030;40.9437684544;0.00000000000
9980;-33.4737597259;40.9234180759;0.00000000000
;;;
NODE;X;Y;Z
9981;-34.4639630953;40.9324307096;0.00000000000
9982;-35.4728294866;39.9724545351;0.00000000000
9983;-36.4791791859;40.9788274836;0.00000000000
9984;-37.4920639679;40.9592329883;0.00000000000
9985;-38.5102944595;40.9188717509;0.00000000000
9986;-39.5373851385;40.8694684409;0.00000000000
9987;-40.7004201592;40.7045565604;0.00000000000
9988;-41.9566747888;40.2539360433;0.00000000000
9989;-42.6755636283;41.0885595945;0.00000000000
9990;-43.6304318459;41.0265234030;0.00000000000
9991;-44.5920365049;40.9758062344;0.00000000000
9992;-45.5637968784;40.9377751517;0.00000000000
9993;-46.5500959691;40.9125606393;0.00000000000
9994;-47.5521467057;40.8931114222;0.00000000000
9995;-48.5619140585;40.8761661991;0.00000000000
9996;-49.5747287190;40.8651560378;0.00000000000
9997;-50.5849670561;40.8691683835;0.00000000000
9998;-51.5927877421;40.9030379336;0.00000000000
9999;-52.5779613035;40.9652478662;0.00000000000
10000;-53.7025323893;40.0428317762;0.00000000000
;;;
NODE;X;Y;Z
10001;-54.5671165168;41.0215175100;0.00000000000
10002;-55.5612650888;40.9996309273;0.00000000000
10003;-56.5492942023;40.9697345424;0.00000000000
10004;-57.5387772810;40.9462382713;0.00000000000
10005;-58.5326371603;40.9264011224;0.00000000000
10006;-59.5446642441;40.9087245826;0.00000000000
10007;-60.5650524238;40.8901351161;0.00000000000
10008;-61.5772546562;40.8813998265;0.00000000000
10009;-62.5856290613;40.8860768207;0.00000000000
10010;-63.5861119584;40.9145568139;0.00000000000
10011;-64.5784543287;40.9661584166;0.00000000000
10012;-65.7091496079;40.0596489196;0.00000000000
10013;-66.5669618241;41.0261804737;0.00000000000
10014;-67.5648807492;41.0182538514;0.00000000000
10015;-68.5537766117;40.9858800590;0.00000000000
10016;-69.5464794346;40.9530161023;0.00000000000
10017;-70.5473572939;40.9232924530;0.00000000000
10018;-71.5502197558;40.8972012828;0.00000000000
10019;-72.5585817180;40.8843296482;0.00000000000
10020;-73.5807595247;40.8647731024;0.00000000000
;;;
NODE;X;Y;Z
10021;-74.5916342411;40.8703443647;0.00000000000
10022;-75.5894834819;40.9036883423;0.00000000000
10023;-76.5836325654;40.9401110777;0.00000000000
10024;-77.7090336879;39.9728650040;0.00000000000
10025;-78.5823271789;40.9783506631;0.00000000000
10026;-79.5989592183;40.9421923555;0.00000000000
10027;-80.6249304489;40.8663968406;0.00000000000
10028;-81.6600930419;40.7670483956;0.00000000000
10029;-82.7068517433;40.6587991069;0.00000000000
10030;-83.7680306709;40.5544845018;0.00000000000
10031;-84.8367000294;40.4834287361;0.00000000000
10032;-85.9337997531;40.4343854599;0.00000000000
10033;-87.0259938614;40.4543064625;0.00000000000
10034;-87.9960250479;40.6016832388;0.00000000000
10035;-88.7827979833;40.9217661324;0.00000000000
10036;-90.1016616455;40.9522727143;0.00000000000
10037;-91.0160346783;40.7419129165;0.00000000000
10038;-90.6639854659;39.7991178696;0.00000000000
10039;-90.2937020386;38.8995575885;0.00000000000
10040;-90.2269845489;37.9013319229;0.00000000000
;;;
NODE;X;Y;Z
10041;-90.3112456072;36.8152119827;0.00000000000
10042;-90.4457109374;35.7140143132;0.00000000000
10043;-90.6211838757;34.6324549959;0.00000000000
10044;-90.8039883853;33.5363232467;0.00000000000
10045;-90.0187575927;32.3631266604;0.00000000000
10046;-90.9082521745;31.4450135102;0.00000000000
10047;-90.8827810487;30.4334867457;0.00000000000
10048;-90.8634851765;29.4224109514;0.00000000000
10049;-90.8956530724;28.4243018876;0.00000000000
10050;-90.9558461062;27.4326416266;0.00000000000
10051;-90.1251917507;26.2942835240;0.00000000000
10052;-90.9339786759;25.3820250734;0.00000000000
10053;-90.8659224566;24.3822257336;0.00000000000
10054;-90.8275506915;23.3690665413;0.00000000000
10055;-90.8121678211;22.3520097720;0.00000000000
10056;-90.7988465644;21.3490623232;0.00000000000
10057;-89.7300420770;20.1606340317;0.00000000000
10058;-90.8790652728;19.3886268898;0.00000000000
10059;-90.9471167224;18.4142220819;0.00000000000
10060;-90.9776440767;17.4314478110;0.00000000000
;;;
NODE;X;Y;Z
10061;-90.9901482622;16.4689703153;0.00000000000
10062;-91.0147503008;15.5298457836;0.00000000000
10063;-90.1198172947;14.5482286702;0.00000000000
10064;-90.9916258065;13.6209294153;0.00000000000
10065;-90.9201790285;12.6655540805;0.00000000000
10066;-90.8589654728;11.7176422135;0.00000000000
10067;-90.7968112152;10.7623502970;0.00000000000
10068;-11.0578560978;27.4153185409;0.00000000000
10069;-11.7540656210;26.7464450007;0.00000000000
10070;-21.1330166171;17.9214210347;0.00000000000
10071;-21.9899142094;16.7337729452;0.00000000000
10072;-22.6796469837;15.4906908615;0.00000000000
10073;-90.7519606071;9.80735326298;0.00000000000
10074;-89.6972644357;8.89760527613;0.00000000000
10075;-88.6665350001;9.92506748589;0.00000000000
10076;-87.6342822670;8.99249247003;0.00000000000
10077;-86.6024216224;9.02194166782;0.00000000000
10078;-85.5777345862;9.04385078268;0.00000000000
10079;-84.5053185079;10.0401133493;0.00000000000
10080;-83.5181043507;9.06025765657;0.00000000000
;;;
NODE;X;Y;Z
10081;-82.4849225170;9.09367855879;0.00000000000
10082;-81.4726680643;9.12911122420;0.00000000000
10083;-80.4326618226;9.13115752661;0.00000000000
10084;-79.4273662518;9.08076944563;0.00000000000
10085;-78.2726340007;9.92713060816;0.00000000000
10086;-77.4340802020;8.90145772586;0.00000000000
10087;-76.4127834625;8.88339920510;0.00000000000
10088;-75.3949619734;8.94440832148;0.00000000000
10089;-74.3734900624;9.08768748820;0.00000000000
10090;-73.2906259956;9.27013627579;0.00000000000
10091;-72.0531065007;9.59034326428;0.00000000000
10092;-71.3506525067;8.89605961990;0.00000000000
10093;-70.4088663642;9.04261073276;0.00000000000
10094;-69.4711322250;9.15265207882;0.00000000000
10095;-68.5190468750;9.15465752535;0.00000000000
10096;-67.5147212406;9.14704312164;0.00000000000
10097;-66.5036891265;9.14960031428;0.00000000000
10098;-65.4926732113;9.13564441825;0.00000000000
10099;-64.4856527300;9.13342513320;0.00000000000
10100;-63.4822439197;9.13198105067;0.00000000000
;;;
NODE;X;Y;Z
10101;-60.4823761170;9.15926215025;0.00000000000
10102;-59.4820119017;9.16728822804;0.00000000000
10103;-58.5042807384;9.14120218232;0.00000000000
10104;-57.5014334775;9.13736710686;0.00000000000
10105;-56.5079226507;9.14056026882;0.00000000000
10106;-55.5015943101;9.13952476560;0.00000000000
10107;-54.4975821191;9.13988559205;0.00000000000
10108;-53.4866311799;9.12688342652;0.00000000000
10109;-52.4787021500;9.12463782838;0.00000000000
10110;-51.4697512319;9.13228421678;0.00000000000
10111;-50.4638510480;9.14484213760;0.00000000000
10112;-49.4670307187;9.15353534408;0.00000000000
10113;-48.4577497328;9.16564188914;0.00000000000
10114;-47.4622653120;9.16427012127;0.00000000000
10115;-46.4713861205;9.14396479599;0.00000000000
10116;-45.4677815093;9.14551041409;0.00000000000
10117;-44.4701801214;9.13954257846;0.00000000000
10118;-43.4784426854;9.13194359780;0.00000000000
10119;-42.4775759465;9.13191566901;0.00000000000
10120;-41.4906789124;9.12215042030;0.00000000000
;;;
NODE;X;Y;Z
10121;-40.4917814792;9.11997164250;0.00000000000
10122;-39.4850700849;9.10853070452;0.00000000000
10123;-38.4788031944;9.10677698785;0.00000000000
10124;-37.4680583581;9.11870219774;0.00000000000
10125;-36.4457819329;9.15239033321;0.00000000000
10126;-35.4050241410;9.21775554901;0.00000000000
10127;-34.3511496400;9.32335861226;0.00000000000
10128;-33.2836299618;9.46448193455;0.00000000000
10129;-32.1874213576;9.63755461083;0.00000000000
10130;-31.0285748172;9.73395873309;0.00000000000
10131;-29.1415167360;10.5504875098;0.00000000000
10132;-28.1812914751;10.6125295101;0.00000000000
10133;-27.2478880252;10.4330279366;0.00000000000
10134;-9.65373777319;38.2019082680;0.00000000000
10135;-9.30862409633;37.3724173321;0.00000000000
10136;-9.08406272046;36.5408404911;0.00000000000
10137;-8.94559810078;34.7456871635;0.00000000000
10138;-9.80092885283;31.2592444943;0.00000000000
10139;-9.22608941948;29.9416356838;0.00000000000
10140;-17.4326179862;40.8864774169;0.00000000000
;;;
NODE;X;Y;Z
10141;-29.5242521733;41.0086936858;0.00000000000
10142;-35.4693712771;40.9559686907;0.00000000000
10143;-41.6993120485;41.0713353888;0.00000000000
10144;-53.5697782343;41.0062018782;0.00000000000
10145;-65.5712736639;41.0097721187;0.00000000000
10146;-77.5770726587;40.9739397158;0.00000000000
10147;-89.3963877915;41.3028637689;0.00000000000
10148;-90.9395390606;32.4445867572;0.00000000000
10149;-90.9862535620;26.4183795009;0.00000000000
10150;-90.8426613567;20.3760364395;0.00000000000
10151;-91.0312509182;14.5754726414;0.00000000000
10152;-16.9178995928;21.8180121304;0.00000000000
10153;-18.0207492760;20.9713267945;0.00000000000
10154;-19.1036083408;20.0258977295;0.00000000000
10155;-20.1551961309;18.9928312035;0.00000000000
10156;-24.6451598504;11.2569500320;0.00000000000
10157;-25.1176438678;10.1828326257;0.00000000000
10158;-90.7362737136;8.85755797743;0.00000000000
10159;-88.6575752279;8.95153521531;0.00000000000
10160;-84.5496020262;9.04783127240;0.00000000000
;;;
NODE;X;Y;Z
10161;-78.4393176360;9.00665022323;0.00000000000
10162;-72.3346982601;8.89805331597;0.00000000000
10163;-62.4792498029;9.14095528004;0.00000000000
10164;-30.1899081500;9.98243009293;0.00000000000
10165;-26.6820223671;8.53054398082;0.00000000000
10166;-8.97131553716;35.6139951377;0.00000000000
10167;-8.86470274446;33.8346734922;0.00000000000
10168;-8.77800741013;31.8994536270;0.00000000000
10169;-8.85499843452;30.9265600584;0.00000000000
10170;-8.39138943010;26.6722828021;0.00000000000
10171;-8.12484479156;43.1623168481;0.00000000000
10172;-10.1295255486;42.9643199293;0.00000000000
10173;-12.1147942785;42.7451303895;0.00000000000
10174;-14.2153444162;42.7650222042;0.00000000000
10175;-16.2863620108;42.8639233089;0.00000000000
10176;-18.3244127295;42.9047263287;0.00000000000
10177;-20.3456246814;42.9169914075;0.00000000000
10178;-22.3458351971;42.9079612729;0.00000000000
10179;-24.3493225586;42.8859489782;0.00000000000
10180;-26.3510019800;42.8910627825;0.00000000000
;;;
NODE;X;Y;Z
10181;-28.3490864433;42.9373215238;0.00000000000
10182;-30.3536017833;42.9449993339;0.00000000000
10183;-32.3645541556;42.9156233903;0.00000000000
10184;-34.3578658474;42.9184052825;0.00000000000
10185;-36.3732005403;42.9454006803;0.00000000000
10186;-38.3938039114;42.9028323278;0.00000000000
10187;-40.3875051103;42.8852350291;0.00000000000
10188;-42.3730362674;42.9592124884;0.00000000000
10189;-44.3762502293;42.9428490227;0.00000000000
10190;-46.3656367043;42.9164931672;0.00000000000
10191;-48.3550271195;42.8929134444;0.00000000000
10192;-50.3524631185;42.8939612470;0.00000000000
10193;-52.3583221825;42.9403792086;0.00000000000
10194;-54.3572665350;42.9519509991;0.00000000000
10195;-56.3630682212;42.9372927061;0.00000000000
10196;-58.3522492033;42.9128925720;0.00000000000
10197;-60.3551997735;42.8905036950;0.00000000000
10198;-62.3621117840;42.8931741327;0.00000000000
10199;-64.3588103432;42.9402631365;0.00000000000
10200;-66.3575807684;42.9517717291;0.00000000000
;;;
NODE;X;Y;Z
10201;-68.3631781494;42.9379468963;0.00000000000
10202;-70.3523615562;42.9124326481;0.00000000000
10203;-72.3524698631;42.8901694766;0.00000000000
10204;-74.3505838042;42.8933703224;0.00000000000
10205;-76.3571363574;42.9439244559;0.00000000000
10206;-78.3715997742;42.9483812415;0.00000000000
10207;-80.4027300940;42.9012552726;0.00000000000
10208;-82.4369770387;42.8155428345;0.00000000000
10209;-84.4513430430;42.7500625390;0.00000000000
10210;-86.3921365911;42.8074836618;0.00000000000
10211;-88.3139661884;42.9448348401;0.00000000000
10212;-90.2527007858;42.8783807224;0.00000000000
10213;-92.1353928114;42.8002285582;0.00000000000
10214;-93.0531500150;41.7508012874;0.00000000000
10215;-92.8784223965;39.6814555690;0.00000000000
10216;-92.7797065234;37.6787112886;0.00000000000
10217;-92.7565695959;35.6828450423;0.00000000000
10218;-92.8670312207;33.6504186388;0.00000000000
10219;-92.9120651063;31.6123782403;0.00000000000
10220;-92.9002837137;29.6130813959;0.00000000000
;;;
NODE;X;Y;Z
10221;-92.9266236100;27.6171243786;0.00000000000
10222;-92.9194382710;25.6006112487;0.00000000000
10223;-92.8945571314;23.5968240878;0.00000000000
10224;-92.8985922507;21.6087414607;0.00000000000
10225;-92.9177486717;19.6237988845;0.00000000000
10226;-92.9262101657;17.6367882846;0.00000000000
10227;-92.9437964841;15.6512035944;0.00000000000
10228;-92.9287881291;13.6581055737;0.00000000000
10229;-92.8774155827;11.6867259042;0.00000000000
10230;-92.8227214709;9.75453645645;0.00000000000
10231;-19.3871562820;18.1939217418;0.00000000000
10232;-20.2727635743;17.1688888231;0.00000000000
10233;-21.0434437291;16.0936716848;0.00000000000
10234;-21.6792618334;14.9693970818;0.00000000000
10235;-23.0775799066;14.2947618782;0.00000000000
10236;-22.7173566926;12.6399459165;0.00000000000
10237;-24.0760254972;12.1628592180;0.00000000000
10238;-23.8018951761;10.4667362722;0.00000000000
10239;-24.2679107532;9.32847461098;0.00000000000
10240;-25.4920954586;8.95487498918;0.00000000000
;;;
NODE;X;Y;Z
10241;-91.7700485532;6.90496836793;0.00000000000
10242;-89.7387185739;6.96899517066;0.00000000000
10243;-87.6967046939;7.04011821537;0.00000000000
10244;-85.6662463688;7.06595571997;0.00000000000
10245;-83.6400179278;7.09224648613;0.00000000000
10246;-81.6330101204;7.10572885437;0.00000000000
10247;-79.6366328699;7.07364628140;0.00000000000
10248;-77.6201058855;7.07544883937;0.00000000000
10249;-75.5945030542;7.09436066634;0.00000000000
10250;-73.6095505271;7.10448846922;0.00000000000
10251;-71.6189807555;7.05136416694;0.00000000000
10252;-69.6305416644;7.08323709686;0.00000000000
10253;-67.6346066496;7.11812296211;0.00000000000
10254;-65.6363509796;7.10825301771;0.00000000000
10255;-63.6368328803;7.09647500235;0.00000000000
10256;-61.6436385819;7.10083498138;0.00000000000
10257;-59.6437114771;7.11375918767;0.00000000000
10258;-57.6511002976;7.11664515388;0.00000000000
10259;-55.6524025340;7.12186156576;0.00000000000
10260;-53.6518021588;7.12349813376;0.00000000000
;;;
NODE;X;Y;Z
10261;-51.6526504533;7.12023699047;0.00000000000
10262;-49.6499163861;7.11582147931;0.00000000000
10263;-47.6521520575;7.11633683605;0.00000000000
10264;-45.6501632773;7.11393713513;0.00000000000
10265;-43.6526485803;7.11544531685;0.00000000000
10266;-41.6501986731;7.11334334804;0.00000000000
10267;-39.6519633523;7.11584026371;0.00000000000
10268;-37.6286431215;7.11856897656;0.00000000000
10269;-35.5778488528;7.16263911589;0.00000000000
10270;-33.5090433747;7.27717192691;0.00000000000
10271;-31.4710007764;7.42737023702;0.00000000000
10272;-29.5155983261;7.59028028603;0.00000000000
10273;-27.7479478535;7.39617504334;0.00000000000
10274;-25.8314378063;7.68528117743;0.00000000000
10275;-8.12317015903;41.3741222365;0.00000000000
10276;-7.80037376786;28.0430675791;0.00000000000
10277;-9.15602637328;43.0921697130;0.00000000000
10278;-11.1065043985;42.8239925802;0.00000000000
10279;-13.1765047181;42.7250505269;0.00000000000
10280;-15.2543557147;42.8230255730;0.00000000000
;;;
NODE;X;Y;Z
10281;-17.3072511187;42.8897734980;0.00000000000
10282;-19.3397607041;42.9185594051;0.00000000000
10283;-21.3472699449;42.9139621737;0.00000000000
10284;-23.3427896578;42.9003246046;0.00000000000
10285;-25.3514621176;42.8776004016;0.00000000000
10286;-27.3526195273;42.9094124233;0.00000000000
10287;-29.3492261669;42.9509159565;0.00000000000
10288;-31.3589417175;42.9286704649;0.00000000000
10289;-33.3630452798;42.9133816237;0.00000000000
10290;-35.3563533435;42.9349534290;0.00000000000
10291;-37.3829096357;42.9273632382;0.00000000000
10292;-39.4047216865;42.8771911091;0.00000000000
10293;-41.3745117202;42.9273511531;0.00000000000
10294;-43.3745718626;42.9603632656;0.00000000000
10295;-45.3758488340;42.9315022275;0.00000000000
10296;-47.3592995268;42.9050069774;0.00000000000
10297;-49.3517387273;42.8887428588;0.00000000000
10298;-51.3574160844;42.9166751965;0.00000000000
10299;-53.3518741379;42.9565831285;0.00000000000
10300;-55.3620586568;42.9482745979;0.00000000000
;;;
NODE;X;Y;Z
10301;-57.3560356858;42.9215880885;0.00000000000
10302;-59.3573914378;42.9045178208;0.00000000000
10303;-61.3623486440;42.8899557587;0.00000000000
10304;-63.3656386517;42.9090352035;0.00000000000
10305;-65.3522802721;42.9564522489;0.00000000000
10306;-67.3621100862;42.9488339930;0.00000000000
10307;-69.3561837282;42.9211585968;0.00000000000
10308;-71.3481068893;42.9003874041;0.00000000000
10309;-73.3562513171;42.8848443835;0.00000000000
10310;-75.3573904266;42.9157227585;0.00000000000
10311;-77.3608042159;42.9510864300;0.00000000000
10312;-79.3793196276;42.9320823252;0.00000000000
10313;-81.4107410317;42.8660987920;0.00000000000
10314;-83.4427413358;42.7796907616;0.00000000000
10315;-85.4199869012;42.7693719704;0.00000000000
10316;-87.3503543667;42.8798830099;0.00000000000
10317;-89.2867555548;42.9466117400;0.00000000000
10318;-91.1955417810;42.8476634556;0.00000000000
10319;-93.0883417147;42.7953799716;0.00000000000
10320;-93.0085459494;40.7120726854;0.00000000000
;;;
NODE;X;Y;Z
10321;-92.7756703487;38.6838021831;0.00000000000
10322;-92.7916406589;36.6665051776;0.00000000000
10323;-92.8165643969;34.6645375305;0.00000000000
10324;-92.9206652166;32.6261138768;0.00000000000
10325;-92.9026495558;30.6094176462;0.00000000000
10326;-92.9085754984;28.6125140833;0.00000000000
10327;-92.9275421496;26.6079609890;0.00000000000
10328;-92.9066965482;24.6012090022;0.00000000000
10329;-92.8955850074;22.6069102540;0.00000000000
10330;-92.9094726843;20.6191536014;0.00000000000
10331;-92.9229124459;18.6379372727;0.00000000000
10332;-92.9387964009;16.6421441462;0.00000000000
10333;-92.9439561609;14.6578114868;0.00000000000
10334;-92.9058045070;12.6742998343;0.00000000000
10335;-92.8523499782;10.7168319016;0.00000000000
10336;-92.7995046773;8.79190096084;0.00000000000
10337;-92.7822332866;7.82973978374;0.00000000000
10338;-7.00919177906;25.6297927473;0.00000000000
10339;-8.21793531163;25.3254524901;0.00000000000
10340;-9.39874156639;24.7158534224;0.00000000000
;;;
NODE;X;Y;Z
10341;-10.6485777963;24.1320750889;0.00000000000
10342;-11.8565096567;23.5377654121;0.00000000000
10343;-13.0145440266;22.9245255916;0.00000000000
10344;-14.1352210412;22.2664069453;0.00000000000
10345;-15.2400481068;21.5759837184;0.00000000000
10346;-16.3208055613;20.8221408929;0.00000000000
10347;-17.3840300182;20.0193804828;0.00000000000
10348;-18.4088132586;19.1411418643;0.00000000000
10349;-22.2115475696;13.7948771729;0.00000000000
10350;-24.6949670170;8.09339469853;0.00000000000
10351;-92.7901688237;6.86572981578;0.00000000000
10352;-90.7539410235;6.94075043843;0.00000000000
10353;-88.7140325740;7.00909149334;0.00000000000
10354;-86.6821467697;7.05649848626;0.00000000000
10355;-84.6533454443;7.07487390943;0.00000000000
10356;-82.6364067891;7.10736085917;0.00000000000
10357;-80.6349351222;7.09253218526;0.00000000000
10358;-78.6313006772;7.06754442833;0.00000000000
10359;-76.6135891670;7.09754088494;0.00000000000
10360;-74.5990961234;7.11322931776;0.00000000000
;;;
NODE;X;Y;Z
10361;-72.6345686498;7.07809307469;0.00000000000
10362;-70.6171870346;7.06246812870;0.00000000000
10363;-68.6356874499;7.10195628879;0.00000000000
10364;-66.6343383294;7.12387723642;0.00000000000
10365;-64.6352425385;7.10266654170;0.00000000000
10366;-62.6410483769;7.09924146770;0.00000000000
10367;-60.6448711789;7.10724668210;0.00000000000
10368;-58.6498638967;7.11177627999;0.00000000000
10369;-56.6564801472;7.11425612080;0.00000000000
10370;-54.6573309292;7.11634864128;0.00000000000
10371;-52.6526867163;7.12135439098;0.00000000000
10372;-50.6554069775;7.11312546995;0.00000000000
10373;-48.6511626674;7.11567719887;0.00000000000
10374;-46.6552517766;7.11028144093;0.00000000000
10375;-44.6515304753;7.11446798980;0.00000000000
10376;-42.6556890808;7.10984259281;0.00000000000
10377;-40.6514732558;7.11428123027;0.00000000000
10378;-38.6438463945;7.11310052217;0.00000000000
10379;-36.6162207345;7.13134353702;0.00000000000
10380;-34.5515252174;7.20484824313;0.00000000000
;;;
NODE;X;Y;Z
10381;-32.4859924926;7.36004445156;0.00000000000
10382;-30.4755628911;7.53213479530;0.00000000000
10383;-28.6132948079;7.50892417373;0.00000000000
10384;-26.9420912621;7.20489555086;0.00000000000
10385;-26.2976850088;7.11007927282;0.00000000000
10386;-25.2169093209;7.08713929314;0.00000000000
10387;-7.12665720776;43.1638835947;0.00000000000
10388;-7.11785232649;42.2048481935;0.00000000000
10389;-7.19221188789;41.2161406437;0.00000000000
10390;-7.43995688781;40.3107912748;0.00000000000
10391;-7.57442136652;39.4157068607;0.00000000000
10392;-7.44733370617;38.4749805140;0.00000000000
10393;-7.26428308857;37.4619690207;0.00000000000
10394;-7.11746319697;36.4610946582;0.00000000000
10395;-7.01444868780;35.4641944767;0.00000000000
10396;-6.95048162639;34.4742472913;0.00000000000
10397;-6.91384554779;33.4837591753;0.00000000000
10398;-6.90406423548;32.4790532350;0.00000000000
10399;-6.93803476952;31.4536285977;0.00000000000
10400;-7.04126441574;30.4106041216;0.00000000000
;;;
NODE;X;Y;Z
10401;-7.36625415118;29.2409093645;0.00000000000
10402;-6.73048543460;27.9141937392;0.00000000000
10403;-6.98270380534;26.7712174443;0.00000000000
10404;-7.14838242719;44.1142622889;0.00000000000
10405;-8.20168207842;44.0489257631;0.00000000000
10406;-9.20098749881;44.0030453967;0.00000000000
10407;-10.1813543425;43.9531212351;0.00000000000
10408;-11.1749480992;43.8727038031;0.00000000000
10409;-12.1783634136;43.8231762711;0.00000000000
10410;-13.1778468834;43.8065399224;0.00000000000
10411;-14.1895595210;43.8220862624;0.00000000000
10412;-15.2149461149;43.8492650543;0.00000000000
10413;-16.2444388334;43.8800792746;0.00000000000
10414;-17.2536172108;43.9004231508;0.00000000000
10415;-18.2591828749;43.8994023632;0.00000000000
10416;-19.2688594484;43.9016866285;0.00000000000
10417;-20.2696162468;43.9035073240;0.00000000000
10418;-21.2755985430;43.9092672005;0.00000000000
10419;-22.2723698534;43.9124440598;0.00000000000
10420;-23.2730981621;43.9061303824;0.00000000000
;;;
NODE;X;Y;Z
10421;-24.2769656726;43.8939051757;0.00000000000
10422;-25.2784077145;43.8898216880;0.00000000000
10423;-26.2766730721;43.8943197779;0.00000000000
10424;-27.2778133224;43.9112774449;0.00000000000
10425;-28.2744992353;43.9324026571;0.00000000000
10426;-29.2758724144;43.9384309801;0.00000000000
10427;-30.2743854755;43.9313242566;0.00000000000
10428;-31.2784648441;43.9189891027;0.00000000000
10429;-32.2875325827;43.9149413929;0.00000000000
10430;-33.2830699411;43.9096838135;0.00000000000
10431;-34.2739676540;43.9183000613;0.00000000000
10432;-35.2710634493;43.9252683698;0.00000000000
10433;-36.2848784579;43.9302120175;0.00000000000
10434;-37.2914835653;43.9203825180;0.00000000000
10435;-38.2949961406;43.9058809289;0.00000000000
10436;-39.2961735636;43.9033273313;0.00000000000
10437;-40.2871209709;43.9121138206;0.00000000000
10438;-41.2808294270;43.9236595182;0.00000000000
10439;-42.2805678560;43.9307905903;0.00000000000
10440;-43.2825931601;43.9300938204;0.00000000000
;;;
NODE;X;Y;Z
10441;-44.2833963584;43.9242436092;0.00000000000
10442;-45.2868542547;43.9233073720;0.00000000000
10443;-46.2855193731;43.9161312115;0.00000000000
10444;-47.2732315254;43.9091132729;0.00000000000
10445;-48.2785010688;43.8961682950;0.00000000000
10446;-49.2781421689;43.8917900044;0.00000000000
10447;-50.2771628114;43.8958931533;0.00000000000
10448;-51.2775527418;43.9109761909;0.00000000000
10449;-52.2736806824;43.9312783819;0.00000000000
10450;-53.2749921094;43.9353935962;0.00000000000
10451;-54.2832811899;43.9350368790;0.00000000000
10452;-55.2843173557;43.9280165817;0.00000000000
10453;-56.2827225209;43.9213808488;0.00000000000
10454;-57.2784948919;43.9134851866;0.00000000000
10455;-58.2738439207;43.9142181732;0.00000000000
10456;-59.2738976195;43.9069701830;0.00000000000
10457;-60.2775753165;43.8951637394;0.00000000000
10458;-61.2778871433;43.8905633152;0.00000000000
10459;-62.2763732078;43.8946660233;0.00000000000
10460;-63.2777244578;43.9107260379;0.00000000000
;;;
NODE;X;Y;Z
10461;-64.2740963760;43.9312355153;0.00000000000
10462;-65.2752981522;43.9352894013;0.00000000000
10463;-66.2835335927;43.9348750883;0.00000000000
10464;-67.2845286033;43.9277948993;0.00000000000
10465;-68.2828992338;43.9211037215;0.00000000000
10466;-69.2786514916;43.9131863745;0.00000000000
10467;-70.2739904675;43.9139086740;0.00000000000
10468;-71.2740469808;43.9066496400;0.00000000000
10469;-72.2776999702;43.8948333596;0.00000000000
10470;-73.2779452269;43.8903002017;0.00000000000
10471;-74.2764507213;43.8944220146;0.00000000000
10472;-75.2775743408;43.9106827538;0.00000000000
10473;-76.2742222234;43.9312816114;0.00000000000
10474;-77.2754266584;43.9350372020;0.00000000000
10475;-78.2849549953;43.9334497304;0.00000000000
10476;-79.2868134107;43.9238893053;0.00000000000
10477;-80.2954849041;43.9143370528;0.00000000000
10478;-81.3125817476;43.8921863800;0.00000000000
10479;-82.3157846199;43.8717848950;0.00000000000
10480;-83.3156126521;43.8538498796;0.00000000000
;;;
NODE;X;Y;Z
10481;-84.2947366799;43.8670461569;0.00000000000
10482;-85.3023099471;43.8429960527;0.00000000000
10483;-86.2777593879;43.8852758264;0.00000000000
10484;-87.2633491336;43.9120527640;0.00000000000
10485;-88.2643490247;43.9147654721;0.00000000000
10486;-89.2455995119;43.9163388967;0.00000000000
10487;-90.2230306985;43.8941295108;0.00000000000
10488;-91.1869955467;43.8665643172;0.00000000000
10489;-92.1440535362;43.8485040230;0.00000000000
10490;-93.1055161890;43.8285742852;0.00000000000
10491;-94.0672781345;43.8264760362;0.00000000000
10492;-94.0419692320;42.7951615825;0.00000000000
10493;-94.0124087925;41.7629772694;0.00000000000
10494;-93.9722625138;40.7373322708;0.00000000000
10495;-93.9186986979;39.7191112801;0.00000000000
10496;-93.8987130104;38.7117888934;0.00000000000
10497;-93.8736288923;37.7020509807;0.00000000000
10498;-93.8453145067;36.6994335540;0.00000000000
10499;-93.8728942811;35.6947765388;0.00000000000
10500;-93.8934219406;34.6938331837;0.00000000000
;;;
NODE;X;Y;Z
10501;-93.8986643564;33.6913816742;0.00000000000
10502;-93.9060369739;32.6896747228;0.00000000000
10503;-93.9084435978;31.6899918634;0.00000000000
10504;-93.8970989841;30.6865965831;0.00000000000
10505;-93.9027146162;29.6812734447;0.00000000000
10506;-93.9024091951;28.6840347582;0.00000000000
10507;-93.9169649572;27.6893751424;0.00000000000
10508;-93.9187355719;26.6892593516;0.00000000000
10509;-93.9139809615;25.6823135808;0.00000000000
10510;-93.9065764574;24.6842235337;0.00000000000
10511;-93.9021769314;23.6801767107;0.00000000000
10512;-93.9035143423;22.6826677144;0.00000000000
10513;-93.9083887665;21.6872668964;0.00000000000
10514;-93.9127325964;20.6899648748;0.00000000000
10515;-93.9137272938;19.6937436512;0.00000000000
10516;-93.9105351103;18.6893976911;0.00000000000
10517;-93.9056639405;17.6914739932;0.00000000000
10518;-93.9104894361;16.6931291587;0.00000000000
10519;-93.9190048414;15.6995275729;0.00000000000
10520;-93.9176151282;14.7012607640;0.00000000000
;;;
NODE;X;Y;Z
10521;-93.9109114034;13.6963706822;0.00000000000
10522;-93.8929324371;12.6989235761;0.00000000000
10523;-93.8793077610;11.7028417544;0.00000000000
10524;-93.8647330918;10.7225506699;0.00000000000
10525;-93.8440609459;9.75015710900;0.00000000000
10526;-93.8220191307;8.77247688703;0.00000000000
10527;-93.8147132481;7.80776467029;0.00000000000
10528;-93.8152089599;6.84389290038;0.00000000000
10529;-6.88083611134;24.4797903155;0.00000000000
10530;-8.03755563525;24.1485352393;0.00000000000
10531;-9.18227064922;23.6565368159;0.00000000000
10532;-10.3406616892;23.1004311349;0.00000000000
10533;-11.4758338183;22.5288610301;0.00000000000
10534;-12.5897379425;21.9187323697;0.00000000000
10535;-13.6749288896;21.2731137363;0.00000000000
10536;-14.7274391944;20.5895234762;0.00000000000
10537;-15.7547158465;19.8592526100;0.00000000000
10538;-17.7002325906;18.2371186150;0.00000000000
10539;-18.6078971583;17.3505604472;0.00000000000
10540;-19.4320747600;16.4067851596;0.00000000000
;;;
NODE;X;Y;Z
10541;-20.1677415269;15.3956618936;0.00000000000
10542;-20.8053129461;14.3313806037;0.00000000000
10543;-21.3704401652;13.2321370858;0.00000000000
10544;-21.9127149381;12.1047249133;0.00000000000
10545;-22.9607219969;9.84929541573;0.00000000000
10546;-23.4506844823;8.68423527273;0.00000000000
10547;-23.9532856955;7.43389736156;0.00000000000
10548;-93.8135828624;5.86951795346;0.00000000000
10549;-92.7942659056;5.90117303109;0.00000000000
10550;-91.7800785746;5.94186889376;0.00000000000
10551;-90.7696230475;5.98188519462;0.00000000000
10552;-89.7603647639;6.01242626268;0.00000000000
10553;-88.7456700225;6.04094770371;0.00000000000
10554;-87.7339132422;6.06243048288;0.00000000000
10555;-86.7235215818;6.08376067653;0.00000000000
10556;-85.7150714821;6.09371937462;0.00000000000
10557;-84.7042367386;6.09932265101;0.00000000000
10558;-83.7004594244;6.11161171977;0.00000000000
10559;-82.6994623157;6.11351233383;0.00000000000
10560;-81.7013530379;6.10958499731;0.00000000000
;;;
NODE;X;Y;Z
10561;-80.6989605902;6.09767984369;0.00000000000
10562;-79.7020902337;6.08211836371;0.00000000000
10563;-78.6922161242;6.08326895223;0.00000000000
10564;-77.6912145494;6.08843629420;0.00000000000
10565;-76.6817531077;6.10224940789;0.00000000000
10566;-75.6789145520;6.11227736915;0.00000000000
10567;-74.6905541557;6.10777013854;0.00000000000
10568;-73.6913392049;6.10379651186;0.00000000000
10569;-72.6929151825;6.08885192981;0.00000000000
10570;-71.6968805258;6.08212922356;0.00000000000
10571;-70.6894036137;6.08354191284;0.00000000000
10572;-69.6929327816;6.09236259460;0.00000000000
10573;-68.7007774987;6.10437982945;0.00000000000
10574;-67.7027444881;6.11280167191;0.00000000000
10575;-66.7004306256;6.11568211703;0.00000000000
10576;-65.7015017875;6.10833400410;0.00000000000
10577;-64.7009382079;6.09290718366;0.00000000000
10578;-63.6981697495;6.09558666851;0.00000000000
10579;-62.6976016414;6.09654159109;0.00000000000
10580;-61.6965085521;6.10265146228;0.00000000000
;;;
NODE;X;Y;Z
10581;-60.7026469375;6.10153245462;0.00000000000
10582;-59.7059256007;6.10464880178;0.00000000000
10583;-58.7068636322;6.10832153393;0.00000000000
10584;-57.7111782024;6.10712621478;0.00000000000
10585;-56.7174019989;6.10747780922;0.00000000000
10586;-55.7207422613;6.10910688220;0.00000000000
10587;-54.7182143038;6.11086536382;0.00000000000
10588;-53.7132684537;6.11047365444;0.00000000000
10589;-52.7168501538;6.10872778931;0.00000000000
10590;-51.7199064636;6.10843125626;0.00000000000
10591;-50.7174923753;6.10901872207;0.00000000000
10592;-49.7126892879;6.10803622918;0.00000000000
10593;-48.7164125907;6.10626840558;0.00000000000
10594;-47.7197313436;6.10636529953;0.00000000000
10595;-46.7175004048;6.10744578111;0.00000000000
10596;-45.7127423285;6.10678272543;0.00000000000
10597;-44.7166521062;6.10544909448;0.00000000000
10598;-43.7200280046;6.10578002090;0.00000000000
10599;-42.7178046785;6.10698986377;0.00000000000
10600;-41.7129323259;6.10639492360;0.00000000000
;;;
NODE;X;Y;Z
10601;-40.7063229074;6.10957461161;0.00000000000
10602;-39.7084133179;6.10971764720;0.00000000000
10603;-38.7042872018;6.11032839326;0.00000000000
10604;-37.6966986265;6.11344255558;0.00000000000
10605;-36.6819197172;6.12274238507;0.00000000000
10606;-35.6641468487;6.13756326316;0.00000000000
10607;-34.6444646502;6.16253171460;0.00000000000
10608;-33.6274255585;6.20060462161;0.00000000000
10609;-32.6109624182;6.25154799759;0.00000000000
10610;-31.6085984099;6.30861454865;0.00000000000
10611;-30.6259179825;6.35527338108;0.00000000000
10612;-29.6765216127;6.35914519313;0.00000000000
10613;-28.7605732691;6.31415354804;0.00000000000
10614;-27.8669445899;6.25061847015;0.00000000000
10615;-26.9654478927;6.20047119668;0.00000000000
10616;-26.0136273687;6.37128173620;0.00000000000
10617;-24.6149834328;6.06479229242;0.00000000000
10618;-6.13957149883;44.1198013294;0.00000000000
10619;-6.14235339834;43.1467112261;0.00000000000
10620;-6.15250041997;42.1688800034;0.00000000000
;;;
NODE;X;Y;Z
10621;-6.19887371133;41.1948624130;0.00000000000
10622;-6.29127768890;40.2434853070;0.00000000000
10623;-6.35663673052;39.3152944809;0.00000000000
10624;-6.30947266904;38.3649988681;0.00000000000
10625;-6.22018488474;37.3924114390;0.00000000000
10626;-6.11529379987;36.3891375253;0.00000000000
10627;-6.03273634286;35.3801536227;0.00000000000
10628;-5.97860354064;34.3728863038;0.00000000000
10629;-5.95014872164;33.3676788263;0.00000000000
10630;-5.94756063859;32.3636331280;0.00000000000
10631;-5.96932783821;31.3438047172;0.00000000000
10632;-6.13079713037;30.2378982851;0.00000000000
10633;-6.38740394504;29.0977491890;0.00000000000
10634;-5.71100227969;26.8822314548;0.00000000000
10635;-5.11851951715;45.0947002803;0.00000000000
10636;-6.12716836251;45.0931409329;0.00000000000
10637;-7.14026805848;45.0672707930;0.00000000000
10638;-8.14889894576;45.0342263369;0.00000000000
10639;-9.15460025911;44.9925297157;0.00000000000
10640;-10.1572024275;44.9493378650;0.00000000000
;;;
NODE;X;Y;Z
10641;-11.1609412475;44.9088732730;0.00000000000
10642;-12.1625104745;44.8844647042;0.00000000000
10643;-13.1668089277;44.8853179727;0.00000000000
10644;-14.1746693706;44.8829659571;0.00000000000
10645;-15.1800123993;44.8828466701;0.00000000000
10646;-16.1947900128;44.8982891526;0.00000000000
10647;-17.2006548049;44.9044799899;0.00000000000
10648;-18.2064473568;44.9028660905;0.00000000000
10649;-19.2104286876;44.9033279506;0.00000000000
10650;-20.2127999653;44.9057914360;0.00000000000
10651;-21.2149656346;44.9089569761;0.00000000000
10652;-22.2148832877;44.9107596610;0.00000000000
10653;-23.2136108733;44.9081959877;0.00000000000
10654;-24.2204351219;44.8907418684;0.00000000000
10655;-25.2112959076;44.8934144277;0.00000000000
10656;-26.2205074348;44.8938151361;0.00000000000
10657;-27.2094918667;44.9100414983;0.00000000000
10658;-28.2176791914;44.9167463817;0.00000000000
10659;-29.2184561452;44.9250430200;0.00000000000
10660;-30.2164956518;44.9188093986;0.00000000000
;;;
NODE;X;Y;Z
10661;-31.2208546791;44.9187273974;0.00000000000
10662;-32.2208378549;44.9149382664;0.00000000000
10663;-33.2179852016;44.9143325622;0.00000000000
10664;-34.2161665452;44.9189186798;0.00000000000
10665;-35.2173900692;44.9258912829;0.00000000000
10666;-36.2207772996;44.9190612217;0.00000000000
10667;-37.2178154902;44.9146080866;0.00000000000
10668;-38.2238579787;44.9134958958;0.00000000000
10669;-39.2183298738;44.9131976991;0.00000000000
10670;-40.2160550626;44.9186976328;0.00000000000
10671;-41.2168661934;44.9262291875;0.00000000000
10672;-42.2155040506;44.9191905822;0.00000000000
10673;-43.2182735808;44.9164895716;0.00000000000
10674;-44.2192837476;44.9153828715;0.00000000000
10675;-45.2177371570;44.9155622888;0.00000000000
10676;-46.2166852180;44.9179023294;0.00000000000
10677;-47.2140002173;44.9117547260;0.00000000000
10678;-48.2191674803;44.8932603779;0.00000000000
10679;-49.2103124334;44.8939143869;0.00000000000
10680;-50.2191783527;44.8932318608;0.00000000000
;;;
NODE;X;Y;Z
10681;-51.2086579844;44.9090907283;0.00000000000
10682;-52.2170145279;44.9154300364;0.00000000000
10683;-53.2182503062;44.9237026769;0.00000000000
10684;-54.2221018961;44.9201728701;0.00000000000
10685;-55.2202764833;44.9160679479;0.00000000000
10686;-56.2187296440;44.9141880128;0.00000000000
10687;-57.2185347734;44.9144155988;0.00000000000
10688;-58.2171190098;44.9153817923;0.00000000000
10689;-59.2143353430;44.9105335914;0.00000000000
10690;-60.2192544376;44.8930674930;0.00000000000
10691;-61.2106448498;44.8938202174;0.00000000000
10692;-62.2192728938;44.8930303723;0.00000000000
10693;-63.2088719494;44.9089875993;0.00000000000
10694;-64.2171778428;44.9152890633;0.00000000000
10695;-65.2184187535;44.9235856075;0.00000000000
10696;-66.2222617552;44.9200235170;0.00000000000
10697;-67.2204103129;44.9158852320;0.00000000000
10698;-68.2188525331;44.9139777292;0.00000000000
10699;-69.2186500593;44.9141908825;0.00000000000
10700;-70.2172423971;44.9151886469;0.00000000000
;;;
NODE;X;Y;Z
10701;-71.2144591037;44.9103409209;0.00000000000
10702;-72.2193755492;44.8928310136;0.00000000000
10703;-73.2107735116;44.8936230270;0.00000000000
10704;-74.2193975173;44.8927888037;0.00000000000
10705;-75.2090051215;44.9087834139;0.00000000000
10706;-76.2173113570;44.9150825229;0.00000000000
10707;-77.2185470550;44.9233433810;0.00000000000
10708;-78.2225299978;44.9196436635;0.00000000000
10709;-79.2206230691;44.9154571080;0.00000000000
10710;-80.2192421235;44.9134513252;0.00000000000
10711;-81.2302719455;44.9087379774;0.00000000000
10712;-82.2301154478;44.9019772894;0.00000000000
10713;-83.2245662075;44.9045725359;0.00000000000
10714;-84.2276905753;44.8934754091;0.00000000000
10715;-85.2198572974;44.9045009312;0.00000000000
10716;-86.2160429818;44.9044808402;0.00000000000
10717;-87.2100705023;44.9059197098;0.00000000000
10718;-88.2149442375;44.9009429310;0.00000000000
10719;-89.2065902501;44.9068690057;0.00000000000
10720;-90.1929078995;44.8953950970;0.00000000000
;;;
NODE;X;Y;Z
10721;-91.1657907366;44.8931700716;0.00000000000
10722;-92.1382955132;44.8787830919;0.00000000000
10723;-93.1039696757;44.8702333153;0.00000000000
10724;-94.0636506221;44.8578444072;0.00000000000
10725;-95.0306302342;44.8574625741;0.00000000000
10726;-95.0207917993;43.8303843478;0.00000000000
10727;-95.0062939215;42.8050416136;0.00000000000
10728;-94.9795402795;41.7781506990;0.00000000000
10729;-94.9586379108;40.7725052950;0.00000000000
10730;-94.9350078604;39.7642633449;0.00000000000
10731;-94.9118226533;38.7521900417;0.00000000000
10732;-94.8954565332;37.7481519339;0.00000000000
10733;-94.8869715123;36.7436627188;0.00000000000
10734;-94.8887779677;35.7468641202;0.00000000000
10735;-94.8878231116;34.7469808958;0.00000000000
10736;-94.9058182507;33.7425952105;0.00000000000
10737;-94.9028573988;32.7360126011;0.00000000000
10738;-94.8953650438;31.7351832973;0.00000000000
10739;-94.8936937959;30.7322781260;0.00000000000
10740;-94.8934297603;29.7333920628;0.00000000000
;;;
NODE;X;Y;Z
10741;-94.8983024237;28.7383381311;0.00000000000
10742;-94.9037575311;27.7390556898;0.00000000000
10743;-94.9014050525;26.7351155537;0.00000000000
10744;-94.9044035482;25.7327006947;0.00000000000
10745;-94.9042424106;24.7322918112;0.00000000000
10746;-94.8935652726;23.7353405937;0.00000000000
10747;-94.8966384907;22.7380910314;0.00000000000
10748;-94.9024984763;21.7387123089;0.00000000000
10749;-94.9006091580;20.7347623184;0.00000000000
10750;-94.9050000301;19.7341107042;0.00000000000
10751;-94.8935314069;18.7323650305;0.00000000000
10752;-94.8938169106;17.7350819960;0.00000000000
10753;-94.8969651241;16.7377846104;0.00000000000
10754;-94.9027147365;15.7383675373;0.00000000000
10755;-94.9001364116;14.7342073109;0.00000000000
10756;-94.8915765130;13.7343297283;0.00000000000
10757;-94.8844654275;12.7339388185;0.00000000000
10758;-94.8806690831;11.7381935807;0.00000000000
10759;-94.8697294845;10.7431502969;0.00000000000
10760;-94.8594301398;9.75494331231;0.00000000000
;;;
NODE;X;Y;Z
10761;-94.8496211659;8.78211722658;0.00000000000
10762;-94.8418828816;7.80393196930;0.00000000000
10763;-94.8368853365;6.82920900147;0.00000000000
10764;-94.8379654426;5.85440961896;0.00000000000
10765;-5.71261748004;24.7033754313;0.00000000000
10766;-16.7480673038;19.0780244439;0.00000000000
10767;-22.4481129658;10.9832625040;0.00000000000
10768;-94.8490897359;4.88608253686;0.00000000000
10769;-93.8255001154;4.89872892837;0.00000000000
10770;-92.8085128670;4.92627785816;0.00000000000
10771;-91.7992753999;4.97462604821;0.00000000000
10772;-90.7932178924;5.00605856730;0.00000000000
10773;-89.7850526385;5.03640764293;0.00000000000
10774;-88.7765308196;5.06409521945;0.00000000000
10775;-87.7682404359;5.07707779674;0.00000000000
10776;-86.7616579679;5.09262402595;0.00000000000
10777;-85.7577304710;5.11230969175;0.00000000000
10778;-84.7485101901;5.11858048534;0.00000000000
10779;-83.7485807041;5.12107782808;0.00000000000
10780;-82.7475926667;5.11962116566;0.00000000000
;;;
NODE;X;Y;Z
10781;-81.7481856533;5.11330545855;0.00000000000
10782;-80.7469496443;5.10473089657;0.00000000000
10783;-79.7450202751;5.10544277506;0.00000000000
10784;-78.7420804222;5.09554847909;0.00000000000
10785;-77.7364931183;5.10131429119;0.00000000000
10786;-76.7387377782;5.10782403772;0.00000000000
10787;-75.7371060984;5.11049852335;0.00000000000
10788;-74.7413610598;5.10918588232;0.00000000000
10789;-73.7447570723;5.10102425747;0.00000000000
10790;-72.7425130855;5.09264275291;0.00000000000
10791;-71.7450198828;5.09827925442;0.00000000000
10792;-70.7393398897;5.09431585943;0.00000000000
10793;-69.7423465757;5.09997835125;0.00000000000
10794;-68.7434625638;5.10562942839;0.00000000000
10795;-67.7442597399;5.10962352664;0.00000000000
10796;-66.7453944976;5.11001841018;0.00000000000
10797;-65.7467628932;5.10545060342;0.00000000000
10798;-64.7494804133;5.10041232595;0.00000000000
10799;-63.7447929102;5.10057054349;0.00000000000
10800;-62.7418758480;5.10194515801;0.00000000000
;;;
NODE;X;Y;Z
10801;-61.7433075508;5.10287716609;0.00000000000
10802;-60.7468393484;5.10496806465;0.00000000000
10803;-59.7512705022;5.10429795396;0.00000000000
10804;-58.7563535471;5.10550231846;0.00000000000
10805;-57.7528881942;5.10807585140;0.00000000000
10806;-56.7584886869;5.10495734700;0.00000000000
10807;-55.7631042587;5.11110276872;0.00000000000
10808;-54.7574661865;5.10878841143;0.00000000000
10809;-53.7631562585;5.11098041252;0.00000000000
10810;-52.7585290045;5.10481912595;0.00000000000
10811;-51.7632050631;5.11069414081;0.00000000000
10812;-50.7574782815;5.10779208835;0.00000000000
10813;-49.7632901230;5.11039637886;0.00000000000
10814;-48.7585515298;5.10370915011;0.00000000000
10815;-47.7533221925;5.10766597044;0.00000000000
10816;-46.7575628089;5.10682825039;0.00000000000
10817;-45.7536055904;5.10772425099;0.00000000000
10818;-44.7587590946;5.10318783457;0.00000000000
10819;-43.7535071719;5.10718885085;0.00000000000
10820;-42.7577798390;5.10641237172;0.00000000000
;;;
NODE;X;Y;Z
10821;-41.7537639867;5.10738466693;0.00000000000
10822;-40.7589318941;5.10279354333;0.00000000000
10823;-39.7534668015;5.10701284581;0.00000000000
10824;-38.7577494322;5.10634220147;0.00000000000
10825;-37.7494532179;5.10922863269;0.00000000000
10826;-36.7382624035;5.11424586727;0.00000000000
10827;-35.7322367089;5.11930030697;0.00000000000
10828;-34.7260271134;5.12837846326;0.00000000000
10829;-33.7170581618;5.14364970349;0.00000000000
10830;-32.7150489175;5.16568210569;0.00000000000
10831;-31.7204778305;5.18833153802;0.00000000000
10832;-30.7415605737;5.19789754150;0.00000000000
10833;-29.7803830387;5.18241146822;0.00000000000
10834;-28.8248888051;5.12475730783;0.00000000000
10835;-27.8731835593;5.14393386419;0.00000000000
10836;-26.9424325737;5.18622749378;0.00000000000
10837;-25.7989266006;5.50988448498;0.00000000000
10838;-5.13936545424;44.1173915650;0.00000000000
10839;-5.15102281801;43.1417296479;0.00000000000
10840;-5.14644593577;42.1618424781;0.00000000000
;;;
NODE;X;Y;Z
10841;-5.17134257382;41.1881793729;0.00000000000
10842;-5.20484265760;40.2133693346;0.00000000000
10843;-5.23084764236;39.2518252663;0.00000000000
10844;-5.20790612493;38.2836111891;0.00000000000
10845;-5.16820948558;37.3070774697;0.00000000000
10846;-5.10659869491;36.3085986887;0.00000000000
10847;-5.05139506402;35.3011227270;0.00000000000
10848;-5.01169196222;34.2921695536;0.00000000000
10849;-4.98857024441;33.2825087593;0.00000000000
10850;-4.97929357452;32.2791144025;0.00000000000
10851;-5.01420437350;31.2620960831;0.00000000000
10852;-5.17014145078;30.1535595433;0.00000000000
10853;-5.34272945218;29.0653454404;0.00000000000
10854;-5.55169567505;27.9785150147;0.00000000000
10855;-5.77199108088;25.7895322181;0.00000000000
10856;-6.50459352198;22.2887607100;0.00000000000
10857;-8.63579090451;21.5437853090;0.00000000000
10858;-10.7098672882;20.5299510377;0.00000000000
10859;-12.6880515768;19.3409308990;0.00000000000
10860;-14.5468629271;18.0054400897;0.00000000000
;;;
NODE;X;Y;Z
10861;-16.2729428969;16.5135477601;0.00000000000
10862;-17.8190622755;14.8606342229;0.00000000000
10863;-19.1320504547;13.0205363931;0.00000000000
10864;-20.2582665114;11.0253210129;0.00000000000
10865;-21.2704487555;8.92244172738;0.00000000000
10866;-22.1013237812;6.71138399661;0.00000000000
10867;-22.6597832592;4.50219550120;0.00000000000
10868;-4.07528390911;47.0631006600;0.00000000000
10869;-5.08133799560;47.0688280704;0.00000000000
10870;-6.07642856793;47.0646798252;0.00000000000
10871;-7.07665009904;47.0388773702;0.00000000000
10872;-8.07649230464;47.0188645659;0.00000000000
10873;-9.07575168898;46.9890554130;0.00000000000
10874;-10.0764618204;46.9645865115;0.00000000000
10875;-11.0821285490;46.9489989446;0.00000000000
10876;-12.0808541944;46.9518795101;0.00000000000
10877;-13.0868400924;46.9432495414;0.00000000000
10878;-14.0921959058;46.9382306021;0.00000000000
10879;-15.0968159179;46.9359014291;0.00000000000
10880;-16.1006015191;46.9354558115;0.00000000000
;;;
NODE;X;Y;Z
10881;-17.1035210049;46.9361957117;0.00000000000
10882;-18.1056210459;46.9375419739;0.00000000000
10883;-19.1070090593;46.9390549149;0.00000000000
10884;-20.1078271491;46.9404426507;0.00000000000
10885;-21.1082268941;46.9415497859;0.00000000000
10886;-22.1083490635;46.9423297528;0.00000000000
10887;-23.1083103357;46.9428089246;0.00000000000
10888;-24.1081973866;46.9430518095;0.00000000000
10889;-25.1080672503;46.9431332242;0.00000000000
10890;-26.1079518870;46.9431204207;0.00000000000
10891;-27.1078647156;46.9430645272;0.00000000000
10892;-28.1078072679;46.9429989174;0.00000000000
10893;-29.1077747834;46.9429417013;0.00000000000
10894;-30.1077602423;46.9428999247;0.00000000000
10895;-31.1077568344;46.9428738344;0.00000000000
10896;-32.1077591566;46.9428603319;0.00000000000
10897;-33.1077635365;46.9428553299;0.00000000000
10898;-34.1077678546;46.9428550989;0.00000000000
10899;-35.1077711515;46.9428568372;0.00000000000
10900;-36.1077732095;46.9428587587;0.00000000000
;;;
NODE;X;Y;Z
10901;-37.1077742042;46.9428599238;0.00000000000
10902;-38.1077744591;46.9428599864;0.00000000000
10903;-39.1077742994;46.9428589520;0.00000000000
10904;-40.1077739834;46.9428569909;0.00000000000
10905;-41.1077736843;46.9428543165;0.00000000000
10906;-42.1077734988;46.9428511203;0.00000000000
10907;-43.1077734674;46.9428475452;0.00000000000
10908;-44.1077735948;46.9428436846;0.00000000000
10909;-45.1077738678;46.9428395910;0.00000000000
10910;-46.1077742672;46.9428352893;0.00000000000
10911;-47.1077747742;46.9428307888;0.00000000000
10912;-48.1077753732;46.9428260924;0.00000000000
10913;-49.1077760530;46.9428212002;0.00000000000
10914;-50.1077768061;46.9428161138;0.00000000000
10915;-51.1077776277;46.9428108368;0.00000000000
10916;-52.1077785145;46.9428053750;0.00000000000
10917;-53.1077794641;46.9427997354;0.00000000000
10918;-54.1077804743;46.9427939256;0.00000000000
10919;-55.1077815427;46.9427879537;0.00000000000
10920;-56.1077826674;46.9427818283;0.00000000000
;;;
NODE;X;Y;Z
10921;-57.1077838467;46.9427755573;0.00000000000
10922;-58.1077850783;46.9427691474;0.00000000000
10923;-59.1077863599;46.9427626062;0.00000000000
10924;-60.1077876893;46.9427559411;0.00000000000
10925;-61.1077890645;46.9427491581;0.00000000000
10926;-62.1077904832;46.9427422639;0.00000000000
10927;-63.1077919432;46.9427352646;0.00000000000
10928;-64.1077934419;46.9427281664;0.00000000000
10929;-65.1077949759;46.9427209745;0.00000000000
10930;-66.1077965405;46.9427136955;0.00000000000
10931;-67.1077981305;46.9427063374;0.00000000000
10932;-68.1077997387;46.9426989051;0.00000000000
10933;-69.1078013591;46.9426914019;0.00000000000
10934;-70.1078029930;46.9426838260;0.00000000000
10935;-71.1078046465;46.9426761732;0.00000000000
10936;-72.1078063246;46.9426684393;0.00000000000
10937;-73.1078080292;46.9426606235;0.00000000000
10938;-74.1078097606;46.9426527242;0.00000000000
10939;-75.1078115189;46.9426447382;0.00000000000
10940;-76.1078133040;46.9426366695;0.00000000000
;;;
NODE;X;Y;Z
10941;-77.1078151160;46.9426285181;0.00000000000
10942;-78.1078169552;46.9426202863;0.00000000000
10943;-79.1078188214;46.9426119785;0.00000000000
10944;-80.1078207146;46.9426035978;0.00000000000
10945;-81.1078226349;46.9425951485;0.00000000000
10946;-82.1078245866;46.9425866352;0.00000000000
10947;-83.1078266069;46.9425780538;0.00000000000
10948;-84.1078289807;46.9425693656;0.00000000000
10949;-85.1078337297;46.9425601027;0.00000000000
10950;-86.1079078685;46.9425430529;0.00000000000
10951;-87.1081129228;46.9424634356;0.00000000000
10952;-88.1086258272;46.9421730699;0.00000000000
10953;-89.1089968843;46.9413336931;0.00000000000
10954;-90.1099774999;46.9393207003;0.00000000000
10955;-91.0998295548;46.9440150010;0.00000000000
10956;-92.0930754029;46.9379007348;0.00000000000
10957;-93.0701282531;46.9414307786;0.00000000000
10958;-94.0458436030;46.9277119086;0.00000000000
10959;-95.0145187846;46.9282679208;0.00000000000
10960;-96.0003775590;46.9271923898;0.00000000000
;;;
NODE;X;Y;Z
10961;-96.9881809865;46.9219653341;0.00000000000
10962;-96.9834670234;45.9004771989;0.00000000000
10963;-96.9810601563;44.8873808335;0.00000000000
10964;-96.9688743114;43.8681329049;0.00000000000
10965;-96.9561516849;42.8562408033;0.00000000000
10966;-96.9398646084;41.8486033009;0.00000000000
10967;-96.9268373319;40.8420925392;0.00000000000
10968;-96.9163730092;39.8365315263;0.00000000000
10969;-96.9092608183;38.8317245094;0.00000000000
10970;-96.9055076095;37.8276923022;0.00000000000
10971;-96.9042676782;36.8245447438;0.00000000000
10972;-96.9044407077;35.8223225541;0.00000000000
10973;-96.9051159336;34.8209411866;0.00000000000
10974;-96.9057317189;33.8202207132;0.00000000000
10975;-96.9060482607;32.8199468704;0.00000000000
10976;-96.9060444641;31.8199238874;0.00000000000
10977;-96.9058098157;30.8200039950;0.00000000000
10978;-96.9054633845;29.8200946049;0.00000000000
10979;-96.9051068409;28.8201507716;0.00000000000
10980;-96.9048057212;27.8201611394;0.00000000000
;;;
NODE;X;Y;Z
10981;-96.9045890839;26.8201334521;0.00000000000
10982;-96.9044583332;25.8200829767;0.00000000000
10983;-96.9043985281;24.8200249637;0.00000000000
10984;-96.9043882987;23.8199708375;0.00000000000
10985;-96.9044067418;22.8199271387;0.00000000000
10986;-96.9044371629;21.8198961061;0.00000000000
10987;-96.9044683085;20.8198769695;0.00000000000
10988;-96.9044939776;19.8198673248;0.00000000000
10989;-96.9045118366;18.8198642488;0.00000000000
10990;-96.9045219993;17.8198648428;0.00000000000
10991;-96.9045265112;16.8198693345;0.00000000000
10992;-96.9045275438;15.8198779336;0.00000000000
10993;-96.9045260883;14.8198775580;0.00000000000
10994;-96.9045043457;13.8198025689;0.00000000000
10995;-96.9043797216;12.8196251475;0.00000000000
10996;-96.9039091310;11.8190174018;0.00000000000
10997;-96.9025941125;10.8176428465;0.00000000000
10998;-96.8957919839;9.81996082651;0.00000000000
10999;-96.8961451937;8.83109917005;0.00000000000
11000;-96.8912007801;7.83510985932;0.00000000000
;;;
NODE;X;Y;Z
11001;-96.8916731126;6.84997744637;0.00000000000
11002;-96.8920243360;5.86758151021;0.00000000000
11003;-96.8977313698;4.89801119445;0.00000000000
11004;-96.9171044357;2.95014315205;0.00000000000
11005;-4.34921888226;22.7528939475;0.00000000000
11006;-5.43096195636;22.5718269846;0.00000000000
11007;-7.57841655602;21.9511375688;0.00000000000
11008;-9.69200543626;21.0613953223;0.00000000000
11009;-11.7179399718;19.9510225178;0.00000000000
11010;-13.6322069998;18.6781182886;0.00000000000
11011;-15.4274580209;17.2757680244;0.00000000000
11012;-17.0764401781;15.6954832554;0.00000000000
11013;-18.5208662964;13.9618620104;0.00000000000
11014;-19.7244310188;12.0283082848;0.00000000000
11015;-20.7825563141;9.98893783629;0.00000000000
11016;-21.7112107160;7.81254491520;0.00000000000
11017;-22.4368403624;5.61376838036;0.00000000000
11018;-95.8943002005;2.93109345262;0.00000000000
11019;-94.8838543582;2.93733289613;0.00000000000
11020;-93.8696439540;2.94756072000;0.00000000000
;;;
NODE;X;Y;Z
11021;-92.8656502723;2.97877338960;0.00000000000
11022;-91.8586509125;3.01415675819;0.00000000000
11023;-90.8568355915;3.04133718888;0.00000000000
11024;-89.8522779308;3.06993773886;0.00000000000
11025;-88.8469358263;3.07542608350;0.00000000000
11026;-87.8410383209;3.09190047275;0.00000000000
11027;-86.8352901522;3.10123457986;0.00000000000
11028;-85.8305375107;3.10043709087;0.00000000000
11029;-84.8233432230;3.10899092587;0.00000000000
11030;-83.8202338406;3.10438035318;0.00000000000
11031;-82.8185620067;3.10007082339;0.00000000000
11032;-81.8179692350;3.09670747011;0.00000000000
11033;-80.8180719901;3.09447761056;0.00000000000
11034;-79.8185358887;3.09326984408;0.00000000000
11035;-78.8191128774;3.09282771630;0.00000000000
11036;-77.8196477303;3.09286555353;0.00000000000
11037;-76.8200648460;3.09313812041;0.00000000000
11038;-75.8203460535;3.09347026047;0.00000000000
11039;-74.8205075264;3.09375869835;0.00000000000
11040;-73.8205806462;3.09395852070;0.00000000000
;;;
NODE;X;Y;Z
11041;-72.8205987520;3.09406428017;0.00000000000
11042;-71.8205896972;3.09409211862;0.00000000000
11043;-70.8205730114;3.09406607726;0.00000000000
11044;-69.8205600707;3.09400940210;0.00000000000
11045;-68.8205558099;3.09394022858;0.00000000000
11046;-67.8205608926;3.09387041312;0.00000000000
11047;-66.8205736820;3.09380621975;0.00000000000
11048;-65.8205917084;3.09374981320;0.00000000000
11049;-64.8206125809;3.09370085315;0.00000000000
11050;-63.8206344358;3.09365780615;0.00000000000
11051;-62.8206560571;3.09361884807;0.00000000000
11052;-61.8206768048;3.09358237661;0.00000000000
11053;-60.8206964605;3.09354722057;0.00000000000
11054;-59.8207150647;3.09351265436;0.00000000000
11055;-58.8207327829;3.09347831375;0.00000000000
11056;-57.8207498128;3.09344408082;0.00000000000
11057;-56.8207663317;3.09340997228;0.00000000000
11058;-55.8207824742;3.09337606168;0.00000000000
11059;-54.8207983310;3.09334242625;0.00000000000
11060;-53.8208139571;3.09330912170;0.00000000000
;;;
NODE;X;Y;Z
11061;-52.8208293835;3.09327617496;0.00000000000
11062;-51.8208446268;3.09324358659;0.00000000000
11063;-50.8208596981;3.09321133798;0.00000000000
11064;-49.8208746064;3.09317939981;0.00000000000
11065;-48.8208893619;3.09314773795;0.00000000000
11066;-47.8209039761;3.09311631839;0.00000000000
11067;-46.8209184621;3.09308510991;0.00000000000
11068;-45.8209328333;3.09305408376;0.00000000000
11069;-44.8209471037;3.09302321553;0.00000000000
11070;-43.8209612875;3.09299248306;0.00000000000
11071;-42.8209753985;3.09296186724;0.00000000000
11072;-41.8209894502;3.09293134953;0.00000000000
11073;-40.8210034539;3.09290091566;0.00000000000
11074;-39.8210174207;3.09287055426;0.00000000000
11075;-38.8210313621;3.09284025735;0.00000000000
11076;-37.8210452860;3.09281001953;0.00000000000
11077;-36.8210591050;3.09277985170;0.00000000000
11078;-35.8210740711;3.09274940587;0.00000000000
11079;-34.8210912626;3.09271837766;0.00000000000
11080;-33.8211138776;3.09268636479;0.00000000000
;;;
NODE;X;Y;Z
11081;-32.8289283515;3.08480082725;0.00000000000
11082;-31.8300556788;3.08457500516;0.00000000000
11083;-30.8318228001;3.08445347383;0.00000000000
11084;-29.8429485186;3.08076792502;0.00000000000
11085;-28.8465672995;3.08706229998;0.00000000000
11086;-27.8386815915;3.11513109275;0.00000000000
11087;-26.8144367801;3.20775256887;0.00000000000
11088;-25.7952168262;3.33862378056;0.00000000000
11089;-24.7935561254;3.43502314460;0.00000000000
11090;-23.8075599233;3.44466732654;0.00000000000
11091;-22.8023107714;3.37577386889;0.00000000000
11092;-3.07002217662;47.0508004172;0.00000000000
11093;-3.08194344318;46.0675783790;0.00000000000
11094;-3.09319428811;45.0880832493;0.00000000000
11095;-3.09792540646;44.1039421823;0.00000000000
11096;-3.09764438622;43.1218154443;0.00000000000
11097;-3.10459357634;42.1348138948;0.00000000000
11098;-3.10800518749;41.1520386174;0.00000000000
11099;-3.11254069063;40.1648764287;0.00000000000
11100;-3.11338782893;39.1745192666;0.00000000000
;;;
NODE;X;Y;Z
11101;-3.11962722752;38.1748410280;0.00000000000
11102;-3.11604980864;37.1794553203;0.00000000000
11103;-3.10201402512;36.1729917498;0.00000000000
11104;-3.09498632258;35.1747233177;0.00000000000
11105;-3.08375476129;34.1781203125;0.00000000000
11106;-3.06720458046;33.1820684773;0.00000000000
11107;-3.06124580074;32.1708904414;0.00000000000
11108;-3.06477929648;31.1518590248;0.00000000000
11109;-3.12071435460;30.1087083176;0.00000000000
11110;-3.19525612902;29.0713224827;0.00000000000
11111;-3.27699219139;28.0418526660;0.00000000000
11112;-3.34382093129;27.0176153149;0.00000000000
11113;-3.37842558627;25.9951484088;0.00000000000
11114;-3.37469549282;24.9699473743;0.00000000000
11115;-3.33413605936;23.9376485777;0.00000000000
11116;-3.26216233420;22.8897554068;0.00000000000
11117;-3.16242975284;21.8310715182;0.00000000000
11118;-3.04446042654;48.0302978221;0.00000000000
11119;-4.05421350013;48.0395355681;0.00000000000
11120;-5.05736426514;48.0423889602;0.00000000000
;;;
NODE;X;Y;Z
11121;-6.05962184694;48.0419486711;0.00000000000
11122;-7.05429458574;48.0153773209;0.00000000000
11123;-8.04888133815;47.9980809012;0.00000000000
11124;-9.04620618082;47.9821686185;0.00000000000
11125;-10.0464100909;47.9702150377;0.00000000000
11126;-11.0514282442;47.9630633912;0.00000000000
11127;-12.0514921934;47.9668323999;0.00000000000
11128;-13.0503401647;47.9715387472;0.00000000000
11129;-14.0524518032;47.9688248687;0.00000000000
11130;-15.0540487454;47.9676546623;0.00000000000
11131;-16.0554525567;47.9674584433;0.00000000000
11132;-17.0566496614;47.9678717967;0.00000000000
11133;-18.0576013598;47.9685956578;0.00000000000
11134;-19.0582968407;47.9694041366;0.00000000000
11135;-20.0587580730;47.9701468975;0.00000000000
11136;-21.0590283369;47.9707429849;0.00000000000
11137;-22.0591587148;47.9711670487;0.00000000000
11138;-23.0591977084;47.9714315893;0.00000000000
11139;-24.0591851436;47.9715693987;0.00000000000
11140;-25.0591498917;47.9716193269;0.00000000000
;;;
NODE;X;Y;Z
11141;-26.0591102965;47.9716168708;0.00000000000
11142;-27.0590761290;47.9715894667;0.00000000000
11143;-28.0590510996;47.9715553779;0.00000000000
11144;-29.0590352373;47.9715248040;0.00000000000
11145;-30.0590267702;47.9715019773;0.00000000000
11146;-31.0590234013;47.9714873736;0.00000000000
11147;-32.0590230350;47.9714795458;0.00000000000
11148;-33.0590240903;47.9714764081;0.00000000000
11149;-34.0590255489;47.9714759890;0.00000000000
11150;-35.0590268652;47.9714767711;0.00000000000
11151;-36.0590278273;47.9714777619;0.00000000000
11152;-37.0590284229;47.9714784208;0.00000000000
11153;-38.0590287356;47.9714785323;0.00000000000
11154;-39.0590288756;47.9714780781;0.00000000000
11155;-40.0590289419;47.9714771373;0.00000000000
11156;-41.0590290073;47.9714758188;0.00000000000
11157;-42.0590291169;47.9714742233;0.00000000000
11158;-43.0590292928;47.9714724287;0.00000000000
11159;-44.0590295416;47.9714704861;0.00000000000
11160;-45.0590298603;47.9714684254;0.00000000000
;;;
NODE;X;Y;Z
11161;-46.0590302422;47.9714662609;0.00000000000
11162;-47.0590306800;47.9714639982;0.00000000000
11163;-48.0590311671;47.9714616389;0.00000000000
11164;-49.0590316980;47.9714591829;0.00000000000
11165;-50.0590322689;47.9714566308;0.00000000000
11166;-51.0590328773;47.9714539842;0.00000000000
11167;-52.0590335211;47.9714512455;0.00000000000
11168;-53.0590341990;47.9714484183;0.00000000000
11169;-54.0590349094;47.9714455061;0.00000000000
11170;-55.0590356511;47.9714425132;0.00000000000
11171;-56.0590364228;47.9714394435;0.00000000000
11172;-57.0590372234;47.9714363011;0.00000000000
11173;-58.0590380519;47.9714330895;0.00000000000
11174;-59.0590389071;47.9714298125;0.00000000000
11175;-60.0590397877;47.9714264735;0.00000000000
11176;-61.0590406925;47.9714230759;0.00000000000
11177;-62.0590416202;47.9714196228;0.00000000000
11178;-63.0590425694;47.9714161174;0.00000000000
11179;-64.0590435388;47.9714125627;0.00000000000
11180;-65.0590445265;47.9714089618;0.00000000000
;;;
NODE;X;Y;Z
11181;-66.0590455305;47.9714053181;0.00000000000
11182;-67.0590465479;47.9714016353;0.00000000000
11183;-68.0590475749;47.9713979159;0.00000000000
11184;-69.0590486083;47.9713941606;0.00000000000
11185;-70.0590496468;47.9713903682;0.00000000000
11186;-71.0590506938;47.9713865366;0.00000000000
11187;-72.0590517552;47.9713826644;0.00000000000
11188;-73.0590528345;47.9713787511;0.00000000000
11189;-74.0590539325;47.9713747958;0.00000000000
11190;-75.0590550481;47.9713707980;0.00000000000
11191;-76.0590561804;47.9713667584;0.00000000000
11192;-77.0590573289;47.9713626776;0.00000000000
11193;-78.0590584941;47.9713585569;0.00000000000
11194;-79.0590596792;47.9713543980;0.00000000000
11195;-80.0590608993;47.9713502030;0.00000000000
11196;-81.0590622142;47.9713459741;0.00000000000
11197;-82.0590638629;47.9713417122;0.00000000000
11198;-83.0590667830;47.9713374021;0.00000000000
11199;-84.0590745776;47.9713328699;0.00000000000
11200;-85.0591007831;47.9713227575;0.00000000000
;;;
NODE;X;Y;Z
11201;-86.0591641660;47.9712945543;0.00000000000
11202;-87.0592957001;47.9712080514;0.00000000000
11203;-88.0594632069;47.9710109375;0.00000000000
11204;-89.0596722733;47.9704854501;0.00000000000
11205;-90.0593422149;47.9697587328;0.00000000000
11206;-91.0580860567;47.9688628212;0.00000000000
11207;-92.0534225957;47.9689027247;0.00000000000
11208;-93.0436717884;47.9715038140;0.00000000000
11209;-94.0262632783;47.9608712810;0.00000000000
11210;-95.0099707814;47.9557671221;0.00000000000
11211;-95.9965545123;47.9464487027;0.00000000000
11212;-96.9863070734;47.9508582070;0.00000000000
11213;-97.9852290973;47.9663610431;0.00000000000
11214;-97.9817981073;46.9470508959;0.00000000000
11215;-97.9777208528;45.9256749812;0.00000000000
11216;-97.9758155647;44.9140657788;0.00000000000
11217;-97.9670653807;43.9038154088;0.00000000000
11218;-97.9524097231;42.8977172347;0.00000000000
11219;-97.9442658638;41.8925867740;0.00000000000
11220;-97.9389788826;40.8874024584;0.00000000000
;;;
NODE;X;Y;Z
11221;-97.9349617825;39.8833844062;0.00000000000
11222;-97.9323012450;38.8804713464;0.00000000000
11223;-97.9310092525;37.8784287245;0.00000000000
11224;-97.9307607847;36.8770577989;0.00000000000
11225;-97.9310844376;35.8762111541;0.00000000000
11226;-97.9315705442;34.8757627730;0.00000000000
11227;-97.9319640454;33.8755943096;0.00000000000
11228;-97.9321624416;32.8755986722;0.00000000000
11229;-97.9321695019;31.8756885410;0.00000000000
11230;-97.9320423299;30.8758016863;0.00000000000
11231;-97.9318504453;29.8759008666;0.00000000000
11232;-97.9316518249;28.8759694988;0.00000000000
11233;-97.9314835442;27.8760053647;0.00000000000
11234;-97.9313620650;26.8760143464;0.00000000000
11235;-97.9312883384;25.8760054158;0.00000000000
11236;-97.9312541643;24.8759873230;0.00000000000
11237;-97.9312477246;23.8759668737;0.00000000000
11238;-97.9312574236;22.8759484130;0.00000000000
11239;-97.9312739741;21.8759340541;0.00000000000
11240;-97.9312910909;20.8759242467;0.00000000000
;;;
NODE;X;Y;Z
11241;-97.9313052863;19.8759183832;0.00000000000
11242;-97.9313152049;18.8759151976;0.00000000000
11243;-97.9313211249;17.8759126815;0.00000000000
11244;-97.9313241759;16.8759048454;0.00000000000
11245;-97.9313246599;15.8758697970;0.00000000000
11246;-97.9313159053;14.8757272056;0.00000000000
11247;-97.9303677003;13.8751387086;0.00000000000
11248;-97.9273766467;12.8742770781;0.00000000000
11249;-97.9249868081;11.8719249901;0.00000000000
11250;-97.9239420603;10.8710734626;0.00000000000
11251;-97.9212375366;9.86946442247;0.00000000000
11252;-97.9205944335;8.87079689559;0.00000000000
11253;-97.9218915940;7.88116749394;0.00000000000
11254;-97.9259522296;6.88996838512;0.00000000000
11255;-97.9283911800;5.90808201719;0.00000000000
11256;-97.9281487605;4.91460950827;0.00000000000
11257;-97.9324595483;3.94633574308;0.00000000000
11258;-97.9361406168;2.97574295566;0.00000000000
11259;-4.20275952730;21.6839437015;0.00000000000
11260;-5.24161944384;21.4774420648;0.00000000000
;;;
NODE;X;Y;Z
11261;-6.27646217758;21.2111706692;0.00000000000
11262;-7.30479745316;20.8814095840;0.00000000000
11263;-8.33650625556;20.5180001705;0.00000000000
11264;-9.33032821616;20.0591388171;0.00000000000
11265;-10.2899248601;19.5446292236;0.00000000000
11266;-11.2433092953;19.0126685744;0.00000000000
11267;-12.1587521209;18.4176588229;0.00000000000
11268;-13.0482786233;17.7878141024;0.00000000000
11269;-13.9209211981;17.1390028634;0.00000000000
11270;-14.7535142320;16.4233936915;0.00000000000
11271;-15.5498449226;15.6924757875;0.00000000000
11272;-16.3130549793;14.9281634253;0.00000000000
11273;-17.0105764645;14.1095735212;0.00000000000
11274;-17.6716999059;13.2612376514;0.00000000000
11275;-18.2984997018;12.3774981532;0.00000000000
11276;-18.8650940865;11.4481672971;0.00000000000
11277;-19.4040593415;10.4954928244;0.00000000000
11278;-19.9366673520;9.52436928339;0.00000000000
11279;-20.4052681807;8.54846874672;0.00000000000
11280;-20.7810866121;7.51885032776;0.00000000000
;;;
NODE;X;Y;Z
11281;-21.1040288244;6.44250800085;0.00000000000
11282;-21.3996113493;5.38714794398;0.00000000000
11283;-21.6270970300;4.32863321145;0.00000000000
11284;-21.7859456358;3.25427572661;0.00000000000
11285;-97.9600949723;1.99299475308;0.00000000000
11286;-96.9356660480;1.97608787795;0.00000000000
11287;-95.9262725078;1.96167128401;0.00000000000
11288;-94.9120124788;1.96181017463;0.00000000000
11289;-93.9033967294;1.97446018879;0.00000000000
11290;-92.8957707493;2.00528363616;0.00000000000
11291;-91.8961252826;2.03178501309;0.00000000000
11292;-90.8946782326;2.05178848829;0.00000000000
11293;-89.8922393900;2.06735450777;0.00000000000
11294;-88.8889324316;2.07685843636;0.00000000000
11295;-87.8858956177;2.07949404197;0.00000000000
11296;-86.8838606870;2.07941253378;0.00000000000
11297;-85.8808371615;2.07857064877;0.00000000000
11298;-84.8784869744;2.07634305677;0.00000000000
11299;-83.8768636874;2.07368316264;0.00000000000
11300;-82.8758993050;2.07124143953;0.00000000000
;;;
NODE;X;Y;Z
11301;-81.8754541717;2.06935593198;0.00000000000
11302;-80.8753657203;2.06811493555;0.00000000000
11303;-79.8754841109;2.06744670941;0.00000000000
11304;-78.8756919743;2.06720390894;0.00000000000
11305;-77.8759104827;2.06722625918;0.00000000000
11306;-76.8760960215;2.06737767219;0.00000000000
11307;-75.8762319461;2.06756157971;0.00000000000
11308;-74.8763190665;2.06772129438;0.00000000000
11309;-73.8763672097;2.06783225573;0.00000000000
11310;-72.8763889932;2.06789152732;0.00000000000
11311;-71.8763960012;2.06790796595;0.00000000000
11312;-70.8763969908;2.06789473500;0.00000000000
11313;-69.8763975312;2.06786456256;0.00000000000
11314;-68.8764004587;2.06782738976;0.00000000000
11315;-67.8764066580;2.06778973222;0.00000000000
11316;-66.8764158521;2.06775505134;0.00000000000
11317;-65.8764272368;2.06772456522;0.00000000000
11318;-64.8764399081;2.06769811531;0.00000000000
11319;-63.8764530970;2.06767488246;0.00000000000
11320;-62.8764662611;2.06765388087;0.00000000000
;;;
NODE;X;Y;Z
11321;-61.8764790859;2.06763423936;0.00000000000
11322;-60.8764914377;2.06761531780;0.00000000000
11323;-59.8765033032;2.06759671724;0.00000000000
11324;-58.8765147340;2.06757823548;0.00000000000
11325;-57.8765258064;2.06755980445;0.00000000000
11326;-56.8765365959;2.06754143143;0.00000000000
11327;-55.8765471645;2.06752315485;0.00000000000
11328;-54.8765575575;2.06750501616;0.00000000000
11329;-53.8765678056;2.06748704563;0.00000000000
11330;-52.8765779288;2.06746925798;0.00000000000
11331;-51.8765879406;2.06745165362;0.00000000000
11332;-50.8765978512;2.06743422270;0.00000000000
11333;-49.8766076692;2.06741694948;0.00000000000
11334;-48.8766174029;2.06739981584;0.00000000000
11335;-47.8766270603;2.06738280378;0.00000000000
11336;-46.8766366498;2.06736589660;0.00000000000
11337;-45.8766461798;2.06734907931;0.00000000000
11338;-44.8766556584;2.06733233862;0.00000000000
11339;-43.8766650937;2.06731566270;0.00000000000
11340;-42.8766744939;2.06729904088;0.00000000000
;;;
NODE;X;Y;Z
11341;-41.8766838665;2.06728246364;0.00000000000
11342;-40.8766932188;2.06726592300;0.00000000000
11343;-39.8767025579;2.06724941259;0.00000000000
11344;-38.8767118915;2.06723292795;0.00000000000
11345;-37.8767212307;2.06721647415;0.00000000000
11346;-36.8767306610;2.06719992816;0.00000000000
11347;-35.8767398109;2.06718308443;0.00000000000
11348;-34.8767466074;2.06716562029;0.00000000000
11349;-33.8767404266;2.06714859034;0.00000000000
11350;-32.8766866122;2.06713775167;0.00000000000
11351;-31.8764751832;2.06716266072;0.00000000000
11352;-30.8757615986;2.06842342237;0.00000000000
11353;-29.8825289590;2.06107844354;0.00000000000
11354;-28.8848231524;2.06332990638;0.00000000000
11355;-27.8785042900;2.07682767284;0.00000000000
11356;-26.8656600334;2.13858885765;0.00000000000
11357;-25.8609956325;2.20711976263;0.00000000000
11358;-24.8692278096;2.26130550879;0.00000000000
11359;-23.8829238145;2.27328178224;0.00000000000
11360;-22.8945376417;2.24040489358;0.00000000000
;;;
NODE;X;Y;Z
11361;-21.8963884792;2.16471072593;0.00000000000
11362;-2.03726767940;48.0155713170;0.00000000000
11363;-2.05164918670;47.0352714418;0.00000000000
11364;-2.05599854014;46.0481274959;0.00000000000
11365;-2.06589363464;45.0679656064;0.00000000000
11366;-2.07095194247;44.0842313350;0.00000000000
11367;-2.07274398297;43.0932967608;0.00000000000
11368;-2.06937123567;42.0978192204;0.00000000000
11369;-2.07404663377;41.1086568188;0.00000000000
11370;-2.08452874155;40.1193494473;0.00000000000
11371;-2.08327427969;39.1187841657;0.00000000000
11372;-2.10600918910;38.1292140114;0.00000000000
11373;-2.10603902657;37.1287894260;0.00000000000
11374;-2.10572492311;36.1285112093;0.00000000000
11375;-2.10478581258;35.1284314710;0.00000000000
11376;-2.10303520160;34.1287933149;0.00000000000
11377;-2.10049370957;33.1298560552;0.00000000000
11378;-2.09758852189;32.1318212028;0.00000000000
11379;-2.09535956366;31.1346880101;0.00000000000
11380;-2.08257454870;30.0887879202;0.00000000000
;;;
NODE;X;Y;Z
11381;-2.11713757933;29.0660600937;0.00000000000
11382;-2.16213103598;28.0517920089;0.00000000000
11383;-2.20202350271;27.0405837077;0.00000000000
11384;-2.22453200458;26.0314401232;0.00000000000
11385;-2.22774228728;25.0186236239;0.00000000000
11386;-2.21017682980;24.0012886880;0.00000000000
11387;-2.17163863251;22.9742414416;0.00000000000
11388;-2.11338455168;21.9335137750;0.00000000000
11389;-2.01730903457;49.0060460984;0.00000000000
11390;-3.03031018547;49.0085569245;0.00000000000
11391;-4.03414857743;49.0229059206;0.00000000000
11392;-5.03058520862;49.0215232852;0.00000000000
11393;-6.02562557675;49.0126735576;0.00000000000
11394;-7.02152542401;49.0028054333;0.00000000000
11395;-8.01857765377;48.9934887195;0.00000000000
11396;-9.01627884970;48.9853231283;0.00000000000
11397;-10.0221337832;48.9854031099;0.00000000000
11398;-11.0187096009;48.9839897879;0.00000000000
11399;-12.0161087509;48.9859937995;0.00000000000
11400;-13.0171131520;48.9857656186;0.00000000000
;;;
NODE;X;Y;Z
11401;-14.0178604013;48.9844154691;0.00000000000
11402;-15.0182935324;48.9837990471;0.00000000000
11403;-16.0186588833;48.9836771498;0.00000000000
11404;-17.0189812031;48.9838725380;0.00000000000
11405;-18.0192535840;48.9842364582;0.00000000000
11406;-19.0194693126;48.9846522941;0.00000000000
11407;-20.0196280119;48.9850404672;0.00000000000
11408;-21.0197352945;48.9853566859;0.00000000000
11409;-22.0198004936;48.9855854976;0.00000000000
11410;-23.0198343018;48.9857315004;0.00000000000
11411;-24.0198469374;48.9858104524;0.00000000000
11412;-25.0198469858;48.9858419213;0.00000000000
11413;-26.0198408814;48.9858442778;0.00000000000
11414;-27.0198329043;48.9858320521;0.00000000000
11415;-28.0198255041;48.9858151640;0.00000000000
11416;-29.0198197731;48.9857993532;0.00000000000
11417;-30.0198159278;48.9857871834;0.00000000000
11418;-31.0198137128;48.9857791580;0.00000000000
11419;-32.0198126919;48.9857746775;0.00000000000
11420;-33.0198124257;48.9857727282;0.00000000000
;;;
NODE;X;Y;Z
11421;-34.0198125602;48.9857723016;0.00000000000
11422;-35.0198128525;48.9857725953;0.00000000000
11423;-36.0198131608;48.9857730684;0.00000000000
11424;-37.0198134202;48.9857734143;0.00000000000
11425;-38.0198136145;48.9857735001;0.00000000000
11426;-39.0198137537;48.9857733024;0.00000000000
11427;-40.0198138579;48.9857728542;0.00000000000
11428;-41.0198139474;48.9857722085;0.00000000000
11429;-42.0198140383;48.9857714170;0.00000000000
11430;-43.0198141411;48.9857705207;0.00000000000
11431;-44.0198142616;48.9857695474;0.00000000000
11432;-45.0198144018;48.9857685138;0.00000000000
11433;-46.0198145615;48.9857674282;0.00000000000
11434;-47.0198147393;48.9857662941;0.00000000000
11435;-48.0198149337;48.9857651123;0.00000000000
11436;-49.0198151431;48.9857638829;0.00000000000
11437;-50.0198153660;48.9857626062;0.00000000000
11438;-51.0198156014;48.9857612827;0.00000000000
11439;-52.0198158486;48.9857599136;0.00000000000
11440;-53.0198161069;48.9857585005;0.00000000000
;;;
NODE;X;Y;Z
11441;-54.0198163757;48.9857570454;0.00000000000
11442;-55.0198166547;48.9857555501;0.00000000000
11443;-56.0198169433;48.9857540166;0.00000000000
11444;-57.0198172412;48.9857524469;0.00000000000
11445;-58.0198175481;48.9857508429;0.00000000000
11446;-59.0198178636;48.9857492063;0.00000000000
11447;-60.0198181871;48.9857475390;0.00000000000
11448;-61.0198185184;48.9857458425;0.00000000000
11449;-62.0198188569;48.9857441186;0.00000000000
11450;-63.0198192022;48.9857423687;0.00000000000
11451;-64.0198195538;48.9857405944;0.00000000000
11452;-65.0198199108;48.9857387973;0.00000000000
11453;-66.0198202725;48.9857369792;0.00000000000
11454;-67.0198206381;48.9857351419;0.00000000000
11455;-68.0198210067;48.9857332865;0.00000000000
11456;-69.0198213781;48.9857314133;0.00000000000
11457;-70.0198217527;48.9857295213;0.00000000000
11458;-71.0198221315;48.9857276093;0.00000000000
11459;-72.0198225153;48.9857256766;0.00000000000
11460;-73.0198229051;48.9857237231;0.00000000000
;;;
NODE;X;Y;Z
11461;-74.0198233011;48.9857217487;0.00000000000
11462;-75.0198237032;48.9857197534;0.00000000000
11463;-76.0198241114;48.9857177373;0.00000000000
11464;-77.0198245263;48.9857157008;0.00000000000
11465;-78.0198249517;48.9857136441;0.00000000000
11466;-79.0198254005;48.9857115673;0.00000000000
11467;-80.0198259177;48.9857094676;0.00000000000
11468;-81.0198266510;48.9857073318;0.00000000000
11469;-82.0198280642;48.9857051030;0.00000000000
11470;-83.0198315081;48.9857025464;0.00000000000
11471;-84.0198404340;48.9856981773;0.00000000000
11472;-85.0198601036;48.9856881790;0.00000000000
11473;-86.0198973120;48.9856627777;0.00000000000
11474;-87.0199482739;48.9856072674;0.00000000000
11475;-88.0199950340;48.9854785064;0.00000000000
11476;-89.0199030326;48.9852655646;0.00000000000
11477;-90.0194800625;48.9850004230;0.00000000000
11478;-91.0182109656;48.9849608217;0.00000000000
11479;-92.0158088925;48.9857079459;0.00000000000
11480;-93.0126121747;48.9866816362;0.00000000000
;;;
NODE;X;Y;Z
11481;-94.0082081662;48.9856293174;0.00000000000
11482;-95.0020765396;48.9802884737;0.00000000000
11483;-95.9961047992;48.9731909546;0.00000000000
11484;-96.9918184099;48.9775401941;0.00000000000
11485;-97.9851132585;48.9828995776;0.00000000000
11486;-98.9873752826;48.9836378923;0.00000000000
11487;-98.9857416440;47.9797637860;0.00000000000
11488;-98.9783924406;46.9675488199;0.00000000000
11489;-98.9809057597;45.9603994678;0.00000000000
11490;-98.9676500490;44.9568267625;0.00000000000
11491;-98.9531498930;43.9544095775;0.00000000000
11492;-98.9448959924;42.9560368714;0.00000000000
11493;-98.9481852990;41.9499742878;0.00000000000
11494;-98.9510913955;40.9462753952;0.00000000000
11495;-98.9534826512;39.9442182039;0.00000000000
11496;-98.9553309036;38.9432146720;0.00000000000
11497;-98.9566574030;37.9428433760;0.00000000000
11498;-98.9575279723;36.9428202835;0.00000000000
11499;-98.9580354851;35.9429627399;0.00000000000
11500;-98.9582796674;34.9431598617;0.00000000000
;;;
NODE;X;Y;Z
11501;-98.9583518244;33.9433502156;0.00000000000
11502;-98.9583261029;32.9435051922;0.00000000000
11503;-98.9582564372;31.9436166420;0.00000000000
11504;-98.9581775926;30.9436878574;0.00000000000
11505;-98.9581086114;29.9437273116;0.00000000000
11506;-98.9580571867;28.9437446542;0.00000000000
11507;-98.9580238854;27.9437484717;0.00000000000
11508;-98.9580055918;26.9437453252;0.00000000000
11509;-98.9579979361;25.9437396116;0.00000000000
11510;-98.9579967582;24.9437338755;0.00000000000
11511;-98.9579987993;23.9437292979;0.00000000000
11512;-98.9580018726;22.9437261871;0.00000000000
11513;-98.9580047383;21.9437243810;0.00000000000
11514;-98.9580068562;20.9437235301;0.00000000000
11515;-98.9580081265;19.9437232688;0.00000000000
11516;-98.9580086770;18.9437232997;0.00000000000
11517;-98.9580087149;17.9437234188;0.00000000000
11518;-98.9580084410;16.9437235079;0.00000000000
11519;-98.9580080094;15.9437235143;0.00000000000
11520;-98.9580075198;14.9437234260;0.00000000000
;;;
NODE;X;Y;Z
11521;-98.9580070246;13.9437232522;0.00000000000
11522;-98.9466015275;12.9348540091;0.00000000000
11523;-98.9464521271;11.9346471621;0.00000000000
11524;-98.9460125902;10.9342811102;0.00000000000
11525;-98.9451071772;9.93396857899;0.00000000000
11526;-98.9432469985;8.93477075125;0.00000000000
11527;-98.9564118213;7.94291483923;0.00000000000
11528;-98.9610023383;6.94598403335;0.00000000000
11529;-98.9601979711;5.95670161616;0.00000000000
11530;-98.9512530993;4.95320825290;0.00000000000
11531;-98.9634171790;3.97448472885;0.00000000000
11532;-98.9707534682;2.99017591291;0.00000000000
11533;-98.9778174305;2.00349033528;0.00000000000
11534;-2.03153196180;20.8760128904;0.00000000000
11535;-3.03708264161;20.7595027304;0.00000000000
11536;-4.03880300595;20.5920674542;0.00000000000
11537;-5.03412428715;20.3816175011;0.00000000000
11538;-6.02706389314;20.1238196490;0.00000000000
11539;-7.00586595594;19.8083670689;0.00000000000
11540;-7.96785038905;19.4435943321;0.00000000000
;;;
NODE;X;Y;Z
11541;-8.91647518442;19.0268345932;0.00000000000
11542;-9.84082708116;18.5631933894;0.00000000000
11543;-10.7391538184;18.0574839814;0.00000000000
11544;-11.6190788154;17.4980597988;0.00000000000
11545;-12.4604096690;16.8997140262;0.00000000000
11546;-13.2762572108;16.2689149426;0.00000000000
11547;-14.0651136055;15.5919420630;0.00000000000
11548;-14.8099397204;14.8842493660;0.00000000000
11549;-15.5212038075;14.1416366075;0.00000000000
11550;-16.1949825363;13.3662719449;0.00000000000
11551;-16.8328213599;12.5563504449;0.00000000000
11552;-17.4280484486;11.7247632652;0.00000000000
11553;-17.9959024279;10.8613276105;0.00000000000
11554;-18.5069489438;9.95816478759;0.00000000000
11555;-18.9795638454;9.02411811856;0.00000000000
11556;-19.3984145370;8.08820837547;0.00000000000
11557;-19.7784432513;7.12141380551;0.00000000000
11558;-20.1124849374;6.13473941798;0.00000000000
11559;-20.3834867806;5.13279481125;0.00000000000
11560;-20.5987895868;4.12308034579;0.00000000000
;;;
NODE;X;Y;Z
11561;-20.7631301034;3.10130160984;0.00000000000
11562;-20.8790585295;2.05893389409;0.00000000000
11563;-98.9857101664;1.00801669123;0.00000000000
11564;-97.9787615043;0.998327585901;0.00000000000
11565;-96.9656159481;0.997798701728;0.00000000000
11566;-95.9536962059;0.978529107278;0.00000000000
11567;-94.9489847389;0.980917393732;0.00000000000
11568;-93.9403065548;0.995151683249;0.00000000000
11569;-92.9418523856;1.01975549463;0.00000000000
11570;-91.9422878245;1.03203631592;0.00000000000
11571;-90.9423870238;1.04284362905;0.00000000000
11572;-89.9421881906;1.05121671632;0.00000000000
11573;-88.9423230894;1.05654183334;0.00000000000
11574;-87.9464107936;1.04549996503;0.00000000000
11575;-86.9450348071;1.04488142683;0.00000000000
11576;-85.9441455507;1.04392905161;0.00000000000
11577;-84.9436636656;1.04301972112;0.00000000000
11578;-83.9434738134;1.04232888439;0.00000000000
11579;-82.9434623484;1.04189432717;0.00000000000
11580;-81.9435382021;1.04167818569;0.00000000000
;;;
NODE;X;Y;Z
11581;-80.9436395988;1.04161413885;0.00000000000
11582;-79.9437317205;1.04163670565;0.00000000000
11583;-78.9438000708;1.04169526077;0.00000000000
11584;-77.9438429789;1.04175750571;0.00000000000
11585;-76.9438652417;1.04180708564;0.00000000000
11586;-75.9438736859;1.04183892324;0.00000000000
11587;-74.9438746040;1.04185448351;0.00000000000
11588;-73.9438726451;1.04185805117;0.00000000000
11589;-72.9438706463;1.04185432196;0.00000000000
11590;-71.9438699516;1.04184715828;0.00000000000
11591;-70.9438708956;1.04183917827;0.00000000000
11592;-69.9438732568;1.04183183166;0.00000000000
11593;-68.9438765970;1.04182569018;0.00000000000
11594;-67.9438804707;1.04182077838;0.00000000000
11595;-66.9438845284;1.04181685232;0.00000000000
11596;-65.9438885442;1.04181359188;0.00000000000
11597;-64.9438924025;1.04181070968;0.00000000000
11598;-63.9438960665;1.04180799611;0.00000000000
11599;-62.9438995468;1.04180532384;0.00000000000
11600;-61.9439028756;1.04180263208;0.00000000000
;;;
NODE;X;Y;Z
11601;-60.9439060892;1.04179990426;0.00000000000
11602;-59.9439092190;1.04179714779;0.00000000000
11603;-58.9439122880;1.04179437926;0.00000000000
11604;-57.9439153115;1.04179161523;0.00000000000
11605;-56.9439182980;1.04178886791;0.00000000000
11606;-55.9439212521;1.04178614407;0.00000000000
11607;-54.9439241762;1.04178344567;0.00000000000
11608;-53.9439270717;1.04178077126;0.00000000000
11609;-52.9439299407;1.04177811724;0.00000000000
11610;-51.9439327850;1.04177547899;0.00000000000
11611;-50.9439356075;1.04177285177;0.00000000000
11612;-49.9439384112;1.04177023155;0.00000000000
11613;-48.9439411997;1.04176761536;0.00000000000
11614;-47.9439439760;1.04176500105;0.00000000000
11615;-46.9439467429;1.04176238695;0.00000000000
11616;-45.9439495029;1.04175977164;0.00000000000
11617;-44.9439522586;1.04175715369;0.00000000000
11618;-43.9439550119;1.04175453149;0.00000000000
11619;-42.9439577651;1.04175190332;0.00000000000
11620;-41.9439605201;1.04174926747;0.00000000000
;;;
NODE;X;Y;Z
11621;-40.9439632790;1.04174662233;0.00000000000
11622;-39.9439660435;1.04174396649;0.00000000000
11623;-38.9439688154;1.04174129878;0.00000000000
11624;-37.9439715963;1.04173861839;0.00000000000
11625;-36.9439743878;1.04173592523;0.00000000000
11626;-35.9439771905;1.04173321996;0.00000000000
11627;-34.9439800050;1.04173050486;0.00000000000
11628;-33.9439828329;1.04172778543;0.00000000000
11629;-32.9439856755;1.04172506985;0.00000000000
11630;-31.9439885270;1.04172236397;0.00000000000
11631;-30.9439415558;1.04171949943;0.00000000000
11632;-29.9389855002;1.03564014834;0.00000000000
11633;-28.9375777580;1.03690442704;0.00000000000
11634;-27.9383657047;1.03817594949;0.00000000000
11635;-26.9285888762;1.06577350796;0.00000000000
11636;-25.9288093102;1.09457830517;0.00000000000
11637;-24.9352609751;1.11770516125;0.00000000000
11638;-23.9481923165;1.13213827578;0.00000000000
11639;-22.9645802506;1.09423467065;0.00000000000
11640;-21.9695108945;1.06025433088;0.00000000000
;;;
NODE;X;Y;Z
11641;-1.00806082642;48.9991518981;0.00000000000
11642;-1.02860015775;47.0141778174;0.00000000000
11643;-1.03407199015;46.0235849835;0.00000000000
11644;-1.03257444375;45.0349877610;0.00000000000
11645;-1.03355346258;44.0452513453;0.00000000000
11646;-1.03803080948;43.0530170866;0.00000000000
11647;-1.03771682635;42.0542292714;0.00000000000
11648;-1.04045664036;41.0565190367;0.00000000000
11649;-1.05342208375;40.0602899263;0.00000000000
11650;-1.05311364640;39.0598753457;0.00000000000
11651;-1.05308649359;38.0596064865;0.00000000000
11652;-1.05303983105;37.0595098144;0.00000000000
11653;-1.05281967028;36.0595118395;0.00000000000
11654;-1.05227700726;35.0596480529;0.00000000000
11655;-1.05132054377;34.0599401420;0.00000000000
11656;-1.04999123348;33.0604072522;0.00000000000
11657;-1.04855082090;32.0610176069;0.00000000000
11658;-1.04757933106;31.0616649310;0.00000000000
11659;-1.04800860312;30.0621659257;0.00000000000
11660;-1.04874572002;29.0491857175;0.00000000000
;;;
NODE;X;Y;Z
11661;-1.07254877945;28.0336705082;0.00000000000
11662;-1.08888438538;27.0303449751;0.00000000000
11663;-1.09896801658;26.0278054969;0.00000000000
11664;-1.10187436852;25.0241225001;0.00000000000
11665;-1.09704495872;24.0180434561;0.00000000000
11666;-1.08360307539;23.0077749849;0.00000000000
11667;-1.06064260856;21.9917992585;0.00000000000
11668;-1.01764089368;20.9744457568;0.00000000000
11669;-20.9645908889;1.01468655139;0.00000000000
11670;-1.02228031512;48.0016366390;0.00000000000
11671;-96.8970527421;3.92332475195;0.00000000000
11672;-4.46315629818;23.8145007653;0.00000000000
11673;-4.53914945101;24.8682441363;0.00000000000
11674;-4.56036670886;25.9124127876;0.00000000000
11675;-4.51724923744;26.9576103278;0.00000000000
11676;-4.41533246665;28.0031254362;0.00000000000
11677;-4.28130302111;29.0623532009;0.00000000000
11678;-4.15300298954;30.1253351193;0.00000000000
11679;-4.06218393176;31.1710476548;0.00000000000
11680;-4.01777339132;32.2212539433;0.00000000000
;;;
NODE;X;Y;Z
11681;-4.02376649290;33.2288062565;0.00000000000
11682;-4.04968219894;34.2234234590;0.00000000000
11683;-4.07136547524;35.2292078598;0.00000000000
11684;-4.10052994546;36.2324183965;0.00000000000
11685;-4.12947800203;37.2314485788;0.00000000000
11686;-4.15103308189;38.2238512547;0.00000000000
11687;-4.15875050643;39.2084464685;0.00000000000
11688;-4.14967426481;40.1901805284;0.00000000000
11689;-4.14279502691;41.1785757342;0.00000000000
11690;-4.13020461969;42.1551912022;0.00000000000
11691;-4.12318350420;43.1330673247;0.00000000000
11692;-4.11635007942;44.1177102697;0.00000000000
11693;-4.10334232080;45.0980959673;0.00000000000
11694;-4.09820188145;46.0826178573;0.00000000000
11695;-24.7142002070;4.65828301845;0.00000000000
11696;-25.7471215149;4.47088991649;0.00000000000
11697;-26.8264943503;4.22208408936;0.00000000000
11698;-27.8455949717;4.12294489741;0.00000000000
11699;-28.8324293574;4.09607040587;0.00000000000
11700;-29.8189390119;4.08980468098;0.00000000000
;;;
NODE;X;Y;Z
11701;-30.8046588784;4.11135171523;0.00000000000
11702;-31.7913181038;4.11526982900;0.00000000000
11703;-32.7818112446;4.11230748167;0.00000000000
11704;-33.7811486306;4.10770896394;0.00000000000
11705;-34.7811180311;4.10779616006;0.00000000000
11706;-35.7810828101;4.10787961372;0.00000000000
11707;-36.7810489371;4.10796112536;0.00000000000
11708;-37.7810165430;4.10804204731;0.00000000000
11709;-38.7809846176;4.10812303519;0.00000000000
11710;-39.7809527621;4.10820415217;0.00000000000
11711;-40.7809207701;4.10828542467;0.00000000000
11712;-41.7808886270;4.10836687361;0.00000000000
11713;-42.7808562829;4.10844853844;0.00000000000
11714;-43.7808236904;4.10853047058;0.00000000000
11715;-44.7807908109;4.10861274247;0.00000000000
11716;-45.7807576221;4.10869545953;0.00000000000
11717;-46.7807241353;4.10877877985;0.00000000000
11718;-47.7806904204;4.10886293683;0.00000000000
11719;-48.7806566424;4.10894825503;0.00000000000
11720;-49.7806230971;4.10903514006;0.00000000000
;;;
NODE;X;Y;Z
11721;-50.7805902330;4.10912400453;0.00000000000
11722;-51.7805586154;4.10921506428;0.00000000000
11723;-52.7805287547;4.10930791144;0.00000000000
11724;-53.7805006758;4.10940074303;0.00000000000
11725;-54.7804730455;4.10948912261;0.00000000000
11726;-55.7804416310;4.10956422639;0.00000000000
11727;-56.7803968734;4.10961076178;0.00000000000
11728;-57.7803205309;4.10960526241;0.00000000000
11729;-58.7801817876;4.10951649183;0.00000000000
11730;-59.7799341558;4.10931146559;0.00000000000
11731;-60.7795160417;4.10897315347;0.00000000000
11732;-61.7788598252;4.10853791942;0.00000000000
11733;-62.7779155089;4.10815586968;0.00000000000
11734;-63.7766918467;4.10814827122;0.00000000000
11735;-64.7753031972;4.10895972567;0.00000000000
11736;-65.7849757135;4.10264596962;0.00000000000
11737;-66.7818734975;4.10672796622;0.00000000000
11738;-67.7791124401;4.10790917267;0.00000000000
11739;-68.7803899221;4.10814152530;0.00000000000
11740;-69.7801416756;4.10222253077;0.00000000000
;;;
NODE;X;Y;Z
11741;-70.7803532040;4.09936596787;0.00000000000
11742;-71.7775548899;4.10918703101;0.00000000000
11743;-72.7790340692;4.10956260172;0.00000000000
11744;-73.7713292656;4.11320102088;0.00000000000
11745;-74.7701153387;4.11627932479;0.00000000000
11746;-75.7765625109;4.10968071195;0.00000000000
11747;-76.7708276058;4.11292400313;0.00000000000
11748;-77.7771686792;4.10700617219;0.00000000000
11749;-78.7767316765;4.11130344652;0.00000000000
11750;-79.7715178379;4.11568740055;0.00000000000
11751;-80.7714961914;4.12065013626;0.00000000000
11752;-81.7788205861;4.11673428280;0.00000000000
11753;-82.7762341978;4.12070201891;0.00000000000
11754;-83.7779345570;4.12578575368;0.00000000000
11755;-84.7870484752;4.11312082891;0.00000000000
11756;-85.7925338822;4.11130666812;0.00000000000
11757;-86.7972869391;4.10553991488;0.00000000000
11758;-87.8030944544;4.09112198746;0.00000000000
11759;-88.8088238284;4.07420173993;0.00000000000
11760;-89.8163847896;4.06006221570;0.00000000000
;;;
NODE;X;Y;Z
11761;-90.8217878544;4.03202956551;0.00000000000
11762;-91.8263743640;4.00108357565;0.00000000000
11763;-92.8280130432;3.95596351984;0.00000000000
11764;-93.8448273328;3.92358165172;0.00000000000
11765;-94.8617108891;3.90890640271;0.00000000000
11766;-95.8808785988;3.90316132980;0.00000000000
11767;-23.5135546288;5.83457624028;0.00000000000
11768;-22.6050076481;8.20133200358;0.00000000000
11769;-21.6233046230;10.4650107711;0.00000000000
11770;-20.5511484144;12.6299008321;0.00000000000
11771;-19.3357631718;14.6796426898;0.00000000000
11772;-17.8418060541;16.5138864946;0.00000000000
11773;-16.0947588545;18.1587464832;0.00000000000
11774;-14.1947624920;19.6209069134;0.00000000000
11775;-12.1693930874;20.9208690315;0.00000000000
11776;-10.0260799373;22.0797529163;0.00000000000
11777;-7.82165666426;23.0313781109;0.00000000000
11778;-5.59114620686;23.6317410125;0.00000000000
11779;-95.8727500680;4.88563850513;0.00000000000
11780;-95.8660851997;5.85779172775;0.00000000000
;;;
NODE;X;Y;Z
11781;-95.8616819875;6.82841657612;0.00000000000
11782;-95.8653784956;7.80862487433;0.00000000000
11783;-95.8694661374;8.79417700302;0.00000000000
11784;-95.8732308770;9.78301623607;0.00000000000
11785;-95.8865794004;10.7775433740;0.00000000000
11786;-95.8920323178;11.7756507292;0.00000000000
11787;-95.8951153525;12.7755167533;0.00000000000
11788;-95.8884778083;13.7728932752;0.00000000000
11789;-95.8858095793;14.7716823373;0.00000000000
11790;-95.8958052819;15.7761151197;0.00000000000
11791;-95.8985013043;16.7796384366;0.00000000000
11792;-95.8998588628;17.7769530709;0.00000000000
11793;-95.8990487882;18.7764358107;0.00000000000
11794;-95.8996803816;19.7751006959;0.00000000000
11795;-95.9016129842;20.7764649981;0.00000000000
11796;-95.8955813669;21.7762355062;0.00000000000
11797;-95.8982940006;22.7798291505;0.00000000000
11798;-95.8995875160;23.7772101367;0.00000000000
11799;-95.8987950491;24.7766498895;0.00000000000
11800;-95.8997596898;25.7752907333;0.00000000000
;;;
NODE;X;Y;Z
11801;-95.9020922971;26.7766980199;0.00000000000
11802;-95.8964318263;27.7764959223;0.00000000000
11803;-95.8995398290;28.7799618597;0.00000000000
11804;-95.8905339818;29.7773272352;0.00000000000
11805;-95.8876571085;30.7718922290;0.00000000000
11806;-95.8907967629;31.7737408436;0.00000000000
11807;-95.8876148053;32.7718537853;0.00000000000
11808;-95.8978079592;33.7771529526;0.00000000000
11809;-95.8950169991;34.7797505092;0.00000000000
11810;-95.8967716131;35.7819653943;0.00000000000
11811;-95.8973586141;36.7841873108;0.00000000000
11812;-95.9017392579;37.7862812000;0.00000000000
11813;-95.9114147312;38.7911635136;0.00000000000
11814;-95.9255609222;39.7965188097;0.00000000000
11815;-95.9373306138;40.8030304039;0.00000000000
11816;-95.9457235371;41.8099321362;0.00000000000
11817;-95.9639513008;42.8139172915;0.00000000000
11818;-95.9900505321;43.8410251332;0.00000000000
11819;-96.0012422054;44.8702016540;0.00000000000
11820;-96.0012252889;45.8912108919;0.00000000000
;;;
NODE;X;Y;Z
11821;-95.0285769051;45.8942160177;0.00000000000
11822;-94.0634614901;45.8934302995;0.00000000000
11823;-93.0958654835;45.9098226718;0.00000000000
11824;-92.1150604030;45.9120286885;0.00000000000
11825;-91.1374500538;45.9147140738;0.00000000000
11826;-90.1534896975;45.9196983614;0.00000000000
11827;-89.1588702948;45.9232895912;0.00000000000
11828;-88.1610187907;45.9231266081;0.00000000000
11829;-87.1691535583;45.9144965249;0.00000000000
11830;-86.1691154721;45.9150773433;0.00000000000
11831;-85.1687983705;45.9152499098;0.00000000000
11832;-84.1688549209;45.9153055496;0.00000000000
11833;-83.1686692989;45.9153250040;0.00000000000
11834;-82.1687985432;45.9153462555;0.00000000000
11835;-81.1686449654;45.9153555375;0.00000000000
11836;-80.1687837954;45.9153761251;0.00000000000
11837;-79.1686319916;45.9153857977;0.00000000000
11838;-78.1687713476;45.9154062673;0.00000000000
11839;-77.1686197465;45.9154156979;0.00000000000
11840;-76.1687593046;45.9154358870;0.00000000000
;;;
NODE;X;Y;Z
11841;-75.1686078434;45.9154450219;0.00000000000
11842;-74.1687475785;45.9154649131;0.00000000000
11843;-73.1685962520;45.9154737408;0.00000000000
11844;-72.1687361595;45.9154933336;0.00000000000
11845;-71.1685849583;45.9155018658;0.00000000000
11846;-70.1687250191;45.9155211828;0.00000000000
11847;-69.1685739163;45.9155294516;0.00000000000
11848;-68.1687141004;45.9155485255;0.00000000000
11849;-67.1685630818;45.9155565514;0.00000000000
11850;-66.1687033992;45.9155753816;0.00000000000
11851;-65.1685524987;45.9155831420;0.00000000000
11852;-64.1686929969;45.9156016909;0.00000000000
11853;-63.1685422647;45.9156091402;0.00000000000
11854;-62.1686829887;45.9156273595;0.00000000000
11855;-61.1685324631;45.9156344500;0.00000000000
11856;-60.1686734444;45.9156522918;0.00000000000
11857;-59.1685231536;45.9156589750;0.00000000000
11858;-58.1686644167;45.9156763891;0.00000000000
11859;-57.1685143844;45.9156826120;0.00000000000
11860;-56.1686559509;45.9156995431;0.00000000000
;;;
NODE;X;Y;Z
11861;-55.1685061988;45.9157052516;0.00000000000
11862;-54.1686480896;45.9157216499;0.00000000000
11863;-53.1684986428;45.9157268040;0.00000000000
11864;-52.1686408884;45.9157426466;0.00000000000
11865;-51.1684917906;45.9157472491;0.00000000000
11866;-50.1686344518;45.9157625690;0.00000000000
11867;-49.1684857916;45.9157666803;0.00000000000
11868;-48.1686289843;45.9157815455;0.00000000000
11869;-47.1684809071;45.9157851998;0.00000000000
11870;-46.1686247842;45.9157995347;0.00000000000
11871;-45.1684774215;45.9158024393;0.00000000000
11872;-44.1686220220;45.9158155959;0.00000000000
11873;-43.1684752316;45.9158166137;0.00000000000
11874;-42.1686201159;45.9158268869;0.00000000000
11875;-41.1684730388;45.9158238086;0.00000000000
11876;-40.1686168781;45.9158288244;0.00000000000
11877;-39.1684677375;45.9158198331;0.00000000000
11878;-38.1686086231;45.9158195948;0.00000000000
11879;-37.1684559310;45.9158082637;0.00000000000
11880;-36.1662670861;45.9260532878;0.00000000000
;;;
NODE;X;Y;Z
11881;-35.1684405417;45.9158153296;0.00000000000
11882;-34.1685830412;45.9158486610;0.00000000000
11883;-33.1684429980;45.9158991785;0.00000000000
11884;-32.1686108198;45.9159961192;0.00000000000
11885;-31.1685110488;45.9161182882;0.00000000000
11886;-30.1687325096;45.9162755447;0.00000000000
11887;-29.1686947214;45.9164153256;0.00000000000
11888;-28.1689706977;45.9165030580;0.00000000000
11889;-27.1689572406;45.9164368359;0.00000000000
11890;-26.1691926712;45.9161386286;0.00000000000
11891;-25.1690335778;45.9154903536;0.00000000000
11892;-24.1689811248;45.9144486341;0.00000000000
11893;-23.1683587896;45.9129933717;0.00000000000
11894;-22.1676645557;45.9112420898;0.00000000000
11895;-21.1662184532;45.9093348630;0.00000000000
11896;-20.1645271219;45.9074660097;0.00000000000
11897;-19.1618499182;45.9056738054;0.00000000000
11898;-18.1586062777;45.9039516022;0.00000000000
11899;-17.1558762387;45.9132936378;0.00000000000
11900;-16.1476014168;45.9158643395;0.00000000000
;;;
NODE;X;Y;Z
11901;-15.1413133427;45.9162538424;0.00000000000
11902;-14.1349194704;45.9172096556;0.00000000000
11903;-13.1285061309;45.9218145322;0.00000000000
11904;-12.1224465114;45.9292839788;0.00000000000
11905;-11.1235224241;45.9332576019;0.00000000000
11906;-10.1191488411;45.9584758335;0.00000000000
11907;-9.11012174948;45.9982037007;0.00000000000
11908;-8.11076858461;46.0234069582;0.00000000000
11909;-7.10694186463;46.0516246357;0.00000000000
11910;-6.09930201886;46.0791075531;0.00000000000
11911;-5.09753652556;46.0825537502;0.00000000000
11912;-23.6963368604;4.64959198404;0.00000000000
11913;-23.0855464611;7.00979601651;0.00000000000
11914;-22.1226600265;9.35353549036;0.00000000000
11915;-21.0938335088;11.5631382391;0.00000000000
11916;-19.9670903403;13.6756525817;0.00000000000
11917;-18.6293188389;15.6255625442;0.00000000000
11918;-16.9911795262;17.3648784040;0.00000000000
11919;-15.1589603809;18.9174857468;0.00000000000
11920;-13.1924736802;20.2918019370;0.00000000000
;;;
NODE;X;Y;Z
11921;-11.1023179595;21.5199973933;0.00000000000
11922;-8.92120751551;22.5919724278;0.00000000000
11923;-6.70972071847;23.3763552468;0.00000000000
11924;-23.2636165926;11.5297422109;0.00000000000
11925;-9.74072475908;25.7771325455;0.00000000000
11926;-11.0051203900;25.0998559580;0.00000000000
11927;-12.2516934433;24.5390756637;0.00000000000
11928;-13.4599670809;23.9688941035;0.00000000000
11929;-14.6086760091;23.3321316185;0.00000000000
11930;-15.7875902193;22.5939207440;0.00000000000
11931;-27.5275837157;8.88309594982;0.00000000000
11932;-10.2762612356;26.6486255966;0.00000000000
11933;-8.27443162850;29.5555563272;0.00000000000
11934;-7.93422360134;30.6122213481;0.00000000000
11935;-7.87014840112;31.6479805413;0.00000000000
11936;-7.87690025457;33.6286869131;0.00000000000
11937;-7.99057939752;35.5386461147;0.00000000000
11938;-30.2786840862;8.76224516118;0.00000000000
11939;-34.4539625893;8.25600357427;0.00000000000
11940;-38.5749576767;8.11560798523;0.00000000000
;;;
NODE;X;Y;Z
11941;-42.5786444180;8.12282471844;0.00000000000
11942;-46.5787523015;8.12505039297;0.00000000000
11943;-50.5777989461;8.12850063657;0.00000000000
11944;-54.5819837487;8.13954133274;0.00000000000
11945;-58.5805906913;8.12471957998;0.00000000000
11946;-62.5626113575;8.12066280657;0.00000000000
11947;-64.5668889961;8.10824486274;0.00000000000
11948;-68.5852763609;8.09631100183;0.00000000000
11949;-72.5138134690;8.03883303648;0.00000000000
11950;-74.4705442197;8.11452527599;0.00000000000
11951;-78.5473023253;8.04689997800;0.00000000000
11952;-80.5612229124;8.09485227244;0.00000000000
11953;-84.5985044981;8.05992639473;0.00000000000
11954;-86.6361153930;8.03611802580;0.00000000000
11955;-88.6858613074;7.97568865599;0.00000000000
11956;-90.7379181117;7.90018458574;0.00000000000
11957;-91.7595986156;7.86641703644;0.00000000000
11958;-91.8272662750;10.7334441533;0.00000000000
11959;-91.9764278532;14.6231919744;0.00000000000
11960;-91.9699638828;16.5733184014;0.00000000000
;;;
NODE;X;Y;Z
11961;-91.8960743806;20.5242381243;0.00000000000
11962;-91.8681262702;22.5015739165;0.00000000000
11963;-91.9467093639;26.5215388232;0.00000000000
11964;-91.9102075128;28.5324210814;0.00000000000
11965;-91.9391053039;32.5391823160;0.00000000000
11966;-91.7256421429;34.6426414733;0.00000000000
11967;-91.6250493615;38.7177600115;0.00000000000
11968;-92.0305922602;40.6791851862;0.00000000000
11969;-89.3297018266;42.0540449192;0.00000000000
11970;-87.4782390834;41.8665603361;0.00000000000
11971;-83.5962274574;41.6828280175;0.00000000000
11972;-81.5280497136;41.8238723001;0.00000000000
11973;-77.4543121190;41.9733735006;0.00000000000
11974;-75.4589110627;41.9146158026;0.00000000000
11975;-71.4323163448;41.9004694793;0.00000000000
11976;-69.4411583596;41.9362587358;0.00000000000
11977;-65.4531829362;41.9816303711;0.00000000000
11978;-63.4604840698;41.9169874703;0.00000000000
11979;-59.4462863696;41.9057383918;0.00000000000
11980;-57.4413882427;41.9351509116;0.00000000000
;;;
NODE;X;Y;Z
11981;-53.4527868666;41.9814338011;0.00000000000
11982;-51.4487616396;41.9226323797;0.00000000000
11983;-47.4475815708;41.8995714188;0.00000000000
11984;-45.4715059082;41.9379518773;0.00000000000
11985;-41.4910040453;41.9486093564;0.00000000000
11986;-39.5233763388;41.8479564712;0.00000000000
11987;-35.4247506340;41.9447135818;0.00000000000
11988;-33.4327283384;41.9201160058;0.00000000000
11989;-29.4344306466;41.9747087540;0.00000000000
11990;-27.4401340045;41.9011589568;0.00000000000
11991;-23.4128569817;41.8910361494;0.00000000000
11992;-21.4167146637;41.9130037598;0.00000000000
11993;-17.3697659386;41.8887595398;0.00000000000
11994;-15.2871627251;41.8114734552;0.00000000000
11995;-13.1058350895;41.6865476541;0.00000000000
11996;-10.8983563753;41.7356541553;0.00000000000
11997;-9.02264180948;42.2689895266;0.00000000000
11998;-7.84553944502;32.6509597927;0.00000000000
11999;-7.92536535500;34.5882980685;0.00000000000
12000;-8.10214790271;36.4968967451;0.00000000000
;;;
NODE;X;Y;Z
12001;-8.28533847732;37.4750940952;0.00000000000
12002;-8.57856845583;38.4752443589;0.00000000000
12003;-9.04649001150;39.6149000691;0.00000000000
12004;-8.56022720627;40.5253444695;0.00000000000
12005;-8.05908531518;42.2805405027;0.00000000000
12006;-28.4016010357;8.96861228275;0.00000000000
12007;-29.3161512818;8.97698527327;0.00000000000
12008;-31.3228356096;8.56972288217;0.00000000000
12009;-32.3393395540;8.47306415136;0.00000000000
12010;-33.3862492819;8.37017585544;0.00000000000
12011;-35.4961959932;8.18613571043;0.00000000000
12012;-36.5331865389;8.14309106881;0.00000000000
12013;-37.5538084897;8.12280873247;0.00000000000
12014;-39.5731934072;8.11686756039;0.00000000000
12015;-40.5746804104;8.12179018437;0.00000000000
12016;-41.5799280148;8.11793469454;0.00000000000
12017;-43.5727639556;8.12178163360;0.00000000000
12018;-44.5744733764;8.12211413579;0.00000000000
12019;-45.5712866356;8.12463349374;0.00000000000
12020;-47.5685798818;8.13291769667;0.00000000000
;;;
NODE;X;Y;Z
12021;-48.5645635944;8.13520498775;0.00000000000
12022;-49.5707596769;8.13122611528;0.00000000000
12023;-51.5714288499;8.12936001037;0.00000000000
12024;-52.5751499987;8.12963430981;0.00000000000
12025;-53.5799089290;8.13762753018;0.00000000000
12026;-55.5862474662;8.13667657291;0.00000000000
12027;-56.5811911080;8.12575482393;0.00000000000
12028;-57.5814927373;8.12832844007;0.00000000000
12029;-59.5743251432;8.12468977775;0.00000000000
12030;-60.5702869002;8.11990994415;0.00000000000
12031;-61.5704564778;8.12010754627;0.00000000000
12032;-63.5632382133;8.11266065837;0.00000000000
12033;-65.5668889847;8.12463665721;0.00000000000
12034;-66.5669117256;8.13592114347;0.00000000000
12035;-67.5656891601;8.12941908967;0.00000000000
12036;-69.5538714481;8.09512760996;0.00000000000
12037;-70.5234349843;8.04049344073;0.00000000000
12038;-71.5076925397;7.99199766852;0.00000000000
12039;-73.4880157822;8.12407785957;0.00000000000
12040;-75.4904717165;8.04562095099;0.00000000000
;;;
NODE;X;Y;Z
12041;-76.5130630149;8.01144062695;0.00000000000
12042;-77.5377090193;8.01101656703;0.00000000000
12043;-79.5542183058;8.07443233197;0.00000000000
12044;-81.5588574996;8.10908414810;0.00000000000
12045;-82.5636921901;8.09987018138;0.00000000000
12046;-83.5798744434;8.07484671752;0.00000000000
12047;-85.6190422307;8.05087595617;0.00000000000
12048;-87.6544539503;8.01768402965;0.00000000000
12049;-89.7116438008;7.93248929472;0.00000000000
12050;-11.4130326682;26.0071309263;0.00000000000
12051;-91.7720060073;8.82238414370;0.00000000000
12052;-91.7940462100;9.77075648593;0.00000000000
12053;-91.8699369697;11.6920530411;0.00000000000
12054;-91.9126689400;12.6599712061;0.00000000000
12055;-91.9527240153;13.6391864924;0.00000000000
12056;-91.9775254085;15.5995912525;0.00000000000
12057;-91.9535364532;17.5527270456;0.00000000000
12058;-91.9328568521;18.5385223066;0.00000000000
12059;-91.9073408982;19.5269141963;0.00000000000
12060;-91.8685352657;21.5015340833;0.00000000000
;;;
NODE;X;Y;Z
12061;-91.8728223072;23.4960448925;0.00000000000
12062;-91.8931002965;24.4918683108;0.00000000000
12063;-91.9230759427;25.4985287573;0.00000000000
12064;-91.9364594939;27.5290390591;0.00000000000
12065;-91.8922717878;29.5276811652;0.00000000000
12066;-91.8992271478;30.5275361008;0.00000000000
12067;-91.9205237914;31.5293857018;0.00000000000
12068;-91.8286894498;33.5982614679;0.00000000000
12069;-91.6206713785;35.6974640303;0.00000000000
12070;-91.5474961399;36.7443138622;0.00000000000
12071;-91.5577343901;37.7426753335;0.00000000000
12072;-91.7847355728;39.6961034052;0.00000000000
12073;-92.0883218581;41.7450945028;0.00000000000
12074;-91.1600460750;41.8021259208;0.00000000000
12075;-90.2614130569;41.9417728545;0.00000000000
12076;-88.4114067581;41.9425782728;0.00000000000
12077;-86.6064799171;41.6736091459;0.00000000000
12078;-85.6464941360;41.6128112097;0.00000000000
12079;-84.6203485252;41.6462251923;0.00000000000
12080;-82.5646676789;41.7498854681;0.00000000000
;;;
NODE;X;Y;Z
12081;-80.5066345248;41.8888069040;0.00000000000
12082;-79.4867747403;41.9382923504;0.00000000000
12083;-78.4708653450;41.9643189307;0.00000000000
12084;-76.4617647394;41.9395583178;0.00000000000
12085;-74.4537166614;41.8840435674;0.00000000000
12086;-73.4472907578;41.8772722948;0.00000000000
12087;-72.4484165633;41.8880123428;0.00000000000
12088;-70.4406557079;41.9204825947;0.00000000000
12089;-68.4498247009;41.9536064353;0.00000000000
12090;-67.4550517623;41.9717987680;0.00000000000
12091;-66.4489853819;41.9814729979;0.00000000000
12092;-64.4572298487;41.9484816818;0.00000000000
12093;-62.4612874454;41.8931108552;0.00000000000
12094;-61.4560885608;41.8856495271;0.00000000000
12095;-60.4478644091;41.8916955674;0.00000000000
12096;-58.4412240708;41.9196309528;0.00000000000
12097;-56.4498405770;41.9520904776;0.00000000000
12098;-55.4549260757;41.9698151991;0.00000000000
12099;-54.4486610942;41.9816562306;0.00000000000
12100;-52.4505492829;41.9577260381;0.00000000000
;;;
NODE;X;Y;Z
12101;-50.4557408490;41.8833852940;0.00000000000
12102;-49.4488069893;41.8779912773;0.00000000000
12103;-48.4460920226;41.8871062704;0.00000000000
12104;-46.4534662457;41.9150181280;0.00000000000
12105;-44.4810618442;41.9642661932;0.00000000000
12106;-43.5013329336;41.9986980515;0.00000000000
12107;-42.4992566975;42.0108318947;0.00000000000
12108;-40.5439374740;41.8174261636;0.00000000000
12109;-38.4796108940;41.9101434148;0.00000000000
12110;-37.4508452608;41.9423675274;0.00000000000
12111;-36.4319588991;41.9538425314;0.00000000000
12112;-34.4247102997;41.9253369015;0.00000000000
12113;-32.4428827098;41.9297074747;0.00000000000
12114;-31.4424980146;41.9540347518;0.00000000000
12115;-30.4375537452;41.9791221252;0.00000000000
12116;-28.4341493590;41.9393526801;0.00000000000
12117;-26.4461742644;41.8588038197;0.00000000000
12118;-25.4357161825;41.8655139119;0.00000000000
12119;-24.4240244719;41.8719051290;0.00000000000
12120;-22.4111082617;41.9090784716;0.00000000000
;;;
NODE;X;Y;Z
12121;-20.4209715607;41.9258348415;0.00000000000
12122;-19.4132866600;41.9224722433;0.00000000000
12123;-18.3953572455;41.9159266256;0.00000000000
12124;-16.3427774680;41.8577897862;0.00000000000
12125;-14.2156054178;41.7606878821;0.00000000000
12126;-11.9622088057;41.6714365529;0.00000000000
12127;-9.97229699905;41.9831215656;0.00000000000
12128;-9.41322880708;27.4637183919;0.00000000000
12129;-8.71358193791;28.4733544517;0.00000000000
12130;-26.3481559248;9.82182313249;0.00000000000
12131;-25.9709225898;11.1829493657;0.00000000000
12132;-25.4685525037;12.3540656922;0.00000000000
12133;-24.8352552279;13.0850237369;0.00000000000
12134;-24.2052799598;14.2673850207;0.00000000000
12135;-17.5318843762;22.7870298750;0.00000000000
12136;-16.3545313390;23.6124932446;0.00000000000
12137;-15.1446244452;24.3642843362;0.00000000000
12138;-13.8781719167;25.0712075631;0.00000000000
12139;-12.7011309261;25.5724987557;0.00000000000
12140;-25.0118069705;14.5114232558;0.00000000000
;;;
NODE;X;Y;Z
12141;-23.6174044188;15.8570397490;0.00000000000
12142;-22.0015613505;18.5982937234;0.00000000000
12143;-20.9268940814;19.7473367942;0.00000000000
12144;-19.8242246331;20.8611508419;0.00000000000
12145;-18.6877115439;21.8859752236;0.00000000000
12146;-22.9289452909;17.2630519551;0.00000000000
12147;-23.6811735011;19.7037562446;0.00000000000
12148;-24.4968716814;20.2444540711;0.00000000000
12149;-12.7122015415;28.5719204599;0.00000000000
12150;-40.9845120384;39.3604478729;0.00000000000
12151;-72.6126698308;10.8383241017;0.00000000000
12152;-87.2162074401;31.6568175861;0.00000000000
12153;-73.8223865847;12.1838230070;0.00000000000
12154;-72.7859052059;11.7009021182;0.00000000000
12155;-73.5944238041;11.2540856568;0.00000000000
12156;-84.4147204100;11.9867991463;0.00000000000
12157;-88.8391121130;15.0777141103;0.00000000000
12158;-88.6586479332;31.6933154947;0.00000000000
12159;-41.8438876275;38.4744971754;0.00000000000
12160;-40.9641567413;38.6588306827;0.00000000000
;;;
NODE;X;Y;Z
12161;-36.4734476899;39.0709837788;0.00000000000
12162;-35.4707422208;38.9890159869;0.00000000000
12163;-11.9636165798;31.5362469078;0.00000000000
12164;-34.3248892368;12.2974474681;0.00000000000
12165;-35.3424282591;12.2992577644;0.00000000000
12166;-37.2446481071;12.0255249963;0.00000000000
12167;-39.1818691139;12.0387577060;0.00000000000
12168;-41.1248960857;12.1368817867;0.00000000000
12169;-43.0270609933;12.3124315597;0.00000000000
12170;-45.0955172847;12.2780164517;0.00000000000
12171;-47.0651410752;12.4454355044;0.00000000000
12172;-49.0719161414;12.2584407557;0.00000000000
12173;-51.1679530163;12.0903801290;0.00000000000
12174;-53.1214062272;11.9413000722;0.00000000000
12175;-54.9422579001;12.3321910888;0.00000000000
12176;-56.8984239836;12.5275162143;0.00000000000
12177;-59.0263467372;12.3377796897;0.00000000000
12178;-62.2092559951;12.2298733067;0.00000000000
12179;-63.2528888338;12.1984778341;0.00000000000
12180;-64.2842205911;12.2634127360;0.00000000000
;;;
NODE;X;Y;Z
12181;-66.2575766625;12.2480708249;0.00000000000
12182;-68.0093146800;12.0282404464;0.00000000000
12183;-71.6921966185;11.4034224212;0.00000000000
12184;-74.5998053563;11.7876178774;0.00000000000
12185;-76.8757781855;12.4116781061;0.00000000000
12186;-77.8397964354;11.8787007065;0.00000000000
12187;-79.1439321527;12.2733688387;0.00000000000
12188;-80.1434896160;12.1186307191;0.00000000000
12189;-82.2681659900;12.0401446726;0.00000000000
12190;-83.3433095134;12.0191986972;0.00000000000
12191;-85.5205526942;12.0459891367;0.00000000000
12192;-86.5991525455;12.0967531628;0.00000000000
12193;-87.6653471026;12.0306329799;0.00000000000
12194;-87.8063343725;13.0110050832;0.00000000000
12195;-88.1474701370;13.9889363980;0.00000000000
12196;-87.7179672885;15.2262047570;0.00000000000
12197;-88.2355703585;16.9661024444;0.00000000000
12198;-88.3529964491;19.8088573835;0.00000000000
12199;-87.3573994223;21.0374038727;0.00000000000
12200;-88.0204396791;22.9639640153;0.00000000000
;;;
NODE;X;Y;Z
12201;-88.1755762228;25.8564555923;0.00000000000
12202;-87.7897694368;27.2519191645;0.00000000000
12203;-88.0014022247;28.3268199824;0.00000000000
12204;-87.6438094937;30.5462686276;0.00000000000
12205;-87.6952081054;33.0566491484;0.00000000000
12206;-84.0936437397;36.9783432289;0.00000000000
12207;-81.7437683801;37.5539823498;0.00000000000
12208;-79.8320221060;38.0815115458;0.00000000000
12209;-79.8851716014;37.2977769825;0.00000000000
12210;-77.1405408136;37.6908204137;0.00000000000
12211;-72.8904410029;37.7601410790;0.00000000000
12212;-71.8264328519;37.8091263391;0.00000000000
12213;-70.7736167058;37.8761843660;0.00000000000
12214;-69.7402163602;37.9505386575;0.00000000000
12215;-68.7341404301;38.0420616075;0.00000000000
12216;-67.7490200515;38.1327566812;0.00000000000
12217;-66.8157028534;38.2418650957;0.00000000000
12218;-65.4483818949;37.7963862177;0.00000000000
12219;-60.8879273760;37.8746531457;0.00000000000
12220;-59.8246011403;37.8870413777;0.00000000000
;;;
NODE;X;Y;Z
12221;-58.7766064271;37.9143938316;0.00000000000
12222;-57.7459617563;37.9355427750;0.00000000000
12223;-56.7395307636;37.9921518142;0.00000000000
12224;-55.7494240988;38.0777999452;0.00000000000
12225;-54.7934364694;38.1996479796;0.00000000000
12226;-53.3657862363;37.7500303025;0.00000000000
12227;-48.9279852400;37.8873820227;0.00000000000
12228;-47.8733679489;37.9141934013;0.00000000000
12229;-46.8419495414;37.9301105791;0.00000000000
12230;-45.7835712049;37.8878628830;0.00000000000
12231;-42.8151188332;38.1705970788;0.00000000000
12232;-38.4610248889;37.9753328439;0.00000000000
12233;-36.4626258114;38.1429535126;0.00000000000
12234;-34.4771881069;37.8934940343;0.00000000000
12235;-33.4723415682;37.8485378692;0.00000000000
12236;-32.4320560995;37.8905019087;0.00000000000
12237;-31.3839364193;38.0108284854;0.00000000000
12238;-30.2941578369;38.2089593891;0.00000000000
12239;-29.0639895574;37.4627576637;0.00000000000
12240;-27.9875953469;37.6318770191;0.00000000000
;;;
NODE;X;Y;Z
12241;-25.8066304208;37.8454286627;0.00000000000
12242;-24.7491546869;37.9239056649;0.00000000000
12243;-23.7104720643;37.9871748017;0.00000000000
12244;-22.6985386826;38.0260360128;0.00000000000
12245;-21.6978518948;38.0091585022;0.00000000000
12246;-20.7023129118;38.0075385220;0.00000000000
12247;-19.7130733552;37.8971772381;0.00000000000
12248;-18.7107668165;37.7541811889;0.00000000000
12249;-17.7002690939;37.6550401974;0.00000000000
12250;-16.6690175625;37.6526567898;0.00000000000
12251;-13.3949735425;29.0967965053;0.00000000000
12252;-13.2605965745;30.0870940194;0.00000000000
12253;-12.5730458046;30.8410334921;0.00000000000
12254;-12.7527320622;32.3157647313;0.00000000000
12255;-12.7508175199;33.7708344111;0.00000000000
12256;-12.2322323361;35.0860842070;0.00000000000
12257;-32.0340667974;13.2205136696;0.00000000000
12258;-33.1906716359;12.7106410895;0.00000000000
12259;-36.2800160579;12.2291266180;0.00000000000
12260;-38.2385217344;11.9375818641;0.00000000000
;;;
NODE;X;Y;Z
12261;-40.1136706378;12.0949958091;0.00000000000
12262;-42.1235640343;12.1755479704;0.00000000000
12263;-44.0220027099;12.1636041074;0.00000000000
12264;-46.1288520107;12.3910143668;0.00000000000
12265;-47.9763534123;12.3669765180;0.00000000000
12266;-50.1569068999;12.1713067394;0.00000000000
12267;-52.1451467312;11.9909047478;0.00000000000
12268;-54.0544271506;12.1147780799;0.00000000000
12269;-55.8887046139;12.4833696916;0.00000000000
12270;-57.9401481037;12.4531880818;0.00000000000
12271;-60.1016168037;12.3302487716;0.00000000000
12272;-61.1565619124;12.2618995423;0.00000000000
12273;-65.2856257767;12.2318404291;0.00000000000
12274;-67.1865715031;12.1784512266;0.00000000000
12275;-68.4265529668;12.6563554694;0.00000000000
12276;-69.7507157854;12.5869105993;0.00000000000
12277;-70.8004278019;11.8940331741;0.00000000000
12278;-74.8641266999;12.6256715730;0.00000000000
12279;-75.9980396148;12.9106352770;0.00000000000
12280;-81.2085853703;12.0753715880;0.00000000000
;;;
NODE;X;Y;Z
12281;-14.3773059810;28.6925468226;0.00000000000
12282;-88.0104816193;16.1268024861;0.00000000000
12283;-87.4844761780;17.2879683634;0.00000000000
12284;-87.5453386005;18.7330777487;0.00000000000
12285;-87.7833979987;22.0238807871;0.00000000000
12286;-86.8557089730;23.1088167698;0.00000000000
12287;-87.6943006628;24.9727003990;0.00000000000
12288;-87.2466044650;28.4139995079;0.00000000000
12289;-87.9054802688;29.4448548647;0.00000000000
12290;-87.1685122331;34.2927930413;0.00000000000
12291;-86.8167581419;35.5556190906;0.00000000000
12292;-85.3440316638;36.8354955539;0.00000000000
12293;-82.9306763874;37.1430461601;0.00000000000
12294;-80.7804056803;37.8732020546;0.00000000000
12295;-76.1290292122;37.6564825495;0.00000000000
12296;-75.0588366399;37.6821748903;0.00000000000
12297;-73.9732012378;37.7165687733;0.00000000000
12298;-64.1932989869;37.7964344158;0.00000000000
12299;-63.0621147498;37.8204077365;0.00000000000
12300;-61.9641267947;37.8449396583;0.00000000000
;;;
NODE;X;Y;Z
12301;-52.1756452166;37.7612600942;0.00000000000
12302;-51.0748495750;37.7945689257;0.00000000000
12303;-49.9883179754;37.8420582759;0.00000000000
12304;-44.7610530693;37.8572749476;0.00000000000
12305;-43.7747693959;37.9558181239;0.00000000000
12306;-40.6557605069;37.9148977838;0.00000000000
12307;-39.4126887320;37.6238200061;0.00000000000
12308;-37.4703012443;38.2132185201;0.00000000000
12309;-26.8974625971;37.7342624883;0.00000000000
12310;-15.6380628093;37.5197144037;0.00000000000
12311;-14.5498825342;37.6302279562;0.00000000000
12312;-13.3362132006;37.8142982158;0.00000000000
12313;-86.5858450799;36.8386849635;0.00000000000
12314;-28.9606964309;14.9003030970;0.00000000000
12315;-14.8509717100;29.7013337185;0.00000000000
12316;-30.5609649947;13.5644249092;0.00000000000
12317;-27.8346787995;17.0440360670;0.00000000000
12318;-25.1557388795;21.0656142593;0.00000000000
12319;-16.1368467789;29.2497808029;0.00000000000
12320;-26.6509397852;19.2230989812;0.00000000000
;;;
NODE;X;Y;Z
12321;-21.3711635860;25.5552888391;0.00000000000
12322;-20.0854488106;26.7843444456;0.00000000000
12323;-18.7951986517;27.8222608626;0.00000000000
12324;-17.4808530842;28.6295960622;0.00000000000
12325;-23.8813488113;22.7011282643;0.00000000000
12326;-22.6228315139;24.2056211715;0.00000000000
12327;-68.7736535339;13.4665606648;0.00000000000
12328;-75.1959346699;13.4335013423;0.00000000000
12329;-86.9886716537;29.4039746746;0.00000000000
12330;-87.2261241174;24.0996680021;0.00000000000
12331;-87.0463310176;20.0730061229;0.00000000000
12332;-75.5713265359;14.1822090037;0.00000000000
12333;-86.6335349041;30.3389992498;0.00000000000
12334;-79.3740768213;14.2085166725;0.00000000000
12335;-66.2429415746;13.3683871336;0.00000000000
12336;-27.4675732336;20.5706342420;0.00000000000
12337;-15.5293317301;31.9703147419;0.00000000000
12338;-22.5114115172;27.8305948772;0.00000000000
12339;-85.9984246224;27.8711546094;0.00000000000
12340;-86.1242023235;29.1904330315;0.00000000000
;;;
NODE;X;Y;Z
12341;-73.3031128158;13.5487579252;0.00000000000
12342;-84.4702080538;15.0229461173;0.00000000000
12343;-85.6231028360;30.0020366843;0.00000000000
12344;-69.4235803684;14.9733838452;0.00000000000
12345;-16.0501006045;33.3835121256;0.00000000000
12346;-45.4011052311;35.2671886917;0.00000000000
12347;-41.9265929478;14.9738964181;0.00000000000
12348;-26.6328794911;25.0522162964;0.00000000000
12349;-47.6774817356;34.1231671942;0.00000000000
12350;-27.4662485116;26.2511320981;0.00000000000
12351;-30.9412862491;19.8567709717;0.00000000000
12352;-46.2326352301;34.1838350543;0.00000000000
12353;-84.7216824869;29.2765692962;0.00000000000
12354;-81.5342773515;32.6652228167;0.00000000000
12355;-78.5741937365;15.1627866448;0.00000000000
12356;-85.3059591514;28.5065798204;0.00000000000
12357;-53.3853253812;34.4457806909;0.00000000000
12358;-36.3878998750;15.6382781371;0.00000000000
12359;-40.4375119179;15.4388151033;0.00000000000
12360;-43.2901709327;14.8405762663;0.00000000000
;;;
NODE;X;Y;Z
12361;-46.8164694760;15.1061643470;0.00000000000
12362;-69.9161727242;15.4518785625;0.00000000000
12363;-70.9103929047;15.1084793933;0.00000000000
12364;-72.7991895406;15.0173554631;0.00000000000
12365;-73.9940767744;15.4122299431;0.00000000000
12366;-74.8011557873;14.7695826149;0.00000000000
12367;-77.0511542384;15.0177546767;0.00000000000
12368;-77.9489705656;15.1363945974;0.00000000000
12369;-79.4256469329;15.1998155146;0.00000000000
12370;-83.7942337490;16.3041386848;0.00000000000
12371;-84.6426724715;19.4191041647;0.00000000000
12372;-84.8958078008;26.1984755586;0.00000000000
12373;-84.6348712130;27.6600561335;0.00000000000
12374;-84.1139403760;30.1207565755;0.00000000000
12375;-79.0735333988;33.9020898024;0.00000000000
12376;-77.7908995572;34.1669264141;0.00000000000
12377;-61.0749676538;33.7373320480;0.00000000000
12378;-54.5264540521;34.3694421220;0.00000000000
12379;-48.9143160581;34.1626436467;0.00000000000
12380;-46.7571663106;34.8674437526;0.00000000000
;;;
NODE;X;Y;Z
12381;-44.4623839986;34.5170186696;0.00000000000
12382;-40.3049173106;34.5866072089;0.00000000000
12383;-39.3533139339;35.1336336299;0.00000000000
12384;-25.7452716662;33.8333209271;0.00000000000
12385;-24.9017870925;33.7446150204;0.00000000000
12386;-24.0872909864;33.4570426487;0.00000000000
12387;-23.2284544824;33.1637607109;0.00000000000
12388;-22.2958695468;33.0114751912;0.00000000000
12389;-35.4390972991;16.1835026600;0.00000000000
12390;-37.0182360435;16.5616076831;0.00000000000
12391;-37.9721615897;15.9945210906;0.00000000000
12392;-38.9074367984;15.4034342258;0.00000000000
12393;-41.1068029875;16.0855874318;0.00000000000
12394;-42.5364657597;15.6089589438;0.00000000000
12395;-43.8467194683;15.8809480514;0.00000000000
12396;-45.1859057923;16.2909618950;0.00000000000
12397;-47.6519027107;15.8170178521;0.00000000000
12398;-48.9168399872;16.1668301380;0.00000000000
12399;-53.1738983143;15.9429824192;0.00000000000
12400;-54.6938788911;15.9352022509;0.00000000000
;;;
NODE;X;Y;Z
12401;-57.6459012948;16.2940238800;0.00000000000
12402;-62.1817612828;16.2999809825;0.00000000000
12403;-63.6248882894;17.2690570984;0.00000000000
12404;-65.0413905978;15.8330880093;0.00000000000
12405;-66.4748316351;15.5555503594;0.00000000000
12406;-67.7844733454;15.0733668253;0.00000000000
12407;-70.9337564334;15.9469708329;0.00000000000
12408;-71.9188319891;15.5522280075;0.00000000000
12409;-75.2799528085;15.5489543502;0.00000000000
12410;-77.5672522336;15.7455744198;0.00000000000
12411;-80.2775031133;16.1628072526;0.00000000000
12412;-81.3594937058;16.1528944090;0.00000000000
12413;-82.6309257413;16.5653777577;0.00000000000
12414;-84.3245857497;17.3329197898;0.00000000000
12415;-84.0588792895;18.6589364054;0.00000000000
12416;-84.1788034377;20.1791017585;0.00000000000
12417;-83.0815765647;22.3400668004;0.00000000000
12418;-83.4478553005;23.3541840295;0.00000000000
12419;-83.8581022195;24.2743660496;0.00000000000
12420;-84.3591758127;25.2568226813;0.00000000000
;;;
NODE;X;Y;Z
12421;-83.9828239753;26.7392960447;0.00000000000
12422;-83.4627222834;31.0025883111;0.00000000000
12423;-80.3121557012;33.3747212267;0.00000000000
12424;-77.6455900762;33.0766872862;0.00000000000
12425;-76.4685779743;33.2662888513;0.00000000000
12426;-74.1469128146;33.4263092872;0.00000000000
12427;-73.0059145372;33.4552741378;0.00000000000
12428;-70.7610404061;33.5686000244;0.00000000000
12429;-68.5276662074;33.8685057385;0.00000000000
12430;-67.4142141709;34.0863644366;0.00000000000
12431;-66.3339884886;34.3184643894;0.00000000000
12432;-65.2383438166;33.4747546448;0.00000000000
12433;-63.1598495840;33.7614176450;0.00000000000
12434;-62.1167922343;33.7874487922;0.00000000000
12435;-60.0354463551;33.6859202984;0.00000000000
12436;-58.9526745735;33.6731814934;0.00000000000
12437;-55.6592827941;34.1483976693;0.00000000000
12438;-53.4982697386;33.4828835903;0.00000000000
12439;-50.8427076969;34.2895373865;0.00000000000
12440;-50.0940151028;34.2449193290;0.00000000000
;;;
NODE;X;Y;Z
12441;-47.5170473335;33.2881970260;0.00000000000
12442;-44.3517653544;33.6340693366;0.00000000000
12443;-42.8218336684;33.8565698196;0.00000000000
12444;-41.4635276137;34.1512546531;0.00000000000
12445;-38.4746004824;34.1266151206;0.00000000000
12446;-36.5444966999;34.2404694449;0.00000000000
12447;-32.7916268640;33.4289082566;0.00000000000
12448;-30.2685407803;33.6390433252;0.00000000000
12449;-29.0281252148;32.6791891726;0.00000000000
12450;-27.8394856901;33.0937704683;0.00000000000
12451;-26.8368969417;33.5088978862;0.00000000000
12452;-34.5258221472;16.7988630861;0.00000000000
12453;-39.5554796273;16.2128840303;0.00000000000
12454;-50.2242366899;16.2516379397;0.00000000000
12455;-51.7106894553;16.1006971603;0.00000000000
12456;-56.2162736383;16.1127505375;0.00000000000
12457;-60.6289820837;16.4745980481;0.00000000000
12458;-68.2376523913;16.1885191808;0.00000000000
12459;-79.3202858624;16.2295069120;0.00000000000
12460;-82.6106632722;31.8840195419;0.00000000000
;;;
NODE;X;Y;Z
12461;-75.2972129514;33.3597999394;0.00000000000
12462;-71.8810803344;33.4996578654;0.00000000000
12463;-69.6432132308;33.6883265704;0.00000000000
12464;-64.2078970000;33.6515201357;0.00000000000
12465;-57.8724832444;33.7472612836;0.00000000000
12466;-56.7786462476;33.9192857456;0.00000000000
12467;-52.5045636581;33.2478956616;0.00000000000
12468;-51.2901468836;33.6110399846;0.00000000000
12469;-35.4240053857;33.7315643363;0.00000000000
12470;-34.0751887539;33.4653171682;0.00000000000
12471;-31.5015867031;33.4774888923;0.00000000000
12472;-32.4969531252;17.9071652834;0.00000000000
12473;-33.5580815392;17.4011759327;0.00000000000
12474;-59.0892890900;16.4529441008;0.00000000000
12475;-65.1388176594;16.9914777351;0.00000000000
12476;-30.0627442409;20.6519870639;0.00000000000
12477;-29.2615006083;21.6947012833;0.00000000000
12478;-28.4500091029;22.8371573435;0.00000000000
12479;-31.4084604031;18.0913269655;0.00000000000
12480;-27.5827863373;23.9757115840;0.00000000000
;;;
NODE;X;Y;Z
12481;-29.8837909617;22.9320178673;0.00000000000
12482;-31.9102885989;19.3079088752;0.00000000000
12483;-30.6241637961;21.8863571980;0.00000000000
12484;-28.3902199346;25.1973657021;0.00000000000
12485;-22.7853049193;31.2827678181;0.00000000000
12486;-26.3805994144;27.2826377340;0.00000000000
12487;-25.1609377710;28.4220392607;0.00000000000
12488;-23.9754107539;29.8786090330;0.00000000000
12489;-45.9833591537;17.1318512065;0.00000000000
12490;-51.5737397692;32.7157363401;0.00000000000
12491;-77.1497414708;16.4365821095;0.00000000000
12492;-81.5050201009;18.6571572043;0.00000000000
12493;-42.4341300121;17.0246142880;0.00000000000
12494;-54.0778515726;18.0152441194;0.00000000000
12495;-82.8189210697;20.4260355771;0.00000000000
12496;-32.5015848855;26.2432127726;0.00000000000
12497;-76.9843786779;29.0497463310;0.00000000000
12498;-57.8177975935;29.5439978334;0.00000000000
12499;-68.2205545378;19.5921153998;0.00000000000
12500;-38.7416451527;19.2234752579;0.00000000000
;;;
NODE;X;Y;Z
12501;-42.5286298722;18.6920578143;0.00000000000
12502;-43.9913513417;18.4945729279;0.00000000000
12503;-71.1137731019;19.4122090859;0.00000000000
12504;-74.4063381565;18.8592493589;0.00000000000
12505;-76.4012612157;18.6976130740;0.00000000000
12506;-45.9257649913;30.5507362905;0.00000000000
12507;-40.2349286536;19.5113073945;0.00000000000
12508;-41.3171503625;19.0040078432;0.00000000000
12509;-44.9916395868;19.2274946563;0.00000000000
12510;-46.4188665123;19.8264596913;0.00000000000
12511;-47.4878207751;19.6335609010;0.00000000000
12512;-73.0164554465;19.7051860328;0.00000000000
12513;-77.1691105690;19.3752700232;0.00000000000
12514;-78.1759372697;19.6463472466;0.00000000000
12515;-79.5612256625;19.7490601452;0.00000000000
12516;-80.1597555809;26.5399019854;0.00000000000
12517;-80.3503989882;27.7050986028;0.00000000000
12518;-80.0559968681;28.5289021495;0.00000000000
12519;-77.9881216643;29.8332396016;0.00000000000
12520;-77.0562132082;30.0318630487;0.00000000000
;;;
NODE;X;Y;Z
12521;-65.9736097677;30.0822561587;0.00000000000
12522;-54.7045828928;30.1791670044;0.00000000000
12523;-53.7298005854;30.5946081879;0.00000000000
12524;-52.1290824186;30.7297701441;0.00000000000
12525;-47.6458141422;30.4653794198;0.00000000000
12526;-44.2029456923;30.5961353355;0.00000000000
12527;-40.8944639954;29.6054206881;0.00000000000
12528;-39.0894423354;29.5775893605;0.00000000000
12529;-36.6612493994;20.4623613162;0.00000000000
12530;-37.6922631667;19.8452280871;0.00000000000
12531;-39.1991169900;20.1419376451;0.00000000000
12532;-53.6057920664;20.3092029690;0.00000000000
12533;-55.2545544191;20.1326271287;0.00000000000
12534;-65.5072033617;20.5253984268;0.00000000000
12535;-67.0518772383;20.0823957781;0.00000000000
12536;-69.4508658611;20.0527207634;0.00000000000
12537;-71.4950651681;20.4965630594;0.00000000000
12538;-79.7372522320;20.7778617690;0.00000000000
12539;-79.8018061986;21.8496661487;0.00000000000
12540;-79.9049898808;22.9661043936;0.00000000000
;;;
NODE;X;Y;Z
12541;-79.5216539658;29.1431552162;0.00000000000
12542;-78.7912881938;29.5857769804;0.00000000000
12543;-76.0947388634;29.0393959159;0.00000000000
12544;-75.1225640958;29.0082844831;0.00000000000
12545;-74.0548478656;28.9695430364;0.00000000000
12546;-68.2705747441;29.5188957472;0.00000000000
12547;-67.1245099395;29.7924073138;0.00000000000
12548;-64.8380721897;29.3679724301;0.00000000000
12549;-63.7858707853;29.6988771937;0.00000000000
12550;-62.7175685001;30.0860408045;0.00000000000
12551;-61.7095859351;29.4599775341;0.00000000000
12552;-60.7687325455;29.4598216247;0.00000000000
12553;-59.9808573993;29.2169811684;0.00000000000
12554;-58.5943895458;30.0642318812;0.00000000000
12555;-57.0989900132;30.3534414261;0.00000000000
12556;-56.4724686978;29.4973511083;0.00000000000
12557;-55.6341760582;29.9356911378;0.00000000000
12558;-52.8151936733;29.5211670807;0.00000000000
12559;-50.9591918473;30.4743646818;0.00000000000
12560;-49.2996290946;30.4294753720;0.00000000000
;;;
NODE;X;Y;Z
12561;-42.6643859504;29.4365526021;0.00000000000
12562;-33.5963457744;29.9019024120;0.00000000000
12563;-34.6272153529;21.7628850717;0.00000000000
12564;-35.6341326869;21.0868475097;0.00000000000
12565;-47.7285379222;20.8429829641;0.00000000000
12566;-48.9927860592;20.7098684380;0.00000000000
12567;-50.3847153145;20.6386292388;0.00000000000
12568;-51.9327282622;20.5152950506;0.00000000000
12569;-55.3142497013;21.3549475331;0.00000000000
12570;-57.0101395731;21.2956553363;0.00000000000
12571;-63.8535521379;20.8917895758;0.00000000000
12572;-31.2040992860;25.8379642022;0.00000000000
12573;-78.6575621085;22.9418616894;0.00000000000
12574;-78.9015982261;24.0429931386;0.00000000000
12575;-72.9891749121;28.9298782455;0.00000000000
12576;-71.8021011999;28.9878542836;0.00000000000
12577;-70.6150036969;29.1148812673;0.00000000000
12578;-69.4384797878;29.2864647351;0.00000000000
12579;-59.1968966454;28.8953559486;0.00000000000
12580;-44.3749245028;29.4545385711;0.00000000000
;;;
NODE;X;Y;Z
12581;-37.3282113283;29.3197759284;0.00000000000
12582;-35.5944606420;28.9471001179;0.00000000000
12583;-33.9104273936;28.6474522409;0.00000000000
12584;-32.3234338965;27.4137714183;0.00000000000
12585;-33.6022957334;22.5717388696;0.00000000000
12586;-58.7278864096;21.2505841461;0.00000000000
12587;-60.4549693202;21.2035012511;0.00000000000
12588;-62.1738103249;21.1125963993;0.00000000000
12589;-64.0775102056;21.9582108939;0.00000000000
12590;-65.8393320355;21.5224760532;0.00000000000
12591;-33.1789903783;23.9550621308;0.00000000000
12592;-32.7565994609;25.0510887004;0.00000000000
12593;-30.7178041744;27.0596521873;0.00000000000
12594;-34.3002698801;24.4662550602;0.00000000000
12595;-34.0004874011;25.4526373475;0.00000000000
12596;-78.8312625506;20.1009141246;0.00000000000
12597;-79.2900777480;25.2664307949;0.00000000000
12598;-55.3828589630;22.4928228705;0.00000000000
12599;-42.5386070081;19.6212140580;0.00000000000
12600;-45.7445379908;21.0965789657;0.00000000000
;;;
NODE;X;Y;Z
12601;-78.5721466449;28.0701992612;0.00000000000
12602;-53.6998554151;22.5458513830;0.00000000000
12603;-55.3434702173;23.6841450628;0.00000000000
12604;-43.9407513257;20.4339481537;0.00000000000
12605;-43.8492404258;20.9626463528;0.00000000000
12606;-43.4210028931;21.1828415322;0.00000000000
12607;-55.4985699992;27.2950471051;0.00000000000
12608;-72.4561711040;24.6063103496;0.00000000000
12609;-73.8628736215;24.8101534559;0.00000000000
12610;-62.6350399840;25.6098209027;0.00000000000
12611;-59.2126285507;25.4330204252;0.00000000000
12612;-63.2404286735;26.6526331505;0.00000000000
12613;-42.8785725680;22.8212520684;0.00000000000
12614;-44.3199417294;21.2179572411;0.00000000000
12615;-44.8002564987;21.9981989341;0.00000000000
12616;-45.4160917235;22.9919261604;0.00000000000
12617;-55.3460588058;24.7667118927;0.00000000000
12618;-45.0115579531;21.2207373382;0.00000000000
12619;-44.0057901985;21.7441940006;0.00000000000
12620;-45.6822325728;22.0651722932;0.00000000000
;;;
NODE;X;Y;Z
12621;-40.6270358660;23.0209687083;0.00000000000
12622;-42.1632395032;23.4231316902;0.00000000000
12623;-43.4982152901;22.2620141852;0.00000000000
12624;-46.5289343674;23.0283461041;0.00000000000
12625;-39.8140140603;23.6885248570;0.00000000000
12626;-41.3628979203;24.0374757514;0.00000000000
12627;-57.2443320626;27.0828350680;0.00000000000
12628;-56.8024364971;27.5448463899;0.00000000000
12629;-53.2612796930;26.5072398823;0.00000000000
12630;-48.7138529023;25.9994158411;0.00000000000
12631;-47.2474252129;26.0500538447;0.00000000000
12632;-45.9353134213;25.9838040943;0.00000000000
12633;-44.0000982407;26.6915574147;0.00000000000
12634;-43.0244220639;25.9375305214;0.00000000000
12635;-42.0327865492;26.7369965378;0.00000000000
12636;-38.9062620059;24.2707975866;0.00000000000
12637;-46.4848209772;23.9201660907;0.00000000000
12638;-47.7572935173;23.9088646609;0.00000000000
12639;-53.5519498449;24.5260345924;0.00000000000
12640;-54.2271101843;25.6669571466;0.00000000000
;;;
NODE;X;Y;Z
12641;-56.0510253481;26.8120530279;0.00000000000
12642;-55.2461483693;26.1508455894;0.00000000000
12643;-54.4349681025;26.8045023084;0.00000000000
12644;-51.9264188731;26.3106476784;0.00000000000
12645;-50.4386963801;25.9135519851;0.00000000000
12646;-47.5769518733;24.9577745804;0.00000000000
12647;-44.8436262583;25.5613632384;0.00000000000
12648;-41.1986317342;25.6487756825;0.00000000000
12649;-39.4745195769;25.2266156228;0.00000000000
12650;-48.9234937620;24.9081427869;0.00000000000
12651;-50.3463171144;24.7573369063;0.00000000000
12652;-51.8702796742;24.5094523400;0.00000000000
12653;-56.9351617992;26.4449533809;0.00000000000
12654;-57.6544462704;25.4221514417;0.00000000000
12655;-56.2901539847;25.6381910686;0.00000000000
12656;-51.7869757556;25.2212646577;0.00000000000
